EM00014208,Md. Sajib Hosen,1311,Dhanmondi,DH055-G,02,1,2.80,4.60,164.32,2.60,5.66,217.84,2.70,4.85,179.62,2.90,6.56,226.27,2.90,5.79,199.82,3.26,6.19,189.76,3.26,6.36,194.98,3.35,7.06,210.76,0.00,0.00,0.00,0.00,0.00,0.00,0.00,0.00,0.00,0.00,0.00,0.00,23.77,47.07,198.04,2026
EM00014431,Hasanuzzaman .,1326,Barishal,BA014-V,04,1,7.04,9.24,131.25,7.04,10.11,143.63,7.20,10.74,149.14,7.68,10.66,138.81,7.88,11.43,145.07,8.54,11.33,132.66,8.90,11.95,134.22,9.65,14.00,145.04,0.00,0.00,0.00,0.00,0.00,0.00,0.00,0.00,0.00,0.00,0.00,0.00,63.93,89.46,139.93,2026
EM00015197,Mehedi Hasan Shakil,1335,RJS+KST,RA011-N,03,1,6.80,14.86,218.56,6.80,8.54,125.54,6.75,8.04,119.14,6.80,9.62,141.53,7.50,9.57,127.55,7.50,9.38,125.11,8.40,10.25,122.07,8.40,10.13,120.63,0.00,0.00,0.00,0.00,0.00,0.00,0.00,0.00,0.00,0.00,0.00,0.00,58.95,80.41,136.39,2026
EM00013041,Md. Mahfuzur Rahman,1311,Dhanmondi,DH044-G,02,1,1.35,1.64,121.67,1.25,1.33,106.65,1.30,1.37,105.31,1.40,1.40,100.22,1.35,1.74,129.02,1.50,1.81,120.88,1.50,2.03,135.19,1.55,3.41,219.76,0.00,0.00,0.00,0.00,0.00,0.00,0.00,0.00,0.00,0.00,0.00,0.00,11.20,14.74,131.58,2026
EM00015675,Md. Ramjan Howlader,1311,Dhanmondi,DH032-G,02,1,0.00,0.00,0.00,2.40,2.45,102.17,1.60,1.89,118.34,1.60,3.22,201.55,2.50,2.42,96.94,2.65,3.86,145.73,2.65,4.07,153.76,2.75,3.30,119.83,0.00,0.00,0.00,0.00,0.00,0.00,0.00,0.00,0.00,0.00,0.00,0.00,16.15,21.23,131.43,2026
EM00012251,Sanowar Hossain,1317,Cumilla,CU021-V,04,1,7.86,10.70,136.16,7.86,9.88,125.68,8.04,9.59,119.30,8.69,12.68,145.92,8.85,12.06,136.24,9.80,13.35,136.24,10.18,12.94,127.08,10.93,12.69,116.14,0.00,0.00,0.00,0.00,0.00,0.00,0.00,0.00,0.00,0.00,0.00,0.00,72.21,93.89,130.03,2026
EM00014588,Md. Junayed,1314,Mymensingh,MY023-A,01,1,4.23,4.28,101.13,4.20,5.25,124.99,4.20,4.75,113.02,4.38,5.24,119.53,4.48,5.41,120.70,4.48,7.11,158.78,4.33,6.19,142.90,4.30,6.09,141.48,0.00,0.00,0.00,0.00,0.00,0.00,0.00,0.00,0.00,0.00,0.00,0.00,34.62,44.33,128.04,2026
EM00012933,Amanulla .,1310,Paltan,PA074-G,02,1,8.15,8.74,107.26,8.00,11.03,137.83,8.13,9.96,122.51,9.00,11.34,126.00,8.80,11.09,126.08,9.65,11.67,120.97,9.65,13.64,141.30,10.35,13.85,133.82,0.00,0.00,0.00,0.00,0.00,0.00,0.00,0.00,0.00,0.00,0.00,0.00,71.73,91.32,127.32,2026
EM00015940,Md. Sohrab Uddin,1314,Mymensingh,MY011-B,01,1,0.00,0.00,0.00,0.00,0.00,0.00,0.00,0.00,0.00,3.61,3.90,107.83,3.86,4.56,118.09,3.86,5.45,141.32,3.76,4.85,129.01,3.73,5.19,138.99,0.00,0.00,0.00,0.00,0.00,0.00,0.00,0.00,0.00,0.00,0.00,0.00,18.82,23.94,127.21,2026
EM00015916,Md. Rakibul Islam,1310,Paltan,PA053-G,02,1,0.00,0.00,0.00,0.00,0.00,0.00,0.00,0.00,0.00,10.45,12.90,123.44,10.20,11.80,115.70,11.24,14.24,126.73,11.24,15.47,137.66,11.90,15.54,130.56,0.00,0.00,0.00,0.00,0.00,0.00,0.00,0.00,0.00,0.00,0.00,0.00,55.03,69.95,127.12,2026
EM00012638,Md. Anamul Haque,1311,Dhanmondi,DH074-G,02,1,1.85,4.11,222.28,2.20,4.45,202.38,2.25,4.00,177.83,2.70,4.56,168.71,2.60,3.21,123.31,2.90,1.92,66.27,2.90,1.64,56.71,2.95,1.64,55.60,0.00,0.00,0.00,0.00,0.00,0.00,0.00,0.00,0.00,0.00,0.00,0.00,20.35,25.53,125.47,2026
EM00012275,Asaduzzaman .,1311,Dhanmondi,DH073-G,02,1,1.85,4.11,222.28,2.20,4.45,202.38,2.30,4.00,173.96,2.70,4.56,168.71,2.60,3.21,123.31,2.90,1.92,66.27,2.90,1.64,56.71,2.95,1.64,55.60,0.00,0.00,0.00,0.00,0.00,0.00,0.00,0.00,0.00,0.00,0.00,0.00,20.40,25.53,125.16,2026
EM00014224,Md. Sohel Hossainn,1311,Dhanmondi,DH072-G,02,1,1.85,4.11,222.28,2.20,4.45,202.38,2.30,4.00,173.96,2.70,4.56,168.71,2.60,3.21,123.31,2.95,1.92,65.14,2.95,1.64,55.75,2.95,1.64,55.60,0.00,0.00,0.00,0.00,0.00,0.00,0.00,0.00,0.00,0.00,0.00,0.00,20.50,25.53,124.55,2026
EM00015228,Kabir Hossin,1326,Barishal,BA023-V,04,1,6.97,7.90,113.38,6.97,8.64,124.00,7.13,8.54,119.83,7.60,9.67,127.19,7.60,9.30,122.42,8.23,11.56,140.49,5.40,6.71,124.32,5.95,7.19,120.76,0.00,0.00,0.00,0.00,0.00,0.00,0.00,0.00,0.00,0.00,0.00,0.00,55.85,69.52,124.48,2026
EM00014508,Sabbir Khandakar,1311,Dhanmondi,DH071-G,02,1,1.85,4.11,222.28,2.24,4.45,198.77,2.30,4.00,173.96,2.70,4.56,168.71,2.60,3.21,123.31,2.95,1.92,65.14,2.95,1.64,55.75,2.95,1.64,55.60,0.00,0.00,0.00,0.00,0.00,0.00,0.00,0.00,0.00,0.00,0.00,0.00,20.54,25.53,124.31,2026
EM00011443,Rahid Haque,1320,Bogura,BO042-V,04,1,5.05,4.74,93.84,5.05,8.13,160.90,5.17,6.11,118.16,5.52,8.40,152.15,5.52,6.40,115.96,5.98,6.84,114.32,6.25,7.42,118.67,6.71,7.87,117.22,0.00,0.00,0.00,0.00,0.00,0.00,0.00,0.00,0.00,0.00,0.00,0.00,45.25,55.89,123.52,2026
EM00010256,Md. Parag Hosen,1310,Paltan,PA051-V,04,1,8.00,10.34,129.30,8.20,9.58,116.85,8.39,9.54,113.70,9.14,11.54,126.26,9.14,10.29,112.53,9.90,12.59,127.18,10.28,12.97,126.16,11.04,14.03,127.07,0.00,0.00,0.00,0.00,0.00,0.00,0.00,0.00,0.00,0.00,0.00,0.00,74.09,90.88,122.66,2026
EM00012665,Md. Ful Babu,1322,Rangpur,RN012-V,04,1,6.80,7.24,106.50,6.80,6.90,101.42,6.95,7.13,102.56,7.43,10.09,135.79,7.46,8.99,120.54,8.08,11.20,138.56,8.43,11.11,131.81,9.08,11.73,129.18,0.00,0.00,0.00,0.00,0.00,0.00,0.00,0.00,0.00,0.00,0.00,0.00,61.03,74.39,121.89,2026
EM00016217,Mahadi Hasan Rabby,1328,Cox's Bazar,CO015-V,04,1,0.00,0.00,0.00,0.00,0.00,0.00,0.00,0.00,0.00,0.00,0.00,0.00,0.00,0.00,0.00,0.00,0.00,0.00,3.55,4.78,134.69,4.45,4.86,109.16,0.00,0.00,0.00,0.00,0.00,0.00,0.00,0.00,0.00,0.00,0.00,0.00,8.00,9.64,120.49,2026
EM00015079,Shofiqual Islam,1311,Dhanmondi,DH031-G,02,1,2.10,2.12,100.91,2.40,2.79,116.19,2.20,2.28,103.85,2.50,3.49,139.72,2.20,2.46,112.01,2.65,3.62,136.56,2.65,3.86,145.64,2.75,2.76,100.45,0.00,0.00,0.00,0.00,0.00,0.00,0.00,0.00,0.00,0.00,0.00,0.00,19.45,23.39,120.26,2026
EM00016135,Khalid Hassan,1333,SYL+MLB,SY011-N,03,1,0.00,0.00,0.00,0.00,0.00,0.00,0.00,0.00,0.00,0.00,0.00,0.00,7.15,8.08,113.04,7.15,8.59,120.17,8.10,9.72,119.96,8.10,9.99,123.32,0.00,0.00,0.00,0.00,0.00,0.00,0.00,0.00,0.00,0.00,0.00,0.00,30.50,36.38,119.28,2026
EM00014795,Md. Sahabuddin Howlader,1334,Kishoreganj,KI061-B,01,1,3.80,3.90,102.69,3.77,3.82,101.27,3.77,3.95,104.53,3.95,4.20,106.31,3.85,4.23,109.78,3.85,4.70,122.06,3.84,5.84,151.87,3.81,5.60,147.19,0.00,0.00,0.00,0.00,0.00,0.00,0.00,0.00,0.00,0.00,0.00,0.00,30.65,36.24,118.23,2026
EM00012584,Md. Nazir Hossain,1311,Dhanmondi,DH042-G,02,1,1.10,1.15,104.66,1.05,1.05,100.05,1.05,1.06,100.82,1.15,1.16,100.45,1.00,1.27,126.72,1.10,1.18,107.69,1.10,1.26,114.54,1.15,2.14,186.02,0.00,0.00,0.00,0.00,0.00,0.00,0.00,0.00,0.00,0.00,0.00,0.00,8.70,10.27,118.01,2026
EM00014463,Md. Nayem Pasha,1314,Mymensingh,MY021-A,01,1,4.49,4.49,100.18,4.35,4.97,114.12,4.35,4.93,113.19,4.55,5.36,117.82,4.55,5.57,122.47,4.55,6.10,134.21,4.39,5.27,120.03,4.34,5.27,121.30,0.00,0.00,0.00,0.00,0.00,0.00,0.00,0.00,0.00,0.00,0.00,0.00,35.57,41.96,117.96,2026
EM00014437,Md. Habibur Rahman,1334,Kishoreganj,KI061-A,01,1,3.68,3.94,107.00,3.65,4.04,110.51,3.65,3.97,108.67,3.90,4.43,113.54,3.81,4.25,111.56,3.81,5.11,134.14,3.72,5.17,138.86,3.68,4.35,118.23,0.00,0.00,0.00,0.00,0.00,0.00,0.00,0.00,0.00,0.00,0.00,0.00,29.90,35.24,117.87,2026
EM00016083,Md. Asim Akram,1311,Dhanmondi,DH035-G,02,1,0.00,0.00,0.00,0.00,0.00,0.00,0.00,0.00,0.00,0.00,0.00,0.00,2.80,3.15,112.42,2.40,2.96,123.18,2.40,2.86,118.96,3.04,3.58,117.83,0.00,0.00,0.00,0.00,0.00,0.00,0.00,0.00,0.00,0.00,0.00,0.00,10.64,12.54,117.87,2026
EM00015468,Kamrul Hashan,1314,Mymensingh,MY011-A,01,1,5.27,5.77,109.52,5.24,6.12,116.81,5.24,5.55,106.01,3.63,4.23,116.61,3.87,4.41,114.08,3.87,5.39,139.35,3.77,4.74,125.74,3.74,4.57,122.27,0.00,0.00,0.00,0.00,0.00,0.00,0.00,0.00,0.00,0.00,0.00,0.00,34.61,40.78,117.83,2026
EM00014146,Md. Rashed Hasan,1310,Paltan,PA023-N,03,1,5.20,6.93,133.18,5.20,5.26,101.10,5.00,5.89,117.76,5.20,7.33,141.02,5.50,7.11,129.22,5.50,6.78,123.22,6.60,6.65,100.82,6.60,6.61,100.17,0.00,0.00,0.00,0.00,0.00,0.00,0.00,0.00,0.00,0.00,0.00,0.00,44.81,52.56,117.31,2026
EM00012092,Emamul Molla,1317,Cumilla,CU011-A,01,1,6.92,7.29,105.31,6.87,7.81,113.58,6.87,7.70,112.10,6.83,8.37,122.63,6.58,7.42,112.79,6.58,9.26,140.81,7.02,8.49,120.95,6.92,7.46,107.78,0.00,0.00,0.00,0.00,0.00,0.00,0.00,0.00,0.00,0.00,0.00,0.00,54.59,63.80,116.88,2026
EM00005560,Mr. Ashok Kumar,1311,Dhanmondi,DH070-G,02,2,15.00,25.52,170.10,16.84,26.69,158.47,17.15,24.37,142.12,19.00,26.90,141.58,18.42,20.89,113.43,20.20,16.46,81.48,20.20,15.62,77.32,20.80,15.91,76.50,0.00,0.00,0.00,0.00,0.00,0.00,0.00,0.00,0.00,0.00,0.00,0.00,147.61,172.36,116.77,2026
EM00014148,Md. Osman Faruk Shanto,1332,SYL+BRB,SY012-N,03,1,9.80,10.38,105.94,9.80,10.57,107.87,9.70,11.75,121.10,9.80,13.28,135.58,10.10,12.73,126.02,10.10,10.14,100.38,10.50,11.60,110.44,10.50,13.16,125.29,0.00,0.00,0.00,0.00,0.00,0.00,0.00,0.00,0.00,0.00,0.00,0.00,80.30,93.61,116.57,2026
EM00013043,Md. Jahid Mia,1311,Dhanmondi,DH051-G,02,1,4.00,4.55,113.81,3.70,3.99,107.91,3.80,4.40,115.67,4.10,4.66,113.56,3.90,4.52,115.91,4.25,4.69,110.33,4.25,5.12,120.53,4.30,5.72,132.96,0.00,0.00,0.00,0.00,0.00,0.00,0.00,0.00,0.00,0.00,0.00,0.00,32.30,37.65,116.55,2026
EM00014487,Md. Mahmudul Hasan,1335,Kushtia,KU015-V,04,1,4.91,6.23,126.91,4.91,5.32,108.36,5.02,5.31,105.86,5.36,5.85,109.17,5.55,6.77,122.05,6.01,7.05,117.34,6.24,7.53,120.72,6.70,7.89,117.69,0.00,0.00,0.00,0.00,0.00,0.00,0.00,0.00,0.00,0.00,0.00,0.00,44.70,51.96,116.25,2026
EM00011409,Md. Ezazul Islam,1314,Mymensingh,MY031-A,01,1,5.31,5.91,111.41,5.27,5.87,111.36,5.27,5.75,109.11,5.23,5.96,114.01,5.21,5.99,114.98,5.21,6.60,126.59,5.01,6.55,130.58,4.96,5.55,111.90,0.00,0.00,0.00,0.00,0.00,0.00,0.00,0.00,0.00,0.00,0.00,0.00,41.48,48.18,116.17,2026
EM00009716,Md. Hafizur Rahman,1311,Dhanmondi,DH050-G,02,2,25.20,28.03,111.22,23.50,26.98,114.79,23.90,26.04,108.94,25.80,30.51,118.25,24.50,28.30,115.53,26.91,30.86,114.67,26.91,32.33,120.13,27.30,33.93,124.27,0.00,0.00,0.00,0.00,0.00,0.00,0.00,0.00,0.00,0.00,0.00,0.00,204.02,236.97,116.15,2026
EM00010901,Sala Uddin Ahmed,1336,Keraniganj,KE022-V,04,1,5.75,6.88,119.65,6.20,7.41,119.58,6.74,8.24,122.25,7.19,9.77,135.82,7.61,9.44,124.08,8.69,9.75,112.21,9.02,9.12,101.11,9.70,9.99,103.00,0.00,0.00,0.00,0.00,0.00,0.00,0.00,0.00,0.00,0.00,0.00,0.00,60.90,70.61,115.94,2026
EM00015351,Md. Omar Sharif,1326,Barishal,BA025-V,04,1,5.18,5.76,111.23,5.18,6.07,117.24,5.30,6.00,113.19,5.66,6.40,113.02,5.66,5.70,100.69,6.13,7.66,124.90,5.85,6.75,115.41,6.28,8.10,128.91,0.00,0.00,0.00,0.00,0.00,0.00,0.00,0.00,0.00,0.00,0.00,0.00,45.24,52.43,115.90,2026
EM00011984,Bishnupado Roy,1311,Dhanmondi,DH052-G,02,1,6.00,6.83,113.78,5.60,6.32,112.84,5.70,6.19,108.59,6.10,6.52,106.92,5.90,6.90,116.98,6.45,7.60,117.76,6.35,7.77,122.41,6.45,7.93,122.87,0.00,0.00,0.00,0.00,0.00,0.00,0.00,0.00,0.00,0.00,0.00,0.00,48.55,56.05,115.46,2026
EM00016359,Md. Mizanur Rahman,1327,Faridpur,FA032-A,01,1,0.00,0.00,0.00,0.00,0.00,0.00,0.00,0.00,0.00,0.00,0.00,0.00,0.00,0.00,0.00,0.00,0.00,0.00,4.87,5.47,112.32,4.65,5.50,118.15,0.00,0.00,0.00,0.00,0.00,0.00,0.00,0.00,0.00,0.00,0.00,0.00,9.52,10.97,115.17,2026
EM00010825,Md. Apu Ahmed,1311,Dhanmondi,DH030-G,02,2,16.37,17.47,106.74,15.50,17.75,114.52,16.25,17.63,108.48,17.60,20.65,117.32,17.00,19.27,113.33,18.65,22.75,121.98,18.95,23.30,122.98,20.14,22.11,109.79,0.00,0.00,0.00,0.00,0.00,0.00,0.00,0.00,0.00,0.00,0.00,0.00,140.46,160.94,114.58,2026
EM00013496,Md. Rashidul Mamun,1314,Mymensingh,MY021-B,01,1,4.55,4.80,105.39,4.68,4.94,105.62,4.68,4.90,104.73,4.88,5.34,109.44,4.88,5.55,113.74,4.88,6.42,131.56,4.76,5.82,122.40,4.72,5.69,120.56,0.00,0.00,0.00,0.00,0.00,0.00,0.00,0.00,0.00,0.00,0.00,0.00,38.02,43.46,114.30,2026
EM00016348,Md. Amirul Islam,1330,Pabna,PB021-B,01,1,0.00,0.00,0.00,0.00,0.00,0.00,0.00,0.00,0.00,0.00,0.00,0.00,0.00,0.00,0.00,0.00,0.00,0.00,4.99,5.47,109.52,4.99,5.92,118.68,0.00,0.00,0.00,0.00,0.00,0.00,0.00,0.00,0.00,0.00,0.00,0.00,9.98,11.39,114.10,2026
EM00008611,Md. Shahin Mia,1328,Cox's Bazar,CO042-B,01,1,10.90,13.95,127.98,10.82,10.86,100.38,10.82,11.05,102.07,8.93,11.70,131.03,9.58,13.34,139.20,9.58,9.58,99.99,8.91,9.06,101.62,8.75,9.73,111.25,0.00,0.00,0.00,0.00,0.00,0.00,0.00,0.00,0.00,0.00,0.00,0.00,78.30,89.27,114.01,2026
EM00014129,Md. Shahadat Hossan,1313,PLT+DNM+NRG,DH011-N,03,1,7.00,9.47,135.25,7.00,7.62,108.91,6.95,7.98,114.83,7.00,9.29,132.78,7.50,8.31,110.75,7.50,7.81,104.13,8.50,8.79,103.43,8.50,8.99,105.73,0.00,0.00,0.00,0.00,0.00,0.00,0.00,0.00,0.00,0.00,0.00,0.00,59.95,68.26,113.86,2026
EM00014779,Shaurave Roy,1311,Dhanmondi,DH036-G,02,1,3.50,3.72,106.31,2.80,3.36,119.92,3.25,3.90,120.13,3.60,4.07,113.03,3.40,4.53,133.20,4.10,4.52,110.13,4.30,4.59,106.70,4.50,4.81,106.83,0.00,0.00,0.00,0.00,0.00,0.00,0.00,0.00,0.00,0.00,0.00,0.00,29.45,33.49,113.73,2026
EM00013881,Kamrul Hasan,1311,Dhanmondi,DH193-A,01,1,4.61,4.80,104.12,4.92,5.04,102.37,4.92,5.18,105.18,5.44,6.63,121.81,5.24,6.61,126.09,5.24,5.73,109.39,4.62,5.87,127.07,4.86,5.43,111.81,0.00,0.00,0.00,0.00,0.00,0.00,0.00,0.00,0.00,0.00,0.00,0.00,39.85,45.28,113.63,2026
EM00011781,Md. Sajib Ali,1322,Rangpur,RN014-V,04,1,6.84,7.29,106.59,6.85,7.94,115.97,7.01,7.59,108.27,7.51,9.23,122.88,7.51,9.28,123.52,8.14,8.95,109.98,8.47,8.75,103.29,9.10,10.60,116.50,0.00,0.00,0.00,0.00,0.00,0.00,0.00,0.00,0.00,0.00,0.00,0.00,61.43,69.63,113.35,2026
EM00011184,Mohammad Atekul Islam,1315,Chattogram,CH171-B,01,1,0.00,0.00,0.00,2.90,2.99,103.16,2.90,3.08,106.17,2.90,3.19,109.68,3.00,3.11,103.63,3.00,3.28,109.28,3.02,4.05,134.21,3.00,3.72,124.07,0.00,0.00,0.00,0.00,0.00,0.00,0.00,0.00,0.00,0.00,0.00,0.00,20.72,23.41,113.00,2026
EM00011933,Md. Raihan .,1331,Chandpur,CA052-A,01,1,8.04,8.91,110.83,8.04,8.75,108.76,8.04,10.10,125.58,7.71,9.26,120.09,7.90,8.65,109.45,7.90,9.76,123.63,7.63,7.22,94.65,7.35,7.93,107.92,0.00,0.00,0.00,0.00,0.00,0.00,0.00,0.00,0.00,0.00,0.00,0.00,62.60,70.57,112.73,2026
EM00002129,Md. Zillur Rahman,1320,Bogura,BO040-V,04,2,19.88,19.89,100.06,19.88,22.83,114.81,20.33,21.54,105.94,21.68,29.62,136.62,21.68,25.21,116.29,23.49,25.35,107.93,24.60,27.14,110.34,26.42,28.99,109.71,0.00,0.00,0.00,0.00,0.00,0.00,0.00,0.00,0.00,0.00,0.00,0.00,177.96,200.57,112.71,2026
EM00013193,Md. Sufian Molla,1311,Dhanmondi,DH113-B,01,1,8.02,9.14,113.90,8.02,8.79,109.55,8.02,9.65,120.27,8.95,9.26,103.39,8.50,7.17,84.32,8.50,7.46,87.74,8.48,9.81,115.63,8.36,14.01,167.56,0.00,0.00,0.00,0.00,0.00,0.00,0.00,0.00,0.00,0.00,0.00,0.00,66.86,75.27,112.58,2026
EM00011446,Md. Khairul Islam,1322,Rangpur,RN025-V,04,1,6.94,7.55,108.72,6.95,6.72,96.70,7.11,8.53,119.94,7.92,9.94,125.51,7.92,8.55,107.92,8.58,10.15,118.32,8.92,9.78,109.59,9.63,10.57,109.75,0.00,0.00,0.00,0.00,0.00,0.00,0.00,0.00,0.00,0.00,0.00,0.00,63.97,71.78,112.21,2026
EM00010346,Md. Tazul Islam,1320,Bogura,BO043-V,04,1,4.94,5.16,104.45,4.94,5.36,108.42,5.05,5.84,115.71,5.38,7.06,131.23,5.38,6.26,116.34,5.83,6.25,107.14,6.10,6.63,108.75,6.55,6.98,106.54,0.00,0.00,0.00,0.00,0.00,0.00,0.00,0.00,0.00,0.00,0.00,0.00,44.17,49.54,112.15,2026
EM00010953,Md. Jahidul Islam,1311,Dhanmondi,DH034-G,02,1,3.07,3.63,118.16,2.80,3.28,117.26,3.30,3.45,104.67,3.60,3.69,102.59,3.30,3.58,108.36,3.70,4.19,113.33,3.75,4.54,120.94,3.85,4.32,112.25,0.00,0.00,0.00,0.00,0.00,0.00,0.00,0.00,0.00,0.00,0.00,0.00,27.37,30.69,112.11,2026
EM00011060,Ranzu Ahmed,1311,Dhanmondi,DH065-G,02,1,2.80,3.00,107.10,2.70,2.74,101.61,2.75,3.03,110.09,3.00,3.34,111.17,2.70,3.07,113.56,3.00,3.29,109.82,3.00,3.77,125.69,3.15,3.63,115.32,0.00,0.00,0.00,0.00,0.00,0.00,0.00,0.00,0.00,0.00,0.00,0.00,23.10,25.87,111.99,2026
EM00002852,Mohammad Ajgar Ali Molla,1314,Mymensingh,MY020-P,01,2,27.45,26.21,95.47,27.26,28.24,103.60,27.26,28.70,105.28,29.00,31.24,107.71,28.34,30.74,108.45,28.34,36.41,128.46,27.46,34.37,125.14,27.21,33.00,121.30,0.00,0.00,0.00,0.00,0.00,0.00,0.00,0.00,0.00,0.00,0.00,0.00,222.33,248.90,111.95,2026
EM00003899,Md. Aslam,1317,Cumilla,CU020-V,04,2,33.41,38.18,114.28,33.41,36.55,109.39,34.16,36.05,105.52,36.86,43.67,118.48,37.46,43.04,114.89,41.00,46.07,112.36,42.56,47.68,112.03,45.71,48.53,106.17,0.00,0.00,0.00,0.00,0.00,0.00,0.00,0.00,0.00,0.00,0.00,0.00,304.57,339.77,111.56,2026
EM00012722,Md. Shepon Hosen,1314,Mymensingh,MY012-B,01,1,5.04,5.06,100.32,5.02,5.07,101.00,5.02,5.26,104.75,5.20,6.07,116.72,5.19,6.06,116.76,5.19,5.68,109.36,5.10,6.16,120.81,5.03,6.14,121.89,0.00,0.00,0.00,0.00,0.00,0.00,0.00,0.00,0.00,0.00,0.00,0.00,40.80,45.49,111.50,2026
EM00013893,Al Mamun,1315,Chattogram,CH052-V,04,1,4.45,4.98,111.83,4.45,4.98,111.88,4.55,4.70,103.29,4.86,5.48,112.65,5.10,5.81,113.83,5.55,5.86,105.67,5.80,6.69,115.31,6.25,7.24,115.80,0.00,0.00,0.00,0.00,0.00,0.00,0.00,0.00,0.00,0.00,0.00,0.00,41.01,45.73,111.50,2026
EM00009781,Md. Lingcon Bhuiyan,1313,Narayanganj,NA063-B,01,1,11.52,13.05,113.31,11.52,12.03,104.49,11.52,13.62,118.27,9.79,10.23,104.50,10.08,11.26,111.69,10.08,11.07,109.81,9.79,11.06,112.93,10.05,11.65,115.88,0.00,0.00,0.00,0.00,0.00,0.00,0.00,0.00,0.00,0.00,0.00,0.00,84.34,93.97,111.41,2026
EM00012997,Md. Minhajur Rahman,1327,Faridpur,FA021-V,04,1,7.05,7.20,102.12,7.05,7.11,100.82,7.21,6.07,84.14,7.69,8.47,110.14,7.69,8.82,114.72,8.33,13.65,163.92,8.65,10.24,118.36,9.29,8.53,91.84,0.00,0.00,0.00,0.00,0.00,0.00,0.00,0.00,0.00,0.00,0.00,0.00,62.96,70.09,111.33,2026
EM00014518,Susmoy Chandra Sarkar,1310,Paltan,PA042-A,01,1,5.91,6.17,104.46,5.82,6.05,103.90,5.82,6.95,119.48,7.13,7.59,106.51,6.87,7.58,110.36,6.87,7.45,108.45,6.67,8.00,119.89,6.77,7.94,117.20,0.00,0.00,0.00,0.00,0.00,0.00,0.00,0.00,0.00,0.00,0.00,0.00,51.85,57.73,111.33,2026
EM00006240,Md. Kamrul Islam,1325,Khulna,KH014-V,04,1,4.30,4.58,106.52,4.30,4.61,107.26,4.40,5.04,114.59,4.69,4.92,104.92,4.90,5.40,110.30,5.31,6.40,120.56,5.50,6.15,111.79,6.00,6.65,110.77,0.00,0.00,0.00,0.00,0.00,0.00,0.00,0.00,0.00,0.00,0.00,0.00,39.40,43.76,111.06,2026
EM00013310,Md. Sazu Mia,1311,Dhanmondi,DH096-G,02,1,7.50,9.47,126.31,7.30,8.58,117.51,7.60,9.34,122.88,8.30,8.74,105.28,8.00,8.76,109.52,9.10,9.15,100.50,9.10,9.95,109.34,9.50,9.75,102.62,0.00,0.00,0.00,0.00,0.00,0.00,0.00,0.00,0.00,0.00,0.00,0.00,66.40,73.73,111.05,2026
EM00012996,Md. Rasel Hossain,1310,Paltan,PA034-V,04,1,9.99,10.54,105.48,10.10,11.12,110.11,10.33,10.64,103.03,11.14,13.63,122.36,11.14,12.07,108.33,12.07,13.54,112.21,12.53,13.62,108.73,13.46,15.61,115.94,0.00,0.00,0.00,0.00,0.00,0.00,0.00,0.00,0.00,0.00,0.00,0.00,90.76,100.78,111.04,2026
EM00013040,Al Amin .,1311,Dhanmondi,DH013-G,02,1,3.80,4.17,109.74,3.60,4.01,111.31,3.70,4.19,113.33,4.00,4.58,114.40,3.85,4.22,109.61,4.30,4.66,108.33,4.30,4.79,111.43,4.50,4.96,110.15,0.00,0.00,0.00,0.00,0.00,0.00,0.00,0.00,0.00,0.00,0.00,0.00,32.05,35.57,111.00,2026
EM00015722,Md. Hasibul Islam,1310,Paltan,PA012-D,11,1,0.00,0.00,0.00,0.00,0.00,0.00,0.00,0.00,0.00,4.30,4.30,99.91,3.13,3.19,101.95,3.13,6.21,198.12,4.52,3.35,74.12,3.98,4.11,103.21,0.00,0.00,0.00,0.00,0.00,0.00,0.00,0.00,0.00,0.00,0.00,0.00,19.07,21.16,110.96,2026
EM00008856,Md. Milon Ali,1335,Kushtia,KU011-V,04,1,4.88,5.69,116.64,4.88,5.70,116.81,4.99,5.14,103.03,5.33,6.80,127.55,5.55,6.50,117.11,6.01,6.50,108.14,6.25,6.89,110.17,6.71,6.25,93.20,0.00,0.00,0.00,0.00,0.00,0.00,0.00,0.00,0.00,0.00,0.00,0.00,44.60,49.47,110.92,2026
EM00011044,Md. Saha Jaman,1311,Dhanmondi,DH033-G,02,1,2.60,3.06,117.58,2.40,3.09,128.55,2.90,2.91,100.34,3.00,3.32,110.53,2.80,3.13,111.64,3.15,3.60,114.39,3.20,3.39,106.02,3.25,3.34,102.88,0.00,0.00,0.00,0.00,0.00,0.00,0.00,0.00,0.00,0.00,0.00,0.00,23.30,25.83,110.88,2026
EM00014467,Ariful Islam,1315,Chattogram,CH281-B,01,1,3.67,3.73,101.53,3.65,3.77,103.40,3.65,3.99,109.40,3.73,4.12,110.54,3.59,4.24,118.20,3.59,4.13,115.12,3.59,3.87,107.65,3.48,4.24,121.79,0.00,0.00,0.00,0.00,0.00,0.00,0.00,0.00,0.00,0.00,0.00,0.00,28.96,32.10,110.87,2026
EM00013042,Md. Remon Hossain,1311,Dhanmondi,DH012-G,02,1,4.40,5.26,119.55,4.20,4.87,115.95,4.30,4.78,111.09,4.65,5.25,112.90,4.40,4.83,109.67,4.90,5.12,104.52,4.90,5.36,109.31,5.10,5.37,105.33,0.00,0.00,0.00,0.00,0.00,0.00,0.00,0.00,0.00,0.00,0.00,0.00,36.85,40.83,110.81,2026
EM00016227,Rahid Hasan,1326,Barishal,BA026-V,04,1,0.00,0.00,0.00,0.00,0.00,0.00,0.00,0.00,0.00,0.00,0.00,0.00,0.00,0.00,0.00,0.00,0.00,0.00,5.40,6.04,111.80,5.95,6.54,109.88,0.00,0.00,0.00,0.00,0.00,0.00,0.00,0.00,0.00,0.00,0.00,0.00,11.35,12.58,110.80,2026
EM00014527,Md. Asadul Islam,1314,Mymensingh,MY022-B,01,1,5.06,5.21,102.94,5.10,4.78,93.78,5.10,4.81,94.40,5.27,5.52,104.77,5.02,4.90,97.50,5.02,6.32,125.88,4.87,6.73,138.26,4.84,6.24,128.92,0.00,0.00,0.00,0.00,0.00,0.00,0.00,0.00,0.00,0.00,0.00,0.00,40.28,44.51,110.52,2026
EM00013433,Md. Jahangir Alam,1320,Bogura,BO011-N,03,1,6.35,6.43,101.30,6.35,6.64,104.58,6.30,6.92,109.86,6.35,8.12,127.85,6.60,6.85,103.83,6.60,7.11,107.74,7.20,8.99,124.74,7.20,7.40,102.78,0.00,0.00,0.00,0.00,0.00,0.00,0.00,0.00,0.00,0.00,0.00,0.00,52.95,58.46,110.41,2026
EM00012273,Ajoy Dev Boidday,1317,Cumilla,CU021-G,02,1,5.76,6.01,104.35,5.61,5.71,101.69,5.70,5.84,102.46,6.17,6.17,100.08,5.79,7.03,121.43,6.40,7.56,118.10,6.42,7.83,121.90,6.80,7.56,111.14,0.00,0.00,0.00,0.00,0.00,0.00,0.00,0.00,0.00,0.00,0.00,0.00,48.65,53.70,110.39,2026
EM00013462,Basudam Bhaskar,1311,Dhanmondi,DH043-G,02,1,2.45,2.86,116.61,2.40,2.58,107.38,2.45,2.79,113.78,2.65,2.06,77.68,2.45,2.41,98.29,2.60,2.22,85.33,2.60,3.27,125.75,2.70,4.20,155.48,0.00,0.00,0.00,0.00,0.00,0.00,0.00,0.00,0.00,0.00,0.00,0.00,20.30,22.37,110.22,2026
EM00014660,Md. Uzzal Hossain,1334,Kishoreganj,KI063-A,01,1,6.77,6.81,100.53,6.72,7.06,105.01,6.72,7.01,104.34,6.51,6.77,103.89,6.34,6.66,105.06,6.34,7.36,116.22,6.16,7.85,127.45,6.08,7.39,121.47,0.00,0.00,0.00,0.00,0.00,0.00,0.00,0.00,0.00,0.00,0.00,0.00,51.63,56.89,110.19,2026
EM00016229,Md. Abir Hossen,1320,Bogura,BO011-V,04,1,0.00,0.00,0.00,0.00,0.00,0.00,0.00,0.00,0.00,0.00,0.00,0.00,0.00,0.00,0.00,0.00,0.00,0.00,6.67,7.37,110.55,7.16,7.84,109.55,0.00,0.00,0.00,0.00,0.00,0.00,0.00,0.00,0.00,0.00,0.00,0.00,13.83,15.22,110.03,2026
EM00015268,Md. Mamun Hossain,1329,Tangail,TA013-G,02,1,5.50,5.87,106.69,5.40,5.67,104.92,5.50,6.24,113.47,6.00,6.39,106.43,5.90,6.48,109.87,6.50,7.12,109.59,6.60,7.52,114.00,6.80,7.73,113.64,0.00,0.00,0.00,0.00,0.00,0.00,0.00,0.00,0.00,0.00,0.00,0.00,48.20,53.02,110.00,2026
EM00013195,Md. Abdur Razzak,1311,Dhanmondi,DH292-B,01,1,5.62,5.32,94.65,5.62,5.89,104.85,5.62,6.66,118.57,6.16,5.96,96.75,5.94,7.07,119.06,5.94,5.50,92.59,5.40,6.79,125.67,5.32,6.95,130.54,0.00,0.00,0.00,0.00,0.00,0.00,0.00,0.00,0.00,0.00,0.00,0.00,45.62,50.14,109.91,2026
EM00007985,Md. Salim Reza,1322,Rangpur,RN010-V,04,2,26.19,26.82,102.39,26.25,28.03,106.76,26.85,28.30,105.39,28.71,33.25,115.83,28.78,32.18,111.81,31.18,34.35,110.17,32.45,36.24,111.68,34.88,39.16,112.25,0.00,0.00,0.00,0.00,0.00,0.00,0.00,0.00,0.00,0.00,0.00,0.00,235.29,258.32,109.79,2026
EM00012020,Md. Saiful Islam,1315,Chattogram,CH281-A,01,1,3.72,3.91,104.98,3.70,4.03,109.07,3.70,3.83,103.56,3.82,4.29,112.44,3.67,4.35,118.42,3.67,4.21,114.73,3.67,3.69,100.39,3.56,4.09,114.73,0.00,0.00,0.00,0.00,0.00,0.00,0.00,0.00,0.00,0.00,0.00,0.00,29.51,32.39,109.77,2026
EM00016075,Md. Alamgir Hossain,1318,Noakhali,NO054-C,01,1,0.00,0.00,0.00,0.00,0.00,0.00,0.00,0.00,0.00,5.17,3.53,68.35,4.10,4.64,113.07,4.10,4.67,113.84,3.90,5.48,140.57,4.30,5.35,124.49,0.00,0.00,0.00,0.00,0.00,0.00,0.00,0.00,0.00,0.00,0.00,0.00,21.57,23.67,109.74,2026
EM00012840,Md. Shabbir Ahamed,1310,Paltan,PA055-G,02,1,5.50,7.70,140.02,5.50,6.70,121.84,5.59,6.28,112.37,6.05,6.06,100.14,5.65,5.11,90.36,0.00,0.00,0.00,6.20,6.21,100.22,6.75,7.16,106.01,0.00,0.00,0.00,0.00,0.00,0.00,0.00,0.00,0.00,0.00,0.00,0.00,41.24,45.22,109.65,2026
EM00009585,Md. Azizur Rahaman,1319,Feni,FE023-A,01,1,7.31,8.03,109.82,7.26,7.99,110.05,7.26,8.35,115.03,6.98,7.75,110.96,6.98,7.22,103.37,6.98,7.18,102.86,6.88,7.95,115.53,6.78,7.41,109.28,0.00,0.00,0.00,0.00,0.00,0.00,0.00,0.00,0.00,0.00,0.00,0.00,56.44,61.88,109.64,2026
EM00012471,Md. Saddam Hossain,1314,Mymensingh,MY091-A,01,1,8.07,8.22,101.94,8.01,8.17,102.02,8.01,8.30,103.63,6.87,8.11,117.94,7.24,8.08,111.55,7.24,7.73,106.72,6.69,8.11,121.14,6.61,7.64,115.45,0.00,0.00,0.00,0.00,0.00,0.00,0.00,0.00,0.00,0.00,0.00,0.00,58.75,64.35,109.54,2026
EM00016019,Md. Shafiqur Reza,1314,Mymensingh,MY034-C,01,1,0.00,0.00,0.00,0.00,0.00,0.00,0.00,0.00,0.00,0.00,0.00,0.00,3.23,3.19,98.84,3.23,3.36,104.07,3.12,3.61,115.62,3.11,3.73,119.97,0.00,0.00,0.00,0.00,0.00,0.00,0.00,0.00,0.00,0.00,0.00,0.00,12.69,13.89,109.47,2026
EM00012901,Md. Abu Azad Akash,1323,Dinajpur,DI012-V,04,1,5.50,5.71,103.87,5.50,5.71,103.82,5.62,5.91,105.13,6.02,6.88,114.20,6.04,6.34,105.03,6.54,7.30,111.69,6.81,8.05,118.28,7.32,8.07,110.20,0.00,0.00,0.00,0.00,0.00,0.00,0.00,0.00,0.00,0.00,0.00,0.00,49.35,53.98,109.38,2026
EM00013565,Md. Abdur Rahman,1313,Narayanganj,NA044-G,02,1,9.40,10.62,112.95,9.12,9.74,106.76,9.28,9.59,103.38,10.05,10.95,108.94,9.40,10.82,115.07,10.20,11.66,114.28,10.20,11.38,111.58,10.50,10.68,101.71,0.00,0.00,0.00,0.00,0.00,0.00,0.00,0.00,0.00,0.00,0.00,0.00,78.15,85.43,109.32,2026
EM00012882,Md. Abul Kalam,1311,Dhanmondi,DH222-B,01,1,5.19,7.15,137.88,5.15,5.65,109.60,5.15,5.40,104.78,6.45,5.85,90.61,6.19,5.95,96.21,6.19,6.72,108.64,6.08,6.63,109.09,6.23,7.62,122.25,0.00,0.00,0.00,0.00,0.00,0.00,0.00,0.00,0.00,0.00,0.00,0.00,46.63,50.97,109.31,2026
EM00015927,Anup Kumar Mondal,1310,Paltan,PA173-B,01,1,0.00,0.00,0.00,0.00,0.00,0.00,0.00,0.00,0.00,5.88,5.23,88.81,5.67,5.88,103.72,5.67,6.40,112.94,5.10,6.90,135.28,5.75,6.24,108.64,0.00,0.00,0.00,0.00,0.00,0.00,0.00,0.00,0.00,0.00,0.00,0.00,28.07,30.65,109.20,2026
EM00014510,Pallab Kumar Chakraborty,1310,Paltan,PA014-G,02,1,5.55,5.81,104.76,5.38,5.61,104.23,5.50,6.26,113.75,6.10,6.39,104.84,5.73,6.28,109.59,6.29,6.90,109.64,6.29,7.01,111.52,6.82,7.73,113.40,0.00,0.00,0.00,0.00,0.00,0.00,0.00,0.00,0.00,0.00,0.00,0.00,47.66,52.00,109.10,2026
EM00009638,Joyanto Kumar Sarker,1317,Cumilla,CU023-V,04,1,10.28,11.03,107.29,10.28,10.80,105.08,10.51,10.74,102.18,11.28,12.94,114.73,11.45,13.39,116.90,12.45,12.97,104.19,12.90,14.80,114.76,13.86,14.79,106.69,0.00,0.00,0.00,0.00,0.00,0.00,0.00,0.00,0.00,0.00,0.00,0.00,93.01,101.46,109.09,2026
EM00008498,Md. Abdur Rahim,1315,Chattogram,CH321-A,01,1,3.67,3.95,107.69,3.64,3.97,109.00,3.64,4.08,112.08,3.76,3.87,102.90,3.62,4.16,114.97,3.62,4.24,116.98,3.62,3.65,100.88,3.65,3.92,107.52,0.00,0.00,0.00,0.00,0.00,0.00,0.00,0.00,0.00,0.00,0.00,0.00,29.23,31.86,108.97,2026
EM00015686,Md. Shafiur Rahman,1311,Dhanmondi,DH056-G,02,1,0.00,0.00,0.00,1.50,0.69,46.03,1.20,1.26,105.05,1.50,1.52,101.63,1.10,1.35,122.78,1.20,1.56,129.89,1.30,1.82,139.77,1.60,2.04,127.47,0.00,0.00,0.00,0.00,0.00,0.00,0.00,0.00,0.00,0.00,0.00,0.00,9.40,10.24,108.95,2026
EM00010958,Md. Samirul Islam,1321,Rajshahi,RA022-G,02,1,5.70,5.35,93.87,5.55,5.26,94.76,5.64,4.97,88.16,6.10,6.20,101.56,5.72,5.50,96.11,6.25,11.17,178.67,6.25,6.59,105.43,6.42,6.68,104.05,0.00,0.00,0.00,0.00,0.00,0.00,0.00,0.00,0.00,0.00,0.00,0.00,47.63,51.71,108.57,2026
EM00006978,Mr. Abdul Satter Khan,1311,Dhanmondi,DH032-B,01,1,2.48,2.31,93.13,2.48,2.71,109.08,2.48,3.09,124.30,3.11,3.14,100.99,2.99,3.18,106.39,2.99,2.76,92.24,2.70,3.52,130.56,2.69,3.08,114.73,0.00,0.00,0.00,0.00,0.00,0.00,0.00,0.00,0.00,0.00,0.00,0.00,21.93,23.80,108.52,2026
EM00011989,Md. Nazrul Islam,1325,Khulna,KH061-B,01,1,6.74,6.95,103.09,6.69,6.32,94.49,6.69,5.92,88.50,7.07,7.78,110.13,6.81,7.29,107.04,6.81,7.72,113.29,6.48,7.89,121.88,6.38,8.30,130.10,0.00,0.00,0.00,0.00,0.00,0.00,0.00,0.00,0.00,0.00,0.00,0.00,53.67,58.18,108.40,2026
EM00013523,Md. Arafat Hossain,1315,Chattogram,CH321-B,01,1,3.67,3.95,107.73,3.64,3.72,102.13,3.64,4.33,118.91,3.72,3.81,102.29,3.59,4.06,113.27,3.59,3.86,107.70,3.59,3.90,108.90,3.61,3.83,106.08,0.00,0.00,0.00,0.00,0.00,0.00,0.00,0.00,0.00,0.00,0.00,0.00,29.05,31.47,108.35,2026
EM00012805,Delowar Hossain,1310,Paltan,PA031-B,01,1,5.14,5.22,101.62,5.10,5.30,103.81,5.10,5.37,105.24,5.58,5.88,105.27,5.38,5.59,103.92,5.38,5.94,110.49,5.37,6.00,111.65,5.42,6.71,123.92,0.00,0.00,0.00,0.00,0.00,0.00,0.00,0.00,0.00,0.00,0.00,0.00,42.47,46.01,108.33,2026
EM00013452,Md. Salim Reza,1330,Pabna,PB022-V,04,1,6.33,6.76,106.77,6.33,6.51,102.89,6.47,6.68,103.21,6.90,7.46,108.18,7.00,8.29,118.43,7.58,8.66,114.31,7.87,8.08,102.62,8.45,9.20,108.89,0.00,0.00,0.00,0.00,0.00,0.00,0.00,0.00,0.00,0.00,0.00,0.00,56.93,61.65,108.28,2026
EM00015671,Md. Foridul Islam,1320,Bogura,BO013-V,04,1,0.00,0.00,0.00,4.85,4.94,101.85,4.96,5.45,109.78,5.29,6.37,120.34,5.29,5.71,107.89,5.96,6.55,109.83,6.28,6.54,104.12,6.75,7.06,104.54,0.00,0.00,0.00,0.00,0.00,0.00,0.00,0.00,0.00,0.00,0.00,0.00,39.38,42.60,108.18,2026
EM00012806,Md. Abdul Mottalib,1310,Paltan,PA233-C,01,1,4.47,4.64,103.80,4.44,4.59,103.27,4.44,4.49,101.00,5.11,5.38,105.42,4.92,5.35,108.90,4.92,5.49,111.70,4.64,5.41,116.55,4.77,5.43,113.78,0.00,0.00,0.00,0.00,0.00,0.00,0.00,0.00,0.00,0.00,0.00,0.00,37.70,40.78,108.16,2026
EM00011526,Md. Aminul Islam,1310,Paltan,PA033-A,01,1,5.56,5.79,104.13,5.52,5.94,107.67,5.52,5.84,105.84,6.04,6.72,111.38,5.91,6.46,109.34,5.91,6.33,107.08,5.24,5.70,108.82,5.28,5.83,110.39,0.00,0.00,0.00,0.00,0.00,0.00,0.00,0.00,0.00,0.00,0.00,0.00,44.97,48.62,108.10,2026
EM00012953,Md. Durjoy Hossain,1321,Rajshahi,RA024-V,04,1,5.05,4.74,93.86,5.05,5.07,100.41,5.16,5.21,101.02,5.50,6.18,112.33,5.50,5.96,108.34,5.96,6.74,113.15,6.19,7.02,113.41,6.65,7.76,116.69,0.00,0.00,0.00,0.00,0.00,0.00,0.00,0.00,0.00,0.00,0.00,0.00,45.06,48.68,108.04,2026
EM00011676,Raju Ahmed,1329,Tangail,TA063-C,01,1,5.96,7.18,120.39,5.92,6.87,116.09,5.92,6.59,111.31,6.01,6.28,104.58,5.79,5.95,102.76,5.79,5.39,93.06,5.26,5.50,104.55,5.87,6.45,110.04,0.00,0.00,0.00,0.00,0.00,0.00,0.00,0.00,0.00,0.00,0.00,0.00,46.52,50.22,107.96,2026
EM00013919,Tahidur Rahaman,1320,Bogura,BO044-V,04,1,4.94,5.47,110.79,4.94,4.71,95.34,5.05,4.77,94.54,5.38,7.13,132.54,5.38,6.07,112.90,5.83,6.00,102.96,6.10,6.35,104.11,6.55,7.15,109.19,0.00,0.00,0.00,0.00,0.00,0.00,0.00,0.00,0.00,0.00,0.00,0.00,44.17,47.67,107.92,2026
EM00011833,Shantonu Roy,1311,Dhanmondi,DH112-B,01,1,5.30,5.42,102.32,5.30,5.40,102.01,5.30,5.73,108.24,5.85,5.73,97.90,5.69,6.11,107.30,5.69,6.39,112.27,5.68,6.29,110.78,5.60,6.81,121.71,0.00,0.00,0.00,0.00,0.00,0.00,0.00,0.00,0.00,0.00,0.00,0.00,44.40,47.88,107.85,2026
EM00015158,Md. Ikbal Hossain,1310,Paltan,PA015-G,02,1,5.80,5.98,103.16,5.60,5.84,104.35,5.70,6.02,105.58,6.28,6.51,103.73,5.90,6.71,113.71,6.48,6.99,107.94,6.48,7.41,114.35,7.00,7.61,108.70,0.00,0.00,0.00,0.00,0.00,0.00,0.00,0.00,0.00,0.00,0.00,0.00,49.24,53.08,107.80,2026
EM00010755,Md. Yusuf Ali,1312,Uttara,UT101-B,01,1,5.67,6.23,109.90,5.82,5.82,100.00,5.82,5.92,101.70,5.83,6.21,106.36,5.71,6.00,105.02,5.71,5.66,99.11,5.30,6.10,115.16,5.35,6.78,126.78,0.00,0.00,0.00,0.00,0.00,0.00,0.00,0.00,0.00,0.00,0.00,0.00,45.21,48.72,107.75,2026
EM00013991,Redoy Ahamad,1325,Khulna,KH033-B,01,1,4.99,5.04,101.07,4.95,5.02,101.32,4.95,5.32,107.41,5.17,5.41,104.61,5.17,5.80,112.14,5.17,5.81,112.31,5.30,5.89,111.05,5.25,5.84,111.20,0.00,0.00,0.00,0.00,0.00,0.00,0.00,0.00,0.00,0.00,0.00,0.00,40.96,44.12,107.72,2026
EM00010682,Md. Nazrul Islam,1330,Pabna,PB061-A,01,1,10.96,11.10,101.27,10.88,11.70,107.50,10.88,12.90,118.58,6.90,7.05,102.14,6.95,7.41,106.68,6.95,7.55,108.66,6.50,6.57,101.07,6.50,7.28,112.04,0.00,0.00,0.00,0.00,0.00,0.00,0.00,0.00,0.00,0.00,0.00,0.00,66.52,71.57,107.58,2026
EM00004610,Shamol Kumar,1326,Barishal,BA010-V,04,2,31.99,32.90,102.83,31.99,32.64,102.02,32.72,33.30,101.77,34.90,37.56,107.63,34.90,39.80,114.03,37.81,42.15,111.49,39.92,42.45,106.33,42.88,48.04,112.04,0.00,0.00,0.00,0.00,0.00,0.00,0.00,0.00,0.00,0.00,0.00,0.00,287.11,308.84,107.57,2026
EM00013472,Md. Shofikul Alam,1313,Narayanganj,NA021-G,02,1,8.39,9.17,109.31,8.00,9.62,120.26,8.30,9.20,110.86,9.10,9.17,100.72,8.55,9.30,108.77,9.40,9.92,105.48,9.40,9.92,105.50,9.70,9.87,101.79,0.00,0.00,0.00,0.00,0.00,0.00,0.00,0.00,0.00,0.00,0.00,0.00,70.84,76.17,107.52,2026
EM00011217,Md. Manoar Hossain,1331,Chandpur,CA013-G,02,1,11.70,11.76,100.51,11.36,11.51,101.28,11.55,11.88,102.89,12.50,17.74,141.92,11.74,11.79,100.39,12.92,12.93,100.04,12.94,13.56,104.76,13.32,14.00,105.10,0.00,0.00,0.00,0.00,0.00,0.00,0.00,0.00,0.00,0.00,0.00,0.00,98.03,105.16,107.27,2026
EM00014278,Md. Abdul Jabber,1311,Dhanmondi,DH172-A,01,1,4.94,5.32,107.60,4.94,5.44,110.01,4.94,4.71,95.43,5.42,5.99,110.63,5.22,5.27,100.90,5.22,5.82,111.45,4.84,5.66,116.89,4.77,4.99,104.52,0.00,0.00,0.00,0.00,0.00,0.00,0.00,0.00,0.00,0.00,0.00,0.00,40.28,43.18,107.19,2026
EM00013568,Md. Sohel Rana,1315,Chattogram,CH022-G,02,1,3.00,3.01,100.28,2.90,2.92,100.66,2.95,3.08,104.47,3.20,3.54,110.61,3.00,3.48,115.86,3.50,3.58,102.37,3.50,3.81,108.89,3.60,4.07,113.09,0.00,0.00,0.00,0.00,0.00,0.00,0.00,0.00,0.00,0.00,0.00,0.00,25.65,27.49,107.18,2026
EM00009226,Rabiul Kader,1311,Dhanmondi,DH075-G,02,1,3.80,4.54,119.56,4.00,4.44,110.96,4.00,4.20,104.90,4.05,4.34,107.18,4.00,4.04,100.97,4.25,4.39,103.40,4.25,4.53,106.54,4.50,4.68,104.07,0.00,0.00,0.00,0.00,0.00,0.00,0.00,0.00,0.00,0.00,0.00,0.00,32.85,35.16,107.04,2026
EM00009082,Md. Fazlul Karim,1336,Keraniganj,KE015-G,02,1,7.50,8.21,109.42,7.60,8.20,107.83,7.75,8.25,106.50,8.40,8.17,97.28,8.00,8.87,110.91,8.78,9.17,104.42,8.78,9.57,108.96,9.20,10.20,110.84,0.00,0.00,0.00,0.00,0.00,0.00,0.00,0.00,0.00,0.00,0.00,0.00,66.01,70.63,107.00,2026
EM00012800,Taymur Rahman,1320,Bogura,BO041-V,04,1,4.95,4.52,91.32,4.95,4.63,93.62,5.06,4.81,95.11,5.40,7.03,130.17,5.40,6.48,119.96,5.85,6.27,107.13,6.15,6.74,109.62,6.61,6.99,105.74,0.00,0.00,0.00,0.00,0.00,0.00,0.00,0.00,0.00,0.00,0.00,0.00,44.37,47.47,106.99,2026
EM00013274,Md. Omar Faruque,1326,Barishal,BA173-C,01,1,7.40,6.89,93.07,7.35,6.80,92.56,7.35,8.53,116.05,7.66,9.14,119.36,7.59,8.51,112.03,7.59,8.28,108.98,7.10,7.60,106.98,6.98,7.41,106.14,0.00,0.00,0.00,0.00,0.00,0.00,0.00,0.00,0.00,0.00,0.00,0.00,59.03,63.16,106.99,2026
EM00004239,Md. Ripon-ur-Rahman,1311,Dhanmondi,DH040-G,02,2,14.50,15.11,104.22,14.00,13.89,99.20,14.25,14.34,100.62,15.20,14.73,96.90,14.25,15.17,106.49,15.65,16.13,103.07,15.65,17.10,109.24,16.10,21.42,133.01,0.00,0.00,0.00,0.00,0.00,0.00,0.00,0.00,0.00,0.00,0.00,0.00,119.60,127.89,106.93,2026
EM00014330,Md. Mehedi Hasan,1315,Chattogram,CH033-G,02,1,5.50,8.01,145.58,5.30,4.45,84.02,5.40,4.35,80.62,5.90,8.75,148.38,5.50,4.55,82.79,6.03,4.77,79.12,6.03,9.26,153.54,6.22,4.89,78.64,0.00,0.00,0.00,0.00,0.00,0.00,0.00,0.00,0.00,0.00,0.00,0.00,45.88,49.04,106.89,2026
EM00014830,Kowshik Sarker,1310,Paltan,PA163-A,01,1,4.60,4.59,99.93,4.56,5.88,129.04,4.56,3.74,81.93,5.67,4.40,77.49,5.45,4.20,77.02,5.45,9.42,172.75,4.60,5.29,115.07,4.77,4.87,102.04,0.00,0.00,0.00,0.00,0.00,0.00,0.00,0.00,0.00,0.00,0.00,0.00,39.66,42.38,106.87,2026
EM00012312,Salam Hossain,1318,Noakhali,NO081-A,01,1,8.40,7.35,87.53,8.34,7.92,95.00,8.34,8.44,101.23,8.74,10.71,122.59,8.51,10.01,117.64,8.51,8.98,105.46,8.15,9.52,116.83,8.11,8.75,107.90,0.00,0.00,0.00,0.00,0.00,0.00,0.00,0.00,0.00,0.00,0.00,0.00,67.10,71.69,106.84,2026
EM00012175,Md. Mukul Hossain,1327,Faridpur,FA032-G,02,1,8.35,8.51,101.93,8.10,8.37,103.35,8.21,8.62,105.05,8.89,9.22,103.66,8.40,9.53,113.46,9.22,9.65,104.69,9.30,10.28,110.57,9.56,10.63,111.16,0.00,0.00,0.00,0.00,0.00,0.00,0.00,0.00,0.00,0.00,0.00,0.00,70.03,74.82,106.83,2026
EM00014138,Md. Mokaddes Ali,1321,Rajshahi,RA021-V,04,1,5.77,6.40,110.88,6.35,6.47,101.95,6.50,6.04,93.00,6.93,8.11,117.05,6.95,7.82,112.55,7.53,8.18,108.60,7.47,8.05,107.78,8.02,8.15,101.64,0.00,0.00,0.00,0.00,0.00,0.00,0.00,0.00,0.00,0.00,0.00,0.00,55.52,59.23,106.68,2026
EM00015536,Md. Harun Or Rashid,1331,Chandpur,CA015-V,04,1,5.72,5.88,102.86,5.72,5.86,102.50,5.85,6.18,105.58,6.24,7.00,112.19,6.24,6.43,102.98,6.76,7.81,115.49,7.02,7.34,104.56,7.54,8.00,106.14,0.00,0.00,0.00,0.00,0.00,0.00,0.00,0.00,0.00,0.00,0.00,0.00,51.09,54.50,106.68,2026
EM00015936,Md. Jafar Ikbal,1315,Chattogram,CH283-B,01,1,0.00,0.00,0.00,0.00,0.00,0.00,0.00,0.00,0.00,3.33,3.34,100.11,3.21,3.49,108.84,3.21,3.61,112.65,3.20,3.38,105.79,3.11,3.30,106.15,0.00,0.00,0.00,0.00,0.00,0.00,0.00,0.00,0.00,0.00,0.00,0.00,16.06,17.13,106.66,2026
EM00015330,Mithun Chandra Roy,1320,Bogura,BO014-V,04,1,4.94,5.10,103.17,4.94,4.99,101.02,5.05,5.27,104.36,5.39,5.41,100.30,5.39,6.24,115.70,5.85,6.54,111.75,6.18,6.60,106.77,6.64,7.20,108.38,0.00,0.00,0.00,0.00,0.00,0.00,0.00,0.00,0.00,0.00,0.00,0.00,44.38,47.33,106.65,2026
EM00016457,Ashim Sarker,1327,Faridpur,FA031-A,01,1,0.00,0.00,0.00,0.00,0.00,0.00,0.00,0.00,0.00,0.00,0.00,0.00,0.00,0.00,0.00,0.00,0.00,0.00,0.00,0.00,0.00,5.75,6.13,106.64,0.00,0.00,0.00,0.00,0.00,0.00,0.00,0.00,0.00,0.00,0.00,0.00,5.75,6.13,106.64,2026
EM00013740,Md. Mamun Shaik,1310,Paltan,PA033-B,01,1,5.55,5.30,95.48,5.51,5.62,102.10,5.51,5.86,106.42,6.13,6.04,98.63,5.81,6.18,106.46,5.81,6.76,116.36,5.68,6.52,114.73,5.73,6.42,111.98,0.00,0.00,0.00,0.00,0.00,0.00,0.00,0.00,0.00,0.00,0.00,0.00,45.72,48.71,106.53,2026
EM00010947,Kaoshik Ahmed,1311,Dhanmondi,DH062-G,02,1,6.10,7.01,114.97,5.85,6.11,104.50,5.95,6.17,103.69,6.45,6.76,104.87,6.10,6.54,107.22,6.70,6.74,100.63,6.70,7.21,107.61,6.90,7.50,108.73,0.00,0.00,0.00,0.00,0.00,0.00,0.00,0.00,0.00,0.00,0.00,0.00,50.75,54.06,106.51,2026
EM00011410,Md. Abdus Salam,1313,Narayanganj,NA023-A,01,1,6.91,7.22,104.45,6.91,7.01,101.48,6.91,7.17,103.76,6.88,7.56,109.82,6.90,7.20,104.37,6.90,7.95,115.15,6.62,7.32,110.53,6.79,6.97,102.64,0.00,0.00,0.00,0.00,0.00,0.00,0.00,0.00,0.00,0.00,0.00,0.00,54.82,58.39,106.51,2026
EM00015381,Md. Ismail Hossain,1311,Dhanmondi,DH076-G,02,1,3.80,4.52,119.03,4.00,4.44,110.94,4.00,4.17,104.31,4.15,4.34,104.58,4.02,4.03,100.27,4.25,4.38,102.99,4.25,4.51,106.16,4.50,4.67,103.73,0.00,0.00,0.00,0.00,0.00,0.00,0.00,0.00,0.00,0.00,0.00,0.00,32.97,35.06,106.34,2026
EM00009911,Md. Rubel Islam,1311,Dhanmondi,DH045-G,02,1,2.55,2.58,101.04,2.45,2.48,101.02,2.50,2.54,101.46,2.70,2.74,101.46,2.55,2.74,107.44,2.80,3.23,115.37,2.80,2.84,101.35,2.85,3.39,119.11,0.00,0.00,0.00,0.00,0.00,0.00,0.00,0.00,0.00,0.00,0.00,0.00,21.20,22.53,106.28,2026
EM00014246,Md. Murad Hosan,1334,Kishoreganj,KI022-C,01,1,9.87,10.00,101.39,9.80,10.22,104.34,9.80,10.49,107.12,10.44,11.12,106.53,10.11,10.72,106.01,10.11,10.81,106.93,9.93,10.82,108.92,9.81,10.66,108.67,0.00,0.00,0.00,0.00,0.00,0.00,0.00,0.00,0.00,0.00,0.00,0.00,79.85,84.84,106.25,2026
EM00014596,Md. Zehad Hossain,1324,Jashore,JA042-A,01,1,8.38,8.68,103.61,8.38,8.61,102.74,8.38,8.89,106.01,8.81,9.16,103.88,8.70,9.06,104.24,8.70,9.09,104.50,8.30,9.33,112.50,8.35,9.38,112.28,0.00,0.00,0.00,0.00,0.00,0.00,0.00,0.00,0.00,0.00,0.00,0.00,68.00,72.20,106.18,2026
EM00010904,Md. Al Mamun,1323,Dinajpur,DI011-V,04,1,6.00,6.07,101.16,6.00,6.22,103.59,6.14,6.33,103.13,6.56,6.91,105.32,6.56,7.01,106.91,7.11,7.80,109.76,7.38,8.14,110.24,7.93,8.51,107.26,0.00,0.00,0.00,0.00,0.00,0.00,0.00,0.00,0.00,0.00,0.00,0.00,53.68,56.99,106.16,2026
EM00012266,Md. Nahid Ali,1311,Dhanmondi,DH094-G,02,1,6.80,7.26,106.75,6.60,6.87,104.13,6.83,7.46,109.24,7.25,7.63,105.28,6.85,7.55,110.18,7.81,7.94,101.73,7.81,8.60,110.14,8.23,8.43,102.40,0.00,0.00,0.00,0.00,0.00,0.00,0.00,0.00,0.00,0.00,0.00,0.00,58.18,61.75,106.13,2026
EM00016216,Md. Razu Hossain,1315,Chattogram,CH015-V,04,1,0.00,0.00,0.00,0.00,0.00,0.00,0.00,0.00,0.00,0.00,0.00,0.00,0.00,0.00,0.00,0.00,0.00,0.00,5.10,5.38,105.50,5.50,5.87,106.66,0.00,0.00,0.00,0.00,0.00,0.00,0.00,0.00,0.00,0.00,0.00,0.00,10.60,11.25,106.10,2026
EM00011179,Md. Shahadot Hossain,1329,Tangail,TA061-B,01,1,5.91,5.99,101.35,5.87,6.03,102.82,5.87,5.93,101.09,5.95,6.27,105.34,5.74,6.02,104.98,5.74,6.29,109.62,5.91,6.55,110.83,6.13,6.88,112.33,0.00,0.00,0.00,0.00,0.00,0.00,0.00,0.00,0.00,0.00,0.00,0.00,47.10,49.96,106.07,2026
EM00015724,Bichitra Deb Nath,1314,Mymensingh,MY023-B,01,1,0.00,0.00,0.00,4.25,3.91,92.05,4.25,4.56,107.34,4.78,4.85,101.50,4.51,4.67,103.74,4.51,4.80,106.59,4.35,5.24,120.53,4.30,4.75,110.48,0.00,0.00,0.00,0.00,0.00,0.00,0.00,0.00,0.00,0.00,0.00,0.00,30.93,32.78,105.99,2026
EM00014111,Md. Sariful Sarder,1326,Barishal,BA043-G,02,1,7.00,7.98,114.06,6.85,7.26,106.03,7.00,7.94,113.49,7.58,7.94,104.81,7.10,7.12,100.32,7.79,8.06,103.46,7.79,8.03,103.07,8.02,8.30,103.51,0.00,0.00,0.00,0.00,0.00,0.00,0.00,0.00,0.00,0.00,0.00,0.00,59.13,62.65,105.95,2026
EM00005604,Md. Shahadot Hosen,1320,Bogura,BO033-V,04,1,7.04,7.17,101.84,7.04,7.32,104.00,6.65,7.21,108.37,7.09,7.96,112.22,7.09,6.58,92.80,8.18,8.79,107.40,8.50,8.94,105.18,9.13,10.37,113.55,0.00,0.00,0.00,0.00,0.00,0.00,0.00,0.00,0.00,0.00,0.00,0.00,60.72,64.33,105.94,2026
EM00006245,Md. Mahmudul Hasan,1320,Bogura,BO010-V,04,2,20.89,21.32,102.08,20.89,21.13,101.14,21.37,21.58,101.00,22.80,25.26,110.78,22.80,24.72,108.42,24.70,27.06,109.57,25.65,27.30,106.42,27.55,29.29,106.32,0.00,0.00,0.00,0.00,0.00,0.00,0.00,0.00,0.00,0.00,0.00,0.00,186.65,197.67,105.90,2026
EM00014560,Ali Hidar,1315,Chattogram,CH283-A,01,1,3.09,3.24,104.58,3.07,3.08,100.26,3.07,3.22,104.91,3.22,3.40,105.72,3.09,3.40,110.02,3.09,3.48,112.59,3.10,3.21,103.47,3.03,3.19,105.52,0.00,0.00,0.00,0.00,0.00,0.00,0.00,0.00,0.00,0.00,0.00,0.00,24.77,26.23,105.89,2026
EM00014265,Md. Noyon Mia,1316,Sylhet,SY114-C,01,1,6.52,6.55,100.56,6.27,6.49,103.51,6.27,6.68,106.53,6.18,6.65,107.69,5.96,6.64,111.40,5.96,6.52,109.37,6.54,6.72,102.70,6.45,6.83,105.95,0.00,0.00,0.00,0.00,0.00,0.00,0.00,0.00,0.00,0.00,0.00,0.00,50.14,53.08,105.86,2026
EM00011619,Md. Shahabuddin,1315,Chattogram,CH023-G,02,1,4.50,4.71,104.63,4.36,4.47,102.44,4.45,4.66,104.77,5.00,5.26,105.26,4.70,5.15,109.56,5.00,5.49,109.87,5.00,5.23,104.52,5.10,5.37,105.21,0.00,0.00,0.00,0.00,0.00,0.00,0.00,0.00,0.00,0.00,0.00,0.00,38.11,40.34,105.84,2026
EM00008220,Muhammad Harun Ar Rashid,1316,Sylhet,SY132-B,01,1,4.13,4.20,101.58,3.91,4.04,103.54,3.91,4.03,103.11,4.06,4.22,103.93,4.04,4.25,105.09,4.04,4.10,101.46,3.59,4.28,119.45,3.54,3.90,110.17,0.00,0.00,0.00,0.00,0.00,0.00,0.00,0.00,0.00,0.00,0.00,0.00,31.21,33.02,105.79,2026
EM00009120,Md. Shahabaj,1313,Narayanganj,NA083-A,01,1,11.11,11.18,100.63,11.03,12.42,112.59,11.03,11.95,108.33,8.24,8.79,106.68,8.19,7.82,95.45,8.19,8.71,106.38,7.65,8.33,108.96,7.88,8.33,105.77,0.00,0.00,0.00,0.00,0.00,0.00,0.00,0.00,0.00,0.00,0.00,0.00,73.32,77.55,105.76,2026
EM00012554,Pinku Ghose,1328,Cox's Bazar,CO011-V,04,1,5.40,5.79,107.14,5.40,5.90,109.26,5.52,5.60,101.39,5.88,6.31,107.36,5.95,6.02,101.21,6.55,6.79,103.61,6.60,6.98,105.72,7.08,7.78,109.83,0.00,0.00,0.00,0.00,0.00,0.00,0.00,0.00,0.00,0.00,0.00,0.00,48.38,51.16,105.74,2026
EM00011294,Md. Asaduzzaman,1313,Narayanganj,NA011-G,02,1,6.62,6.65,100.42,6.40,6.44,100.63,6.55,6.93,105.86,7.08,6.78,95.79,6.75,7.30,108.12,7.40,7.44,100.51,7.40,7.82,105.64,7.65,9.70,126.75,0.00,0.00,0.00,0.00,0.00,0.00,0.00,0.00,0.00,0.00,0.00,0.00,55.85,59.05,105.74,2026
EM00014335,Md. Rabiul Islam,1326,Barishal,BA042-G,02,1,4.30,4.67,108.59,4.26,4.41,103.41,4.33,4.50,103.85,4.69,4.96,105.86,4.35,4.41,101.47,4.78,4.97,103.97,4.78,5.00,104.62,4.96,5.61,113.18,0.00,0.00,0.00,0.00,0.00,0.00,0.00,0.00,0.00,0.00,0.00,0.00,36.45,38.53,105.72,2026
EM00013308,Abdul Maleque,1320,Bogura,BO012-V,04,1,5.15,5.55,107.69,5.15,5.72,111.07,5.27,5.27,100.08,5.62,6.28,111.69,5.62,5.91,105.24,6.17,6.43,104.27,6.52,6.79,104.09,7.00,7.20,102.79,0.00,0.00,0.00,0.00,0.00,0.00,0.00,0.00,0.00,0.00,0.00,0.00,46.50,49.15,105.70,2026
EM00009451,Subrata Barman,1327,Faridpur,FA102-B,01,1,4.50,2.71,60.34,4.47,3.62,80.97,4.47,3.94,88.33,3.73,4.09,109.40,3.62,4.36,120.58,3.62,5.39,148.87,4.17,5.72,137.04,5.81,6.50,111.92,0.00,0.00,0.00,0.00,0.00,0.00,0.00,0.00,0.00,0.00,0.00,0.00,34.38,36.32,105.66,2026
EM00013623,Md. Imdadul Haque,1324,Jashore,JA172-B,01,1,4.98,5.04,101.18,4.88,4.73,96.84,4.88,4.49,91.95,5.18,5.32,102.71,4.40,4.67,106.11,4.40,4.77,108.28,4.00,4.71,117.66,4.16,5.25,126.24,0.00,0.00,0.00,0.00,0.00,0.00,0.00,0.00,0.00,0.00,0.00,0.00,36.91,38.99,105.65,2026
EM00011360,Abu Sayed,1322,Rangpur,RN062-C,01,1,8.39,7.84,93.43,8.33,7.69,92.29,8.33,7.27,87.26,7.69,8.97,116.61,7.41,8.75,118.02,7.41,8.61,116.20,7.38,8.50,115.27,7.27,8.05,110.69,0.00,0.00,0.00,0.00,0.00,0.00,0.00,0.00,0.00,0.00,0.00,0.00,62.21,65.67,105.57,2026
EM00012460,Md. Shahadul Ali,1319,Feni,FE024-G,02,1,7.45,8.28,111.17,7.20,8.09,112.29,7.32,8.03,109.67,7.92,8.00,100.98,7.45,8.13,109.10,8.55,8.74,102.24,8.55,8.59,100.47,8.80,8.90,101.18,0.00,0.00,0.00,0.00,0.00,0.00,0.00,0.00,0.00,0.00,0.00,0.00,63.24,66.76,105.56,2026
EM00014506,Mohir Uddin,1327,Faridpur,FA013-G,02,1,5.80,6.13,105.63,5.75,5.88,102.31,5.90,6.35,107.61,6.40,6.49,101.41,6.20,6.47,104.31,6.80,7.04,103.57,6.80,7.26,106.79,7.00,7.84,111.96,0.00,0.00,0.00,0.00,0.00,0.00,0.00,0.00,0.00,0.00,0.00,0.00,50.65,53.46,105.54,2026
EM00008874,Md. Noor Muhammad,1325,Khulna,KH042-A,01,1,4.97,5.04,101.38,4.93,5.18,105.06,4.93,5.30,107.43,5.14,5.25,102.13,5.14,5.55,107.97,5.14,5.44,105.92,4.73,4.98,105.22,4.73,5.15,108.88,0.00,0.00,0.00,0.00,0.00,0.00,0.00,0.00,0.00,0.00,0.00,0.00,39.71,41.89,105.48,2026
EM00008546,Md. Imran Hossain,1310,Paltan,PA070-G,02,2,46.20,46.87,101.45,44.80,47.39,105.78,45.56,47.10,103.37,49.30,50.41,102.26,46.30,48.31,104.33,50.85,53.71,105.63,50.85,55.53,109.20,52.20,57.88,110.88,0.00,0.00,0.00,0.00,0.00,0.00,0.00,0.00,0.00,0.00,0.00,0.00,386.06,407.20,105.48,2026
EM00007278,Mr. Didar Hosen,1315,Chattogram,CH280-P,01,2,20.94,21.52,102.74,20.80,20.51,98.61,20.80,20.91,100.54,21.60,22.75,105.28,20.78,23.09,111.10,20.78,23.11,111.20,20.78,21.61,103.98,20.18,22.30,110.50,0.00,0.00,0.00,0.00,0.00,0.00,0.00,0.00,0.00,0.00,0.00,0.00,166.67,175.79,105.47,2026
EM00012376,Md. Arifuzzaman .,1313,Narayanganj,NA033-V,04,1,6.95,7.51,108.01,6.95,7.20,103.59,7.11,7.03,98.91,7.58,8.24,108.77,7.58,8.02,105.74,8.21,8.77,106.84,8.53,8.93,104.72,9.36,9.92,105.97,0.00,0.00,0.00,0.00,0.00,0.00,0.00,0.00,0.00,0.00,0.00,0.00,62.27,65.62,105.39,2026
EM00014135,Rajib Hossain,1323,Dinajpur,DI013-V,04,1,5.29,5.35,101.20,5.30,5.64,106.42,5.42,5.60,103.25,5.78,6.52,112.81,5.78,6.23,107.81,6.26,6.37,101.77,6.50,6.80,104.57,6.98,7.34,105.14,0.00,0.00,0.00,0.00,0.00,0.00,0.00,0.00,0.00,0.00,0.00,0.00,47.31,49.85,105.37,2026
EM00008859,Md. Saidur Rahman,1321,Rajshahi,RA061-C,01,1,8.05,7.31,90.77,8.00,7.58,94.82,8.00,8.13,101.68,8.45,8.50,100.63,8.14,9.11,111.90,8.14,9.10,111.77,7.04,8.10,115.00,7.16,8.50,118.71,0.00,0.00,0.00,0.00,0.00,0.00,0.00,0.00,0.00,0.00,0.00,0.00,62.98,66.34,105.33,2026
EM00012809,Md. Rasel .,1311,Dhanmondi,DH113-A,01,1,7.78,9.09,116.83,7.78,8.35,107.32,7.78,8.75,112.46,8.60,8.46,98.41,8.28,7.02,84.86,8.28,7.13,86.15,7.73,8.91,115.20,7.62,9.49,124.41,0.00,0.00,0.00,0.00,0.00,0.00,0.00,0.00,0.00,0.00,0.00,0.00,63.84,67.20,105.25,2026
EM00012715,Md. Atiqur Rahman,1320,Bogura,BO021-V,04,1,6.05,6.13,101.28,6.05,6.06,100.12,6.19,6.61,106.70,6.60,6.72,101.85,6.60,7.36,111.48,7.37,7.69,104.30,7.79,8.62,110.70,8.37,8.71,104.00,0.00,0.00,0.00,0.00,0.00,0.00,0.00,0.00,0.00,0.00,0.00,0.00,55.02,57.89,105.21,2026
EM00011795,Tanvir Ahmmed,1310,Paltan,PA272-B,01,1,8.66,8.70,100.46,7.30,6.65,91.11,7.30,8.19,112.15,7.73,8.28,107.06,7.68,7.55,98.24,7.68,8.19,106.59,6.90,8.25,119.46,6.91,7.48,108.25,0.00,0.00,0.00,0.00,0.00,0.00,0.00,0.00,0.00,0.00,0.00,0.00,60.17,63.28,105.17,2026
EM00011648,Md. Zakir Hossain,1329,Tangail,TA042-C,01,1,8.81,8.96,101.77,8.74,8.83,100.95,8.74,8.82,100.82,8.88,9.20,103.67,8.56,9.17,107.22,8.56,9.26,108.21,7.75,8.36,107.81,7.94,8.87,111.69,0.00,0.00,0.00,0.00,0.00,0.00,0.00,0.00,0.00,0.00,0.00,0.00,67.98,71.47,105.14,2026
EM00013619,Md. Masud Rana Suzan,1327,Faridpur,FA035-G,02,1,10.10,10.35,102.46,9.80,10.22,104.26,10.00,10.11,101.08,10.82,10.79,99.73,10.10,10.30,102.01,11.02,11.93,108.23,8.40,9.56,113.79,8.65,9.65,111.54,0.00,0.00,0.00,0.00,0.00,0.00,0.00,0.00,0.00,0.00,0.00,0.00,78.89,82.90,105.09,2026
EM00016132,Suilan Chandro Roy,1324,Jashore,JA172-A,01,1,0.00,0.00,0.00,0.00,0.00,0.00,0.00,0.00,0.00,0.00,0.00,0.00,4.74,4.54,95.92,4.74,5.04,106.33,4.14,4.49,108.58,4.20,4.64,110.51,0.00,0.00,0.00,0.00,0.00,0.00,0.00,0.00,0.00,0.00,0.00,0.00,17.81,18.71,105.07,2026
EM00013262,Ahad Hossen,1324,Jashore,JA143-A,01,1,5.69,5.72,100.42,5.65,5.66,100.21,5.65,6.06,107.15,5.79,6.20,107.18,6.02,6.33,105.11,6.02,6.40,106.34,5.82,6.23,107.03,5.69,6.06,106.50,0.00,0.00,0.00,0.00,0.00,0.00,0.00,0.00,0.00,0.00,0.00,0.00,46.34,48.66,105.02,2026
EM00015558,Md. Mamun Or Rashid,1323,Dinajpur,DI022-V,04,1,3.65,2.89,79.24,3.70,3.03,81.76,3.78,3.34,88.45,4.03,4.27,105.97,4.05,4.28,105.74,4.39,5.32,121.27,4.61,5.52,119.71,5.05,6.26,123.86,0.00,0.00,0.00,0.00,0.00,0.00,0.00,0.00,0.00,0.00,0.00,0.00,33.26,34.91,104.97,2026
EM00009571,Md. Shariful Islam,1311,Dhanmondi,DH033-B,01,1,2.49,2.28,91.56,2.49,2.60,104.23,2.49,3.17,127.18,3.15,3.14,99.73,3.03,3.03,99.73,3.03,2.73,90.13,2.69,3.30,122.56,2.67,2.90,108.59,0.00,0.00,0.00,0.00,0.00,0.00,0.00,0.00,0.00,0.00,0.00,0.00,22.06,23.16,104.96,2026
EM00015578,Utpal Kumar Sarkar,1327,Faridpur,FA022-G,02,1,4.50,4.09,90.91,4.20,4.39,104.41,4.25,4.52,106.43,4.40,4.71,107.10,4.30,4.77,110.92,4.85,4.96,102.30,4.85,5.42,111.83,5.00,5.26,105.21,0.00,0.00,0.00,0.00,0.00,0.00,0.00,0.00,0.00,0.00,0.00,0.00,36.35,38.13,104.89,2026
EM00014592,Md. Sakib Ul Hoque,1315,Chattogram,CH282-A,01,1,3.68,3.72,100.95,3.66,3.66,100.01,3.66,3.82,104.56,3.77,3.84,101.95,3.63,3.89,107.30,3.63,3.98,109.69,3.63,3.79,104.58,3.52,3.89,110.45,0.00,0.00,0.00,0.00,0.00,0.00,0.00,0.00,0.00,0.00,0.00,0.00,29.16,30.59,104.89,2026
EM00015820,Faiz Ahmed,1315,Chattogram,CH253-C,01,1,0.00,0.00,0.00,0.00,0.00,0.00,5.09,5.17,101.51,5.71,5.90,103.42,5.50,5.69,103.47,5.50,5.48,99.64,5.15,5.51,106.92,4.88,5.62,115.21,0.00,0.00,0.00,0.00,0.00,0.00,0.00,0.00,0.00,0.00,0.00,0.00,31.84,33.38,104.84,2026
EM00012720,Shahazamal .,1311,Dhanmondi,DH051-V,04,1,8.75,8.86,101.28,8.75,9.02,103.08,8.95,8.98,100.33,9.55,9.85,103.10,9.55,10.00,104.74,10.35,10.46,101.02,10.75,11.47,106.74,11.55,13.32,115.35,0.00,0.00,0.00,0.00,0.00,0.00,0.00,0.00,0.00,0.00,0.00,0.00,78.20,81.96,104.81,2026
EM00016214,Syed Imran Hossain,1328,Cox's Bazar,CO013-V,04,1,0.00,0.00,0.00,0.00,0.00,0.00,0.00,0.00,0.00,0.00,0.00,0.00,0.00,0.00,0.00,5.25,6.42,122.28,5.20,4.87,93.63,5.60,5.52,98.50,0.00,0.00,0.00,0.00,0.00,0.00,0.00,0.00,0.00,0.00,0.00,0.00,16.05,16.80,104.70,2026
EM00011442,Md. Moshaddekur Rahaman,1315,Chattogram,CH012-V,04,1,7.04,7.32,103.91,7.04,7.85,111.46,7.20,7.77,107.93,7.68,8.47,110.34,7.40,7.42,100.22,8.05,8.04,99.81,8.40,8.55,101.78,9.05,9.29,102.63,0.00,0.00,0.00,0.00,0.00,0.00,0.00,0.00,0.00,0.00,0.00,0.00,61.86,64.70,104.59,2026
EM00011284,Md. Gaus Mia,1315,Chattogram,CH093-B,01,1,4.05,4.06,100.19,4.02,4.04,100.54,4.02,4.09,101.78,4.18,4.47,107.03,4.02,4.16,103.33,4.02,4.34,107.85,4.02,4.35,108.14,3.97,4.28,107.72,0.00,0.00,0.00,0.00,0.00,0.00,0.00,0.00,0.00,0.00,0.00,0.00,32.31,33.79,104.58,2026
EM00011436,Mahidi Hasan,1336,Keraniganj,KE020-V,04,2,17.89,16.78,93.82,17.89,18.78,104.98,18.70,19.41,103.80,19.95,22.84,114.46,20.35,22.44,110.26,22.50,24.34,108.19,23.37,23.46,100.38,25.10,25.27,100.67,0.00,0.00,0.00,0.00,0.00,0.00,0.00,0.00,0.00,0.00,0.00,0.00,165.75,173.32,104.57,2026
EM00005857,Md. Rakib Hasan,1311,Dhanmondi,RG02003,02,4,176.81,157.32,88.98,125.84,141.28,112.26,127.95,138.18,107.99,138.53,152.60,110.16,130.07,140.17,107.76,142.76,144.76,101.40,142.76,150.94,105.73,146.99,157.55,107.18,0.00,0.00,0.00,0.00,0.00,0.00,0.00,0.00,0.00,0.00,0.00,0.00,1131.71,1182.79,104.51,2026
EM00014141,Md. Rashedul Islam,1332,B. Baria,BB014-V,04,1,5.56,5.77,103.85,5.75,5.87,102.15,5.88,6.16,104.83,6.48,6.97,107.57,6.60,6.65,100.71,7.15,7.41,103.63,7.65,8.60,112.44,8.60,8.64,100.48,0.00,0.00,0.00,0.00,0.00,0.00,0.00,0.00,0.00,0.00,0.00,0.00,53.67,56.08,104.50,2026
EM00016242,Md. Nazmus Sakib,1324,Jashore,JA025-V,04,1,0.00,0.00,0.00,0.00,0.00,0.00,0.00,0.00,0.00,0.00,0.00,0.00,0.00,0.00,0.00,0.00,0.00,0.00,5.85,6.25,106.91,6.30,6.44,102.22,0.00,0.00,0.00,0.00,0.00,0.00,0.00,0.00,0.00,0.00,0.00,0.00,12.15,12.69,104.48,2026
EM00015961,Md. Ibne Hasan Sazib Chowdhury,1322,Rangpur,RN031-A,01,1,0.00,0.00,0.00,0.00,0.00,0.00,0.00,0.00,0.00,5.56,4.62,83.18,5.36,4.58,85.48,5.36,6.25,116.68,5.10,6.24,122.24,5.08,5.94,117.00,0.00,0.00,0.00,0.00,0.00,0.00,0.00,0.00,0.00,0.00,0.00,0.00,26.45,27.63,104.46,2026
EM00011753,Sahidullah .,1326,Barishal,BA062-A,01,1,5.29,5.49,103.85,5.25,5.37,102.22,5.25,5.40,102.79,5.49,5.89,107.35,5.74,6.11,106.33,5.74,6.13,106.65,4.96,5.16,103.86,5.02,5.11,101.89,0.00,0.00,0.00,0.00,0.00,0.00,0.00,0.00,0.00,0.00,0.00,0.00,42.76,44.66,104.45,2026
EM00014127,Md. Mahafujar Rahaman Shameem,1322,Rangpur,RN041-V,04,1,6.69,6.45,96.49,6.70,6.21,92.74,6.85,6.97,101.76,7.30,8.92,122.14,7.53,8.49,112.70,8.16,8.62,105.60,8.47,8.49,100.25,9.13,9.34,102.28,0.00,0.00,0.00,0.00,0.00,0.00,0.00,0.00,0.00,0.00,0.00,0.00,60.83,63.49,104.37,2026
EM00011104,Md. Mozaffar Hossain,1320,Bogura,BO022-G,02,1,6.90,7.65,110.85,6.90,7.36,106.67,7.10,7.54,106.15,7.90,8.29,104.89,7.50,7.13,95.12,8.26,8.36,101.22,8.30,8.49,102.28,8.55,9.27,108.46,0.00,0.00,0.00,0.00,0.00,0.00,0.00,0.00,0.00,0.00,0.00,0.00,61.41,64.09,104.36,2026
EM00015288,Md. Mehedi Hashan,1315,Chattogram,CH014-G,02,1,3.80,3.92,103.14,3.80,3.82,100.61,3.90,3.99,102.27,4.50,4.62,102.74,4.10,4.15,101.22,4.50,4.92,109.36,4.50,4.85,107.82,4.75,5.05,106.23,0.00,0.00,0.00,0.00,0.00,0.00,0.00,0.00,0.00,0.00,0.00,0.00,33.85,35.32,104.36,2026
EM00011799,Md. Shahidul Islam Khokon,1310,Paltan,PA041-A,01,1,6.17,6.88,111.63,6.12,6.31,103.00,6.12,6.31,103.14,7.55,7.45,98.60,7.28,7.69,105.62,7.28,7.68,105.54,6.49,6.83,105.20,6.70,6.90,102.99,0.00,0.00,0.00,0.00,0.00,0.00,0.00,0.00,0.00,0.00,0.00,0.00,53.71,56.04,104.35,2026
EM00013917,Md. Imran Hossain,1320,Bogura,BO053-V,04,1,5.04,5.38,106.75,5.04,4.90,97.24,5.26,4.87,92.59,5.62,5.69,101.29,5.62,5.83,103.69,6.09,7.04,115.64,6.32,6.72,106.36,6.79,7.33,107.93,0.00,0.00,0.00,0.00,0.00,0.00,0.00,0.00,0.00,0.00,0.00,0.00,45.78,47.76,104.34,2026
EM00011862,Didar Sarkar,1317,Cumilla,CU012-V,04,1,7.88,8.37,106.23,7.88,8.39,106.51,8.06,7.62,94.49,8.21,9.09,110.69,8.34,8.48,101.70,9.30,9.78,105.19,9.65,10.37,107.49,10.36,10.59,102.21,0.00,0.00,0.00,0.00,0.00,0.00,0.00,0.00,0.00,0.00,0.00,0.00,69.68,72.70,104.33,2026
EM00006234,Md. Abdul Barik Mondal,1335,Kushtia,KU010-V,04,2,25.96,27.05,104.18,25.96,26.01,100.18,26.55,25.03,94.29,28.32,30.44,107.49,28.75,32.11,111.67,31.14,33.02,106.05,32.34,34.15,105.59,34.73,35.80,103.08,0.00,0.00,0.00,0.00,0.00,0.00,0.00,0.00,0.00,0.00,0.00,0.00,233.75,243.61,104.22,2026
EM00011776,Rashed Milon,1336,Keraniganj,KE021-V,04,1,5.99,6.09,101.60,5.99,6.06,101.23,6.13,6.14,100.22,6.54,7.23,110.51,6.74,6.95,103.15,7.46,8.12,108.78,7.75,8.12,104.78,8.32,8.53,102.46,0.00,0.00,0.00,0.00,0.00,0.00,0.00,0.00,0.00,0.00,0.00,0.00,54.92,57.23,104.21,2026
EM00016422,Tanoy Chandra Sarker,1315,Chattogram,CH161-A,01,1,0.00,0.00,0.00,0.00,0.00,0.00,0.00,0.00,0.00,0.00,0.00,0.00,0.00,0.00,0.00,0.00,0.00,0.00,3.19,3.25,101.73,3.10,3.31,106.75,0.00,0.00,0.00,0.00,0.00,0.00,0.00,0.00,0.00,0.00,0.00,0.00,6.29,6.56,104.21,2026
EM00011974,Md. Mizanur Rahman,1312,Uttara,UT013-G,02,1,10.25,10.97,106.98,9.95,10.00,100.47,10.12,9.90,97.80,10.90,11.11,101.89,10.20,10.75,105.37,11.19,11.58,103.47,11.19,11.79,105.39,11.32,12.56,110.98,0.00,0.00,0.00,0.00,0.00,0.00,0.00,0.00,0.00,0.00,0.00,0.00,85.12,88.65,104.15,2026
EM00009075,Md. Shuzon Ali Khan,1321,Rajshahi,RA041-A,01,1,5.91,5.96,100.97,5.86,6.04,103.02,5.86,6.08,103.75,5.84,6.04,103.47,5.63,5.92,105.21,5.63,5.84,103.81,5.16,5.48,106.17,5.17,5.55,107.37,0.00,0.00,0.00,0.00,0.00,0.00,0.00,0.00,0.00,0.00,0.00,0.00,45.05,46.92,104.14,2026
EM00012198,Md. Azanullah .,1311,Dhanmondi,DH053-G,02,1,4.90,5.23,106.80,4.50,4.65,103.31,4.60,4.66,101.39,4.90,5.05,103.08,4.70,5.00,106.29,5.15,5.38,104.37,5.15,5.22,101.27,5.20,5.53,106.30,0.00,0.00,0.00,0.00,0.00,0.00,0.00,0.00,0.00,0.00,0.00,0.00,39.10,40.71,104.12,2026
EM00014008,Ridoy Sikder,1328,Cox's Bazar,CO043-A,01,1,10.60,12.72,119.95,10.53,10.64,101.09,10.53,10.68,101.48,7.91,8.45,106.76,8.85,8.38,94.70,8.85,8.89,100.43,8.23,8.49,103.19,8.04,8.26,102.79,0.00,0.00,0.00,0.00,0.00,0.00,0.00,0.00,0.00,0.00,0.00,0.00,73.53,76.51,104.05,2026
EM00011135,Md. Ariful Islam,1311,Dhanmondi,DH060-G,02,2,23.00,24.92,108.36,22.00,22.64,102.92,22.35,23.19,103.76,24.20,24.91,102.93,22.80,24.52,107.54,25.05,25.48,101.73,25.05,26.08,104.13,25.75,26.14,101.52,0.00,0.00,0.00,0.00,0.00,0.00,0.00,0.00,0.00,0.00,0.00,0.00,190.20,197.90,104.05,2026
EM00011431,Rakibul Islam,1326,Barishal,BA012-V,04,1,6.95,7.18,103.27,6.95,6.27,90.22,7.11,6.87,96.64,7.58,7.69,101.47,7.58,8.09,106.74,8.21,9.08,110.65,5.90,6.69,113.44,6.55,7.22,110.26,0.00,0.00,0.00,0.00,0.00,0.00,0.00,0.00,0.00,0.00,0.00,0.00,56.83,59.10,104.00,2026
EM00014421,Md. Sirajul Islam Sajib,1320,Bogura,BO051-V,04,1,4.55,4.27,93.88,4.55,4.97,109.31,4.70,4.14,88.09,5.01,5.71,114.03,5.01,6.02,120.09,5.63,5.88,104.46,5.85,5.93,101.38,6.28,6.31,100.48,0.00,0.00,0.00,0.00,0.00,0.00,0.00,0.00,0.00,0.00,0.00,0.00,41.58,43.24,103.98,2026
EM00011973,Md. Mahadi Hasan,1311,Dhanmondi,DH092-G,02,1,8.60,8.88,103.29,8.35,8.51,101.88,8.50,8.97,105.57,9.20,8.90,96.71,8.64,9.08,105.05,9.55,9.37,98.09,17.60,18.56,105.48,18.00,19.69,109.38,0.00,0.00,0.00,0.00,0.00,0.00,0.00,0.00,0.00,0.00,0.00,0.00,88.44,91.96,103.98,2026
EM00012642,Md. Tarikul Islam,1324,Jashore,JA014-G,02,1,8.00,8.50,106.23,7.75,7.90,101.96,7.90,8.51,107.69,8.55,8.19,95.78,8.05,8.35,103.77,8.85,9.13,103.14,8.85,9.16,103.55,9.12,9.99,109.50,0.00,0.00,0.00,0.00,0.00,0.00,0.00,0.00,0.00,0.00,0.00,0.00,67.07,69.73,103.97,2026
EM00011313,Md Atikur Rahman,1312,Uttara,UT032-G,02,1,5.60,5.85,104.42,5.50,5.54,100.73,5.60,5.97,106.58,6.05,6.12,101.20,5.75,6.34,110.28,6.30,6.53,103.70,5.10,5.29,103.77,5.40,5.44,100.65,0.00,0.00,0.00,0.00,0.00,0.00,0.00,0.00,0.00,0.00,0.00,0.00,45.30,47.08,103.93,2026
EM00016230,Md. Moaz Uddin,1314,Mymensingh,MY014-V,04,1,0.00,0.00,0.00,0.00,0.00,0.00,0.00,0.00,0.00,0.00,0.00,0.00,0.00,0.00,0.00,0.00,0.00,0.00,9.28,10.42,112.33,10.00,9.61,96.13,0.00,0.00,0.00,0.00,0.00,0.00,0.00,0.00,0.00,0.00,0.00,0.00,19.28,20.04,103.93,2026
EM00004604,Mr. Krishno Pada Chakrobotty,1315,Chattogram,CH050-V,04,2,23.38,24.91,106.52,23.38,25.09,107.32,23.91,24.44,102.20,25.51,27.23,106.75,25.55,27.48,107.55,27.75,28.61,103.08,28.85,29.07,100.77,31.00,30.67,98.94,0.00,0.00,0.00,0.00,0.00,0.00,0.00,0.00,0.00,0.00,0.00,0.00,209.33,217.50,103.90,2026
EM00013520,Md. Estiak Alam,1325,Khulna,KH063-A,01,1,6.54,6.76,103.25,6.50,6.66,102.51,6.50,6.69,102.95,6.78,7.05,104.07,6.70,7.02,104.80,6.70,6.94,103.57,6.02,6.39,106.16,5.92,6.16,103.95,0.00,0.00,0.00,0.00,0.00,0.00,0.00,0.00,0.00,0.00,0.00,0.00,51.66,53.67,103.89,2026
EM00005022,Md. Mir Mosaraf,1323,Dinajpur,DI010-V,04,2,22.88,21.76,95.11,22.90,23.08,100.77,23.42,23.55,100.53,25.01,27.17,108.65,25.03,26.30,105.08,27.11,29.16,107.55,28.17,30.34,107.71,30.26,31.37,103.67,0.00,0.00,0.00,0.00,0.00,0.00,0.00,0.00,0.00,0.00,0.00,0.00,204.78,212.73,103.88,2026
EM00013918,Md. Aslam Uddin,1322,Rangpur,RN011-V,04,1,6.45,6.77,104.99,6.45,6.47,100.25,6.60,7.17,108.69,6.71,6.82,101.67,6.75,7.23,107.18,7.31,7.49,102.41,7.60,8.05,105.90,8.16,8.20,100.46,0.00,0.00,0.00,0.00,0.00,0.00,0.00,0.00,0.00,0.00,0.00,0.00,56.03,58.20,103.88,2026
EM00012640,Md. Aroz Ali,1325,Khulna,KH012-G,02,1,6.55,6.59,100.65,6.33,6.52,103.03,6.40,6.79,106.13,6.92,7.37,106.49,6.50,6.64,102.15,7.10,7.80,109.79,7.10,7.14,100.63,7.28,7.41,101.72,0.00,0.00,0.00,0.00,0.00,0.00,0.00,0.00,0.00,0.00,0.00,0.00,54.18,56.26,103.84,2026
EM00011268,Md. Mohsin,1336,Keraniganj,KE021-G,02,1,7.86,8.94,113.76,9.50,10.14,106.72,9.70,9.91,102.17,10.50,10.49,99.94,9.90,10.44,105.48,10.87,10.99,101.14,10.90,10.99,100.84,11.25,11.66,103.62,0.00,0.00,0.00,0.00,0.00,0.00,0.00,0.00,0.00,0.00,0.00,0.00,80.48,83.57,103.84,2026
EM00012264,Md. Mostafijur Rahaman,1311,Dhanmondi,DH011-G,02,1,5.50,5.57,101.32,5.25,5.43,103.50,5.30,6.01,113.39,5.70,5.92,103.91,5.40,5.45,101.00,5.95,5.97,100.35,5.95,6.33,106.33,6.20,6.29,101.45,0.00,0.00,0.00,0.00,0.00,0.00,0.00,0.00,0.00,0.00,0.00,0.00,45.25,46.98,103.83,2026
EM00015667,Md. Momin Hossain,1310,Paltan,PA057-G,02,1,0.00,0.00,0.00,4.00,3.38,84.62,4.06,4.77,117.51,4.44,4.59,103.36,4.10,4.37,106.54,4.50,4.69,104.20,4.50,4.69,104.29,4.80,5.07,105.60,0.00,0.00,0.00,0.00,0.00,0.00,0.00,0.00,0.00,0.00,0.00,0.00,30.40,31.56,103.83,2026
EM00010852,Md. Shahed Ali,1311,Dhanmondi,DH121-A,01,1,9.07,7.72,85.16,8.94,10.44,116.80,8.94,7.72,86.31,9.94,9.36,94.15,9.59,8.70,90.77,9.59,10.09,105.30,9.46,10.90,115.19,9.33,12.78,137.01,0.00,0.00,0.00,0.00,0.00,0.00,0.00,0.00,0.00,0.00,0.00,0.00,74.85,77.71,103.83,2026
EM00016385,Pintu Chandra,1326,Barishal,BA131-C,01,1,0.00,0.00,0.00,0.00,0.00,0.00,0.00,0.00,0.00,0.00,0.00,0.00,0.00,0.00,0.00,0.00,0.00,0.00,5.00,5.30,105.97,5.68,5.78,101.88,0.00,0.00,0.00,0.00,0.00,0.00,0.00,0.00,0.00,0.00,0.00,0.00,10.68,11.08,103.80,2026
EM00004339,Md. Harun-or-Rashid,1317,Cumilla,CU022-V,04,1,7.31,7.93,108.51,7.31,7.66,104.79,7.47,7.31,97.80,8.11,8.95,110.30,8.25,8.60,104.24,9.00,9.61,106.75,9.35,9.41,100.63,10.04,9.90,98.59,0.00,0.00,0.00,0.00,0.00,0.00,0.00,0.00,0.00,0.00,0.00,0.00,66.84,69.36,103.77,2026
EM00013160,Fahad Hasan,1333,Moulvibazar,MO092-C,01,1,7.54,7.59,100.73,7.48,7.52,100.52,7.48,7.72,103.18,7.74,8.00,103.38,7.44,7.77,104.49,7.44,7.53,101.21,6.72,7.24,107.69,6.63,7.29,109.85,0.00,0.00,0.00,0.00,0.00,0.00,0.00,0.00,0.00,0.00,0.00,0.00,58.48,60.67,103.74,2026
EM00012522,Md. Suman Dhali,1318,Noakhali,NO121-A,01,1,8.42,8.02,95.23,8.36,8.37,100.12,8.36,8.87,106.13,8.18,8.96,109.61,8.28,8.64,104.36,8.28,8.46,102.21,7.79,8.45,108.52,7.71,8.03,104.23,0.00,0.00,0.00,0.00,0.00,0.00,0.00,0.00,0.00,0.00,0.00,0.00,65.37,67.81,103.73,2026
EM00008111,Mr. Kamal Hossain,1313,Narayanganj,NA081-C,01,1,12.21,12.39,101.44,12.13,12.29,101.31,12.13,12.42,102.39,8.94,9.51,106.45,8.66,8.69,100.29,8.66,9.04,104.39,8.08,8.46,104.77,8.32,9.27,111.50,0.00,0.00,0.00,0.00,0.00,0.00,0.00,0.00,0.00,0.00,0.00,0.00,79.12,82.07,103.73,2026
EM00013873,Md. Motiur Rahman,1317,Cumilla,CU073-C,01,1,10.60,10.91,102.93,10.52,10.96,104.19,10.52,11.63,110.60,10.54,11.14,105.68,10.16,10.28,101.17,10.16,10.30,101.36,10.82,11.01,101.75,10.67,10.84,101.65,0.00,0.00,0.00,0.00,0.00,0.00,0.00,0.00,0.00,0.00,0.00,0.00,83.98,87.07,103.68,2026
EM00012077,Rashed Alam,1315,Chattogram,CH093-A,01,1,4.05,4.53,111.96,4.02,4.03,100.32,4.02,4.10,101.90,4.20,4.29,102.24,4.04,4.42,109.44,4.04,4.16,103.13,4.04,4.04,100.08,3.99,4.00,100.22,0.00,0.00,0.00,0.00,0.00,0.00,0.00,0.00,0.00,0.00,0.00,0.00,32.38,33.57,103.67,2026
EM00016331,Shahidul Islam,1327,Faridpur,FA033-G,02,1,0.00,0.00,0.00,0.00,0.00,0.00,0.00,0.00,0.00,0.00,0.00,0.00,0.00,0.00,0.00,0.00,0.00,0.00,6.20,6.22,100.31,6.43,6.87,106.87,0.00,0.00,0.00,0.00,0.00,0.00,0.00,0.00,0.00,0.00,0.00,0.00,12.63,13.09,103.65,2026
EM00015004,Md. Mehedi Hassan,1327,Faridpur,FA013-V,04,1,4.84,5.18,107.07,4.84,4.57,94.40,4.95,4.30,86.78,5.28,5.81,110.03,5.28,5.87,111.23,5.90,6.75,114.37,6.00,6.37,106.09,6.50,6.32,97.31,0.00,0.00,0.00,0.00,0.00,0.00,0.00,0.00,0.00,0.00,0.00,0.00,43.59,45.17,103.62,2026
EM00015858,Md. Mahamudul Haque,1320,Bogura,BO033-G,02,1,0.00,0.00,0.00,0.00,0.00,0.00,0.00,0.00,0.00,6.60,6.95,105.26,6.25,6.70,107.21,6.90,7.04,102.07,7.00,7.05,100.75,7.20,7.43,103.25,0.00,0.00,0.00,0.00,0.00,0.00,0.00,0.00,0.00,0.00,0.00,0.00,33.95,35.18,103.61,2026
EM00013387,Gdbinda Sheel,1324,Jashore,JA173-A,01,1,5.29,5.30,100.08,5.29,5.46,103.19,5.29,5.56,105.08,5.57,5.74,103.07,4.83,4.99,103.47,4.83,4.98,103.09,4.23,4.36,103.09,4.27,4.63,108.35,0.00,0.00,0.00,0.00,0.00,0.00,0.00,0.00,0.00,0.00,0.00,0.00,39.60,41.02,103.58,2026
EM00014888,Nikhil Chandro Sarker,1317,Cumilla,CU011-B,01,1,6.61,6.31,95.48,6.56,6.75,102.85,6.56,7.15,109.05,6.62,6.70,101.18,6.38,5.93,92.91,6.38,7.83,122.68,6.71,7.12,106.05,6.61,6.50,98.27,0.00,0.00,0.00,0.00,0.00,0.00,0.00,0.00,0.00,0.00,0.00,0.00,52.43,54.28,103.52,2026
EM00013147,Md. Firoz Rahman,1311,Dhanmondi,DH054-V,04,1,10.64,11.21,105.34,10.65,10.84,101.82,10.89,10.28,94.38,11.62,13.20,113.57,11.62,12.38,106.52,12.60,12.78,101.41,13.08,13.50,103.18,14.05,14.32,101.93,0.00,0.00,0.00,0.00,0.00,0.00,0.00,0.00,0.00,0.00,0.00,0.00,95.15,98.50,103.52,2026
EM00010955,Aolad Hossain,1311,Dhanmondi,DH016-G,02,1,6.00,6.25,104.18,5.70,5.92,103.89,5.75,4.59,79.90,6.18,6.82,110.30,5.90,6.80,115.32,6.55,6.29,96.07,6.55,6.71,102.49,6.70,7.67,114.50,0.00,0.00,0.00,0.00,0.00,0.00,0.00,0.00,0.00,0.00,0.00,0.00,49.33,51.07,103.52,2026
EM00011859,Md. Ayub Ali,1317,Cumilla,CU024-V,04,1,7.96,8.52,107.01,7.96,8.21,103.10,8.14,8.41,103.32,8.78,9.10,103.68,8.91,9.00,100.96,9.75,10.14,103.96,10.13,10.53,103.95,10.88,11.15,102.49,0.00,0.00,0.00,0.00,0.00,0.00,0.00,0.00,0.00,0.00,0.00,0.00,72.51,75.05,103.51,2026
EM00016141,Arafat Hossain Babu,1315,Chattogram,CH171-A,01,1,0.00,0.00,0.00,0.00,0.00,0.00,0.00,0.00,0.00,0.00,0.00,0.00,2.52,2.44,97.01,2.52,2.64,104.95,2.51,2.65,105.66,2.51,2.67,106.38,0.00,0.00,0.00,0.00,0.00,0.00,0.00,0.00,0.00,0.00,0.00,0.00,10.05,10.40,103.50,2026
EM00013151,Alamgir Alam,1313,Narayanganj,NA032-V,04,1,6.85,7.10,103.68,6.85,7.02,102.43,7.01,7.02,100.08,7.48,8.09,108.12,7.48,7.56,101.09,8.10,8.46,104.48,8.40,8.92,106.19,9.22,9.36,101.56,0.00,0.00,0.00,0.00,0.00,0.00,0.00,0.00,0.00,0.00,0.00,0.00,61.39,63.53,103.49,2026
EM00013377,Shudip Kumar Kundu,1325,Khulna,KH011-A,01,1,4.21,4.37,103.69,4.55,4.29,94.16,4.55,4.16,91.37,4.78,4.88,102.03,4.10,4.32,105.14,4.10,4.46,108.71,3.96,4.43,111.81,3.81,4.37,114.61,0.00,0.00,0.00,0.00,0.00,0.00,0.00,0.00,0.00,0.00,0.00,0.00,34.08,35.27,103.48,2026
EM00015668,Md. Ibrahim Hossen,1327,Faridpur,FA014-G,02,1,0.00,0.00,0.00,4.10,4.13,100.84,4.10,4.21,102.75,4.40,4.43,100.72,4.20,4.47,106.42,4.50,4.59,102.00,4.50,4.75,105.56,4.83,5.09,105.30,0.00,0.00,0.00,0.00,0.00,0.00,0.00,0.00,0.00,0.00,0.00,0.00,30.63,31.68,103.41,2026
EM00013428,Md. Kaium Hasan,1317,Cumilla,CU012-B,01,1,6.76,6.78,100.20,6.71,6.86,102.25,6.71,7.13,106.23,6.75,6.83,101.20,6.50,6.79,104.54,6.50,6.81,104.76,6.88,7.28,105.84,6.78,6.93,102.17,0.00,0.00,0.00,0.00,0.00,0.00,0.00,0.00,0.00,0.00,0.00,0.00,53.59,55.40,103.39,2026
EM00004597,Md. Golam Mostofa,1326,Barishal,BA020-V,04,2,33.97,35.65,104.94,33.97,33.93,99.88,34.74,28.53,82.14,37.06,39.06,105.40,37.06,40.60,109.56,40.15,39.46,98.29,41.05,47.70,116.19,44.58,47.84,107.31,0.00,0.00,0.00,0.00,0.00,0.00,0.00,0.00,0.00,0.00,0.00,0.00,302.58,312.78,103.37,2026
EM00015735,Mithun Roy,1334,Kishoreganj,KI064-C,01,1,0.00,0.00,0.00,7.04,7.06,100.30,7.04,7.04,100.11,3.24,3.33,102.80,3.17,2.86,90.19,3.17,3.62,114.09,3.11,3.54,113.89,3.08,3.39,110.07,0.00,0.00,0.00,0.00,0.00,0.00,0.00,0.00,0.00,0.00,0.00,0.00,29.84,30.83,103.34,2026
EM00011821,Sumon Kumar Mondol,1325,Khulna,KH062-A,01,1,6.17,6.23,100.92,6.13,5.73,93.45,6.13,6.57,107.23,6.49,6.81,104.96,6.46,6.61,102.45,6.46,6.90,106.92,5.90,6.17,104.60,5.80,6.15,106.08,0.00,0.00,0.00,0.00,0.00,0.00,0.00,0.00,0.00,0.00,0.00,0.00,49.53,51.18,103.33,2026
EM00014489,Md. Alef Ali,1320,Bogura,BO103-A,01,1,4.74,4.55,96.05,4.73,4.41,93.27,4.73,4.77,100.75,4.87,4.98,102.44,4.85,4.71,97.15,4.85,5.10,105.06,4.00,4.82,120.38,4.00,4.65,116.32,0.00,0.00,0.00,0.00,0.00,0.00,0.00,0.00,0.00,0.00,0.00,0.00,36.77,37.99,103.33,2026
EM00006901,Md. Ali Hasan,1313,Narayanganj,NA020-G,02,2,33.80,35.46,104.92,32.20,34.23,106.31,33.05,34.45,104.24,36.00,35.04,97.33,33.80,35.56,105.20,37.10,37.37,100.72,43.87,45.48,103.67,45.17,47.17,104.42,0.00,0.00,0.00,0.00,0.00,0.00,0.00,0.00,0.00,0.00,0.00,0.00,294.99,304.76,103.31,2026
EM00014852,Md. Shakil Ahmed,1327,Faridpur,FA011-G,02,1,6.40,6.47,101.15,6.30,6.37,101.16,6.30,6.61,104.89,6.70,6.73,100.46,6.30,6.53,103.58,6.90,6.95,100.74,6.90,7.44,107.82,7.10,7.55,106.33,0.00,0.00,0.00,0.00,0.00,0.00,0.00,0.00,0.00,0.00,0.00,0.00,52.90,54.65,103.31,2026
EM00013998,Md. Amin Uddin,1311,Dhanmondi,DH163-B,01,1,5.62,5.85,104.19,5.62,5.82,103.58,5.62,5.91,105.26,6.21,6.63,106.77,6.03,5.98,99.26,6.03,6.07,100.71,6.01,6.35,105.68,5.92,5.98,100.99,0.00,0.00,0.00,0.00,0.00,0.00,0.00,0.00,0.00,0.00,0.00,0.00,47.04,48.59,103.30,2026
EM00014333,Anik Kumar Kundu,1326,Barishal,BA021-G,02,1,5.80,5.96,102.83,5.76,5.85,101.61,5.86,6.34,108.26,6.34,6.03,95.06,5.90,6.27,106.28,6.47,6.74,104.19,6.47,6.64,102.58,6.67,7.05,105.62,0.00,0.00,0.00,0.00,0.00,0.00,0.00,0.00,0.00,0.00,0.00,0.00,49.27,50.88,103.27,2026
EM00015698,Md. Bayzid Hossain,1311,Dhanmondi,DH041-G,02,1,0.00,0.00,0.00,2.25,2.25,100.02,2.30,2.30,100.04,2.50,2.57,102.69,2.40,2.49,103.70,2.65,2.66,100.50,2.65,2.68,101.15,2.75,3.12,113.45,0.00,0.00,0.00,0.00,0.00,0.00,0.00,0.00,0.00,0.00,0.00,0.00,17.50,18.07,103.27,2026
EM00015385,Md. Kabir Hossen,1326,Barishal,BA022-G,02,1,4.00,4.05,101.34,3.90,3.94,101.04,3.97,4.20,105.69,4.30,4.34,100.82,4.07,4.21,103.33,4.48,4.64,103.51,4.55,4.75,104.40,4.68,4.93,105.43,0.00,0.00,0.00,0.00,0.00,0.00,0.00,0.00,0.00,0.00,0.00,0.00,33.95,35.05,103.25,2026
EM00010975,Hemayete Hosen Khan,1325,Khulna,KH051-G,02,1,6.58,6.69,101.61,6.36,6.48,101.86,6.46,6.78,104.98,6.99,7.13,101.98,6.56,6.86,104.65,7.19,7.18,99.82,7.19,7.72,107.31,7.40,7.65,103.40,0.00,0.00,0.00,0.00,0.00,0.00,0.00,0.00,0.00,0.00,0.00,0.00,54.73,56.49,103.21,2026
EM00013146,A.H.M. Kudrot-E-Mahbub .,1336,Keraniganj,KE011-V,04,1,6.53,6.39,97.81,6.78,6.22,91.70,6.94,5.71,82.32,7.40,7.60,102.67,7.40,7.76,104.84,8.10,8.42,104.00,8.41,10.19,121.13,9.05,10.27,113.45,0.00,0.00,0.00,0.00,0.00,0.00,0.00,0.00,0.00,0.00,0.00,0.00,60.61,62.55,103.20,2026
EM00011565,Md. Azizul Islam,1315,Chattogram,CH172-B,01,1,4.88,4.89,100.17,4.75,4.74,99.85,4.75,4.93,103.77,4.78,4.83,101.07,4.61,4.92,106.76,4.61,4.78,103.71,4.61,4.80,104.13,4.50,4.79,106.34,0.00,0.00,0.00,0.00,0.00,0.00,0.00,0.00,0.00,0.00,0.00,0.00,37.48,38.67,103.17,2026
EM00007724,Md. Asabul Haque,1314,Mymensingh,MY041-A,01,1,6.16,5.63,91.45,6.11,6.33,103.48,6.11,6.45,105.48,6.47,6.75,104.43,6.43,6.72,104.49,6.43,6.54,101.67,6.02,6.31,104.79,5.83,6.40,109.85,0.00,0.00,0.00,0.00,0.00,0.00,0.00,0.00,0.00,0.00,0.00,0.00,49.56,51.13,103.16,2026
EM00014252,Md. Ali- Ul- Mahfuz,1336,Keraniganj,KE012-G,02,1,14.85,15.49,104.33,14.37,14.92,103.82,14.62,15.16,103.67,15.82,15.13,95.65,14.85,15.79,106.33,16.30,16.40,100.60,16.30,17.55,107.66,17.00,17.59,103.48,0.00,0.00,0.00,0.00,0.00,0.00,0.00,0.00,0.00,0.00,0.00,0.00,124.11,128.03,103.16,2026
EM00010548,Rubel Miah,1311,Dhanmondi,DH034-B,01,1,3.35,3.42,101.90,3.35,3.60,107.37,3.35,3.45,102.90,4.20,4.38,104.39,4.05,4.33,106.93,4.05,3.69,91.20,3.52,3.59,102.15,3.51,3.84,109.49,0.00,0.00,0.00,0.00,0.00,0.00,0.00,0.00,0.00,0.00,0.00,0.00,29.38,30.31,103.15,2026
EM00015091,Ruhul Amin,1310,Paltan,PA075-G,02,1,7.70,8.08,104.96,7.60,7.90,104.00,7.73,7.54,97.52,8.30,7.55,91.01,7.80,7.76,99.43,8.55,8.60,100.64,8.55,9.42,110.22,8.65,10.04,116.03,0.00,0.00,0.00,0.00,0.00,0.00,0.00,0.00,0.00,0.00,0.00,0.00,64.88,66.90,103.11,2026
EM00012014,Md. Husen Ali,1318,Noakhali,NO082-C,01,1,6.84,6.24,91.23,6.80,6.20,91.30,6.80,6.57,96.67,7.15,8.35,116.80,6.97,7.68,110.19,6.97,7.62,109.26,6.73,7.08,105.22,6.71,6.93,103.24,0.00,0.00,0.00,0.00,0.00,0.00,0.00,0.00,0.00,0.00,0.00,0.00,54.97,56.68,103.11,2026
EM00013826,Jobayer .,1310,Paltan,PA031-G,02,1,5.15,5.30,102.92,5.15,5.48,106.42,5.15,5.16,100.15,5.80,5.90,101.80,5.45,5.68,104.24,6.20,6.41,103.44,6.20,6.27,101.09,6.40,6.70,104.62,0.00,0.00,0.00,0.00,0.00,0.00,0.00,0.00,0.00,0.00,0.00,0.00,45.50,46.90,103.08,2026
EM00008150,Md. Shadman Shakib,1320,Bogura,BO092-A,01,1,7.44,7.49,100.79,7.43,7.46,100.37,7.43,7.61,102.41,7.06,7.47,105.91,7.50,7.07,94.27,7.50,8.01,106.76,6.30,6.78,107.60,6.30,6.81,108.05,0.00,0.00,0.00,0.00,0.00,0.00,0.00,0.00,0.00,0.00,0.00,0.00,56.96,58.70,103.07,2026
EM00011891,Md. Harunur Rashid,1316,Sylhet,SY063-C,01,1,8.84,8.93,101.04,8.78,9.02,102.74,8.78,9.13,104.03,8.93,9.29,104.02,8.90,9.46,106.28,8.90,9.12,102.45,8.81,9.02,102.47,8.68,8.80,101.43,0.00,0.00,0.00,0.00,0.00,0.00,0.00,0.00,0.00,0.00,0.00,0.00,70.62,72.78,103.07,2026
EM00012878,Md. Mofijur Rahman,1310,Paltan,PA022-A,01,1,4.00,4.10,102.55,4.01,4.10,102.33,4.01,4.06,101.24,4.39,4.69,106.66,4.40,4.57,103.90,4.40,4.56,103.79,4.03,4.10,101.70,4.09,4.16,101.77,0.00,0.00,0.00,0.00,0.00,0.00,0.00,0.00,0.00,0.00,0.00,0.00,33.33,34.34,103.05,2026
EM00013194,Md. Ariful Islam,1330,Pabna,PB042-C,01,1,9.66,9.71,100.50,9.59,9.60,100.11,9.59,10.13,105.66,9.82,9.98,101.67,10.11,10.76,106.46,10.11,10.50,103.90,9.97,10.33,103.57,9.92,10.15,102.27,0.00,0.00,0.00,0.00,0.00,0.00,0.00,0.00,0.00,0.00,0.00,0.00,78.77,81.17,103.04,2026
EM00009562,Md. Ariful Islam,1326,Barishal,BA101-A,01,1,11.24,11.34,100.86,11.16,11.18,100.17,11.16,11.84,106.08,10.96,11.43,104.32,10.96,11.30,103.08,10.96,11.47,104.61,6.91,7.20,104.24,6.71,6.72,100.13,0.00,0.00,0.00,0.00,0.00,0.00,0.00,0.00,0.00,0.00,0.00,0.00,80.05,82.47,103.02,2026
EM00013825,Sumen Roy Roni,1313,Narayanganj,NA041-G,02,1,11.09,11.95,107.73,10.73,10.86,101.20,10.91,11.04,101.14,11.80,12.17,103.13,11.10,11.65,104.91,12.10,12.18,100.65,12.10,12.53,103.54,12.45,12.64,101.53,0.00,0.00,0.00,0.00,0.00,0.00,0.00,0.00,0.00,0.00,0.00,0.00,92.28,95.00,102.95,2026
EM00012908,Md. Golam Quddus,1327,Faridpur,FA021-G,02,1,5.00,5.16,103.22,4.80,4.95,103.07,4.90,5.03,102.62,5.40,5.46,101.11,5.15,5.31,103.17,5.65,5.82,103.08,5.65,5.93,105.04,5.95,6.08,102.21,0.00,0.00,0.00,0.00,0.00,0.00,0.00,0.00,0.00,0.00,0.00,0.00,42.50,43.75,102.94,2026
EM00015352,Md. Hasibul Hasan,1312,Uttara,UT012-N,03,1,4.10,4.27,104.04,4.10,4.35,106.19,4.00,4.09,102.22,4.10,4.33,105.63,4.50,4.70,104.51,4.50,4.93,109.45,6.10,6.21,101.73,6.10,5.73,93.88,0.00,0.00,0.00,0.00,0.00,0.00,0.00,0.00,0.00,0.00,0.00,0.00,37.50,38.60,102.93,2026
EM00011691,Md. Raihan Ali,1311,Dhanmondi,DH045-V,04,1,8.14,8.22,100.99,7.64,6.99,91.47,7.81,7.06,90.45,8.33,9.36,112.33,8.33,9.22,110.65,9.53,9.93,104.18,9.90,10.14,102.46,10.63,11.45,107.74,0.00,0.00,0.00,0.00,0.00,0.00,0.00,0.00,0.00,0.00,0.00,0.00,70.31,72.37,102.93,2026
EM00009588,Md. Zahid Hasan,1324,Jashore,JA015-V,04,1,6.65,6.86,103.19,6.65,6.77,101.80,6.80,6.80,100.04,7.25,7.66,105.66,7.25,7.76,106.98,7.90,7.84,99.19,6.70,6.91,103.17,7.50,7.76,103.49,0.00,0.00,0.00,0.00,0.00,0.00,0.00,0.00,0.00,0.00,0.00,0.00,56.70,58.36,102.93,2026
EM00014791,Hriday Das,1317,Cumilla,CU013-B,01,1,3.35,3.56,106.32,3.33,3.30,99.07,3.33,3.43,102.98,3.32,3.34,100.83,3.19,3.22,101.01,3.19,3.28,102.81,3.42,3.60,105.49,3.37,3.53,104.66,0.00,0.00,0.00,0.00,0.00,0.00,0.00,0.00,0.00,0.00,0.00,0.00,26.50,27.27,102.92,2026
EM00011143,Md. Ibrahim,1315,Chattogram,CH320-P,01,2,19.56,19.57,100.04,19.42,19.73,101.59,19.42,20.28,104.42,20.11,20.53,102.10,19.37,20.57,106.22,19.37,20.40,105.36,19.37,19.60,101.19,18.87,19.32,102.41,0.00,0.00,0.00,0.00,0.00,0.00,0.00,0.00,0.00,0.00,0.00,0.00,155.48,160.01,102.91,2026
EM00014156,Sakil Hossain,1310,Paltan,PA041-B,01,1,5.96,6.15,103.25,5.91,6.10,103.16,5.91,5.95,100.59,7.24,6.95,95.98,6.98,7.39,105.82,6.98,7.33,104.98,6.67,7.24,108.51,6.88,6.95,101.09,0.00,0.00,0.00,0.00,0.00,0.00,0.00,0.00,0.00,0.00,0.00,0.00,52.53,54.05,102.90,2026
EM00010033,Md. Saikat Hossain,1327,Faridpur,FA030-G,02,2,49.95,51.63,103.37,48.33,48.47,100.29,49.14,50.97,103.71,53.20,53.20,99.99,49.95,52.63,105.36,54.83,54.56,99.50,54.83,57.46,104.80,56.46,59.59,105.55,0.00,0.00,0.00,0.00,0.00,0.00,0.00,0.00,0.00,0.00,0.00,0.00,416.69,428.51,102.84,2026
EM00012675,Md. Samim Reza,1311,Dhanmondi,DH013-N,03,1,6.80,6.83,100.46,6.80,6.83,100.47,6.70,7.07,105.50,6.80,7.19,105.70,7.00,7.18,102.50,7.00,7.04,100.56,7.25,7.29,100.51,7.25,7.74,106.72,0.00,0.00,0.00,0.00,0.00,0.00,0.00,0.00,0.00,0.00,0.00,0.00,55.60,57.16,102.80,2026
EM00011329,Md. Imran Khan,1325,Khulna,KH024-G,02,1,5.70,5.54,97.15,5.55,5.61,101.11,5.60,5.86,104.56,6.06,6.31,104.11,5.70,6.32,110.95,6.20,6.30,101.58,6.20,6.28,101.36,6.40,6.51,101.73,0.00,0.00,0.00,0.00,0.00,0.00,0.00,0.00,0.00,0.00,0.00,0.00,47.41,48.73,102.79,2026
EM00007665,Md. Hafizur Rahman,1335,Kushtia,KU061-A,01,1,5.79,5.33,92.04,5.75,5.21,90.64,5.75,5.75,100.02,6.04,6.09,100.72,5.55,5.68,102.29,5.55,6.37,114.69,5.30,5.90,111.40,5.36,6.01,112.25,0.00,0.00,0.00,0.00,0.00,0.00,0.00,0.00,0.00,0.00,0.00,0.00,45.09,46.34,102.77,2026
EM00014338,Md. Foysal Ahmead,1329,Tangail,TA015-G,02,1,7.30,7.70,105.48,7.00,7.16,102.23,7.10,7.39,104.01,7.70,7.36,95.60,7.25,7.70,106.24,7.95,8.02,100.89,7.95,8.16,102.67,8.20,8.62,105.09,0.00,0.00,0.00,0.00,0.00,0.00,0.00,0.00,0.00,0.00,0.00,0.00,60.45,62.11,102.74,2026
EM00011051,Ujjal Roy,1310,Paltan,PA022-B,01,1,3.99,4.09,102.37,4.01,4.06,101.35,4.01,4.14,103.42,4.39,4.54,103.48,4.39,4.48,101.89,4.39,4.51,102.72,4.17,4.37,104.68,4.23,4.31,101.86,0.00,0.00,0.00,0.00,0.00,0.00,0.00,0.00,0.00,0.00,0.00,0.00,33.59,34.50,102.73,2026
EM00015685,Md. Nizam Uddin,1327,Faridpur,FA037-G,02,1,0.00,0.00,0.00,9.28,9.21,99.24,9.30,10.51,113.01,10.07,10.14,100.69,9.45,9.95,105.34,10.43,10.49,100.57,7.00,6.87,98.19,7.20,7.25,100.72,0.00,0.00,0.00,0.00,0.00,0.00,0.00,0.00,0.00,0.00,0.00,0.00,62.73,64.43,102.71,2026
EM00015635,Md. Shahriar Alif,1322,Rangpur,RN034-V,04,1,0.00,0.00,0.00,4.45,3.78,84.99,4.55,5.05,110.94,4.88,5.08,104.05,4.91,5.29,107.77,5.32,5.54,104.06,5.55,5.78,104.16,6.00,6.11,101.81,0.00,0.00,0.00,0.00,0.00,0.00,0.00,0.00,0.00,0.00,0.00,0.00,35.66,36.63,102.71,2026
EM00016461,Md. Alamin Mia,1311,Dhanmondi,DH061-G,02,1,0.00,0.00,0.00,0.00,0.00,0.00,0.00,0.00,0.00,0.00,0.00,0.00,0.00,0.00,0.00,0.00,0.00,0.00,0.00,0.00,0.00,4.65,4.78,102.69,0.00,0.00,0.00,0.00,0.00,0.00,0.00,0.00,0.00,0.00,0.00,0.00,4.65,4.78,102.70,2026
EM00012794,Manotosh Kumar,1327,Faridpur,FA016-V,04,1,6.54,5.94,90.87,6.54,6.11,93.38,6.69,6.69,100.01,7.18,7.31,101.80,7.18,7.24,100.78,7.80,9.10,116.73,7.60,8.40,110.53,8.20,8.49,103.58,0.00,0.00,0.00,0.00,0.00,0.00,0.00,0.00,0.00,0.00,0.00,0.00,57.73,59.29,102.70,2026
EM00012249,Md. Rabiul Islam,1325,Khulna,KH022-G,02,1,5.70,5.51,96.63,5.50,5.55,100.82,5.60,6.20,110.67,6.06,6.25,103.10,5.70,5.91,103.73,6.20,6.24,100.60,6.20,6.47,104.41,6.40,6.51,101.79,0.00,0.00,0.00,0.00,0.00,0.00,0.00,0.00,0.00,0.00,0.00,0.00,47.36,48.64,102.70,2026
EM00013216,Md. Sajib Uddin,1332,B. Baria,BB021-C,01,1,9.29,9.37,100.84,9.22,9.73,105.50,9.22,9.51,103.07,8.92,9.39,105.19,9.30,8.59,92.34,9.30,9.73,104.66,9.00,9.42,104.62,8.88,9.36,105.50,0.00,0.00,0.00,0.00,0.00,0.00,0.00,0.00,0.00,0.00,0.00,0.00,73.14,75.10,102.68,2026
EM00012762,Md. Sanoar Hossain,1313,Narayanganj,NA012-G,02,1,5.75,5.63,97.86,5.56,5.32,95.71,5.70,4.61,80.94,6.17,9.16,148.44,5.90,5.65,95.84,6.47,6.32,97.74,6.47,6.56,101.44,6.70,6.75,100.79,0.00,0.00,0.00,0.00,0.00,0.00,0.00,0.00,0.00,0.00,0.00,0.00,48.72,50.01,102.66,2026
EM00011762,Md. Shafiqul Islam,1315,Chattogram,CH282-B,01,1,3.68,3.81,103.67,3.65,3.57,97.80,3.65,3.94,107.95,3.73,3.75,100.31,3.59,3.71,103.30,3.59,3.69,102.69,3.59,3.67,102.18,3.48,3.60,103.17,0.00,0.00,0.00,0.00,0.00,0.00,0.00,0.00,0.00,0.00,0.00,0.00,28.98,29.74,102.63,2026
EM00012338,Md. Sahab Uddin,1320,Bogura,BO023-V,04,1,6.59,6.68,101.41,6.59,6.81,103.37,6.74,6.75,100.18,7.19,7.60,105.69,7.19,7.64,106.32,7.91,8.01,101.24,8.25,8.29,100.53,8.86,9.08,102.45,0.00,0.00,0.00,0.00,0.00,0.00,0.00,0.00,0.00,0.00,0.00,0.00,59.32,60.87,102.62,2026
EM00016137,Md. Rejaul Kabir,1315,Chattogram,CH232-B,01,1,0.00,0.00,0.00,0.00,0.00,0.00,0.00,0.00,0.00,0.00,0.00,0.00,4.80,4.85,101.19,4.80,4.80,100.14,5.04,5.18,102.66,5.00,5.32,106.29,0.00,0.00,0.00,0.00,0.00,0.00,0.00,0.00,0.00,0.00,0.00,0.00,19.64,20.16,102.61,2026
EM00014469,Md. Asaduzzaman,1315,Chattogram,CH163-B,01,1,8.67,8.87,102.23,8.51,8.58,100.83,8.51,8.90,104.54,8.53,8.55,100.33,8.23,8.83,107.30,8.23,8.30,100.90,8.23,8.46,102.73,7.95,8.12,102.09,0.00,0.00,0.00,0.00,0.00,0.00,0.00,0.00,0.00,0.00,0.00,0.00,66.86,68.60,102.61,2026
EM00015008,Bikash .,1321,Rajshahi,RA013-G,02,1,4.60,4.66,101.28,4.60,4.71,102.42,4.70,4.77,101.56,5.10,5.13,100.62,4.80,5.11,106.52,5.35,5.39,100.70,5.35,5.60,104.67,5.60,5.77,103.00,0.00,0.00,0.00,0.00,0.00,0.00,0.00,0.00,0.00,0.00,0.00,0.00,40.10,41.14,102.60,2026
EM00013628,Md. Hifzul Bari,1320,Bogura,BO022-V,04,1,6.30,5.87,93.17,6.30,6.62,105.11,6.44,6.85,106.30,6.87,7.52,109.39,6.87,7.02,102.18,7.58,7.73,102.01,7.89,7.96,100.85,8.47,8.63,101.89,0.00,0.00,0.00,0.00,0.00,0.00,0.00,0.00,0.00,0.00,0.00,0.00,56.72,58.19,102.59,2026
EM00014530,Md. Shamim Hossain,1324,Jashore,JA113-A,01,1,5.38,5.42,100.71,5.33,5.43,101.83,5.33,5.80,108.74,5.65,5.34,94.63,5.26,5.30,100.79,5.26,5.63,106.89,4.70,4.77,101.50,4.74,5.03,106.29,0.00,0.00,0.00,0.00,0.00,0.00,0.00,0.00,0.00,0.00,0.00,0.00,41.66,42.74,102.58,2026
EM00013149,Md. Baten Miah,1310,Paltan,PA015-V,04,1,10.54,10.68,101.36,10.63,9.71,91.32,10.87,9.91,91.16,11.61,13.26,114.21,11.61,12.23,105.37,12.58,13.74,109.21,13.06,13.72,105.09,14.03,14.11,100.56,0.00,0.00,0.00,0.00,0.00,0.00,0.00,0.00,0.00,0.00,0.00,0.00,94.93,97.37,102.57,2026
EM00010709,Md. Muntashir Hossain,1318,Noakhali,NO052-A,01,1,7.33,6.66,90.90,7.28,7.91,108.69,7.28,7.48,102.77,5.78,6.23,107.85,5.56,5.62,101.04,5.56,5.60,100.76,5.35,5.90,110.11,5.50,5.51,100.13,0.00,0.00,0.00,0.00,0.00,0.00,0.00,0.00,0.00,0.00,0.00,0.00,49.64,50.91,102.56,2026
EM00015076,Md. Mohaimanul Hasan,1327,Faridpur,FA025-G,02,1,4.80,5.04,105.01,4.70,4.60,97.94,4.85,4.97,102.51,5.30,5.57,105.02,5.10,5.04,98.84,5.60,5.59,99.78,5.60,5.83,104.02,5.75,6.11,106.33,0.00,0.00,0.00,0.00,0.00,0.00,0.00,0.00,0.00,0.00,0.00,0.00,41.70,42.75,102.52,2026
EM00008244,Md. Arif Hossain,1312,Uttara,UT014-G,02,1,9.30,9.93,106.80,9.10,9.32,102.44,9.25,9.34,100.97,10.00,10.20,102.01,9.45,9.85,104.23,10.36,10.45,100.82,10.36,10.46,101.00,10.67,10.91,102.25,0.00,0.00,0.00,0.00,0.00,0.00,0.00,0.00,0.00,0.00,0.00,0.00,78.49,80.47,102.52,2026
EM00011080,Md. Shipan Mia,1319,Feni,FE022-G,02,1,7.74,8.26,106.77,7.48,7.79,104.17,7.60,7.78,102.38,8.22,7.85,95.46,7.70,7.91,102.74,8.30,8.61,103.70,8.30,8.34,100.50,8.50,8.90,104.73,0.00,0.00,0.00,0.00,0.00,0.00,0.00,0.00,0.00,0.00,0.00,0.00,63.84,65.45,102.52,2026
EM00012743,Md. Mamun Rana,1317,Cumilla,CU013-G,02,1,6.65,7.04,105.81,6.47,6.55,101.30,6.58,6.63,100.81,7.12,7.03,98.75,6.69,7.18,107.36,7.38,7.45,101.00,5.78,5.92,102.39,6.05,6.23,103.04,0.00,0.00,0.00,0.00,0.00,0.00,0.00,0.00,0.00,0.00,0.00,0.00,52.72,54.04,102.51,2026
EM00012760,Md. Faruk Hossain,1311,Dhanmondi,DH064-G,02,1,6.10,6.36,104.30,5.85,5.91,101.10,5.95,5.97,100.36,6.45,6.21,96.25,6.00,6.39,106.48,6.55,6.60,100.81,6.55,6.67,101.90,6.75,7.33,108.62,0.00,0.00,0.00,0.00,0.00,0.00,0.00,0.00,0.00,0.00,0.00,0.00,50.20,51.45,102.50,2026
EM00011518,Md. Rubel .,1327,Faridpur,FA024-G,02,1,6.30,6.30,100.04,6.00,6.17,102.78,6.05,6.23,102.92,6.65,6.72,101.12,6.25,5.96,95.43,6.93,7.46,107.62,6.93,7.16,103.36,7.15,7.54,105.45,0.00,0.00,0.00,0.00,0.00,0.00,0.00,0.00,0.00,0.00,0.00,0.00,52.26,53.55,102.46,2026
EM00012668,Md. Saddam Hossain,1330,Pabna,PB012-A,01,1,5.46,5.51,100.80,5.43,5.51,101.60,5.43,5.58,102.85,5.27,5.34,101.40,5.62,5.94,105.75,5.62,5.69,101.27,5.32,5.44,102.42,5.22,5.40,103.47,0.00,0.00,0.00,0.00,0.00,0.00,0.00,0.00,0.00,0.00,0.00,0.00,43.36,44.42,102.46,2026
EM00012957,Md. Saddam Hossain,1310,Paltan,PA032-G,02,1,5.15,5.25,101.85,5.15,5.23,101.51,5.15,5.34,103.61,5.60,5.68,101.39,5.30,5.37,101.34,5.90,5.97,101.19,5.90,6.17,104.63,6.20,6.43,103.65,0.00,0.00,0.00,0.00,0.00,0.00,0.00,0.00,0.00,0.00,0.00,0.00,44.35,45.43,102.43,2026
EM00013451,Md. Shihabur Rahman,1313,Narayanganj,NA024-G,02,1,5.94,6.14,103.32,5.75,5.65,98.19,5.85,6.06,103.66,6.33,5.70,90.04,5.95,6.36,106.97,6.50,6.55,100.75,6.50,6.98,107.36,6.80,7.37,108.32,0.00,0.00,0.00,0.00,0.00,0.00,0.00,0.00,0.00,0.00,0.00,0.00,49.62,50.80,102.39,2026
EM00013607,Md. Saiful Islam,1313,Narayanganj,NA034-V,04,1,6.74,7.20,106.80,6.74,6.83,101.33,6.89,6.99,101.39,7.36,7.83,106.37,7.36,7.00,95.17,7.98,9.01,112.95,8.29,7.83,94.46,9.10,9.21,101.21,0.00,0.00,0.00,0.00,0.00,0.00,0.00,0.00,0.00,0.00,0.00,0.00,60.46,61.90,102.39,2026
EM00014858,Md. Nazmul Haque,1310,Paltan,PA076-G,02,1,6.00,5.73,95.57,5.80,5.56,95.91,5.90,6.00,101.64,6.40,6.98,109.02,5.90,6.18,104.73,6.47,6.30,97.45,6.47,6.82,105.36,6.60,7.15,108.29,0.00,0.00,0.00,0.00,0.00,0.00,0.00,0.00,0.00,0.00,0.00,0.00,49.54,50.72,102.38,2026
EM00002467,Mr. Rashedul Alam,1327,Faridpur,FA020-V,04,2,27.68,26.48,95.66,27.68,24.79,89.55,28.31,22.80,80.54,30.21,30.38,100.55,30.21,32.76,108.44,32.73,44.20,135.04,33.97,37.74,111.09,36.89,34.43,93.34,0.00,0.00,0.00,0.00,0.00,0.00,0.00,0.00,0.00,0.00,0.00,0.00,247.68,253.58,102.38,2026
EM00016365,Md. Asadur Rahman,1325,Khulna,KH011-B,01,1,0.00,0.00,0.00,0.00,0.00,0.00,0.00,0.00,0.00,0.00,0.00,0.00,0.00,0.00,0.00,0.00,0.00,0.00,4.36,4.09,93.81,4.36,4.83,110.83,0.00,0.00,0.00,0.00,0.00,0.00,0.00,0.00,0.00,0.00,0.00,0.00,8.72,8.92,102.32,2026
EM00009589,Md. Salim,1326,KHL+BRS,BA020-G,02,2,32.63,32.81,100.55,31.57,32.08,101.62,32.10,34.12,106.30,34.75,33.83,97.37,32.63,34.26,105.00,35.81,36.55,102.07,35.81,36.55,102.06,36.87,38.17,103.51,0.00,0.00,0.00,0.00,0.00,0.00,0.00,0.00,0.00,0.00,0.00,0.00,272.17,278.38,102.28,2026
EM00016448,Al-Amin Munshi,1315,Chattogram,CH015-G,02,1,0.00,0.00,0.00,0.00,0.00,0.00,0.00,0.00,0.00,0.00,0.00,0.00,0.00,0.00,0.00,0.00,0.00,0.00,0.00,0.00,0.00,4.00,4.09,102.27,0.00,0.00,0.00,0.00,0.00,0.00,0.00,0.00,0.00,0.00,0.00,0.00,4.00,4.09,102.28,2026
EM00012520,Ramkrishna Rajbangshi,1334,Kishoreganj,KI011-B,01,1,7.27,6.82,93.70,7.25,6.74,92.87,7.25,6.99,96.43,7.90,7.05,89.13,7.42,6.49,87.47,7.42,8.22,110.88,7.22,8.93,123.73,7.13,8.96,125.74,0.00,0.00,0.00,0.00,0.00,0.00,0.00,0.00,0.00,0.00,0.00,0.00,58.86,60.19,102.26,2026
EM00010910,Md. Rayhan Islam Munna,1328,Cox's Bazar,CO010-V,04,2,20.33,20.44,100.54,20.33,20.49,100.77,20.78,20.71,99.64,22.17,23.19,104.62,22.35,22.61,101.14,24.25,26.09,107.61,26.15,26.14,99.95,28.08,28.87,102.80,0.00,0.00,0.00,0.00,0.00,0.00,0.00,0.00,0.00,0.00,0.00,0.00,184.44,188.53,102.22,2026
EM00013323,Md. Kaisul Islam,1317,Cumilla,CU013-V,04,1,7.75,7.98,102.95,7.75,7.60,98.08,7.93,7.17,90.45,8.93,9.36,104.80,9.00,9.18,102.04,9.85,10.91,110.76,10.23,10.48,102.40,10.99,11.35,103.31,0.00,0.00,0.00,0.00,0.00,0.00,0.00,0.00,0.00,0.00,0.00,0.00,72.43,74.04,102.22,2026
EM00013100,Md Sobahan Khandakar,1315,Chattogram,CH072-C,01,1,7.89,7.97,100.91,7.84,7.97,101.68,7.84,7.96,101.54,7.96,8.07,101.34,7.67,7.97,103.82,7.67,7.71,100.41,7.74,8.16,105.45,7.73,7.93,102.61,0.00,0.00,0.00,0.00,0.00,0.00,0.00,0.00,0.00,0.00,0.00,0.00,62.35,63.73,102.21,2026
EM00012664,Emran Howlader,1336,Keraniganj,KE012-V,04,1,7.63,5.90,77.31,6.88,5.51,80.09,6.64,5.46,82.27,7.09,7.51,105.99,7.09,7.76,109.43,7.85,8.64,110.07,8.15,10.26,125.89,9.02,10.64,117.95,0.00,0.00,0.00,0.00,0.00,0.00,0.00,0.00,0.00,0.00,0.00,0.00,60.35,61.68,102.21,2026
EM00012849,Md. Robiul Islam,1313,Narayanganj,NA052-G,02,1,8.86,9.31,105.03,8.62,9.33,108.20,8.88,9.35,105.24,9.62,9.37,97.36,9.13,9.02,98.80,10.02,10.57,105.45,10.00,10.06,100.62,10.31,10.11,98.05,0.00,0.00,0.00,0.00,0.00,0.00,0.00,0.00,0.00,0.00,0.00,0.00,75.44,77.10,102.20,2026
EM00015520,Md. Abdur Razzaque,1320,Bogura,BO054-G,02,1,3.00,2.33,77.58,3.00,3.05,101.58,3.10,3.20,103.12,3.45,3.49,101.24,3.30,3.74,113.34,3.65,3.81,104.35,3.80,4.00,105.38,3.95,4.23,107.01,0.00,0.00,0.00,0.00,0.00,0.00,0.00,0.00,0.00,0.00,0.00,0.00,27.25,27.84,102.18,2026
EM00015893,Md. Mofazzal Hosen,1320,Bogura,BO031-G,02,1,0.00,0.00,0.00,0.00,0.00,0.00,0.00,0.00,0.00,7.70,8.05,104.61,7.20,7.45,103.44,7.85,7.89,100.50,7.90,7.99,101.14,8.15,8.26,101.39,0.00,0.00,0.00,0.00,0.00,0.00,0.00,0.00,0.00,0.00,0.00,0.00,38.80,39.64,102.18,2026
EM00009666,Md. Milan Mahfuz,1317,Cumilla,CU144-C,01,1,9.90,9.93,100.31,9.83,10.24,104.19,9.83,10.42,106.06,9.54,9.84,103.19,9.20,8.61,93.62,9.20,9.71,105.60,9.94,10.21,102.67,9.80,9.94,101.41,0.00,0.00,0.00,0.00,0.00,0.00,0.00,0.00,0.00,0.00,0.00,0.00,77.22,78.90,102.17,2026
EM00016270,Md. Mosharaf Hossain,1315,Chattogram,CH232-A,01,1,0.00,0.00,0.00,0.00,0.00,0.00,0.00,0.00,0.00,0.00,0.00,0.00,0.00,0.00,0.00,5.34,5.25,98.33,5.05,5.17,102.23,4.85,5.15,106.16,0.00,0.00,0.00,0.00,0.00,0.00,0.00,0.00,0.00,0.00,0.00,0.00,15.25,15.57,102.12,2026
EM00008610,Mr. Abu Bakkar,1315,Chattogram,CH322-B,01,1,4.84,4.87,100.70,4.80,4.88,101.56,4.80,4.85,100.90,4.92,4.95,100.68,4.74,4.90,103.42,4.74,4.85,102.44,4.44,4.62,104.05,4.41,4.56,103.44,0.00,0.00,0.00,0.00,0.00,0.00,0.00,0.00,0.00,0.00,0.00,0.00,37.69,38.48,102.11,2026
EM00014016,Md. Shamim Talukder,1326,Barishal,BA023-G,02,1,4.73,4.88,103.13,4.65,4.78,102.72,4.74,5.08,107.09,5.14,4.60,89.45,4.80,4.86,101.19,5.28,5.72,108.25,5.35,5.49,102.67,5.52,5.66,102.59,0.00,0.00,0.00,0.00,0.00,0.00,0.00,0.00,0.00,0.00,0.00,0.00,40.21,41.06,102.11,2026
EM00004780,Md. Tariqul Islam,1317,Cumilla,CU033-C,01,1,11.91,12.42,104.27,11.83,12.49,105.66,11.83,12.13,102.55,11.72,11.26,96.08,11.30,11.47,101.47,11.30,11.94,105.65,12.03,12.09,100.51,11.85,11.94,100.71,0.00,0.00,0.00,0.00,0.00,0.00,0.00,0.00,0.00,0.00,0.00,0.00,93.76,95.73,102.10,2026
EM00015672,Hanif Ahmmad,1310,Paltan,PA053-V,04,1,0.00,0.00,0.00,6.05,6.09,100.69,6.19,6.48,104.64,6.60,7.02,106.39,6.60,6.89,104.44,7.15,7.59,106.21,7.43,6.89,92.72,7.98,8.04,100.69,0.00,0.00,0.00,0.00,0.00,0.00,0.00,0.00,0.00,0.00,0.00,0.00,48.00,49.00,102.09,2026
EM00013670,Nasim Reza,1327,Faridpur,FA034-G,02,1,6.85,7.06,103.07,6.65,6.83,102.74,6.85,7.08,103.42,7.41,7.47,100.78,7.00,7.22,103.11,7.76,7.84,101.07,7.70,7.77,100.91,7.90,8.04,101.75,0.00,0.00,0.00,0.00,0.00,0.00,0.00,0.00,0.00,0.00,0.00,0.00,58.12,59.32,102.06,2026
EM00013915,Sanjit Kumar Mondal,1327,Faridpur,FA023-V,04,1,7.54,7.31,96.92,7.54,6.77,89.84,7.71,6.76,87.72,8.23,9.03,109.69,8.23,8.49,103.20,8.92,10.00,112.15,9.26,10.02,108.22,10.35,10.78,104.16,0.00,0.00,0.00,0.00,0.00,0.00,0.00,0.00,0.00,0.00,0.00,0.00,67.78,69.17,102.05,2026
EM00014504,Easin Ali,1310,Paltan,PA051-G,02,1,7.50,8.02,106.94,7.30,7.34,100.51,7.42,7.70,103.74,8.00,8.10,101.21,7.60,7.74,101.86,8.34,8.36,100.22,8.34,8.49,101.75,8.60,8.64,100.51,0.00,0.00,0.00,0.00,0.00,0.00,0.00,0.00,0.00,0.00,0.00,0.00,63.10,64.38,102.03,2026
EM00012414,Madan Kumar Ray,1310,Paltan,PA034-G,02,1,5.00,5.09,101.89,5.00,5.05,101.07,5.10,5.17,101.46,5.60,5.67,101.28,5.30,5.10,96.23,5.90,6.12,103.73,5.90,6.16,104.46,6.31,6.62,104.97,0.00,0.00,0.00,0.00,0.00,0.00,0.00,0.00,0.00,0.00,0.00,0.00,44.11,45.00,102.02,2026
EM00016453,Md. Nazmul Huda,1320,Bogura,BO043-G,02,1,0.00,0.00,0.00,0.00,0.00,0.00,0.00,0.00,0.00,0.00,0.00,0.00,0.00,0.00,0.00,0.00,0.00,0.00,0.00,0.00,0.00,4.50,4.59,101.99,0.00,0.00,0.00,0.00,0.00,0.00,0.00,0.00,0.00,0.00,0.00,0.00,4.50,4.59,101.99,2026
EM00006367,Md. Faridul Islam,1317,Cumilla,CU010-P,01,2,34.28,34.23,99.85,34.04,35.20,103.41,34.04,36.81,108.15,34.27,35.45,103.43,32.99,31.24,94.68,32.99,36.48,110.56,34.62,34.70,100.21,34.13,32.67,95.71,0.00,0.00,0.00,0.00,0.00,0.00,0.00,0.00,0.00,0.00,0.00,0.00,271.38,276.78,101.99,2026
EM00012874,Sree Mithun Chandra Roy,1323,Dinajpur,DI014-G,02,1,7.55,7.73,102.37,7.30,7.45,102.12,7.45,7.63,102.43,8.00,7.76,96.99,7.60,8.26,108.63,8.35,7.78,93.22,8.35,8.62,103.22,8.60,9.21,107.14,0.00,0.00,0.00,0.00,0.00,0.00,0.00,0.00,0.00,0.00,0.00,0.00,63.20,64.45,101.97,2026
EM00013902,Md. Al-Amin,1315,Chattogram,CH053-V,04,1,5.84,6.26,107.21,5.84,6.06,103.81,5.97,6.11,102.41,6.37,6.58,103.25,6.35,6.85,107.83,6.90,7.09,102.69,7.15,7.23,101.18,7.65,6.91,90.31,0.00,0.00,0.00,0.00,0.00,0.00,0.00,0.00,0.00,0.00,0.00,0.00,52.07,53.09,101.96,2026
EM00015669,Md. Robiul Islam Rasel,1328,Cox's Bazar,CO016-G,02,1,0.00,0.00,0.00,3.90,3.96,101.60,4.10,4.13,100.70,4.30,4.33,100.62,4.16,4.26,102.48,4.56,4.67,102.46,4.56,4.67,102.36,4.70,4.83,102.83,0.00,0.00,0.00,0.00,0.00,0.00,0.00,0.00,0.00,0.00,0.00,0.00,30.28,30.85,101.89,2026
EM00008298,Md. Rofiqul Islam,1334,Kishoreganj,KI073-C,01,1,9.03,8.45,93.60,8.83,8.88,100.57,8.83,9.02,102.15,9.62,9.67,100.51,9.33,9.36,100.32,9.33,9.92,106.29,9.14,9.60,104.95,9.02,9.61,106.49,0.00,0.00,0.00,0.00,0.00,0.00,0.00,0.00,0.00,0.00,0.00,0.00,73.14,74.51,101.87,2026
EM00010096,Md. Sagar Ali,1327,Faridpur,FA014-V,04,1,6.64,5.74,86.50,6.64,5.95,89.61,6.79,6.13,90.25,7.25,8.07,111.37,7.25,7.77,107.17,8.10,9.43,116.39,5.50,5.93,107.75,6.00,6.16,102.69,0.00,0.00,0.00,0.00,0.00,0.00,0.00,0.00,0.00,0.00,0.00,0.00,54.17,55.18,101.87,2026
EM00004860,Md. Abu Kalam Azad,1327,Faridpur,FA010-V,04,2,31.22,28.30,90.65,31.22,27.75,88.88,31.93,27.96,87.57,34.07,36.83,108.10,34.07,37.27,109.39,37.54,42.38,112.89,39.00,41.52,106.46,42.00,44.26,105.38,0.00,0.00,0.00,0.00,0.00,0.00,0.00,0.00,0.00,0.00,0.00,0.00,281.05,286.27,101.86,2026
EM00004137,Md. Sohel Rana,1323,RNG+DNJ,RV04013,04,4,126.25,117.38,92.98,126.25,117.90,93.38,129.12,122.38,94.78,137.73,151.27,109.83,137.73,144.32,104.78,149.21,160.17,107.34,154.95,161.72,104.37,166.43,173.48,104.23,0.00,0.00,0.00,0.00,0.00,0.00,0.00,0.00,0.00,0.00,0.00,0.00,1127.67,1148.62,101.86,2026
EM00012866,Md. Ashraful Islam,1311,Dhanmondi,DH172-B,01,1,5.80,5.85,100.96,5.80,5.28,91.14,5.80,4.64,80.04,6.48,5.98,92.20,6.25,5.79,92.56,6.25,7.14,114.20,5.51,7.44,135.01,5.43,6.06,111.54,0.00,0.00,0.00,0.00,0.00,0.00,0.00,0.00,0.00,0.00,0.00,0.00,47.32,48.18,101.81,2026
EM00011433,Md. Harun-Or- Rashid,1311,Dhanmondi,DH050-V,04,2,40.38,41.35,102.39,40.39,41.13,101.82,41.31,38.19,92.44,44.06,47.70,108.26,44.06,46.34,105.18,47.75,48.51,101.59,49.58,50.18,101.21,53.26,53.90,101.19,0.00,0.00,0.00,0.00,0.00,0.00,0.00,0.00,0.00,0.00,0.00,0.00,360.79,367.28,101.80,2026
EM00014105,Tushar Chandra Roy,1324,Jashore,JA032-G,02,1,6.40,6.49,101.45,6.10,6.16,100.96,6.10,6.53,107.05,6.62,6.62,100.04,6.11,6.18,101.19,6.68,6.76,101.23,6.68,6.76,101.27,6.86,6.96,101.49,0.00,0.00,0.00,0.00,0.00,0.00,0.00,0.00,0.00,0.00,0.00,0.00,51.55,52.48,101.80,2026
EM00014814,Md. Humayun Islam Shawon,1315,Chattogram,CH013-A,01,1,4.60,5.19,112.82,4.57,4.38,95.88,4.57,4.59,100.51,4.66,5.41,116.05,4.51,4.25,94.20,4.51,4.24,94.12,4.32,4.10,94.77,4.02,4.23,105.27,0.00,0.00,0.00,0.00,0.00,0.00,0.00,0.00,0.00,0.00,0.00,0.00,35.75,36.38,101.77,2026
EM00013737,Joy Jim Ashik,1310,Paltan,PA064-C,01,1,5.66,5.69,100.51,5.62,5.90,104.91,5.62,5.78,102.85,6.16,5.90,95.82,5.92,5.60,94.50,5.92,6.30,106.31,5.73,6.07,105.87,5.78,6.00,103.77,0.00,0.00,0.00,0.00,0.00,0.00,0.00,0.00,0.00,0.00,0.00,0.00,46.42,47.23,101.75,2026
EM00015012,Md. Jahid Hasan,1327,Faridpur,FA012-V,04,1,7.15,5.90,82.53,7.15,5.89,82.39,7.31,5.73,78.39,7.78,8.59,110.43,7.78,8.80,113.12,8.54,9.29,108.83,7.50,8.69,115.91,8.00,9.37,117.11,0.00,0.00,0.00,0.00,0.00,0.00,0.00,0.00,0.00,0.00,0.00,0.00,61.21,62.27,101.73,2026
EM00007287,Ripon Kumar,1310,Paltan,PA030-V,04,2,32.68,33.18,101.54,32.95,31.66,96.09,33.70,30.44,90.31,36.21,39.94,110.31,36.21,36.97,102.09,39.23,41.18,104.97,40.73,41.87,102.79,43.75,45.26,103.45,0.00,0.00,0.00,0.00,0.00,0.00,0.00,0.00,0.00,0.00,0.00,0.00,295.46,300.50,101.70,2026
EM00008260,Mr. Shahinur Rahaman,1313,Narayanganj,NA022-G,02,1,8.60,8.96,104.17,8.00,8.30,103.77,8.30,8.57,103.22,9.10,8.93,98.16,8.55,8.85,103.57,9.40,9.46,100.66,9.40,9.43,100.28,9.70,9.76,100.57,0.00,0.00,0.00,0.00,0.00,0.00,0.00,0.00,0.00,0.00,0.00,0.00,71.05,72.26,101.70,2026
EM00002553,Md. Samsul Alam,1317,Cumilla,CU062-C,01,1,11.28,11.28,100.05,11.19,11.43,102.14,11.19,11.47,102.44,11.13,11.17,100.30,10.73,10.80,100.70,10.73,11.15,103.92,11.42,11.63,101.84,11.26,11.50,102.13,0.00,0.00,0.00,0.00,0.00,0.00,0.00,0.00,0.00,0.00,0.00,0.00,88.93,90.43,101.69,2026
EM00009928,Md. Maruf Morshed,1330,Pabna,PB020-V,04,2,22.37,22.66,101.27,22.37,20.78,92.87,22.88,21.12,92.32,24.40,25.88,106.08,24.60,26.39,107.29,26.65,28.04,105.20,27.67,27.78,100.41,29.72,31.35,105.48,0.00,0.00,0.00,0.00,0.00,0.00,0.00,0.00,0.00,0.00,0.00,0.00,200.66,204.00,101.67,2026
EM00011899,Rashedul Islam,1336,Keraniganj,KE022-G,02,1,13.25,13.15,99.25,12.85,13.39,104.20,13.10,13.39,102.17,14.20,13.88,97.74,13.35,14.44,108.15,14.66,14.36,97.93,14.65,14.70,100.33,15.10,15.71,104.01,0.00,0.00,0.00,0.00,0.00,0.00,0.00,0.00,0.00,0.00,0.00,0.00,111.16,113.01,101.66,2026
EM00005101,Mr. Ashis Kumar Moitra,1331,Chandpur,CA031-A,01,1,9.96,9.33,93.70,9.88,9.90,100.16,9.88,10.95,110.79,9.68,10.12,104.57,10.09,9.88,97.90,10.09,10.16,100.67,9.47,9.49,100.26,9.13,9.65,105.67,0.00,0.00,0.00,0.00,0.00,0.00,0.00,0.00,0.00,0.00,0.00,0.00,78.18,79.48,101.66,2026
EM00013570,Tanmoy Kumar Sarkar,1310,Paltan,PA013-G,02,1,12.35,12.53,101.46,11.95,12.08,101.09,12.20,12.32,100.94,13.30,13.37,100.52,12.49,12.88,103.12,13.70,13.87,101.24,13.70,14.06,102.63,14.12,14.41,102.04,0.00,0.00,0.00,0.00,0.00,0.00,0.00,0.00,0.00,0.00,0.00,0.00,103.81,105.51,101.64,2026
EM00010921,Md. Rowshon Alom,1311,Dhanmondi,DH015-G,02,1,5.00,5.12,102.48,4.75,4.84,101.97,4.85,4.87,100.44,5.25,5.33,101.46,5.00,5.08,101.56,5.50,5.32,96.74,5.50,5.75,104.50,5.70,5.91,103.62,0.00,0.00,0.00,0.00,0.00,0.00,0.00,0.00,0.00,0.00,0.00,0.00,41.55,42.22,101.61,2026
EM00010296,Md. Harunar Rasid,1331,Chandpur,CA063-A,01,1,9.27,9.37,101.10,9.20,9.37,101.82,9.20,9.54,103.69,5.75,6.14,106.66,6.94,6.41,92.33,6.94,7.20,103.73,6.51,6.69,102.79,6.51,6.58,101.01,0.00,0.00,0.00,0.00,0.00,0.00,0.00,0.00,0.00,0.00,0.00,0.00,60.33,61.30,101.61,2026
EM00010913,Md. Anarul Haque,1312,Uttara,UT024-V,04,1,6.40,5.89,92.01,6.40,6.29,98.24,6.54,5.66,86.58,6.97,7.49,107.44,6.95,7.43,106.89,7.53,8.07,107.21,7.82,8.27,105.76,8.40,8.82,104.97,0.00,0.00,0.00,0.00,0.00,0.00,0.00,0.00,0.00,0.00,0.00,0.00,57.01,57.92,101.59,2026
EM00013144,Md. Raihan Ahmed,1330,Pabna,PB023-V,04,1,6.17,6.45,104.58,6.17,5.22,84.56,6.31,6.36,100.86,6.73,7.04,104.53,6.75,7.08,104.94,7.31,7.47,102.24,7.60,7.70,101.28,8.16,8.71,106.73,0.00,0.00,0.00,0.00,0.00,0.00,0.00,0.00,0.00,0.00,0.00,0.00,55.20,56.03,101.51,2026
EM00009887,Md. Altab Hossain,1315,Chattogram,CH061-G,02,1,8.65,8.73,100.90,8.50,8.52,100.20,8.65,8.84,102.24,9.50,9.57,100.71,8.90,9.03,101.42,9.76,9.94,101.80,9.76,9.92,101.68,10.14,10.43,102.86,0.00,0.00,0.00,0.00,0.00,0.00,0.00,0.00,0.00,0.00,0.00,0.00,73.86,74.97,101.51,2026
EM00010133,Md. Khalil Bhuyain,1315,Chattogram,CH051-V,04,1,6.05,6.35,104.99,6.05,6.20,102.52,6.19,5.85,94.55,6.60,6.71,101.60,6.40,6.52,101.83,6.95,7.24,104.20,7.20,7.25,100.74,7.75,7.87,101.51,0.00,0.00,0.00,0.00,0.00,0.00,0.00,0.00,0.00,0.00,0.00,0.00,53.19,53.99,101.51,2026
EM00012115,Md. Abdul Alim,1311,Dhanmondi,DH181-B,01,1,5.93,5.95,100.40,5.93,5.37,90.59,5.93,5.34,90.15,6.62,6.94,104.69,6.37,6.66,104.43,6.37,6.63,104.03,5.96,6.87,115.19,6.18,6.26,101.36,0.00,0.00,0.00,0.00,0.00,0.00,0.00,0.00,0.00,0.00,0.00,0.00,49.29,50.01,101.46,2026
EM00005667,Md. Sabbir Ahmmed,1311,Dhanmondi,DH053-V,04,1,10.99,12.00,109.21,10.99,11.23,102.20,11.24,10.23,91.05,11.98,13.37,111.63,11.98,12.47,104.09,13.00,13.20,101.53,13.50,13.60,100.77,14.50,13.48,92.99,0.00,0.00,0.00,0.00,0.00,0.00,0.00,0.00,0.00,0.00,0.00,0.00,98.18,99.60,101.45,2026
EM00013159,Md. Mamunoor Rashid,1318,Noakhali,NO022-G,02,1,5.63,5.81,103.21,5.45,5.61,103.00,5.55,5.64,101.61,6.09,6.22,102.09,5.72,5.73,100.18,6.30,6.32,100.34,6.30,6.33,100.52,6.48,6.54,100.93,0.00,0.00,0.00,0.00,0.00,0.00,0.00,0.00,0.00,0.00,0.00,0.00,47.52,48.21,101.45,2026
EM00013922,Md. Shahajan Ali,1322,Rangpur,RN033-V,04,1,5.14,4.89,95.13,5.15,4.89,95.04,5.27,5.01,94.97,5.62,5.70,101.41,5.62,5.79,102.98,6.09,6.95,114.11,6.32,6.60,104.45,6.79,6.84,100.69,0.00,0.00,0.00,0.00,0.00,0.00,0.00,0.00,0.00,0.00,0.00,0.00,46.00,46.66,101.44,2026
EM00014862,Md. Rasel Rana,1315,Chattogram,CH047-G,02,1,4.00,4.04,101.09,4.00,4.03,100.81,4.10,4.17,101.82,4.40,4.44,100.95,4.20,4.30,102.34,4.62,4.70,101.67,4.62,4.66,100.90,5.00,5.09,101.71,0.00,0.00,0.00,0.00,0.00,0.00,0.00,0.00,0.00,0.00,0.00,0.00,34.94,35.44,101.42,2026
EM00011597,Solaiman Hossain,1320,Bogura,BO031-V,04,1,7.05,7.15,101.38,7.05,7.15,101.42,7.21,7.66,106.27,7.69,7.71,100.30,7.69,7.03,91.42,8.34,9.08,108.86,8.65,8.67,100.19,9.29,9.41,101.33,0.00,0.00,0.00,0.00,0.00,0.00,0.00,0.00,0.00,0.00,0.00,0.00,62.97,63.86,101.42,2026
EM00011157,Liton Kumar Adhikary,1326,Barishal,BA031-G,02,1,6.85,6.90,100.67,6.71,6.79,101.17,6.82,6.93,101.68,7.38,7.41,100.42,6.85,7.11,103.86,7.28,7.30,100.33,7.28,7.36,101.16,7.45,7.61,102.13,0.00,0.00,0.00,0.00,0.00,0.00,0.00,0.00,0.00,0.00,0.00,0.00,56.62,57.42,101.42,2026
EM00010608,Morshed Alam,1319,Feni,FE072-A,01,1,7.69,7.74,100.68,7.63,7.71,101.01,7.63,7.68,100.66,7.40,7.53,101.83,7.40,7.44,100.51,7.40,7.50,101.41,7.30,7.39,101.27,7.19,7.47,103.88,0.00,0.00,0.00,0.00,0.00,0.00,0.00,0.00,0.00,0.00,0.00,0.00,59.64,60.46,101.39,2026
EM00008252,Mr. Asad Mia,1313,Narayanganj,NA023-G,02,1,10.87,11.20,102.99,10.45,10.67,102.06,10.60,10.62,100.18,11.47,11.24,98.02,10.75,11.04,102.67,11.80,11.44,96.97,11.80,12.13,102.80,12.10,12.76,105.42,0.00,0.00,0.00,0.00,0.00,0.00,0.00,0.00,0.00,0.00,0.00,0.00,89.84,91.09,101.39,2026
EM00010866,Md. Emdadul Haque,1315,Chattogram,CH020-G,02,2,17.00,17.39,102.31,16.46,16.69,101.37,16.75,17.12,102.21,18.13,16.43,90.63,17.02,15.70,92.24,18.68,19.57,104.79,18.68,20.04,107.25,19.27,21.01,109.02,0.00,0.00,0.00,0.00,0.00,0.00,0.00,0.00,0.00,0.00,0.00,0.00,141.99,143.95,101.38,2026
EM00013573,Rakib Ahmed,1326,Barishal,BA011-G,02,1,6.50,6.91,106.29,6.29,5.98,95.02,6.40,6.45,100.82,6.92,6.83,98.71,6.50,6.81,104.74,7.13,7.35,103.07,7.20,7.31,101.56,7.41,7.45,100.56,0.00,0.00,0.00,0.00,0.00,0.00,0.00,0.00,0.00,0.00,0.00,0.00,54.35,55.09,101.36,2026
EM00011011,Md. Mijanur Rahman,1311,Dhanmondi,DH114-G,02,1,11.20,11.36,101.41,10.85,10.96,101.02,11.05,11.12,100.64,11.96,10.80,90.32,11.20,10.73,95.83,12.28,12.23,99.57,12.28,14.00,113.99,12.66,13.55,106.99,0.00,0.00,0.00,0.00,0.00,0.00,0.00,0.00,0.00,0.00,0.00,0.00,93.48,94.75,101.36,2026
EM00014121,Md. Jahedul Islam,1324,Jashore,JA012-G,02,1,6.60,6.67,101.05,6.40,6.29,98.32,6.50,6.27,96.42,7.03,6.71,95.39,6.65,6.74,101.39,7.30,7.36,100.84,7.30,7.76,106.34,7.52,8.25,109.65,0.00,0.00,0.00,0.00,0.00,0.00,0.00,0.00,0.00,0.00,0.00,0.00,55.30,56.05,101.35,2026
EM00010140,Akash Kumar Sherkar,1316,Sylhet,SY015-V,04,1,5.65,5.72,101.15,5.68,5.79,101.99,5.81,5.99,103.02,6.20,6.23,100.48,6.20,5.78,93.18,6.75,7.00,103.65,7.01,7.00,99.85,7.80,8.28,106.09,0.00,0.00,0.00,0.00,0.00,0.00,0.00,0.00,0.00,0.00,0.00,0.00,51.10,51.77,101.31,2026
EM00015383,Shuvo Kumar Sarkar,1320,Bogura,BO032-G,02,1,5.20,5.30,101.98,5.00,5.07,101.45,5.10,5.17,101.29,5.50,5.57,101.32,5.20,5.35,102.91,5.75,5.82,101.19,5.90,5.89,99.92,6.05,6.09,100.72,0.00,0.00,0.00,0.00,0.00,0.00,0.00,0.00,0.00,0.00,0.00,0.00,43.70,44.27,101.31,2026
EM00012465,Nayon Kumer Saha,1311,Dhanmondi,DH042-V,04,1,7.39,7.39,99.96,7.39,6.73,91.13,7.56,8.53,112.84,8.06,8.86,109.97,8.06,6.89,85.45,8.71,9.36,107.51,9.05,9.15,101.14,9.72,9.88,101.65,0.00,0.00,0.00,0.00,0.00,0.00,0.00,0.00,0.00,0.00,0.00,0.00,65.94,66.80,101.31,2026
EM00016438,Md. Abu Bakar Siddique,1336,Keraniganj,KE014-G,02,1,0.00,0.00,0.00,0.00,0.00,0.00,0.00,0.00,0.00,0.00,0.00,0.00,0.00,0.00,0.00,0.00,0.00,0.00,0.00,0.00,0.00,11.20,11.34,101.28,0.00,0.00,0.00,0.00,0.00,0.00,0.00,0.00,0.00,0.00,0.00,0.00,11.20,11.34,101.28,2026
EM00015768,Md. Habibur Rahman,1310,Paltan,PA023-A,01,1,0.00,0.00,0.00,5.18,5.22,100.82,5.18,4.85,93.78,5.82,6.06,104.10,5.61,5.81,103.43,5.61,5.76,102.65,5.07,5.24,103.20,5.12,5.13,100.25,0.00,0.00,0.00,0.00,0.00,0.00,0.00,0.00,0.00,0.00,0.00,0.00,37.59,38.06,101.27,2026
EM00013832,Md. Shakil Hasan,1315,Chattogram,CH163-A,01,1,8.68,8.89,102.45,8.51,8.57,100.70,8.51,8.57,100.70,8.53,8.64,101.33,8.22,8.52,103.62,8.22,8.27,100.61,8.23,8.26,100.31,7.79,7.81,100.24,0.00,0.00,0.00,0.00,0.00,0.00,0.00,0.00,0.00,0.00,0.00,0.00,66.70,67.53,101.26,2026
EM00012588,Atayea Alahi Farhad,1315,Chattogram,CH012-G,02,1,8.20,8.22,100.19,8.00,8.03,100.38,8.25,8.51,103.13,8.75,8.79,100.49,8.25,8.43,102.23,9.05,9.07,100.17,9.05,9.33,103.06,9.20,9.24,100.41,0.00,0.00,0.00,0.00,0.00,0.00,0.00,0.00,0.00,0.00,0.00,0.00,68.75,69.61,101.26,2026
EM00013553,Md. Maksudul Hasan,1324,Jashore,JA022-V,04,1,6.05,6.15,101.67,6.05,4.89,80.85,6.19,5.57,90.00,6.62,7.00,105.80,6.62,6.84,103.25,7.20,7.86,109.16,7.00,7.54,107.73,7.65,8.19,107.09,0.00,0.00,0.00,0.00,0.00,0.00,0.00,0.00,0.00,0.00,0.00,0.00,53.38,54.05,101.25,2026
EM00016224,Md. Rintu Islam,1327,Faridpur,FA015-V,04,1,0.00,0.00,0.00,0.00,0.00,0.00,0.00,0.00,0.00,0.00,0.00,0.00,0.00,0.00,0.00,0.00,0.00,0.00,5.20,4.82,92.69,5.50,6.01,109.32,0.00,0.00,0.00,0.00,0.00,0.00,0.00,0.00,0.00,0.00,0.00,0.00,10.70,10.83,101.24,2026
EM00009086,Emarat .,1318,Noakhali,NO031-G,02,1,11.95,12.09,101.20,11.60,11.83,101.96,11.80,11.90,100.88,12.75,12.81,100.45,11.96,12.06,100.87,13.08,13.14,100.46,13.08,13.14,100.47,13.40,13.85,103.33,0.00,0.00,0.00,0.00,0.00,0.00,0.00,0.00,0.00,0.00,0.00,0.00,99.62,100.83,101.21,2026
EM00009251,Md. Minto Miea,1321,Rajshahi,RA020-V,04,2,22.12,20.60,93.14,22.12,19.99,90.39,22.62,21.25,93.96,24.13,27.03,112.00,24.15,25.67,106.29,26.16,27.17,103.86,26.46,27.15,102.62,28.42,29.66,104.35,0.00,0.00,0.00,0.00,0.00,0.00,0.00,0.00,0.00,0.00,0.00,0.00,196.18,198.53,101.20,2026
EM00006275,Md. Saiful Islam,1313,Narayanganj,NA023-B,01,1,7.11,7.21,101.38,7.11,6.66,93.63,7.11,7.12,100.10,7.06,7.20,101.91,7.00,6.59,94.14,7.00,7.49,106.99,6.71,7.37,109.89,6.88,7.01,101.93,0.00,0.00,0.00,0.00,0.00,0.00,0.00,0.00,0.00,0.00,0.00,0.00,55.98,56.65,101.19,2026
EM00012282,Md. Razu Hossain,1324,Jashore,JA031-G,02,1,6.20,6.25,100.73,6.00,6.05,100.86,6.15,6.55,106.54,6.68,6.69,100.19,6.12,5.61,91.73,6.68,6.93,103.69,6.68,6.90,103.33,6.86,6.98,101.70,0.00,0.00,0.00,0.00,0.00,0.00,0.00,0.00,0.00,0.00,0.00,0.00,51.37,51.96,101.15,2026
EM00010999,Md. Ruhul Amin,1320,Bogura,BO012-G,02,1,6.20,6.41,103.30,6.10,6.15,100.88,6.25,6.37,101.85,6.85,6.99,101.99,6.60,6.30,95.49,7.25,7.40,102.01,7.25,7.43,102.53,7.50,7.58,101.05,0.00,0.00,0.00,0.00,0.00,0.00,0.00,0.00,0.00,0.00,0.00,0.00,54.00,54.62,101.15,2026
EM00015416,Md. Rubal Hossan,1311,Dhanmondi,DH121-G,02,1,10.00,9.70,97.00,9.70,9.70,100.02,9.80,10.58,108.00,10.20,10.34,101.33,10.10,10.38,102.81,11.20,10.91,97.43,11.20,11.30,100.88,11.54,11.77,101.97,0.00,0.00,0.00,0.00,0.00,0.00,0.00,0.00,0.00,0.00,0.00,0.00,83.74,84.69,101.13,2026
EM00015248,Md. Faysal Ahmmed,1313,Narayanganj,NA053-G,02,1,7.00,7.26,103.73,6.79,6.54,96.26,6.90,7.08,102.64,7.47,6.70,89.69,7.08,7.12,100.52,7.77,7.67,98.68,7.80,8.26,105.85,8.05,8.89,110.48,0.00,0.00,0.00,0.00,0.00,0.00,0.00,0.00,0.00,0.00,0.00,0.00,58.86,59.51,101.11,2026
EM00014648,Md. Mehedi Hasan,1311,Dhanmondi,DH041-V,04,1,6.94,7.01,101.00,6.94,8.22,118.46,7.10,8.61,121.28,7.58,8.54,112.67,8.08,6.91,85.52,9.00,9.36,104.00,9.35,8.58,91.78,10.04,8.49,84.60,0.00,0.00,0.00,0.00,0.00,0.00,0.00,0.00,0.00,0.00,0.00,0.00,65.03,65.73,101.07,2026
EM00015684,Rakesh Chandro Das,1315,Chattogram,CH053-G,02,1,0.00,0.00,0.00,5.80,5.83,100.47,5.90,5.92,100.37,6.70,6.78,101.13,6.35,6.40,100.75,6.90,7.00,101.42,6.90,7.04,102.01,7.10,7.16,100.84,0.00,0.00,0.00,0.00,0.00,0.00,0.00,0.00,0.00,0.00,0.00,0.00,45.65,46.12,101.03,2026
EM00010914,Md. Sujon Hosen,1317,Cumilla,CU015-V,04,1,8.35,8.62,103.22,8.35,8.55,102.41,8.54,8.19,95.88,9.22,9.31,101.02,9.32,9.34,100.18,10.20,10.53,103.21,10.60,10.68,100.80,11.39,11.46,100.58,0.00,0.00,0.00,0.00,0.00,0.00,0.00,0.00,0.00,0.00,0.00,0.00,75.97,76.68,100.93,2026
EM00009341,Enamul Hasan Akanda,1318,Noakhali,NO051-B,01,1,5.48,5.14,93.86,5.44,5.02,92.31,5.44,4.99,91.82,4.93,5.09,103.29,5.01,5.24,104.54,5.01,5.46,109.06,4.82,5.36,111.22,4.91,5.10,103.85,0.00,0.00,0.00,0.00,0.00,0.00,0.00,0.00,0.00,0.00,0.00,0.00,41.02,41.40,100.91,2026
EM00013581,Md. Soriful Islam,1315,Chattogram,CH222-C,01,1,9.14,8.34,91.24,9.08,10.15,111.80,9.08,10.46,115.29,9.12,10.36,113.61,8.79,8.33,94.80,8.79,8.22,93.55,8.78,7.96,90.62,8.59,8.18,95.29,0.00,0.00,0.00,0.00,0.00,0.00,0.00,0.00,0.00,0.00,0.00,0.00,71.36,72.01,100.91,2026
EM00012597,Md. Rashedul Islam,1310,Paltan,PA012-B,01,1,8.01,8.01,100.03,7.95,8.03,101.06,7.95,8.72,109.75,8.71,8.50,97.56,8.40,7.85,93.42,8.40,8.02,95.46,7.99,8.55,107.11,8.05,8.33,103.39,0.00,0.00,0.00,0.00,0.00,0.00,0.00,0.00,0.00,0.00,0.00,0.00,65.45,66.01,100.85,2026
EM00012955,Md. Moniruzzaman,1325,Khulna,KH014-A,01,1,4.23,4.42,104.40,4.57,4.25,92.97,4.57,4.23,92.58,4.81,4.88,101.59,4.10,4.18,101.91,4.10,4.39,107.01,3.96,4.01,101.20,3.81,4.07,106.73,0.00,0.00,0.00,0.00,0.00,0.00,0.00,0.00,0.00,0.00,0.00,0.00,34.15,34.43,100.80,2026
EM00016505,Md. Sujon Hawlader,1311,Dhanmondi,DH041-D,11,1,0.00,0.00,0.00,0.00,0.00,0.00,0.00,0.00,0.00,0.00,0.00,0.00,0.00,0.00,0.00,0.00,0.00,0.00,0.00,0.00,0.00,3.18,3.21,100.79,0.00,0.00,0.00,0.00,0.00,0.00,0.00,0.00,0.00,0.00,0.00,0.00,3.18,3.21,100.80,2026
EM00013960,Md. Abu Anas Robin,1315,Chattogram,CH024-G,02,1,2.50,2.43,97.30,2.40,2.28,95.05,2.45,2.51,102.31,2.70,2.75,101.82,2.50,2.41,96.48,3.00,3.12,103.94,3.00,3.11,103.66,3.17,3.27,103.15,0.00,0.00,0.00,0.00,0.00,0.00,0.00,0.00,0.00,0.00,0.00,0.00,21.72,21.88,100.74,2026
EM00009884,Rubel Rana,1336,Keraniganj,KE010-G,02,2,18.85,17.63,93.52,18.25,16.79,91.98,18.55,18.92,101.99,20.10,20.29,100.96,18.90,19.03,100.67,20.75,20.88,100.65,74.21,76.10,102.54,76.40,78.29,102.47,0.00,0.00,0.00,0.00,0.00,0.00,0.00,0.00,0.00,0.00,0.00,0.00,266.01,267.93,100.72,2026
EM00015333,Md. Tofiqur Rahaman,1336,Keraniganj,KE013-V,04,1,6.55,6.62,101.08,6.80,6.13,90.14,6.95,5.24,75.33,7.41,7.16,96.67,7.21,7.66,106.21,7.95,8.10,101.86,8.26,9.53,115.34,8.90,10.03,112.64,0.00,0.00,0.00,0.00,0.00,0.00,0.00,0.00,0.00,0.00,0.00,0.00,60.03,60.46,100.71,2026
EM00015084,Md. Maruf Hossain,1311,Dhanmondi,DH125-G,02,1,5.20,4.74,91.07,5.00,5.09,101.76,5.20,5.45,104.78,5.84,5.87,100.47,5.62,5.64,100.33,6.25,6.29,100.67,6.25,6.35,101.57,6.45,6.72,104.14,0.00,0.00,0.00,0.00,0.00,0.00,0.00,0.00,0.00,0.00,0.00,0.00,45.81,46.14,100.71,2026
EM00011568,Sydul Islam,1319,Feni,FE051-A,01,1,7.23,6.61,91.45,7.17,7.39,102.98,7.17,7.31,101.89,7.04,7.17,101.81,7.04,6.88,97.75,7.04,7.33,104.14,6.83,7.05,103.32,6.83,7.01,102.65,0.00,0.00,0.00,0.00,0.00,0.00,0.00,0.00,0.00,0.00,0.00,0.00,56.34,56.74,100.71,2026
EM00007251,Mr. Tuhinur Rahaman,1334,Kishoreganj,KI060-P,01,2,33.14,31.08,93.79,32.90,32.11,97.60,32.90,32.77,99.60,38.12,35.13,92.14,37.09,33.45,90.19,37.09,37.91,102.22,36.11,42.18,116.80,35.69,40.42,113.24,0.00,0.00,0.00,0.00,0.00,0.00,0.00,0.00,0.00,0.00,0.00,0.00,283.04,285.04,100.71,2026
EM00004572,Md. Abdus Sattar,1326,Barishal,BA040-G,02,2,28.12,28.59,101.67,27.21,27.48,101.00,27.67,29.42,106.33,29.96,30.26,101.00,28.12,28.45,101.18,30.86,29.98,97.14,30.86,29.84,96.69,31.77,32.20,101.36,0.00,0.00,0.00,0.00,0.00,0.00,0.00,0.00,0.00,0.00,0.00,0.00,234.57,236.23,100.71,2026
EM00013353,Mohammad Kamrul Islam,1315,Chattogram,CH162-B,01,1,5.15,5.34,103.73,5.11,5.17,101.03,5.11,5.18,101.27,5.12,5.21,101.88,4.93,5.16,104.53,4.93,5.59,113.28,5.00,4.57,91.30,4.93,4.36,88.45,0.00,0.00,0.00,0.00,0.00,0.00,0.00,0.00,0.00,0.00,0.00,0.00,40.29,40.57,100.70,2026
EM00012499,Shohei Rana,1333,Moulvibazar,MO021-G,02,1,5.40,5.45,100.99,5.20,5.29,101.82,5.30,5.31,100.16,5.80,5.47,94.25,5.40,5.27,97.68,5.90,6.04,102.35,5.90,6.05,102.60,6.05,6.37,105.30,0.00,0.00,0.00,0.00,0.00,0.00,0.00,0.00,0.00,0.00,0.00,0.00,44.95,45.26,100.69,2026
EM00009889,Md. Harun Or Rashid,1320,Bogura,BO010-G,02,2,7.30,7.53,103.15,7.00,7.39,105.62,7.10,7.59,106.94,22.75,21.86,96.09,21.27,20.60,96.84,23.35,22.14,94.81,22.70,23.08,101.65,23.35,25.50,109.21,0.00,0.00,0.00,0.00,0.00,0.00,0.00,0.00,0.00,0.00,0.00,0.00,134.82,135.69,100.65,2026
EM00003976,Md. Rabiul Islam,1320,Bogura,BO030-V,04,2,26.13,24.19,92.59,26.13,26.92,103.02,26.73,28.32,105.93,28.51,29.05,101.91,28.51,24.17,84.79,30.88,33.11,107.23,32.07,32.78,102.23,34.45,36.35,105.50,0.00,0.00,0.00,0.00,0.00,0.00,0.00,0.00,0.00,0.00,0.00,0.00,233.41,234.90,100.64,2026
EM00011339,Md. Mamunur Rashid,1318,Noakhali,NO023-G,02,1,7.40,7.44,100.57,7.21,7.26,100.74,7.40,7.50,101.33,8.06,8.10,100.44,7.55,7.22,95.64,8.32,8.71,104.68,8.32,8.39,100.84,8.62,8.64,100.21,0.00,0.00,0.00,0.00,0.00,0.00,0.00,0.00,0.00,0.00,0.00,0.00,62.88,63.26,100.60,2026
EM00010911,Md. Anowar Hossen,1323,Dinajpur,DI021-V,04,1,5.85,5.34,91.23,5.90,4.94,83.81,6.03,5.78,95.82,6.43,6.44,100.13,6.43,6.48,100.79,6.97,7.76,111.28,7.25,7.97,109.96,7.79,8.22,105.56,0.00,0.00,0.00,0.00,0.00,0.00,0.00,0.00,0.00,0.00,0.00,0.00,52.65,52.93,100.53,2026
EM00004022,Mohammad Salah Uddin,1327,KHL+BRS+FRD,RG02014,02,4,182.34,184.53,101.20,176.41,175.58,99.53,179.38,184.83,103.03,194.20,185.48,95.51,182.34,187.97,103.09,200.13,197.78,98.83,200.13,200.63,100.25,206.06,212.15,102.95,0.00,0.00,0.00,0.00,0.00,0.00,0.00,0.00,0.00,0.00,0.00,0.00,1520.99,1528.94,100.52,2026
EM00014441,Md. Al-Amin Sikder,1326,Barishal,BA044-G,02,1,7.10,7.13,100.44,6.90,6.98,101.22,7.01,7.26,103.56,7.59,7.12,93.86,7.10,7.73,108.89,7.79,7.24,92.89,7.79,7.83,100.51,8.02,8.31,103.59,0.00,0.00,0.00,0.00,0.00,0.00,0.00,0.00,0.00,0.00,0.00,0.00,59.30,59.61,100.52,2026
EM00004344,Md. Sekendar Ali,1329,Tangail,TA041-A,01,1,7.27,6.54,90.00,7.22,6.53,90.51,7.22,6.62,91.76,7.77,8.06,103.71,7.48,7.86,105.06,7.48,8.11,108.51,6.83,7.38,108.14,7.01,7.45,106.27,0.00,0.00,0.00,0.00,0.00,0.00,0.00,0.00,0.00,0.00,0.00,0.00,58.26,58.56,100.50,2026
EM00001750,Md. Masudur Rahman Sarkar,1335,BGR+RJS+RNG+DNJ+PAB+KST,DSM02-V,04,6,393.54,368.41,93.61,393.54,364.78,92.69,402.49,373.27,92.74,429.33,465.74,108.48,429.33,445.27,103.71,465.11,484.89,104.25,483.00,497.09,102.92,518.78,531.80,102.51,0.00,0.00,0.00,0.00,0.00,0.00,0.00,0.00,0.00,0.00,0.00,0.00,3515.12,3531.25,100.46,2026
EM00015286,Md. Mahfuzur Rahman,1317,Cumilla,CU023-G,02,1,3.32,3.81,114.69,3.36,3.41,101.49,3.42,3.57,104.29,3.71,3.23,86.95,3.73,3.76,100.69,4.13,3.77,91.31,4.16,4.26,102.47,4.38,4.55,103.77,0.00,0.00,0.00,0.00,0.00,0.00,0.00,0.00,0.00,0.00,0.00,0.00,30.21,30.35,100.45,2026
EM00009715,Md. Kamruzzaman,1316,Sylhet,SY021-G,02,1,8.50,8.64,101.61,8.20,8.34,101.68,8.40,8.09,96.27,9.00,9.09,100.98,8.40,8.53,101.60,9.10,9.12,100.20,9.10,9.13,100.33,9.35,9.43,100.86,0.00,0.00,0.00,0.00,0.00,0.00,0.00,0.00,0.00,0.00,0.00,0.00,70.05,70.36,100.45,2026
EM00010769,Sumon Kumar,1321,Rajshahi,RA014-G,02,1,6.75,6.87,101.79,6.60,6.70,101.52,6.70,6.80,101.48,7.25,7.08,97.69,6.80,6.52,95.90,7.35,7.45,101.30,7.35,7.48,101.70,7.55,7.71,102.08,0.00,0.00,0.00,0.00,0.00,0.00,0.00,0.00,0.00,0.00,0.00,0.00,56.35,56.60,100.45,2026
EM00009903,Md. Zobaydul Haque,1319,Feni,FE081-A,01,1,6.95,7.02,101.10,6.90,6.32,91.57,6.90,6.71,97.27,6.81,6.92,101.66,6.81,6.51,95.56,6.81,7.17,105.26,6.80,7.26,106.78,6.70,6.97,103.99,0.00,0.00,0.00,0.00,0.00,0.00,0.00,0.00,0.00,0.00,0.00,0.00,54.68,54.88,100.37,2026
EM00013260,Md. Gias Uddin,1315,Chattogram,CH014-C,01,1,4.12,4.41,107.22,4.09,3.69,90.17,4.09,3.82,93.56,4.23,4.43,104.80,3.92,3.64,93.03,3.92,4.16,106.32,3.86,4.06,105.08,3.68,3.79,102.95,0.00,0.00,0.00,0.00,0.00,0.00,0.00,0.00,0.00,0.00,0.00,0.00,31.89,32.01,100.36,2026
EM00015276,Md. Hasanur Rahman,1315,Chattogram,CH021-G,02,1,3.50,3.73,106.54,3.40,3.52,103.41,3.45,3.33,96.53,3.80,2.99,78.65,3.60,2.58,71.65,3.68,4.18,113.46,3.68,4.15,112.89,3.80,4.54,119.49,0.00,0.00,0.00,0.00,0.00,0.00,0.00,0.00,0.00,0.00,0.00,0.00,28.91,29.01,100.36,2026
EM00007556,Md. Nurul Haque Bachchu,1319,Feni,FE013-A,01,1,7.24,6.89,95.14,7.19,6.51,90.52,7.19,6.72,93.47,7.22,7.82,108.29,7.22,7.31,101.30,7.22,7.72,106.89,7.22,7.40,102.58,7.11,7.43,104.43,0.00,0.00,0.00,0.00,0.00,0.00,0.00,0.00,0.00,0.00,0.00,0.00,57.61,57.80,100.33,2026
EM00003619,Md. Shahinur Rahman,1326,Barishal,RV04016,04,4,91.96,89.75,97.60,91.96,87.06,94.67,94.05,81.31,86.46,100.33,103.68,103.34,100.33,106.97,106.62,108.69,111.92,102.97,112.87,117.75,104.32,121.23,125.59,103.59,0.00,0.00,0.00,0.00,0.00,0.00,0.00,0.00,0.00,0.00,0.00,0.00,821.42,824.03,100.32,2026
EM00008796,Md. Abdur Rahim,1310,Paltan,PA281-B,01,1,8.07,7.82,96.89,8.01,7.27,90.73,8.01,10.87,135.78,10.10,7.02,69.53,9.74,6.68,68.62,9.74,13.53,138.99,8.68,9.77,112.52,8.93,8.53,95.57,0.00,0.00,0.00,0.00,0.00,0.00,0.00,0.00,0.00,0.00,0.00,0.00,71.27,71.50,100.32,2026
EM00014110,Md. Eafath Hosen,1326,Barishal,BA032-G,02,1,6.90,7.23,104.71,6.72,6.82,101.51,6.84,6.94,101.50,7.40,6.65,89.81,6.90,7.07,102.50,7.30,7.36,100.80,7.30,7.35,100.69,7.45,7.55,101.36,0.00,0.00,0.00,0.00,0.00,0.00,0.00,0.00,0.00,0.00,0.00,0.00,56.81,56.97,100.28,2026
EM00014038,Md. Abdul Halim Shaha,1323,RNG+DNJ,DI023-V,04,1,5.74,5.27,91.83,5.75,5.68,98.87,5.88,5.02,85.44,6.27,6.57,104.85,6.27,6.73,107.26,6.79,7.08,104.27,7.05,7.15,101.44,7.57,7.94,104.88,0.00,0.00,0.00,0.00,0.00,0.00,0.00,0.00,0.00,0.00,0.00,0.00,51.32,51.45,100.26,2026
EM00013574,Md. Shahin Sarkar,1327,Faridpur,FA031-G,02,1,8.20,8.22,100.18,7.95,7.94,99.90,8.08,8.21,101.56,8.76,8.44,96.36,8.20,8.65,105.51,9.00,8.22,91.38,8.90,9.25,103.98,9.16,9.48,103.49,0.00,0.00,0.00,0.00,0.00,0.00,0.00,0.00,0.00,0.00,0.00,0.00,68.25,68.42,100.24,2026
EM00016201,Anowarul Azim,1315,Chattogram,CH011-A,01,1,0.00,0.00,0.00,0.00,0.00,0.00,0.00,0.00,0.00,0.00,0.00,0.00,0.00,0.00,0.00,4.55,2.77,60.78,4.26,6.01,140.91,4.06,4.13,101.75,0.00,0.00,0.00,0.00,0.00,0.00,0.00,0.00,0.00,0.00,0.00,0.00,12.87,12.91,100.24,2026
EM00011464,Md. Abu Hasan,1332,B. Baria,BB101-A,01,1,11.44,10.70,93.48,11.36,10.97,96.57,10.21,11.36,111.35,9.94,9.52,95.80,9.97,9.19,92.13,9.97,11.24,112.65,9.82,9.93,101.11,9.68,9.68,100.01,0.00,0.00,0.00,0.00,0.00,0.00,0.00,0.00,0.00,0.00,0.00,0.00,82.40,82.60,100.23,2026
EM00012586,Md. Sohel Rana,1312,Uttara,UT012-G,02,1,5.70,5.47,95.89,5.40,5.45,100.96,5.50,5.54,100.64,5.95,5.98,100.57,5.56,5.61,100.95,6.10,5.59,91.58,6.10,6.32,103.58,6.18,6.64,107.39,0.00,0.00,0.00,0.00,0.00,0.00,0.00,0.00,0.00,0.00,0.00,0.00,46.49,46.59,100.22,2026
EM00005487,Gurudus Chandra Shaha,1336,Keraniganj,KE010-V,04,2,27.22,25.00,91.84,27.22,23.47,86.24,27.44,22.03,80.29,29.27,29.21,99.80,28.87,30.39,105.28,31.60,32.67,103.38,32.82,38.12,116.16,35.27,39.31,111.46,0.00,0.00,0.00,0.00,0.00,0.00,0.00,0.00,0.00,0.00,0.00,0.00,239.71,240.21,100.21,2026
EM00014778,Md. Nasim Ahmmed,1319,Feni,FE023-G,02,1,5.45,5.52,101.23,5.27,5.28,100.10,5.36,5.01,93.45,5.80,5.52,95.22,5.45,5.83,107.06,6.10,6.17,101.09,6.10,6.14,100.60,6.35,6.51,102.56,0.00,0.00,0.00,0.00,0.00,0.00,0.00,0.00,0.00,0.00,0.00,0.00,45.88,45.98,100.21,2026
EM00010948,Sanatan Chandra Roy,1312,Uttara,UT035-G,02,1,5.60,5.35,95.45,5.50,4.99,90.71,5.60,5.67,101.23,6.05,6.06,100.20,5.70,5.76,101.02,6.30,6.40,101.66,6.30,6.59,104.55,6.50,6.83,105.07,0.00,0.00,0.00,0.00,0.00,0.00,0.00,0.00,0.00,0.00,0.00,0.00,47.55,47.65,100.20,2026
EM00012220,Akash Chandra Adhikari,1317,Cumilla,CU010-G,02,2,9.50,12.91,135.89,9.50,12.17,128.08,9.66,13.15,136.15,30.54,26.29,86.09,28.68,27.47,95.78,31.67,27.49,86.80,32.46,32.51,100.14,33.91,34.30,101.16,0.00,0.00,0.00,0.00,0.00,0.00,0.00,0.00,0.00,0.00,0.00,0.00,185.92,186.29,100.20,2026
EM00015345,Md. Tahir Khan,1327,Faridpur,FA033-V,04,1,5.64,4.77,84.59,5.64,5.24,92.88,5.77,5.90,102.26,6.15,7.22,117.45,6.50,6.83,105.12,7.04,6.93,98.46,7.31,7.40,101.21,7.85,7.71,98.19,0.00,0.00,0.00,0.00,0.00,0.00,0.00,0.00,0.00,0.00,0.00,0.00,51.90,52.00,100.20,2026
EM00008959,Mohammad Akram Hossain,1326,Barishal,BA025-G,02,1,5.00,4.62,92.42,4.50,4.57,101.57,4.57,4.63,101.41,4.95,4.70,94.85,4.75,5.33,112.24,5.21,5.07,97.25,5.25,5.27,100.44,5.40,5.52,102.13,0.00,0.00,0.00,0.00,0.00,0.00,0.00,0.00,0.00,0.00,0.00,0.00,39.63,39.71,100.20,2026
EM00011078,Uzzal Bormon,1327,Faridpur,FA012-G,02,1,5.60,5.72,102.19,5.60,5.64,100.72,5.75,6.18,107.52,6.30,5.84,92.64,6.00,6.09,101.54,6.70,6.14,91.65,6.70,6.92,103.35,6.70,6.91,103.08,0.00,0.00,0.00,0.00,0.00,0.00,0.00,0.00,0.00,0.00,0.00,0.00,49.35,49.45,100.20,2026
EM00004192,Md. Zahirul Islam,1312,PLT+UTR,RG02002,02,4,186.65,190.22,101.91,180.58,180.84,100.14,183.61,181.42,98.81,198.79,194.06,97.62,186.65,184.21,98.69,204.86,197.94,96.62,204.86,211.58,103.28,210.93,219.61,104.11,0.00,0.00,0.00,0.00,0.00,0.00,0.00,0.00,0.00,0.00,0.00,0.00,1556.93,1559.87,100.19,2026
EM00016231,Kanak Kanti Guha,1311,Dhanmondi,DH025-V,04,1,0.00,0.00,0.00,0.00,0.00,0.00,0.00,0.00,0.00,0.00,0.00,0.00,0.00,0.00,0.00,0.00,0.00,0.00,8.98,9.01,100.35,9.64,9.64,100.01,0.00,0.00,0.00,0.00,0.00,0.00,0.00,0.00,0.00,0.00,0.00,0.00,18.62,18.65,100.17,2026
EM00015692,Kaidi Azam,1325,Khulna,KH013-V,04,1,0.00,0.00,0.00,7.00,5.88,84.07,7.16,6.54,91.33,7.63,7.91,103.65,7.63,7.47,97.85,8.26,8.31,100.58,8.58,9.47,110.35,9.30,10.08,108.40,0.00,0.00,0.00,0.00,0.00,0.00,0.00,0.00,0.00,0.00,0.00,0.00,55.56,55.66,100.17,2026
EM00014315,Md. Rael Islam,1314,Mymensingh,MY033-B,01,1,4.55,3.87,85.03,4.52,3.79,83.83,4.52,4.11,91.03,5.08,4.78,94.16,4.69,4.79,102.14,4.69,5.06,107.87,4.49,5.49,122.34,4.45,5.15,115.67,0.00,0.00,0.00,0.00,0.00,0.00,0.00,0.00,0.00,0.00,0.00,0.00,36.99,37.04,100.15,2026
EM00013460,Md. Shofiul Azom,1312,Uttara,UT023-G,02,1,12.30,12.46,101.33,11.90,11.95,100.43,12.10,10.73,88.71,13.00,13.16,101.23,12.15,12.16,100.10,13.20,13.37,101.31,13.20,13.63,103.25,13.65,14.18,103.86,0.00,0.00,0.00,0.00,0.00,0.00,0.00,0.00,0.00,0.00,0.00,0.00,101.50,101.65,100.15,2026
EM00005800,Md. Saiful Islam,1334,Kishoreganj,KI021-V,04,1,7.13,6.50,91.14,7.13,6.51,91.29,7.29,6.60,90.49,7.78,8.51,109.43,7.78,7.45,95.74,8.42,9.21,109.42,8.75,9.45,107.97,9.40,9.54,101.54,0.00,0.00,0.00,0.00,0.00,0.00,0.00,0.00,0.00,0.00,0.00,0.00,63.68,63.77,100.15,2026
EM00008555,Mr. Sukumar Mondal,1324,Jashore,JA023-G,02,1,4.65,4.73,101.82,4.60,5.00,108.67,4.68,4.96,105.88,5.06,5.12,101.14,4.72,4.78,101.31,5.20,4.75,91.44,5.20,4.63,88.98,5.40,5.60,103.62,0.00,0.00,0.00,0.00,0.00,0.00,0.00,0.00,0.00,0.00,0.00,0.00,39.51,39.57,100.14,2026
EM00011456,Md. Mamun,1326,Barishal,BA143-B,01,1,9.03,8.16,90.37,8.97,8.27,92.21,8.97,8.18,91.20,9.43,9.07,96.13,9.20,9.57,104.09,9.20,9.85,107.05,8.70,9.79,112.50,8.51,9.21,108.28,0.00,0.00,0.00,0.00,0.00,0.00,0.00,0.00,0.00,0.00,0.00,0.00,72.01,72.10,100.13,2026
EM00013898,Md. Sajib Shikdar,1326,Barishal,BA013-V,04,1,5.05,4.71,93.34,5.05,4.80,95.04,5.16,4.60,89.24,5.50,5.59,101.57,5.40,5.61,103.84,5.85,6.41,109.50,5.53,5.84,105.63,5.94,5.97,100.58,0.00,0.00,0.00,0.00,0.00,0.00,0.00,0.00,0.00,0.00,0.00,0.00,43.48,43.53,100.12,2026
EM00013027,Proshanta Kumar Das,1317,Cumilla,CU012-G,02,1,5.32,5.72,107.46,5.19,5.42,104.49,5.28,5.09,96.47,5.71,5.46,95.68,5.36,5.37,100.26,5.92,5.51,93.03,5.78,5.99,103.67,6.05,6.09,100.66,0.00,0.00,0.00,0.00,0.00,0.00,0.00,0.00,0.00,0.00,0.00,0.00,44.61,44.66,100.11,2026
EM00003672,Md. Dalim Hossain,1317,Cumilla,CU010-V,04,2,43.79,44.32,101.20,43.79,44.03,100.55,44.79,40.17,89.68,48.00,49.68,103.49,48.50,49.15,101.34,53.00,54.74,103.29,55.05,55.36,100.56,59.13,59.02,99.81,0.00,0.00,0.00,0.00,0.00,0.00,0.00,0.00,0.00,0.00,0.00,0.00,396.05,396.46,100.10,2026
EM00010533,Sujon Kumar Haldar,1332,B. Baria,BB012-V,04,1,8.00,8.05,100.59,8.20,8.43,102.74,8.39,7.20,85.79,9.07,8.72,96.18,8.90,9.63,108.16,9.64,10.20,105.83,9.30,9.87,106.09,10.20,9.66,94.68,0.00,0.00,0.00,0.00,0.00,0.00,0.00,0.00,0.00,0.00,0.00,0.00,71.70,71.74,100.06,2026
EM00010378,Md. Parvez Hasan,1313,Narayanganj,NA042-G,02,1,9.31,8.97,96.34,9.00,9.12,101.35,9.15,9.51,103.88,9.91,10.02,101.06,9.30,8.49,91.31,10.30,10.48,101.74,9.35,9.53,101.94,9.64,9.89,102.55,0.00,0.00,0.00,0.00,0.00,0.00,0.00,0.00,0.00,0.00,0.00,0.00,75.96,76.00,100.06,2026
EM00015700,Md. Sofikul Islam,1320,Bogura,BO023-G,02,1,0.00,0.00,0.00,4.30,2.39,55.66,4.30,2.29,53.19,4.50,3.54,78.68,4.20,3.06,72.84,4.60,9.22,200.38,4.36,4.46,102.34,4.50,5.81,129.10,0.00,0.00,0.00,0.00,0.00,0.00,0.00,0.00,0.00,0.00,0.00,0.00,30.76,30.77,100.03,2026
EM00010406,Belal Hossain,1335,Kushtia,KU020-V,04,2,9.75,10.17,104.29,9.75,9.03,92.65,9.97,6.66,66.84,22.42,23.87,106.46,22.42,23.18,103.40,24.29,24.42,100.53,25.22,26.06,103.34,27.09,27.55,101.70,0.00,0.00,0.00,0.00,0.00,0.00,0.00,0.00,0.00,0.00,0.00,0.00,150.91,150.95,100.03,2026
EM00010334,Sree. Sukanti Kumar Sarkar,1327,Faridpur,FA022-V,04,1,6.85,6.94,101.31,6.85,5.68,82.85,7.01,4.35,62.12,7.48,6.13,81.90,7.48,8.39,112.17,8.10,12.96,159.98,8.40,9.47,112.75,9.02,7.28,80.66,0.00,0.00,0.00,0.00,0.00,0.00,0.00,0.00,0.00,0.00,0.00,0.00,61.19,61.19,100.00,2026
EM00013897,Md. Shofiqul Islam,1310,Paltan,PA031-V,04,1,8.95,9.83,109.84,9.10,8.49,93.25,9.31,8.32,89.36,10.03,10.39,103.54,10.03,10.52,104.85,10.87,11.13,102.35,11.29,11.39,100.88,12.13,11.59,95.58,0.00,0.00,0.00,0.00,0.00,0.00,0.00,0.00,0.00,0.00,0.00,0.00,81.71,81.65,99.92,2026
EM00008831,Md. Hamidur Rahman,1324,Jashore,JA033-G,02,1,4.50,4.90,108.84,4.50,4.55,101.17,4.65,4.91,105.48,5.05,5.10,100.97,5.00,4.94,98.78,5.41,4.53,83.66,5.41,5.50,101.72,5.60,5.66,101.14,0.00,0.00,0.00,0.00,0.00,0.00,0.00,0.00,0.00,0.00,0.00,0.00,40.12,40.09,99.92,2026
EM00010578,Md. Mehdi Hasan,1324,Jashore,JA024-V,04,1,7.89,8.07,102.29,7.89,6.63,84.02,8.07,7.22,89.42,8.59,9.17,106.80,8.59,8.89,103.49,9.30,9.58,102.99,5.90,6.28,106.39,6.30,6.63,105.21,0.00,0.00,0.00,0.00,0.00,0.00,0.00,0.00,0.00,0.00,0.00,0.00,62.53,62.46,99.89,2026
EM00009888,Md. Piarul Hoque,1315,Chattogram,CH031-G,02,1,9.60,9.64,100.38,9.32,8.55,91.79,9.49,9.60,101.17,10.10,10.20,101.00,9.70,9.81,101.11,10.65,10.79,101.28,10.65,10.69,100.33,10.98,11.12,101.26,0.00,0.00,0.00,0.00,0.00,0.00,0.00,0.00,0.00,0.00,0.00,0.00,80.49,80.39,99.88,2026
EM00012921,Md. Farid Mia,1311,Dhanmondi,DH061-V,04,1,6.15,6.17,100.26,6.15,5.85,95.10,6.29,5.84,92.83,6.72,7.06,105.06,6.72,7.15,106.38,7.30,7.71,105.61,7.58,6.91,91.20,8.14,8.29,101.86,0.00,0.00,0.00,0.00,0.00,0.00,0.00,0.00,0.00,0.00,0.00,0.00,55.05,54.98,99.87,2026
EM00011877,Md. Manik Mia,1316,Sylhet,SY104-C,01,1,8.96,8.12,90.65,8.74,8.81,100.75,8.74,8.26,94.44,8.98,9.10,101.28,8.64,8.28,95.85,8.64,9.28,107.40,8.51,9.15,107.53,8.39,8.51,101.44,0.00,0.00,0.00,0.00,0.00,0.00,0.00,0.00,0.00,0.00,0.00,0.00,69.60,69.50,99.86,2026
EM00008554,Mr. Habibur Rahman,1330,BGR+PAB,BO030-G,02,2,27.40,26.36,96.21,26.50,25.40,95.86,26.95,26.98,100.11,29.15,29.46,101.06,27.40,28.53,104.12,30.10,29.61,98.36,30.50,30.70,100.65,31.40,32.02,101.98,0.00,0.00,0.00,0.00,0.00,0.00,0.00,0.00,0.00,0.00,0.00,0.00,229.40,229.06,99.85,2026
EM00010877,Md. Shahjahan Ali,1317,Cumilla,CU020-G,02,2,34.57,35.71,103.30,33.65,33.31,98.99,34.22,32.82,95.91,37.03,35.12,94.84,34.76,35.33,101.65,38.35,37.88,98.78,32.58,33.95,104.22,34.13,34.73,101.76,0.00,0.00,0.00,0.00,0.00,0.00,0.00,0.00,0.00,0.00,0.00,0.00,279.29,278.86,99.85,2026
EM00014889,Md. Mosabbir Hither,1313,Narayanganj,NA103-C,01,1,5.58,5.67,101.50,5.54,5.54,99.97,5.54,5.56,100.32,5.87,5.72,97.50,5.65,4.68,82.77,5.65,6.14,108.56,5.18,5.63,108.64,5.34,5.35,100.34,0.00,0.00,0.00,0.00,0.00,0.00,0.00,0.00,0.00,0.00,0.00,0.00,44.37,44.30,99.84,2026
EM00008860,Kamal Hossain,1326,Barishal,BA024-V,04,1,6.35,6.48,102.10,6.35,6.31,99.41,6.49,6.42,98.91,6.92,7.32,105.74,6.92,6.72,97.06,7.50,6.96,92.86,6.80,6.69,98.32,7.30,7.64,104.66,0.00,0.00,0.00,0.00,0.00,0.00,0.00,0.00,0.00,0.00,0.00,0.00,54.63,54.54,99.84,2026
EM00008694,Md. Mosharraf Hossen,1335,Kushtia,KU021-V,04,1,5.26,4.20,79.79,5.26,4.82,91.71,5.38,4.33,80.53,5.74,6.56,114.22,5.75,6.25,108.77,6.23,6.37,102.23,6.46,6.99,108.21,6.94,7.42,106.90,0.00,0.00,0.00,0.00,0.00,0.00,0.00,0.00,0.00,0.00,0.00,0.00,47.02,46.94,99.83,2026
EM00013567,Md. Nazrul Islam,1315,Chattogram,CH073-G,02,1,6.25,6.31,101.01,6.05,5.71,94.35,6.18,5.80,93.88,6.60,6.29,95.25,6.20,6.29,101.50,6.80,7.16,105.29,6.80,7.10,104.34,7.10,7.22,101.73,0.00,0.00,0.00,0.00,0.00,0.00,0.00,0.00,0.00,0.00,0.00,0.00,51.98,51.88,99.81,2026
EM00013867,Aminur Rahman,1336,Keraniganj,KE044-C,01,1,8.07,8.12,100.61,8.02,8.07,100.64,8.02,6.70,83.57,8.13,8.64,106.22,8.53,8.94,104.81,8.53,8.60,100.79,8.07,8.14,100.93,8.13,8.17,100.40,0.00,0.00,0.00,0.00,0.00,0.00,0.00,0.00,0.00,0.00,0.00,0.00,65.50,65.37,99.81,2026
EM00006241,Md. Rezaul Haque,1324,Jashore,JA010-V,04,2,33.39,32.27,96.66,33.39,31.07,93.07,34.15,29.58,86.62,36.43,38.86,106.68,36.43,37.94,104.14,39.50,40.34,102.13,41.00,42.18,102.88,44.10,45.53,103.23,0.00,0.00,0.00,0.00,0.00,0.00,0.00,0.00,0.00,0.00,0.00,0.00,298.39,297.78,99.80,2026
EM00015013,Md. Al Mahmud,1327,Faridpur,FA011-V,04,1,6.05,5.53,91.39,6.05,5.23,86.49,6.19,5.12,82.65,6.58,7.05,107.09,6.58,7.59,115.35,7.20,7.81,108.41,7.20,7.32,101.60,7.80,7.90,101.25,0.00,0.00,0.00,0.00,0.00,0.00,0.00,0.00,0.00,0.00,0.00,0.00,53.65,53.53,99.78,2026
EM00010412,Md. Abu Bakar Siddique,1311,Dhanmondi,DH062-V,04,1,5.05,4.60,91.17,5.05,5.13,101.59,5.16,3.57,69.18,5.50,6.23,113.29,5.50,5.71,103.73,5.95,6.08,102.21,6.20,6.93,111.74,6.66,6.72,100.87,0.00,0.00,0.00,0.00,0.00,0.00,0.00,0.00,0.00,0.00,0.00,0.00,45.07,44.97,99.77,2026
EM00015626,Johirul Islam Ruman,1326,Barishal,BA016-G,02,1,4.50,3.85,85.57,4.32,4.40,101.78,4.39,4.49,102.35,4.76,4.04,84.92,4.47,5.22,116.77,4.91,5.01,102.01,5.05,5.09,100.82,5.20,5.40,103.80,0.00,0.00,0.00,0.00,0.00,0.00,0.00,0.00,0.00,0.00,0.00,0.00,37.60,37.50,99.73,2026
EM00007559,Mr. Jakerul Islam,1324,Jashore,JA022-A,01,1,7.13,7.25,101.72,7.08,6.55,92.44,7.08,6.45,91.09,7.43,7.04,94.78,6.95,7.00,100.69,6.95,6.71,96.56,6.52,6.87,105.48,6.48,7.60,117.25,0.00,0.00,0.00,0.00,0.00,0.00,0.00,0.00,0.00,0.00,0.00,0.00,55.62,55.47,99.73,2026
EM00010983,Md. Enamul Haque,1321,Rajshahi,RA012-G,02,1,6.42,6.48,100.93,6.38,6.21,97.39,6.48,6.24,96.33,7.02,6.77,96.44,6.60,6.68,101.19,7.15,7.18,100.43,7.15,7.27,101.67,7.35,7.56,102.83,0.00,0.00,0.00,0.00,0.00,0.00,0.00,0.00,0.00,0.00,0.00,0.00,54.55,54.39,99.71,2026
EM00004607,Mr. Raju Ahmed,1323,RNG+DNJ,DI020-V,04,2,26.17,23.03,87.99,26.30,22.98,87.39,26.89,24.17,89.89,28.68,30.85,107.57,28.73,29.55,102.84,31.13,33.61,107.96,32.38,33.57,103.66,34.81,36.63,105.22,0.00,0.00,0.00,0.00,0.00,0.00,0.00,0.00,0.00,0.00,0.00,0.00,235.09,234.38,99.70,2026
EM00015363,Niamoth Ullah,1334,Kishoreganj,KI082-A,01,1,4.20,4.28,101.80,4.17,4.27,102.32,4.17,4.23,101.32,4.52,4.31,95.34,4.40,4.06,92.26,4.40,4.12,93.59,4.35,4.62,106.24,4.30,4.52,105.10,0.00,0.00,0.00,0.00,0.00,0.00,0.00,0.00,0.00,0.00,0.00,0.00,34.52,34.41,99.67,2026
EM00015294,Md. Mehedi Hasan,1317,Cumilla,CU024-G,02,1,8.98,9.13,101.70,8.68,8.35,96.19,8.83,7.90,89.41,9.55,9.09,95.15,8.72,8.60,98.63,9.61,10.46,108.80,9.62,9.83,102.20,9.91,10.29,103.78,0.00,0.00,0.00,0.00,0.00,0.00,0.00,0.00,0.00,0.00,0.00,0.00,73.90,73.64,99.65,2026
EM00004530,Mohammed Amran Hossain Bhuiyan,1332,B. Baria,BB081-A,01,1,9.46,9.56,101.06,9.39,9.58,101.95,9.39,9.43,100.37,9.19,9.47,103.08,9.15,8.68,94.88,9.15,9.37,102.39,8.92,9.04,101.35,8.79,8.04,91.45,0.00,0.00,0.00,0.00,0.00,0.00,0.00,0.00,0.00,0.00,0.00,0.00,73.46,73.18,99.62,2026
EM00015691,Md. Eid Amin,1335,Kushtia,KU016-G,02,1,0.00,0.00,0.00,5.50,4.78,86.84,5.60,5.84,104.28,6.05,6.11,100.97,5.80,6.25,107.76,6.50,6.34,97.56,6.50,6.52,100.33,6.90,6.84,99.11,0.00,0.00,0.00,0.00,0.00,0.00,0.00,0.00,0.00,0.00,0.00,0.00,42.85,42.68,99.60,2026
EM00014249,Md. Mainul Haque,1317,Cumilla,CU021-A,01,1,8.34,9.27,111.09,8.28,8.98,108.49,8.28,7.57,91.46,8.21,7.41,90.24,7.92,6.48,81.82,7.92,9.03,113.98,8.24,8.95,108.59,8.12,7.35,90.51,0.00,0.00,0.00,0.00,0.00,0.00,0.00,0.00,0.00,0.00,0.00,0.00,65.31,65.04,99.58,2026
EM00015370,Md. Ariful Islam,1317,Cumilla,CU101-A,01,1,5.53,5.62,101.63,5.49,5.71,103.87,5.49,5.54,100.84,5.35,4.85,90.73,5.15,4.76,92.34,5.15,5.00,97.03,5.61,6.31,112.48,5.53,5.34,96.56,0.00,0.00,0.00,0.00,0.00,0.00,0.00,0.00,0.00,0.00,0.00,0.00,43.31,43.12,99.58,2026
EM00010931,Deb Kumar Biswas,1326,Barishal,BA014-G,02,1,10.05,10.06,100.10,9.76,9.79,100.27,9.92,10.19,102.68,10.74,10.03,93.38,10.08,9.55,94.76,11.06,11.18,101.11,11.25,11.42,101.49,11.58,11.86,102.43,0.00,0.00,0.00,0.00,0.00,0.00,0.00,0.00,0.00,0.00,0.00,0.00,84.44,84.08,99.57,2026
EM00013402,Tareq Aziz,1315,Chattogram,CH011-G,02,1,7.25,6.95,95.81,7.00,7.09,101.30,7.20,6.67,92.63,7.50,7.62,101.61,7.10,7.03,99.02,7.78,7.85,100.85,7.78,8.03,103.27,7.85,7.96,101.39,0.00,0.00,0.00,0.00,0.00,0.00,0.00,0.00,0.00,0.00,0.00,0.00,59.46,59.20,99.56,2026
EM00009166,Md. Abdul Motin,1324,Jashore,JA020-V,04,2,27.89,28.66,102.76,27.89,23.75,85.15,28.52,25.93,90.93,30.42,31.45,103.39,30.42,31.12,102.31,32.90,34.26,104.15,34.15,34.38,100.69,36.70,38.21,104.11,0.00,0.00,0.00,0.00,0.00,0.00,0.00,0.00,0.00,0.00,0.00,0.00,248.89,247.77,99.55,2026
EM00011599,Md. Mahedi Hasan,1313,Narayanganj,NA023-V,04,1,10.49,10.52,100.26,10.49,10.65,101.52,10.73,10.67,99.44,11.44,12.14,106.09,11.44,11.41,99.76,12.39,12.69,102.44,12.87,12.30,95.54,13.83,12.87,93.07,0.00,0.00,0.00,0.00,0.00,0.00,0.00,0.00,0.00,0.00,0.00,0.00,93.68,93.25,99.54,2026
EM00013788,Md. Eliash Mia,1326,Barishal,BA015-G,02,1,6.20,6.39,103.00,6.03,6.11,101.28,6.14,6.25,101.73,6.65,5.69,85.56,6.24,6.67,106.95,6.85,6.93,101.18,6.95,6.97,100.27,7.17,6.99,97.43,0.00,0.00,0.00,0.00,0.00,0.00,0.00,0.00,0.00,0.00,0.00,0.00,52.23,51.99,99.54,2026
EM00008330,Md. Sakil Uddin,1335,Kushtia,KU012-V,04,1,5.16,5.23,101.31,5.16,3.90,75.54,5.28,5.42,102.66,5.63,5.66,100.53,5.65,6.15,108.81,6.12,6.35,103.80,6.35,6.38,100.50,6.82,6.86,100.61,0.00,0.00,0.00,0.00,0.00,0.00,0.00,0.00,0.00,0.00,0.00,0.00,46.17,45.95,99.52,2026
EM00014723,Md. Atiqur Rahman,1317,Cumilla,CU011-N,03,1,3.85,3.87,100.57,3.85,3.91,101.51,3.80,4.11,108.10,3.85,4.57,118.73,4.05,4.57,112.81,4.05,3.75,92.59,4.50,3.34,74.33,4.50,4.17,92.66,0.00,0.00,0.00,0.00,0.00,0.00,0.00,0.00,0.00,0.00,0.00,0.00,32.45,32.29,99.52,2026
EM00013192,Md. Al-Amin Hossen,1328,Cox's Bazar,CO022-B,01,1,3.96,4.09,103.33,3.94,3.72,94.50,3.94,3.42,86.95,4.01,3.81,94.95,3.86,3.67,95.26,3.86,4.23,109.58,3.93,4.12,104.63,3.81,4.09,107.36,0.00,0.00,0.00,0.00,0.00,0.00,0.00,0.00,0.00,0.00,0.00,0.00,31.30,31.14,99.52,2026
EM00008022,Md. Moshiur Rahman,1318,Noakhali,NO020-G,02,2,28.06,27.55,98.17,27.15,26.71,98.39,27.60,27.17,98.44,29.89,29.77,99.60,28.07,28.18,100.39,30.80,30.85,100.17,30.80,30.86,100.19,31.71,31.81,100.30,0.00,0.00,0.00,0.00,0.00,0.00,0.00,0.00,0.00,0.00,0.00,0.00,234.08,232.90,99.50,2026
EM00010888,Md. Mozahidul Islam,1312,Uttara,UT010-G,02,2,38.45,39.38,102.42,37.25,37.64,101.04,37.88,36.70,96.90,40.95,39.70,96.95,38.45,37.81,98.34,42.19,40.10,95.04,42.19,42.99,101.89,43.51,44.85,103.07,0.00,0.00,0.00,0.00,0.00,0.00,0.00,0.00,0.00,0.00,0.00,0.00,320.87,319.17,99.47,2026
EM00014861,Md. Al-Amin,1318,Noakhali,NO015-G,02,1,4.00,4.17,104.35,4.00,4.06,101.52,4.20,4.32,102.79,4.56,3.96,86.90,4.29,4.40,102.59,4.65,4.40,94.53,4.65,4.77,102.58,4.78,4.85,101.43,0.00,0.00,0.00,0.00,0.00,0.00,0.00,0.00,0.00,0.00,0.00,0.00,35.13,34.93,99.43,2026
EM00009667,Md. Masud Rana,1317,Cumilla,CU071-B,01,1,10.91,10.43,95.58,10.83,10.61,97.92,10.83,11.71,108.12,10.98,10.72,97.64,10.58,9.62,90.90,10.58,10.32,97.54,11.04,11.51,104.26,10.88,11.21,103.00,0.00,0.00,0.00,0.00,0.00,0.00,0.00,0.00,0.00,0.00,0.00,0.00,86.64,86.13,99.41,2026
EM00013883,Md. Redwanul Islam,1322,Rangpur,RN041-G,02,1,6.20,5.97,96.24,6.00,5.86,97.74,6.10,6.64,108.78,6.60,6.80,103.05,6.30,6.38,101.34,6.85,6.88,100.48,7.05,6.70,95.07,7.25,6.79,93.62,0.00,0.00,0.00,0.00,0.00,0.00,0.00,0.00,0.00,0.00,0.00,0.00,52.35,52.03,99.38,2026
EM00013894,Mridul Kumar Mukharjee,1315,Chattogram,CH034-V,04,1,6.07,6.10,100.54,6.07,6.45,106.32,6.21,4.91,79.12,6.62,6.74,101.82,6.65,7.22,108.63,7.25,8.33,114.96,7.50,7.68,102.37,8.05,6.63,82.33,0.00,0.00,0.00,0.00,0.00,0.00,0.00,0.00,0.00,0.00,0.00,0.00,54.42,54.08,99.37,2026
EM00012667,Md. Momenor Islam,1314,Mymensingh,MY054-C,01,1,5.06,4.73,93.58,5.44,4.34,79.84,5.44,4.88,89.61,3.95,4.68,118.44,4.01,4.21,105.06,4.01,4.37,109.08,3.91,4.17,106.58,3.89,4.09,105.16,0.00,0.00,0.00,0.00,0.00,0.00,0.00,0.00,0.00,0.00,0.00,0.00,35.71,35.47,99.35,2026
EM00016249,Diganta Roy,1310,Paltan,PA164-C,01,1,0.00,0.00,0.00,0.00,0.00,0.00,0.00,0.00,0.00,0.00,0.00,0.00,0.00,0.00,0.00,0.00,0.00,0.00,5.98,6.32,105.71,6.32,5.89,93.29,0.00,0.00,0.00,0.00,0.00,0.00,0.00,0.00,0.00,0.00,0.00,0.00,12.30,12.22,99.33,2026
EM00011670,Md. Rokibul Islam,1317,Cumilla,CU032-B,01,1,8.25,8.47,102.65,8.19,8.42,102.78,8.19,8.52,104.04,8.15,7.66,93.93,7.86,7.21,91.75,7.86,7.67,97.65,8.37,8.38,100.08,8.25,8.35,101.22,0.00,0.00,0.00,0.00,0.00,0.00,0.00,0.00,0.00,0.00,0.00,0.00,65.13,64.69,99.32,2026
EM00014476,Md. Farhad Uddin,1318,Noakhali,NO024-G,02,1,5.18,4.54,87.64,4.89,4.86,99.40,4.94,4.85,98.09,5.25,5.38,102.42,4.92,5.44,110.58,5.37,5.23,97.32,5.37,5.11,95.22,5.46,5.69,104.18,0.00,0.00,0.00,0.00,0.00,0.00,0.00,0.00,0.00,0.00,0.00,0.00,41.38,41.09,99.30,2026
EM00008235,Md. Alamgir Hossain,1312,Uttara,UT033-V,04,1,8.84,8.11,91.73,8.84,8.28,93.72,9.04,8.60,95.15,9.64,9.69,100.54,9.64,9.83,101.95,10.44,11.03,105.69,10.84,10.91,100.67,11.64,11.89,102.12,0.00,0.00,0.00,0.00,0.00,0.00,0.00,0.00,0.00,0.00,0.00,0.00,78.92,78.35,99.28,2026
EM00012966,Md. Monjil Howlader,1314,Mymensingh,MY033-A,01,1,4.45,4.02,90.43,4.42,4.05,91.76,4.42,4.15,94.02,4.76,5.06,106.41,4.38,4.23,96.51,4.38,4.67,106.57,4.19,4.40,105.06,4.14,4.28,103.51,0.00,0.00,0.00,0.00,0.00,0.00,0.00,0.00,0.00,0.00,0.00,0.00,35.12,34.86,99.27,2026
EM00013153,Md. Monzurul Islam,1317,Cumilla,CU011-V,04,1,8.46,8.81,104.19,8.46,8.49,100.39,8.65,6.48,74.89,9.26,9.36,101.04,9.36,9.60,102.54,10.10,10.32,102.18,10.50,10.89,103.69,11.28,11.54,102.34,0.00,0.00,0.00,0.00,0.00,0.00,0.00,0.00,0.00,0.00,0.00,0.00,76.07,75.49,99.24,2026
EM00005266,Mr. Krishna Kumar Das,1313,Narayanganj,NA143-A,01,1,7.52,7.11,94.52,7.46,7.54,100.98,7.46,8.01,107.32,8.09,7.67,94.73,7.80,7.61,97.61,7.80,7.73,99.08,7.35,7.59,103.30,7.57,7.33,96.80,0.00,0.00,0.00,0.00,0.00,0.00,0.00,0.00,0.00,0.00,0.00,0.00,61.06,60.59,99.22,2026
EM00016100,Md. Sohanuzzaman,1312,Uttara,UT022-G,02,1,0.00,0.00,0.00,0.00,0.00,0.00,0.00,0.00,0.00,0.00,0.00,0.00,9.40,9.52,101.24,10.33,9.08,87.90,10.33,10.97,106.20,10.64,10.81,101.63,0.00,0.00,0.00,0.00,0.00,0.00,0.00,0.00,0.00,0.00,0.00,0.00,40.70,40.38,99.21,2026
EM00011598,Hasinur Rohman,1324,Jashore,JA012-V,04,1,9.95,9.04,90.88,9.95,8.38,84.19,10.18,8.61,84.62,10.85,11.78,108.58,10.85,11.99,110.53,11.85,12.37,104.36,12.30,12.62,102.64,13.20,13.60,103.00,0.00,0.00,0.00,0.00,0.00,0.00,0.00,0.00,0.00,0.00,0.00,0.00,89.13,88.39,99.18,2026
EM00014112,Md. Sobuj Miah,1318,Noakhali,NO032-G,02,1,10.80,10.91,100.99,10.45,10.63,101.71,10.60,9.63,90.81,11.47,10.11,88.15,10.76,11.58,107.59,11.80,11.82,100.16,11.80,12.07,102.31,12.16,12.34,101.48,0.00,0.00,0.00,0.00,0.00,0.00,0.00,0.00,0.00,0.00,0.00,0.00,89.84,89.08,99.16,2026
EM00004600,Mr. Saiful Islam,1327,JSR+FRD,RV04010,04,4,114.68,111.77,97.46,114.68,100.51,87.64,117.29,101.68,86.69,125.11,131.47,105.09,125.11,128.36,102.60,135.54,142.92,105.44,140.75,143.27,101.79,151.17,155.70,102.99,0.00,0.00,0.00,0.00,0.00,0.00,0.00,0.00,0.00,0.00,0.00,0.00,1024.33,1015.67,99.15,2026
EM00014871,Md. Rakib Hasan,1320,Bogura,BO014-G,02,1,4.65,4.08,87.80,4.55,4.14,90.95,4.65,4.72,101.49,5.00,5.05,101.06,4.70,4.73,100.60,5.15,4.93,95.73,5.15,5.24,101.66,5.30,5.92,111.75,0.00,0.00,0.00,0.00,0.00,0.00,0.00,0.00,0.00,0.00,0.00,0.00,39.15,38.81,99.13,2026
EM00008598,Shahidul Islam,1320,Bogura,BO020-V,04,2,23.48,21.78,92.77,23.48,22.96,97.77,24.01,22.48,93.63,25.61,26.01,101.58,25.61,25.61,100.02,27.74,27.03,97.43,28.60,29.80,104.19,30.72,31.65,103.01,0.00,0.00,0.00,0.00,0.00,0.00,0.00,0.00,0.00,0.00,0.00,0.00,209.25,207.32,99.08,2026
EM00010662,Md. Seyed Hossin,1327,Faridpur,FA031-B,01,1,6.08,5.61,92.28,6.04,6.09,100.93,6.04,6.10,101.10,6.11,5.81,94.99,6.41,5.89,91.85,6.41,6.31,98.41,6.26,6.83,109.19,5.97,6.21,103.98,0.00,0.00,0.00,0.00,0.00,0.00,0.00,0.00,0.00,0.00,0.00,0.00,49.32,48.86,99.06,2026
EM00010302,Badsha Alamgir,1324,Jashore,JA011-V,04,1,9.05,8.18,90.37,9.05,8.15,90.11,9.25,7.40,80.00,9.88,10.76,108.92,9.88,9.53,96.42,10.60,10.81,101.96,6.25,7.65,122.32,7.20,8.00,111.17,0.00,0.00,0.00,0.00,0.00,0.00,0.00,0.00,0.00,0.00,0.00,0.00,71.16,70.48,99.04,2026
EM00016208,Mridul Kumar Saha,1314,Mymensingh,MY023-V,04,1,0.00,0.00,0.00,0.00,0.00,0.00,0.00,0.00,0.00,0.00,0.00,0.00,0.00,0.00,0.00,5.70,6.05,106.12,5.92,6.27,105.87,6.35,5.48,86.30,0.00,0.00,0.00,0.00,0.00,0.00,0.00,0.00,0.00,0.00,0.00,0.00,17.97,17.80,99.03,2026
EM00014644,Md. Shadad Hossain Sumon,1310,Paltan,PA033-V,04,1,6.89,6.28,91.13,6.90,6.38,92.41,7.06,6.19,87.68,7.55,7.86,104.06,7.55,7.21,95.47,8.18,8.29,101.39,8.49,9.19,108.29,9.12,9.74,106.85,0.00,0.00,0.00,0.00,0.00,0.00,0.00,0.00,0.00,0.00,0.00,0.00,61.74,61.14,99.03,2026
EM00011613,Md. Matiur Rahman,1330,Pabna,PB013-G,02,1,7.30,7.42,101.60,7.16,6.22,86.83,7.27,7.28,100.17,7.86,7.49,95.25,7.50,7.60,101.38,8.20,8.20,100.05,8.20,8.43,102.79,8.50,8.74,102.81,0.00,0.00,0.00,0.00,0.00,0.00,0.00,0.00,0.00,0.00,0.00,0.00,61.99,61.38,99.01,2026
EM00013555,Md. Abu Nayem,1324,Jashore,JA013-V,04,1,7.74,8.19,105.81,7.74,7.77,100.43,7.92,6.76,85.41,8.45,8.66,102.47,8.45,8.66,102.54,9.15,9.33,101.96,9.50,9.58,100.87,10.20,9.49,92.99,0.00,0.00,0.00,0.00,0.00,0.00,0.00,0.00,0.00,0.00,0.00,0.00,69.15,68.45,98.99,2026
EM00010293,Md. Jahangir Alam,1313,Narayanganj,NA032-G,02,1,9.58,10.31,107.57,9.25,9.19,99.39,9.40,9.85,104.81,10.19,8.62,84.58,9.58,9.46,98.76,10.51,9.99,95.09,10.50,10.76,102.50,10.80,10.79,99.90,0.00,0.00,0.00,0.00,0.00,0.00,0.00,0.00,0.00,0.00,0.00,0.00,79.81,78.98,98.96,2026
EM00015189,Md. Anower Husen,1315,Chattogram,CH323-C,01,1,2.65,2.41,91.15,2.63,2.45,93.42,2.63,2.67,101.76,2.80,3.37,120.29,2.70,2.95,109.21,2.70,2.70,100.24,3.30,2.88,87.31,2.80,2.52,90.11,0.00,0.00,0.00,0.00,0.00,0.00,0.00,0.00,0.00,0.00,0.00,0.00,22.20,21.97,98.96,2026
EM00003540,Mohammad Mujibur Rahman,1334,Kishoreganj,KI033-C,01,1,5.83,5.41,92.87,5.83,5.38,92.35,5.83,6.06,104.04,6.47,6.80,104.99,6.28,5.88,93.63,6.28,6.22,99.09,6.11,6.31,103.30,6.04,6.09,100.80,0.00,0.00,0.00,0.00,0.00,0.00,0.00,0.00,0.00,0.00,0.00,0.00,48.67,48.16,98.95,2026
EM00013575,Md. Hasanur Rahman,1324,Jashore,JA173-B,01,1,5.07,4.61,91.03,4.97,4.51,90.75,4.97,4.62,93.01,5.51,5.32,96.60,4.54,4.73,104.20,4.54,5.00,110.00,4.14,4.29,103.66,4.25,4.49,105.74,0.00,0.00,0.00,0.00,0.00,0.00,0.00,0.00,0.00,0.00,0.00,0.00,37.99,37.58,98.92,2026
EM00013916,Md. Labu Miah,1320,Bogura,BO032-V,04,1,6.80,6.35,93.35,6.80,7.03,103.37,7.52,8.02,106.67,8.02,8.10,101.06,8.02,6.04,75.28,8.18,8.79,107.40,8.50,8.58,100.99,9.13,9.37,102.68,0.00,0.00,0.00,0.00,0.00,0.00,0.00,0.00,0.00,0.00,0.00,0.00,62.97,62.29,98.91,2026
EM00014555,Md. Sabuz Ali,1314,Mymensingh,MY022-A,01,1,4.84,3.99,82.43,4.68,4.38,93.75,4.68,4.75,101.50,5.15,4.94,95.84,4.91,4.64,94.53,4.91,5.65,115.12,4.76,5.10,107.24,4.71,4.76,100.98,0.00,0.00,0.00,0.00,0.00,0.00,0.00,0.00,0.00,0.00,0.00,0.00,38.64,38.21,98.91,2026
EM00009094,Md. Atiqur Rahman,1324,Jashore,JA023-V,04,1,7.20,7.54,104.73,7.20,6.57,91.22,7.36,7.10,96.44,7.87,7.76,98.66,7.87,8.02,101.88,8.50,8.70,102.41,8.80,8.11,92.13,9.45,9.74,103.02,0.00,0.00,0.00,0.00,0.00,0.00,0.00,0.00,0.00,0.00,0.00,0.00,64.25,63.54,98.89,2026
EM00012837,Md. Anisur Rahman,1334,Kishoreganj,KI082-B,01,1,4.27,4.34,101.47,4.24,4.29,101.05,4.24,4.05,95.35,4.54,4.49,98.77,4.42,4.21,95.23,4.42,4.12,93.28,4.37,4.56,104.25,4.32,4.40,101.85,0.00,0.00,0.00,0.00,0.00,0.00,0.00,0.00,0.00,0.00,0.00,0.00,34.84,34.46,98.89,2026
EM00016342,Md. Tamim Howlader,1326,Barishal,BA024-G,02,1,0.00,0.00,0.00,0.00,0.00,0.00,0.00,0.00,0.00,0.00,0.00,0.00,0.00,0.00,0.00,0.00,0.00,0.00,7.00,6.68,95.39,7.20,7.36,102.18,0.00,0.00,0.00,0.00,0.00,0.00,0.00,0.00,0.00,0.00,0.00,0.00,14.20,14.04,98.84,2026
EM00015291,Md. Rabbikul Islam,1318,Noakhali,NO035-G,02,1,4.50,4.56,101.41,4.40,4.48,101.90,4.50,4.53,100.70,4.90,4.04,82.52,4.61,4.49,97.29,5.07,5.19,102.27,5.07,5.23,103.08,5.30,5.38,101.42,0.00,0.00,0.00,0.00,0.00,0.00,0.00,0.00,0.00,0.00,0.00,0.00,38.35,37.89,98.81,2026
EM00012946,Md. Rajon Miah,1316,Sylhet,SY141-A,01,1,7.94,7.95,100.16,7.68,7.17,93.30,7.68,6.72,87.45,7.76,8.54,110.03,7.48,7.74,103.52,7.48,7.81,104.41,7.36,7.39,100.40,7.25,6.59,90.81,0.00,0.00,0.00,0.00,0.00,0.00,0.00,0.00,0.00,0.00,0.00,0.00,60.62,59.89,98.80,2026
EM00014128,Md. Hannan Ali,1322,Rangpur,RN013-V,04,1,6.10,5.51,90.37,6.15,6.72,109.24,6.29,6.41,101.83,7.06,7.11,100.77,7.06,6.68,94.56,7.65,6.72,87.83,7.95,8.33,104.79,8.54,8.63,101.00,0.00,0.00,0.00,0.00,0.00,0.00,0.00,0.00,0.00,0.00,0.00,0.00,56.80,56.10,98.77,2026
EM00016225,Md. Sujan Mia,1324,Jashore,JA014-V,04,1,0.00,0.00,0.00,0.00,0.00,0.00,0.00,0.00,0.00,0.00,0.00,0.00,0.00,0.00,0.00,0.00,0.00,0.00,6.25,5.42,86.68,6.00,6.68,111.32,0.00,0.00,0.00,0.00,0.00,0.00,0.00,0.00,0.00,0.00,0.00,0.00,12.25,12.10,98.75,2026
EM00015014,Md. Masum Bellah,1318,Noakhali,NO022-V,04,1,7.04,6.35,90.17,7.04,7.09,100.65,7.20,6.22,86.36,7.68,7.88,102.63,7.68,7.74,100.84,8.32,8.55,102.74,8.64,8.67,100.30,9.28,9.60,103.45,0.00,0.00,0.00,0.00,0.00,0.00,0.00,0.00,0.00,0.00,0.00,0.00,62.88,62.09,98.75,2026
EM00014962,Prodip Kumar,1317,Cumilla,CU091-B,01,1,5.09,5.13,100.64,5.06,5.27,104.15,5.06,4.32,85.34,4.92,4.99,101.43,4.74,4.24,89.55,4.74,5.00,105.59,5.06,5.09,100.67,4.98,5.10,102.34,0.00,0.00,0.00,0.00,0.00,0.00,0.00,0.00,0.00,0.00,0.00,0.00,39.64,39.13,98.72,2026
EM00016548,Sabid Hossain,1315,Chattogram,CH193-C,01,1,0.00,0.00,0.00,0.00,0.00,0.00,0.00,0.00,0.00,0.00,0.00,0.00,0.00,0.00,0.00,0.00,0.00,0.00,0.00,0.00,0.00,7.93,7.82,98.68,0.00,0.00,0.00,0.00,0.00,0.00,0.00,0.00,0.00,0.00,0.00,0.00,7.93,7.82,98.68,2026
EM00013157,Nil Komol Shaha,1328,Cox's Bazar,CO014-V,04,1,6.79,7.01,103.25,6.79,6.93,102.08,6.94,5.99,86.36,7.40,7.25,98.01,7.40,8.01,108.28,7.90,8.14,103.03,6.30,5.89,93.47,6.30,5.85,92.88,0.00,0.00,0.00,0.00,0.00,0.00,0.00,0.00,0.00,0.00,0.00,0.00,55.82,55.08,98.67,2026
EM00014772,Shipon Kumar,1317,Cumilla,CU042-G,02,1,7.20,6.59,91.54,7.05,7.36,104.43,7.17,6.78,94.55,7.76,7.43,95.76,7.29,7.58,104.02,8.04,7.57,94.12,8.06,8.22,102.04,8.30,8.52,102.63,0.00,0.00,0.00,0.00,0.00,0.00,0.00,0.00,0.00,0.00,0.00,0.00,60.87,60.06,98.67,2026
EM00013204,Md. Razaul Karim,1336,Keraniganj,KE013-G,02,1,14.52,14.66,100.97,14.04,14.46,102.98,14.27,14.76,103.40,15.45,12.87,83.32,14.50,14.21,98.01,15.91,15.11,94.99,15.90,16.40,103.17,16.30,16.76,102.83,0.00,0.00,0.00,0.00,0.00,0.00,0.00,0.00,0.00,0.00,0.00,0.00,120.89,119.24,98.64,2026
EM00016234,Raj Kumar Saha Partho,1330,Pabna,PB012-V,04,1,0.00,0.00,0.00,0.00,0.00,0.00,0.00,0.00,0.00,0.00,0.00,0.00,0.00,0.00,0.00,0.00,0.00,0.00,5.75,5.56,96.65,6.18,6.21,100.47,0.00,0.00,0.00,0.00,0.00,0.00,0.00,0.00,0.00,0.00,0.00,0.00,11.93,11.77,98.63,2026
EM00015349,Md. Omar Faruque,1321,Rajshahi,RA014-V,04,1,5.30,4.29,80.92,5.30,3.32,62.60,5.42,4.84,89.28,5.78,6.75,116.75,5.80,6.77,116.71,6.28,7.00,111.53,6.55,6.66,101.64,7.03,7.18,102.15,0.00,0.00,0.00,0.00,0.00,0.00,0.00,0.00,0.00,0.00,0.00,0.00,47.46,46.81,98.62,2026
EM00014339,Md. Mobarak Hossain,1310,Paltan,PA072-G,02,1,6.00,6.05,100.88,5.90,5.51,93.39,6.00,5.57,92.84,6.50,6.54,100.57,6.10,5.52,90.48,6.78,6.87,101.37,6.78,6.86,101.12,6.85,7.28,106.26,0.00,0.00,0.00,0.00,0.00,0.00,0.00,0.00,0.00,0.00,0.00,0.00,50.91,50.20,98.60,2026
EM00014576,Md. Mahfuzul Alam,1327,JSR+FRD,FA011-N,03,1,3.80,3.45,90.75,3.80,3.50,92.15,3.75,3.77,100.65,3.80,3.90,102.67,3.90,4.01,102.73,3.90,3.95,101.20,4.50,4.19,93.10,4.50,4.72,104.95,0.00,0.00,0.00,0.00,0.00,0.00,0.00,0.00,0.00,0.00,0.00,0.00,31.95,31.49,98.57,2026
EM00011221,Md. Rasel Hossain,1312,Uttara,UT021-G,02,1,9.25,9.40,101.60,9.00,9.00,99.99,9.15,9.20,100.54,10.00,9.78,97.81,9.40,8.87,94.33,10.33,9.67,93.60,10.33,10.41,100.78,10.64,10.65,100.06,0.00,0.00,0.00,0.00,0.00,0.00,0.00,0.00,0.00,0.00,0.00,0.00,78.10,76.97,98.56,2026
EM00007702,Md. Shahin Al Mamun,1325,Khulna,KH014-B,01,1,5.11,4.70,92.05,4.77,4.77,100.09,4.77,3.83,80.40,5.13,4.75,92.53,4.40,4.59,104.26,4.40,4.46,101.18,4.36,4.81,110.34,4.36,4.85,111.22,0.00,0.00,0.00,0.00,0.00,0.00,0.00,0.00,0.00,0.00,0.00,0.00,37.31,36.77,98.55,2026
EM00008028,Md. Belayet Hossain,1318,Noakhali,NO030-G,02,2,45.95,46.36,100.89,44.45,44.67,100.50,45.20,43.94,97.20,48.93,43.92,89.76,45.95,46.63,101.48,50.45,49.25,97.63,50.45,50.55,100.19,51.96,52.41,100.86,0.00,0.00,0.00,0.00,0.00,0.00,0.00,0.00,0.00,0.00,0.00,0.00,383.34,377.73,98.54,2026
EM00013392,Aslam Hossen,1314,Mymensingh,MY123-C,01,1,8.08,7.40,91.64,8.02,6.90,85.99,8.02,8.20,102.26,8.87,8.67,97.65,8.74,8.18,93.50,8.74,9.35,106.96,8.32,8.81,105.92,8.20,8.51,103.75,0.00,0.00,0.00,0.00,0.00,0.00,0.00,0.00,0.00,0.00,0.00,0.00,67.00,66.02,98.53,2026
EM00011448,Md. Sazzad Hossain,1335,Kushtia,KU013-V,04,1,5.30,5.30,100.04,5.30,5.31,100.23,5.42,4.31,79.56,5.78,5.79,100.20,5.80,6.04,104.16,6.28,6.30,100.29,6.52,6.60,101.15,7.00,7.05,100.65,0.00,0.00,0.00,0.00,0.00,0.00,0.00,0.00,0.00,0.00,0.00,0.00,47.40,46.70,98.52,2026
EM00009183,Md. Jahidul Islam,1334,Kishoreganj,KI013-C,01,1,7.63,7.12,93.34,7.58,6.82,89.98,7.58,7.39,97.58,6.78,7.18,105.87,6.59,6.17,93.61,6.59,7.21,109.42,6.46,6.73,104.10,6.38,6.15,96.33,0.00,0.00,0.00,0.00,0.00,0.00,0.00,0.00,0.00,0.00,0.00,0.00,55.60,54.78,98.52,2026
EM00012464,Md. Sazzadul Alam,1325,Khulna,KH024-V,04,1,4.89,4.10,83.81,4.89,4.99,101.94,5.00,5.22,104.47,5.33,5.95,111.69,5.33,5.08,95.27,5.77,5.63,97.58,6.00,6.08,101.40,6.44,5.95,92.36,0.00,0.00,0.00,0.00,0.00,0.00,0.00,0.00,0.00,0.00,0.00,0.00,43.65,43.00,98.51,2026
EM00011142,Md. Azizur Rahman,1324,Jashore,JA021-A,01,1,8.28,7.47,90.29,8.22,7.42,90.34,8.22,7.47,90.92,8.87,8.45,95.20,8.56,8.00,93.52,8.56,10.08,117.77,8.12,8.67,106.84,8.04,8.29,103.15,0.00,0.00,0.00,0.00,0.00,0.00,0.00,0.00,0.00,0.00,0.00,0.00,66.87,65.87,98.51,2026
EM00015269,Md. Asif Ahamed Tonmoy,1316,Sylhet,SY024-G,02,1,4.60,2.76,60.00,4.20,4.35,103.49,4.31,4.52,104.84,4.62,4.74,102.62,4.50,5.07,112.58,5.25,5.03,95.88,5.25,5.41,103.04,5.45,5.72,105.03,0.00,0.00,0.00,0.00,0.00,0.00,0.00,0.00,0.00,0.00,0.00,0.00,38.18,37.60,98.48,2026
EM00010969,Md. Mahmudul Hasan,1311,Dhanmondi,DH046-G,02,1,4.70,4.74,100.82,4.60,4.20,91.34,4.65,4.29,92.17,4.80,4.81,100.12,4.50,4.53,100.65,5.00,5.02,100.39,5.00,5.02,100.41,5.10,5.16,101.12,0.00,0.00,0.00,0.00,0.00,0.00,0.00,0.00,0.00,0.00,0.00,0.00,38.35,37.76,98.46,2026
EM00016177,Md. Robiul Islam,1323,Dinajpur,DI061-A,01,1,0.00,0.00,0.00,0.00,0.00,0.00,0.00,0.00,0.00,0.00,0.00,0.00,7.41,6.02,81.21,7.41,7.79,105.23,6.61,7.03,106.26,6.58,6.74,102.38,0.00,0.00,0.00,0.00,0.00,0.00,0.00,0.00,0.00,0.00,0.00,0.00,28.01,27.57,98.45,2026
EM00012565,Ahosan Habib,1319,Feni,FE012-V,04,1,7.20,7.37,102.38,7.20,6.52,90.55,7.36,7.03,95.51,7.85,8.10,103.12,7.85,7.90,100.63,8.50,8.74,102.81,9.22,9.28,100.67,9.90,9.13,92.26,0.00,0.00,0.00,0.00,0.00,0.00,0.00,0.00,0.00,0.00,0.00,0.00,65.08,64.07,98.45,2026
EM00011243,Md. Farid Sarder,1325,Khulna,KH014-G,02,1,5.60,5.33,95.13,5.42,5.04,93.00,5.50,5.18,94.14,5.95,5.89,99.05,5.58,5.55,99.44,6.12,6.32,103.28,6.12,6.18,100.95,6.30,6.38,101.23,0.00,0.00,0.00,0.00,0.00,0.00,0.00,0.00,0.00,0.00,0.00,0.00,46.59,45.86,98.44,2026
EM00012441,Md. Yuchhup,1332,B. Baria,BB014-G,02,1,10.60,10.54,99.40,10.25,10.50,102.46,10.41,10.72,102.97,11.28,9.82,87.08,10.60,11.48,108.28,11.65,10.54,90.51,11.65,11.34,97.38,12.00,12.10,100.81,0.00,0.00,0.00,0.00,0.00,0.00,0.00,0.00,0.00,0.00,0.00,0.00,88.44,87.04,98.42,2026
EM00010513,Md. Mijanur Rahman,1324,Jashore,JA174-C,01,1,6.19,5.81,93.87,6.19,5.65,91.29,6.19,5.84,94.32,6.81,6.28,92.23,6.42,6.84,106.52,6.42,6.95,108.27,5.92,5.49,92.75,5.99,6.48,108.11,0.00,0.00,0.00,0.00,0.00,0.00,0.00,0.00,0.00,0.00,0.00,0.00,50.13,49.34,98.42,2026
EM00011253,Md. Sohel Rana,1335,Kushtia,KU014-G,02,1,8.70,7.50,86.22,8.40,7.65,91.12,8.54,7.88,92.21,9.25,9.29,100.41,8.70,8.84,101.61,9.55,9.46,99.01,9.55,10.20,106.84,9.80,10.53,107.40,0.00,0.00,0.00,0.00,0.00,0.00,0.00,0.00,0.00,0.00,0.00,0.00,72.49,71.34,98.42,2026
EM00014430,Md. Selim Mia,1324,Jashore,JA034-V,04,1,4.04,4.08,100.93,4.04,3.65,90.29,4.13,3.91,94.70,4.42,4.53,102.52,4.42,4.12,93.15,4.80,5.23,108.95,5.00,4.74,94.86,5.47,5.48,100.27,0.00,0.00,0.00,0.00,0.00,0.00,0.00,0.00,0.00,0.00,0.00,0.00,36.32,35.74,98.41,2026
EM00011176,Md. Abdullah Al Mamun,1318,Noakhali,NO073-A,01,1,6.44,6.06,94.02,6.40,5.89,92.01,6.40,6.71,104.92,6.61,6.17,93.30,6.47,6.81,105.23,6.47,6.64,102.59,6.18,5.70,92.22,6.18,6.36,102.93,0.00,0.00,0.00,0.00,0.00,0.00,0.00,0.00,0.00,0.00,0.00,0.00,51.15,50.33,98.40,2026
EM00011860,Md. Shibly Sadik,1310,Paltan,PA050-V,04,2,32.33,31.21,96.53,32.37,32.33,99.89,33.11,31.17,94.13,35.52,38.27,107.74,35.52,34.29,96.54,38.48,38.20,99.27,39.97,38.45,96.21,42.93,41.65,97.01,0.00,0.00,0.00,0.00,0.00,0.00,0.00,0.00,0.00,0.00,0.00,0.00,290.23,285.57,98.39,2026
EM00008191,Mr. Rabiul Islam,1332,B. Baria,BB012-C,01,1,10.35,9.34,90.25,10.27,10.27,99.94,10.27,9.29,90.38,10.24,10.49,102.43,9.87,10.47,106.09,9.87,9.21,93.26,9.81,10.05,102.43,9.67,9.94,102.86,0.00,0.00,0.00,0.00,0.00,0.00,0.00,0.00,0.00,0.00,0.00,0.00,80.35,79.05,98.38,2026
EM00002368,Md. Salim Reza,1322,Rangpur,RN030-V,04,2,18.58,15.85,85.32,18.30,15.49,84.67,18.72,17.15,91.60,20.00,21.02,105.09,20.03,21.12,105.43,21.70,23.01,106.05,22.58,23.32,103.28,24.29,24.56,101.11,0.00,0.00,0.00,0.00,0.00,0.00,0.00,0.00,0.00,0.00,0.00,0.00,164.20,161.53,98.37,2026
EM00008024,Md. Sohel Rana,1312,Uttara,UT020-G,02,2,50.00,51.70,103.40,48.53,47.39,97.65,49.35,45.73,92.67,53.50,51.56,96.38,50.20,49.99,99.57,55.06,51.71,93.92,55.06,55.96,101.64,56.77,57.59,101.44,0.00,0.00,0.00,0.00,0.00,0.00,0.00,0.00,0.00,0.00,0.00,0.00,418.47,411.64,98.37,2026
EM00011394,Md. Humayun Kabir,1322,Rangpur,RN102-A,01,1,6.48,5.99,92.42,6.43,6.55,101.76,6.43,5.46,84.80,6.87,6.23,90.74,6.61,6.06,91.71,6.61,7.71,116.67,6.61,6.92,104.72,6.52,6.78,104.04,0.00,0.00,0.00,0.00,0.00,0.00,0.00,0.00,0.00,0.00,0.00,0.00,52.56,51.70,98.36,2026
EM00013969,Md. Nazmul Haque,1311,Dhanmondi,DH093-G,02,1,6.20,6.23,100.46,6.00,6.25,104.16,6.12,5.95,97.18,6.90,5.89,85.33,6.30,5.98,94.89,7.11,6.61,92.92,7.11,7.77,109.35,7.31,7.50,102.62,0.00,0.00,0.00,0.00,0.00,0.00,0.00,0.00,0.00,0.00,0.00,0.00,53.05,52.17,98.35,2026
EM00013913,Shakhawat Hossain,1316,Sylhet,SY013-V,04,1,7.70,6.27,81.46,7.73,5.94,76.81,7.91,5.54,69.98,8.44,10.93,129.51,8.44,9.70,114.89,9.20,9.64,104.75,9.55,9.74,101.96,10.52,10.59,100.68,0.00,0.00,0.00,0.00,0.00,0.00,0.00,0.00,0.00,0.00,0.00,0.00,69.49,68.34,98.34,2026
EM00014071,Md. Mehedi Hasan,1321,Rajshahi,RA021-G,02,1,5.90,5.71,96.84,5.70,5.29,92.83,5.78,5.90,102.06,6.25,6.00,96.06,5.86,5.72,97.66,6.40,6.04,94.35,6.40,6.55,102.32,6.57,6.83,103.92,0.00,0.00,0.00,0.00,0.00,0.00,0.00,0.00,0.00,0.00,0.00,0.00,48.86,48.05,98.33,2026
EM00003071,Md. Alim-Al-Mahbub,1335,RJS+PAB+KST,RV04012,04,4,155.73,145.29,93.30,155.73,135.13,86.77,159.27,140.22,88.04,169.89,180.78,106.41,169.89,179.13,105.44,184.05,187.57,101.91,191.13,193.74,101.37,205.28,205.86,100.28,0.00,0.00,0.00,0.00,0.00,0.00,0.00,0.00,0.00,0.00,0.00,0.00,1390.97,1367.72,98.33,2026
EM00010137,Md. Billal Hossain,1315,Chattogram,CH234-C,01,1,9.09,8.28,91.06,9.02,8.20,90.89,9.02,8.21,90.96,9.23,9.26,100.29,8.90,9.00,101.12,8.90,9.39,105.49,8.71,9.25,106.27,8.45,8.52,100.88,0.00,0.00,0.00,0.00,0.00,0.00,0.00,0.00,0.00,0.00,0.00,0.00,71.32,70.11,98.30,2026
EM00016494,Md. Shakender Ali,1324,Jashore,JA131-B,01,1,0.00,0.00,0.00,0.00,0.00,0.00,0.00,0.00,0.00,0.00,0.00,0.00,0.00,0.00,0.00,0.00,0.00,0.00,0.00,0.00,0.00,7.88,7.74,98.30,0.00,0.00,0.00,0.00,0.00,0.00,0.00,0.00,0.00,0.00,0.00,0.00,7.88,7.74,98.30,2026
EM00015295,Md. Khalil Islam,1314,Mymensingh,MY033-G,02,1,4.40,4.41,100.29,4.20,4.23,100.61,4.28,4.43,103.60,4.65,4.09,87.99,4.40,4.02,91.41,4.90,4.63,94.51,4.90,5.18,105.72,5.10,5.20,101.91,0.00,0.00,0.00,0.00,0.00,0.00,0.00,0.00,0.00,0.00,0.00,0.00,36.83,36.20,98.28,2026
EM00008828,Md. Jahangir Husain,1326,Barishal,BA010-G,02,2,41.89,41.71,99.58,40.52,39.94,98.57,41.20,41.97,101.85,44.60,39.34,88.20,41.87,42.55,101.63,45.95,44.93,97.78,45.95,44.84,97.59,47.31,47.92,101.29,0.00,0.00,0.00,0.00,0.00,0.00,0.00,0.00,0.00,0.00,0.00,0.00,349.29,343.20,98.26,2026
EM00014683,Md. Shohel,1324,Jashore,JA092-C,01,1,6.89,6.96,101.03,6.89,6.51,94.54,6.89,7.09,102.89,7.50,6.17,82.22,7.23,6.61,91.38,7.23,7.65,105.76,7.00,7.10,101.45,7.05,7.60,107.81,0.00,0.00,0.00,0.00,0.00,0.00,0.00,0.00,0.00,0.00,0.00,0.00,56.67,55.67,98.25,2026
EM00009706,Md. Bellal Hossain,1326,Barishal,BA030-G,02,2,6.70,6.78,101.20,6.50,6.65,102.34,6.60,6.74,102.10,31.69,28.85,91.03,29.77,30.08,101.03,32.68,31.77,97.21,32.68,31.94,97.74,33.65,34.26,101.81,0.00,0.00,0.00,0.00,0.00,0.00,0.00,0.00,0.00,0.00,0.00,0.00,180.27,177.07,98.22,2026
EM00007084,Md. Aminul Islam,1327,Faridpur,FA020-G,02,2,33.20,31.40,94.58,32.00,30.59,95.60,32.50,31.45,96.76,35.10,34.26,97.61,33.17,32.67,98.50,36.38,35.82,98.45,36.38,36.91,101.46,37.45,38.06,101.62,0.00,0.00,0.00,0.00,0.00,0.00,0.00,0.00,0.00,0.00,0.00,0.00,276.18,271.16,98.18,2026
EM00015203,Md. Josim Uddin,1330,Pabna,PB013-V,04,1,7.37,6.35,86.21,7.37,6.64,90.05,7.54,7.71,102.23,8.04,8.45,105.15,8.10,8.62,106.40,8.77,8.77,99.99,9.10,8.68,95.43,9.77,9.61,98.37,0.00,0.00,0.00,0.00,0.00,0.00,0.00,0.00,0.00,0.00,0.00,0.00,66.06,64.84,98.15,2026
EM00006688,Md. Quddus Sikder,1336,NRG+KRN,RG02006,02,4,29.75,29.78,100.09,275.48,272.01,98.74,280.11,277.51,99.07,303.26,279.65,92.22,284.74,283.17,99.45,312.52,301.06,96.33,221.63,223.87,101.01,228.20,232.18,101.74,0.00,0.00,0.00,0.00,0.00,0.00,0.00,0.00,0.00,0.00,0.00,0.00,1935.69,1899.23,98.12,2026
EM00014337,Fahad Hosan,1327,Faridpur,FA026-G,02,1,6.00,5.44,90.62,5.90,5.47,92.74,5.95,5.31,89.27,6.30,6.39,101.49,5.90,6.41,108.56,6.50,6.30,97.00,6.50,6.61,101.68,6.70,6.87,102.57,0.00,0.00,0.00,0.00,0.00,0.00,0.00,0.00,0.00,0.00,0.00,0.00,49.75,48.81,98.10,2026
EM00013654,Md. Nur Alam,1327,Faridpur,FA012-C,01,1,5.46,4.33,79.29,5.42,5.18,95.51,5.42,5.07,93.59,5.79,5.98,103.29,5.79,5.48,94.64,5.79,5.91,102.12,5.36,6.06,113.09,5.12,5.29,103.44,0.00,0.00,0.00,0.00,0.00,0.00,0.00,0.00,0.00,0.00,0.00,0.00,44.13,43.29,98.10,2026
EM00014995,Md. Tufan,1321,Rajshahi,RA022-V,04,1,6.35,5.92,93.16,5.77,4.67,80.94,5.90,5.33,90.42,6.30,7.25,115.02,6.30,6.36,100.99,6.82,6.59,96.62,6.73,6.98,103.65,7.23,7.32,101.17,0.00,0.00,0.00,0.00,0.00,0.00,0.00,0.00,0.00,0.00,0.00,0.00,51.40,50.41,98.07,2026
EM00014554,Md. Omar Farukh,1314,Mymensingh,MY031-B,01,1,5.34,4.81,90.13,5.30,4.52,85.25,5.30,4.81,90.67,5.55,4.94,88.99,5.19,4.60,88.48,5.19,5.86,112.83,4.99,5.98,119.69,4.96,5.51,111.04,0.00,0.00,0.00,0.00,0.00,0.00,0.00,0.00,0.00,0.00,0.00,0.00,41.84,41.03,98.05,2026
EM00015346,Owaheduzzaman Sohag,1326,Barishal,BA015-V,04,1,4.37,3.63,83.10,4.37,3.77,86.31,4.47,4.87,108.87,4.77,4.42,92.59,4.67,5.04,107.93,5.06,5.43,107.30,5.25,5.05,96.10,5.65,5.65,99.99,0.00,0.00,0.00,0.00,0.00,0.00,0.00,0.00,0.00,0.00,0.00,0.00,38.61,37.85,98.03,2026
EM00012335,Anoy Saha,1318,Noakhali,NO012-V,04,1,11.45,10.70,93.46,11.45,9.65,84.31,11.71,10.25,87.56,12.49,12.74,102.01,12.49,11.77,94.25,13.53,14.74,108.92,9.85,10.83,109.92,10.58,11.00,103.92,0.00,0.00,0.00,0.00,0.00,0.00,0.00,0.00,0.00,0.00,0.00,0.00,93.55,91.68,98.00,2026
EM00011352,Md. Fajor Ali,1333,Moulvibazar,MO093-B,01,1,7.54,5.97,79.21,7.48,6.46,86.33,7.48,6.56,87.62,8.41,8.62,102.51,8.09,8.11,100.25,8.09,8.23,101.74,7.22,8.23,113.96,7.12,8.00,112.34,0.00,0.00,0.00,0.00,0.00,0.00,0.00,0.00,0.00,0.00,0.00,0.00,61.44,60.19,97.95,2026
EM00015071,Md. Rakibul Islam,1312,Uttara,UT024-G,02,1,12.30,12.45,101.22,11.90,12.05,101.22,12.10,9.84,81.34,13.00,13.09,100.69,12.15,12.61,103.81,13.20,12.80,96.94,13.20,12.83,97.22,13.61,13.64,100.18,0.00,0.00,0.00,0.00,0.00,0.00,0.00,0.00,0.00,0.00,0.00,0.00,101.46,99.31,97.88,2026
EM00010064,Md. Tanbir Ahmed,1315,Chattogram,CH160-P,01,2,6.14,6.35,103.40,3.41,3.53,103.77,3.41,3.48,102.22,3.40,3.60,105.76,3.18,3.67,115.42,3.18,3.34,105.12,33.08,31.91,96.47,31.91,29.93,93.80,0.00,0.00,0.00,0.00,0.00,0.00,0.00,0.00,0.00,0.00,0.00,0.00,87.71,85.83,97.85,2026
EM00008008,Mr. Kafil Uddin,1320,Bogura,BO141-C,01,1,9.72,6.91,71.13,9.65,8.42,87.23,9.65,8.58,88.91,10.51,10.53,100.26,10.25,10.16,99.13,10.25,10.83,105.64,9.25,10.89,117.69,9.29,10.54,113.44,0.00,0.00,0.00,0.00,0.00,0.00,0.00,0.00,0.00,0.00,0.00,0.00,78.57,76.87,97.83,2026
EM00016191,Hasanul Islam,1314,Mymensingh,MY114-B,01,1,0.00,0.00,0.00,0.00,0.00,0.00,0.00,0.00,0.00,0.00,0.00,0.00,0.00,0.00,0.00,5.77,4.53,78.49,5.23,5.75,109.80,5.16,5.53,107.29,0.00,0.00,0.00,0.00,0.00,0.00,0.00,0.00,0.00,0.00,0.00,0.00,16.16,15.80,97.83,2026
EM00016246,Burhan Uddin Robbani,1328,Cox's Bazar,CO022-A,01,1,0.00,0.00,0.00,0.00,0.00,0.00,0.00,0.00,0.00,0.00,0.00,0.00,0.00,0.00,0.00,3.83,3.44,89.82,3.87,3.87,100.21,3.74,3.87,103.50,0.00,0.00,0.00,0.00,0.00,0.00,0.00,0.00,0.00,0.00,0.00,0.00,11.44,11.19,97.81,2026
EM00014912,Tanmoy Mondal,1320,Bogura,BO011-G,02,1,5.70,4.91,86.20,5.55,5.14,92.64,5.65,5.65,100.04,6.10,6.12,100.35,5.70,5.71,100.10,6.25,5.77,92.36,6.00,6.03,100.45,6.15,6.73,109.45,0.00,0.00,0.00,0.00,0.00,0.00,0.00,0.00,0.00,0.00,0.00,0.00,47.10,46.07,97.80,2026
EM00004345,Md. Mustafizur Rahman,1311,Dhanmondi,DH010-G,02,2,36.00,36.28,100.78,34.00,33.33,98.03,34.05,32.61,95.77,36.73,34.91,95.03,33.10,32.01,96.71,36.30,33.08,91.13,36.00,36.50,101.40,36.90,38.04,103.08,0.00,0.00,0.00,0.00,0.00,0.00,0.00,0.00,0.00,0.00,0.00,0.00,283.08,276.76,97.77,2026
EM00009951,Md. Mamun Munshi,1324,Jashore,JA170-P,01,2,32.97,32.55,98.73,32.67,29.86,91.38,32.67,29.52,90.33,35.48,33.20,93.57,35.00,33.93,96.94,35.00,35.05,100.15,31.50,32.50,103.16,31.72,34.45,108.60,0.00,0.00,0.00,0.00,0.00,0.00,0.00,0.00,0.00,0.00,0.00,0.00,267.02,261.05,97.76,2026
EM00010873,Md. Rustom Ali,1321,Rajshahi,RA010-G,02,2,31.40,28.98,92.30,30.38,28.38,93.42,30.90,29.22,94.56,33.45,32.71,97.80,31.40,31.48,100.27,34.45,34.59,100.41,34.45,34.51,100.18,35.47,36.16,101.94,0.00,0.00,0.00,0.00,0.00,0.00,0.00,0.00,0.00,0.00,0.00,0.00,261.90,256.04,97.76,2026
EM00014864,Mehedi Hasan,1335,Kushtia,KU015-G,02,1,6.40,5.85,91.42,6.00,5.58,93.01,6.10,6.17,101.10,6.60,5.53,83.79,6.20,6.53,105.31,6.85,6.91,100.85,6.85,7.13,104.03,7.30,7.44,101.86,0.00,0.00,0.00,0.00,0.00,0.00,0.00,0.00,0.00,0.00,0.00,0.00,52.30,51.13,97.76,2026
EM00014730,Imran Hossen,1327,Faridpur,FA036-G,02,1,6.75,7.01,103.91,6.55,5.90,90.06,6.70,6.43,96.03,7.25,7.14,98.50,6.80,6.97,102.49,7.40,6.42,86.74,7.33,7.51,102.42,7.56,7.67,101.51,0.00,0.00,0.00,0.00,0.00,0.00,0.00,0.00,0.00,0.00,0.00,0.00,56.34,55.06,97.72,2026
EM00011601,Md. Rukunuzzaman .,1311,Dhanmondi,DH052-V,04,1,10.00,9.27,92.72,10.00,10.03,100.30,10.23,8.69,84.98,10.91,11.28,103.41,10.91,11.49,105.32,11.80,12.08,102.33,12.25,11.60,94.72,13.16,12.77,97.03,0.00,0.00,0.00,0.00,0.00,0.00,0.00,0.00,0.00,0.00,0.00,0.00,89.26,87.22,97.71,2026
EM00011281,Akram Ali,1318,Noakhali,NO122-B,01,1,9.13,9.19,100.72,9.10,6.45,70.81,9.10,7.45,81.88,9.67,10.14,104.86,9.56,9.63,100.65,9.56,10.23,106.97,8.96,9.60,107.08,8.83,9.54,108.04,0.00,0.00,0.00,0.00,0.00,0.00,0.00,0.00,0.00,0.00,0.00,0.00,73.92,72.23,97.71,2026
EM00006236,Md. Abu Hanif,1322,Rangpur,RN020-V,04,2,32.43,29.93,92.28,32.50,28.32,87.13,33.24,29.21,87.88,35.33,38.97,110.32,35.16,35.17,100.03,38.09,40.03,105.10,39.37,38.26,97.17,42.19,41.77,99.00,0.00,0.00,0.00,0.00,0.00,0.00,0.00,0.00,0.00,0.00,0.00,0.00,288.31,281.66,97.69,2026
EM00016443,Md. Khairul Islam,1314,Mymensingh,MY013-G,02,1,0.00,0.00,0.00,0.00,0.00,0.00,0.00,0.00,0.00,0.00,0.00,0.00,0.00,0.00,0.00,0.00,0.00,0.00,0.00,0.00,0.00,6.35,6.20,97.69,0.00,0.00,0.00,0.00,0.00,0.00,0.00,0.00,0.00,0.00,0.00,0.00,6.35,6.20,97.69,2026
EM00009084,Md. Rakibul Islam,1312,Uttara,UT025-G,02,1,6.90,7.12,103.18,6.73,6.06,89.99,6.85,7.06,103.05,7.50,7.64,101.90,7.10,6.83,96.15,8.00,6.79,84.91,8.00,8.12,101.50,8.23,8.32,101.03,0.00,0.00,0.00,0.00,0.00,0.00,0.00,0.00,0.00,0.00,0.00,0.00,59.31,57.93,97.68,2026
EM00011861,Pongkaz Kumar Saha,1316,Sylhet,SY010-V,04,2,5.95,5.98,100.48,5.95,5.48,92.07,6.09,5.59,91.86,6.50,7.21,110.89,6.50,6.86,105.56,6.72,7.55,112.30,48.55,45.61,93.95,52.26,51.01,97.61,0.00,0.00,0.00,0.00,0.00,0.00,0.00,0.00,0.00,0.00,0.00,0.00,138.52,135.29,97.67,2026
EM00011638,Md. Shahjalal Miah,1317,Cumilla,CU083-C,01,1,10.42,10.46,100.33,10.35,10.37,100.23,10.35,10.40,100.49,10.07,10.11,100.39,9.72,8.34,85.79,9.72,8.94,92.04,10.51,10.53,100.24,10.38,10.45,100.69,0.00,0.00,0.00,0.00,0.00,0.00,0.00,0.00,0.00,0.00,0.00,0.00,81.51,79.60,97.66,2026
EM00012567,Md. Babor Ali,1330,Pabna,PB021-V,04,1,5.62,5.09,90.52,5.62,4.74,84.39,5.75,4.93,85.78,6.13,6.58,107.31,6.10,6.11,100.15,6.61,6.72,101.69,6.85,7.08,103.30,7.36,7.61,103.42,0.00,0.00,0.00,0.00,0.00,0.00,0.00,0.00,0.00,0.00,0.00,0.00,50.04,48.86,97.64,2026
EM00003468,Md. Robiul Islam,1332,CML+BRB,RV04007,04,4,127.03,122.09,96.11,127.03,121.05,95.29,129.92,112.94,86.93,138.58,140.68,101.52,138.58,138.30,99.80,150.13,153.47,102.22,155.90,158.23,101.49,167.45,161.02,96.16,0.00,0.00,0.00,0.00,0.00,0.00,0.00,0.00,0.00,0.00,0.00,0.00,1134.62,1107.78,97.63,2026
EM00005901,Md. Jahangir Alam,1332,B. Baria,BB041-B,01,1,9.03,8.15,90.19,8.97,8.51,94.90,7.05,6.37,90.41,7.18,7.21,100.31,7.12,6.30,88.51,7.12,7.48,105.07,7.29,7.89,108.26,7.19,7.59,105.60,0.00,0.00,0.00,0.00,0.00,0.00,0.00,0.00,0.00,0.00,0.00,0.00,60.96,59.51,97.62,2026
EM00009632,Md. Shafiqul Islam,1312,Uttara,UT031-V,04,1,8.65,8.95,103.46,8.75,8.82,100.84,8.95,8.10,90.51,9.55,9.59,100.40,9.60,7.76,80.80,10.40,10.65,102.36,10.80,10.91,101.04,11.60,11.65,100.45,0.00,0.00,0.00,0.00,0.00,0.00,0.00,0.00,0.00,0.00,0.00,0.00,78.30,76.43,97.61,2026
EM00009712,Md. Basharul Islam,1330,RJS+PAB,RA023-G,02,1,6.33,5.75,90.83,6.35,5.76,90.78,6.25,6.33,101.25,6.96,6.46,92.78,6.52,6.74,103.34,7.16,6.46,90.17,5.50,5.75,104.51,5.65,6.25,110.55,0.00,0.00,0.00,0.00,0.00,0.00,0.00,0.00,0.00,0.00,0.00,0.00,50.72,49.49,97.57,2026
EM00015703,Md. Golam Safi,1332,B. Baria,BB022-G,02,1,0.00,0.00,0.00,7.45,6.69,89.74,7.57,7.70,101.75,8.20,7.06,86.05,7.70,7.77,100.96,8.45,8.52,100.85,8.45,8.54,101.09,8.70,8.85,101.67,0.00,0.00,0.00,0.00,0.00,0.00,0.00,0.00,0.00,0.00,0.00,0.00,56.52,55.13,97.54,2026
EM00014949,Md. Alam Mia,1318,Noakhali,NO051-A,01,1,5.72,4.98,87.05,5.67,4.97,87.56,5.67,5.29,93.25,5.13,5.36,104.45,5.21,5.26,101.02,5.21,5.47,105.05,5.01,5.19,103.52,4.92,4.98,101.22,0.00,0.00,0.00,0.00,0.00,0.00,0.00,0.00,0.00,0.00,0.00,0.00,42.55,41.50,97.54,2026
EM00006333,Md. Azbar Ali,1311,Dhanmondi,RG02004,02,4,67.61,68.16,100.81,65.41,66.09,101.03,66.52,67.66,101.72,72.02,64.15,89.08,67.61,68.09,100.71,74.21,72.20,97.29,259.87,251.94,96.95,267.57,259.04,96.81,0.00,0.00,0.00,0.00,0.00,0.00,0.00,0.00,0.00,0.00,0.00,0.00,940.82,917.34,97.50,2026
EM00013376,Md. Bani Israil,1318,Noakhali,NO124-A,01,1,9.04,8.19,90.59,9.00,8.10,90.02,9.00,8.71,96.83,5.83,5.86,100.57,5.74,5.42,94.43,5.74,5.77,100.60,5.31,5.61,105.63,5.26,5.87,111.61,0.00,0.00,0.00,0.00,0.00,0.00,0.00,0.00,0.00,0.00,0.00,0.00,54.91,53.53,97.49,2026
EM00015273,Md. Hafizur Rahman,1330,Pabna,PB016-G,02,1,3.83,3.97,103.71,3.65,3.34,91.47,3.76,3.66,97.33,4.08,3.66,89.65,3.78,3.88,102.73,4.50,4.10,91.10,4.50,4.54,100.85,4.70,4.82,102.54,0.00,0.00,0.00,0.00,0.00,0.00,0.00,0.00,0.00,0.00,0.00,0.00,32.80,31.97,97.46,2026
EM00012097,Abdul Awal .,1317,Cumilla,CU131-B,01,1,10.20,10.05,98.50,10.13,10.48,103.45,10.13,10.61,104.77,9.88,8.42,85.21,9.52,9.61,100.97,9.52,9.43,99.05,10.26,9.26,90.23,10.12,9.86,97.45,0.00,0.00,0.00,0.00,0.00,0.00,0.00,0.00,0.00,0.00,0.00,0.00,79.75,77.71,97.44,2026
EM00014784,Md. Shahabbuddin,1325,Khulna,KH013-G,02,1,5.10,4.84,94.99,4.94,4.47,90.39,5.05,5.12,101.41,5.46,5.19,95.13,5.15,5.18,100.53,5.66,5.04,89.12,5.66,5.92,104.52,5.84,5.99,102.64,0.00,0.00,0.00,0.00,0.00,0.00,0.00,0.00,0.00,0.00,0.00,0.00,42.86,41.76,97.43,2026
EM00015522,Ariful Islam,1321,Rajshahi,RA016-G,02,1,3.60,2.65,73.67,3.50,2.96,84.60,3.57,3.51,98.24,3.86,3.91,101.33,3.65,3.80,104.04,4.10,4.19,102.25,4.10,4.35,106.15,4.42,4.63,104.78,0.00,0.00,0.00,0.00,0.00,0.00,0.00,0.00,0.00,0.00,0.00,0.00,30.80,30.01,97.42,2026
EM00015720,Md. Sohel Rana,1318,Noakhali,NO011-V,04,1,0.00,0.00,0.00,9.25,7.58,81.92,9.46,8.60,90.96,10.09,10.91,108.15,10.09,9.61,95.26,10.93,11.59,106.08,9.75,10.10,103.54,10.47,9.84,93.94,0.00,0.00,0.00,0.00,0.00,0.00,0.00,0.00,0.00,0.00,0.00,0.00,70.04,68.23,97.42,2026
EM00014996,Dip Kumar Ghosh,1335,Kushtia,KU024-V,04,1,5.09,4.07,79.88,5.09,5.18,101.86,5.21,4.05,77.66,5.56,5.67,102.04,5.60,5.74,102.58,6.07,6.41,105.60,6.30,6.47,102.64,6.77,6.91,102.13,0.00,0.00,0.00,0.00,0.00,0.00,0.00,0.00,0.00,0.00,0.00,0.00,45.69,44.51,97.41,2026
EM00006910,Md. Nasir Uddin,1336,NRG+KRN,NA030-G,02,2,54.16,51.72,95.50,52.40,50.50,96.38,53.28,53.96,101.26,57.67,53.22,92.28,54.15,55.10,101.75,59.43,56.28,94.70,59.43,58.97,99.23,61.20,60.19,98.35,0.00,0.00,0.00,0.00,0.00,0.00,0.00,0.00,0.00,0.00,0.00,0.00,451.72,439.94,97.39,2026
EM00007271,Mr. Helal Uddin,1334,Kishoreganj,KI085-C,01,1,7.91,8.03,101.40,7.86,7.95,101.09,7.86,7.96,101.23,8.56,7.36,85.91,8.28,7.95,96.04,8.28,7.97,96.25,8.21,8.02,97.64,8.10,8.14,100.46,0.00,0.00,0.00,0.00,0.00,0.00,0.00,0.00,0.00,0.00,0.00,0.00,65.06,63.36,97.38,2026
EM00006468,Md. Wahidul Islam,1325,Khulna,KH132-B,01,1,0.00,0.00,0.00,0.00,0.00,0.00,0.00,0.00,0.00,0.00,0.00,0.00,0.00,0.00,0.00,0.00,0.00,0.00,5.07,4.75,93.73,4.97,5.03,101.08,0.00,0.00,0.00,0.00,0.00,0.00,0.00,0.00,0.00,0.00,0.00,0.00,10.04,9.78,97.37,2026
EM00010103,Md. Chan Mia,1312,Uttara,UT034-V,04,1,7.44,7.47,100.43,7.44,6.84,91.90,7.61,7.10,93.31,8.11,9.01,111.10,8.26,7.97,96.50,8.95,8.61,96.23,9.29,9.08,97.79,9.98,9.21,92.31,0.00,0.00,0.00,0.00,0.00,0.00,0.00,0.00,0.00,0.00,0.00,0.00,67.08,65.30,97.35,2026
EM00014341,Md. Imdadul Haque,1310,Paltan,PA022-G,02,1,9.40,9.42,100.16,8.70,8.58,98.57,8.85,9.17,103.59,9.70,8.92,91.97,9.11,7.61,83.51,9.70,8.78,90.56,9.70,10.30,106.15,10.00,10.40,103.97,0.00,0.00,0.00,0.00,0.00,0.00,0.00,0.00,0.00,0.00,0.00,0.00,75.16,73.17,97.35,2026
EM00005606,Tanbir Ahmad Siddiquy,1319,Feni,FE020-G,02,2,33.29,33.69,101.19,32.20,32.79,101.84,32.75,31.99,97.68,35.45,31.71,89.44,33.28,33.56,100.85,36.52,34.88,95.51,36.52,33.96,92.99,37.60,37.65,100.14,0.00,0.00,0.00,0.00,0.00,0.00,0.00,0.00,0.00,0.00,0.00,0.00,277.61,270.23,97.34,2026
EM00013641,Ruyel Hossain,1315,Chattogram,CH013-B,01,1,4.16,4.57,109.80,4.13,3.80,92.06,4.13,4.15,100.56,4.20,4.24,100.98,4.08,3.43,84.08,4.08,3.80,93.26,4.11,3.88,94.26,4.02,4.16,103.48,0.00,0.00,0.00,0.00,0.00,0.00,0.00,0.00,0.00,0.00,0.00,0.00,32.90,32.03,97.34,2026
EM00014435,Saiwob Aktar,1335,Kushtia,KU014-V,04,1,5.71,4.59,80.44,5.71,5.78,101.16,5.84,4.84,82.94,6.22,6.34,101.93,6.20,6.64,107.15,6.72,6.82,101.52,6.98,6.75,96.76,7.50,7.75,103.38,0.00,0.00,0.00,0.00,0.00,0.00,0.00,0.00,0.00,0.00,0.00,0.00,50.88,49.53,97.34,2026
EM00015348,Shuman Miah,1330,Pabna,PB024-V,04,1,4.25,4.36,102.48,4.25,4.30,101.23,4.35,3.15,72.37,4.64,4.81,103.58,4.75,4.91,103.38,5.15,5.18,100.50,5.35,4.93,92.23,5.75,5.83,101.35,0.00,0.00,0.00,0.00,0.00,0.00,0.00,0.00,0.00,0.00,0.00,0.00,38.49,37.46,97.33,2026
EM00012377,Md. Mahi Uddin Sagar,1321,Rajshahi,RA034-V,04,1,4.82,4.41,91.59,4.82,4.49,93.10,4.93,4.46,90.44,5.26,5.49,104.30,5.11,5.83,114.16,5.54,5.77,104.20,5.89,5.14,87.27,6.32,5.95,94.17,0.00,0.00,0.00,0.00,0.00,0.00,0.00,0.00,0.00,0.00,0.00,0.00,42.69,41.55,97.32,2026
EM00015825,Md. Belal Hossain,1328,Cox's Bazar,CO091-A,01,1,0.00,0.00,0.00,0.00,0.00,0.00,9.54,8.86,92.86,11.00,10.41,94.69,10.59,10.15,95.90,10.59,9.71,91.74,9.92,9.26,93.37,9.58,11.16,116.57,0.00,0.00,0.00,0.00,0.00,0.00,0.00,0.00,0.00,0.00,0.00,0.00,61.21,59.57,97.31,2026
EM00015959,Shohagh Sheikh,1321,Rajshahi,RA044-A,01,1,0.00,0.00,0.00,0.00,0.00,0.00,0.00,0.00,0.00,3.69,2.52,68.45,3.66,3.82,104.34,3.66,3.97,108.49,3.56,3.70,104.10,3.56,3.62,101.55,0.00,0.00,0.00,0.00,0.00,0.00,0.00,0.00,0.00,0.00,0.00,0.00,18.13,17.64,97.29,2026
EM00012763,Md. Imran Khan,1316,Sylhet,SY023-G,02,1,4.50,4.07,90.33,4.35,4.37,100.38,4.50,4.20,93.39,5.00,4.09,81.75,5.30,5.67,107.01,6.00,6.05,100.83,6.00,6.02,100.31,6.15,6.20,100.82,0.00,0.00,0.00,0.00,0.00,0.00,0.00,0.00,0.00,0.00,0.00,0.00,41.80,40.66,97.28,2026
EM00013312,K.R Toufiqur Rahman,1324,Jashore,JA021-V,04,1,6.75,6.90,102.17,6.75,5.66,83.83,6.90,6.05,87.65,7.34,7.51,102.31,7.34,7.38,100.54,7.90,8.12,102.82,6.60,6.20,94.01,7.00,7.21,103.03,0.00,0.00,0.00,0.00,0.00,0.00,0.00,0.00,0.00,0.00,0.00,0.00,56.58,55.03,97.26,2026
EM00012326,Ashis Kumar Paul,1331,Chandpur,CA043-A,01,1,7.56,6.97,92.13,7.51,7.63,101.62,7.51,8.06,107.33,7.34,7.45,101.59,7.55,7.72,102.31,7.55,6.80,90.08,7.47,6.72,89.98,7.30,6.79,93.02,0.00,0.00,0.00,0.00,0.00,0.00,0.00,0.00,0.00,0.00,0.00,0.00,59.80,58.16,97.26,2026
EM00010288,Md. Jahidul Islam,1310,Paltan,PA071-A,01,1,6.50,6.52,100.45,6.45,6.71,104.10,6.45,5.80,89.88,7.12,6.13,86.09,6.85,5.97,87.06,6.85,7.16,104.45,6.11,6.53,106.87,6.16,6.23,101.11,0.00,0.00,0.00,0.00,0.00,0.00,0.00,0.00,0.00,0.00,0.00,0.00,52.50,51.05,97.25,2026
EM00013904,Md. Mehedi Hasan Chowdhury,1331,Chandpur,CA013-V,04,1,6.30,5.37,85.25,6.30,5.65,89.70,6.44,5.97,92.74,6.86,7.39,107.79,6.86,7.03,102.55,7.43,7.87,105.87,7.72,7.26,93.98,8.29,8.10,97.75,0.00,0.00,0.00,0.00,0.00,0.00,0.00,0.00,0.00,0.00,0.00,0.00,56.20,54.65,97.24,2026
EM00014647,Md. Mahabub Rana,1310,Paltan,PA021-V,04,1,8.50,8.69,102.23,8.50,8.02,94.37,8.70,7.07,81.32,9.31,9.49,101.90,9.31,8.87,95.29,10.08,9.67,95.96,10.47,9.20,87.87,11.25,12.98,115.40,0.00,0.00,0.00,0.00,0.00,0.00,0.00,0.00,0.00,0.00,0.00,0.00,76.12,74.00,97.22,2026
EM00014439,Md. Shamim Hossain,1313,Narayanganj,NA046-G,02,1,10.04,9.88,98.41,9.70,9.88,101.84,9.86,10.12,102.67,10.68,9.06,84.86,10.05,10.25,101.96,11.05,9.72,87.92,7.00,7.20,102.80,7.20,7.37,102.38,0.00,0.00,0.00,0.00,0.00,0.00,0.00,0.00,0.00,0.00,0.00,0.00,75.58,73.47,97.21,2026
EM00011096,Md. Monjur Rahman,1322,Rangpur,RN040-G,02,2,6.52,6.61,101.34,6.40,6.46,100.96,6.50,7.09,109.08,7.03,7.05,100.30,6.55,6.73,102.77,7.18,7.21,100.46,21.35,20.72,97.06,22.00,19.30,87.75,0.00,0.00,0.00,0.00,0.00,0.00,0.00,0.00,0.00,0.00,0.00,0.00,83.53,81.18,97.19,2026
EM00013143,Md. Ataur Rahman,1322,Rangpur,RN022-G,02,1,4.60,3.91,84.96,4.40,3.73,84.73,4.45,3.87,86.95,4.85,4.89,100.81,4.60,5.08,110.39,5.05,5.07,100.41,5.05,5.29,104.84,5.20,5.29,101.68,0.00,0.00,0.00,0.00,0.00,0.00,0.00,0.00,0.00,0.00,0.00,0.00,38.20,37.13,97.19,2026
EM00016450,Md. Harun-Ar- Rashid,1321,Rajshahi,RA015-G,02,1,0.00,0.00,0.00,0.00,0.00,0.00,0.00,0.00,0.00,0.00,0.00,0.00,0.00,0.00,0.00,0.00,0.00,0.00,0.00,0.00,0.00,4.80,4.66,97.18,0.00,0.00,0.00,0.00,0.00,0.00,0.00,0.00,0.00,0.00,0.00,0.00,4.80,4.66,97.18,2026
EM00011085,Miraz Ali,1326,Barishal,BA033-G,02,1,5.77,5.88,101.92,5.60,5.65,100.96,5.70,4.93,86.50,6.18,5.26,85.08,5.77,5.63,97.53,6.50,6.60,101.57,6.50,6.67,102.55,6.65,6.66,100.16,0.00,0.00,0.00,0.00,0.00,0.00,0.00,0.00,0.00,0.00,0.00,0.00,48.67,47.28,97.15,2026
EM00012718,Md. Fajor Ali,1312,Uttara,UT011-G,02,1,6.90,6.97,100.96,6.80,6.80,100.04,6.91,7.00,101.23,7.50,6.58,87.79,7.04,6.28,89.15,7.72,7.27,94.16,7.72,7.88,102.03,8.14,8.26,101.50,0.00,0.00,0.00,0.00,0.00,0.00,0.00,0.00,0.00,0.00,0.00,0.00,58.73,57.03,97.11,2026
EM00007290,Md. Ahad Miah,1313,Narayanganj,NA030-V,04,2,34.13,34.79,101.92,34.13,32.31,94.67,34.91,32.95,94.39,37.24,38.57,103.58,37.24,34.93,93.80,40.35,40.48,100.32,41.90,39.39,94.01,45.00,42.64,94.75,0.00,0.00,0.00,0.00,0.00,0.00,0.00,0.00,0.00,0.00,0.00,0.00,304.90,296.06,97.10,2026
EM00014957,Md. Mehedi Hasan Shaikat,1315,Chattogram,CH322-A,01,1,4.74,4.38,92.46,4.71,4.71,100.00,4.71,4.35,92.37,4.90,4.52,92.35,4.72,4.50,95.27,4.72,4.75,100.53,4.42,4.54,102.69,4.40,4.48,101.96,0.00,0.00,0.00,0.00,0.00,0.00,0.00,0.00,0.00,0.00,0.00,0.00,37.31,36.23,97.09,2026
EM00005496,Md. Rakibul Hasan,1327,JSR+FRD,FA010-G,02,2,40.50,38.94,96.14,39.50,37.90,95.94,40.10,39.68,98.94,43.30,41.06,94.83,41.10,39.74,96.68,45.07,41.55,92.19,45.07,45.16,100.19,46.40,47.08,101.46,0.00,0.00,0.00,0.00,0.00,0.00,0.00,0.00,0.00,0.00,0.00,0.00,341.04,331.09,97.08,2026
EM00010937,Md. Rakibul Hasan,1313,Narayanganj,NA040-G,02,2,10.70,8.24,77.01,10.35,7.70,74.35,10.50,7.91,75.32,52.35,50.54,96.55,49.15,50.13,102.00,53.95,54.10,100.28,53.95,54.31,100.68,55.54,54.90,98.85,0.00,0.00,0.00,0.00,0.00,0.00,0.00,0.00,0.00,0.00,0.00,0.00,296.49,287.84,97.08,2026
EM00014581,Md. Sahadat,1311,Dhanmondi,DH182-B,01,1,4.47,4.08,91.28,4.47,4.04,90.49,4.47,4.07,90.96,5.20,4.72,90.78,5.01,4.74,94.60,5.01,4.71,94.04,4.70,5.45,116.03,4.93,5.33,107.98,0.00,0.00,0.00,0.00,0.00,0.00,0.00,0.00,0.00,0.00,0.00,0.00,38.27,37.15,97.07,2026
EM00015459,Sumon Miah,1310,Paltan,PA031-A,01,1,5.13,5.21,101.67,5.09,5.36,105.24,5.09,5.17,101.68,5.57,5.14,92.26,5.37,5.05,94.04,5.37,5.09,94.87,4.86,4.54,93.48,4.90,4.59,93.71,0.00,0.00,0.00,0.00,0.00,0.00,0.00,0.00,0.00,0.00,0.00,0.00,41.36,40.15,97.07,2026
EM00012506,Md. Lalin Sarkar,1322,Rangpur,RN023-G,02,1,5.20,4.35,83.75,5.05,4.39,86.85,5.10,4.98,97.57,5.50,5.48,99.69,5.25,5.29,100.74,5.75,5.59,97.14,5.75,5.91,102.71,5.90,6.24,105.73,0.00,0.00,0.00,0.00,0.00,0.00,0.00,0.00,0.00,0.00,0.00,0.00,43.50,42.22,97.05,2026
EM00012380,Liton Chandra Saha,1330,Pabna,PB011-V,04,1,5.44,4.74,87.10,5.44,4.80,88.23,5.56,5.09,91.62,5.93,5.97,100.59,5.90,6.13,103.97,6.39,6.46,101.09,6.65,6.68,100.44,7.14,7.14,100.06,0.00,0.00,0.00,0.00,0.00,0.00,0.00,0.00,0.00,0.00,0.00,0.00,48.45,47.02,97.04,2026
EM00009239,Abu Sayed Md. Hassanuzzaman,1334,PLT+NRG+MYM+CML+TNG+KSG,PA020-N,03,2,28.85,29.05,100.68,28.85,28.04,97.20,28.25,32.50,115.06,28.85,33.51,116.15,29.85,29.27,98.07,29.85,26.73,89.55,33.35,27.48,82.41,33.35,27.46,82.33,0.00,0.00,0.00,0.00,0.00,0.00,0.00,0.00,0.00,0.00,0.00,0.00,241.20,234.05,97.03,2026
EM00011817,Md. Ariful Islam,1330,Pabna,PB010-V,04,2,22.74,19.64,86.38,22.74,20.53,90.26,23.26,21.51,92.46,24.81,25.55,102.97,24.61,26.01,105.69,26.66,26.69,100.12,27.70,27.13,97.93,29.75,29.22,98.21,0.00,0.00,0.00,0.00,0.00,0.00,0.00,0.00,0.00,0.00,0.00,0.00,202.27,196.27,97.03,2026
EM00011327,Md. Shakerullah,1316,Sylhet,SY015-G,02,1,7.90,7.20,91.15,7.65,7.84,102.43,7.77,7.25,93.33,8.40,7.67,91.28,7.90,8.11,102.72,8.66,8.75,101.07,8.66,8.14,94.01,8.90,8.92,100.19,0.00,0.00,0.00,0.00,0.00,0.00,0.00,0.00,0.00,0.00,0.00,0.00,65.84,63.88,97.03,2026
EM00012791,Razu Ahamad,1322,Rangpur,RN022-V,04,1,8.30,8.56,103.16,8.35,8.48,101.57,8.54,6.98,81.78,9.15,9.56,104.53,9.15,8.67,94.72,9.91,10.13,102.24,10.30,10.40,100.99,11.06,9.74,88.05,0.00,0.00,0.00,0.00,0.00,0.00,0.00,0.00,0.00,0.00,0.00,0.00,74.76,72.53,97.02,2026
EM00011810,Rubel Mia,1317,Cumilla,CU092-A,01,1,7.48,7.13,95.33,7.42,7.48,100.76,7.42,6.57,88.56,7.39,7.42,100.38,7.13,6.08,85.29,7.13,7.29,102.30,7.46,7.53,100.86,7.36,7.49,101.83,0.00,0.00,0.00,0.00,0.00,0.00,0.00,0.00,0.00,0.00,0.00,0.00,58.78,56.98,96.94,2026
EM00015908,Md. Abdur Razzak,1321,Rajshahi,RA013-V,04,1,0.00,0.00,0.00,0.00,0.00,0.00,0.00,0.00,0.00,6.38,6.47,101.35,5.90,6.27,106.33,6.39,6.46,101.03,6.60,6.64,100.61,7.09,5.53,78.06,0.00,0.00,0.00,0.00,0.00,0.00,0.00,0.00,0.00,0.00,0.00,0.00,32.36,31.37,96.94,2026
EM00008539,Md. Mahsin Habib,1327,Faridpur,FA032-V,04,1,6.25,5.13,82.11,6.25,5.75,91.98,6.39,6.15,96.23,6.82,7.03,103.10,6.65,6.32,95.05,7.20,7.34,101.97,7.48,7.49,100.17,8.02,8.16,101.69,0.00,0.00,0.00,0.00,0.00,0.00,0.00,0.00,0.00,0.00,0.00,0.00,55.06,53.37,96.93,2026
EM00013585,Syful Islam,1334,Kishoreganj,KI011-A,01,1,7.55,7.14,94.52,7.45,6.49,87.19,7.45,7.12,95.57,8.19,7.86,95.96,7.70,6.70,87.02,7.70,7.58,98.54,7.24,8.05,111.33,7.15,7.61,106.45,0.00,0.00,0.00,0.00,0.00,0.00,0.00,0.00,0.00,0.00,0.00,0.00,60.41,58.55,96.92,2026
EM00014113,Md. Asraful Islam,1318,Noakhali,NO034-G,02,1,8.40,8.91,106.05,8.20,7.91,96.42,8.35,8.50,101.77,9.05,7.18,79.36,8.52,8.87,104.15,9.50,8.88,93.42,9.50,9.04,95.11,9.80,9.83,100.33,0.00,0.00,0.00,0.00,0.00,0.00,0.00,0.00,0.00,0.00,0.00,0.00,71.32,69.11,96.91,2026
EM00010258,Md. Roni Ahmed,1313,Narayanganj,NA051-G,02,1,7.50,7.54,100.56,7.25,6.78,93.52,7.28,6.88,94.53,7.88,7.25,91.95,7.40,6.90,93.26,8.12,8.16,100.54,8.14,8.23,101.13,8.38,8.26,98.54,0.00,0.00,0.00,0.00,0.00,0.00,0.00,0.00,0.00,0.00,0.00,0.00,61.95,60.01,96.86,2026
EM00013164,Md. Arifuzzaman,1334,Kishoreganj,KI071-B,01,1,5.87,5.69,96.93,5.81,5.50,94.81,5.81,5.22,89.98,6.34,6.08,95.94,6.15,4.97,80.79,6.15,5.72,93.10,6.08,6.82,112.17,6.02,6.68,111.00,0.00,0.00,0.00,0.00,0.00,0.00,0.00,0.00,0.00,0.00,0.00,0.00,48.22,46.69,96.84,2026
EM00015350,Eartija Rohman,1322,Rangpur,RN024-V,04,1,5.60,4.23,75.62,5.60,4.46,79.72,5.73,5.24,91.47,5.83,6.04,103.58,5.83,6.05,103.69,6.32,6.84,108.26,6.56,6.66,101.53,7.05,7.45,105.69,0.00,0.00,0.00,0.00,0.00,0.00,0.00,0.00,0.00,0.00,0.00,0.00,48.52,46.98,96.82,2026
EM00007216,Md. Asaduzzaman Nur,1317,Cumilla,CU030-P,01,2,41.95,42.06,100.27,41.65,42.96,103.14,41.65,43.64,104.78,41.73,37.37,89.54,40.21,36.82,91.57,40.21,37.32,92.82,42.54,41.49,97.54,41.93,39.62,94.50,0.00,0.00,0.00,0.00,0.00,0.00,0.00,0.00,0.00,0.00,0.00,0.00,331.86,321.28,96.81,2026
EM00015223,Masum Rana,1316,Sylhet,SY013-C,01,1,3.89,4.07,104.66,3.60,3.87,107.56,3.60,3.68,102.25,3.77,3.78,100.34,3.70,2.98,80.47,3.70,2.82,76.34,3.29,3.39,103.05,3.25,3.28,100.95,0.00,0.00,0.00,0.00,0.00,0.00,0.00,0.00,0.00,0.00,0.00,0.00,28.79,27.87,96.81,2026
EM00011023,M.M. Jewel Rana,1324,Jashore,JA011-G,02,1,7.60,7.26,95.51,7.40,6.68,90.21,7.52,7.55,100.44,8.14,7.27,89.34,7.65,7.42,97.05,8.40,8.01,95.32,8.40,8.60,102.44,8.65,8.91,103.06,0.00,0.00,0.00,0.00,0.00,0.00,0.00,0.00,0.00,0.00,0.00,0.00,63.76,61.71,96.79,2026
EM00014544,Md. Habibur Rahman,1317,Cumilla,CU032-A,01,1,7.00,7.06,100.87,6.95,7.46,107.37,6.95,6.71,96.55,6.92,6.82,98.57,6.66,6.07,91.06,6.66,6.16,92.51,7.13,6.60,92.63,7.03,6.62,94.24,0.00,0.00,0.00,0.00,0.00,0.00,0.00,0.00,0.00,0.00,0.00,0.00,55.30,53.51,96.77,2026
EM00011750,Md. Rubel Haque,1322,Rangpur,RN032-A,01,1,4.80,3.70,77.15,4.76,3.82,80.16,4.76,3.87,81.33,4.62,4.30,93.09,4.44,3.86,86.89,4.44,4.99,112.55,4.35,5.47,125.66,4.34,5.32,122.48,0.00,0.00,0.00,0.00,0.00,0.00,0.00,0.00,0.00,0.00,0.00,0.00,36.51,35.32,96.76,2026
EM00013748,Md. Suman Hossain,1311,Dhanmondi,DH182-A,01,1,4.25,3.84,90.53,4.25,3.83,90.32,4.25,3.89,91.67,4.88,4.62,94.76,4.69,4.34,92.58,4.69,4.49,95.75,4.11,4.56,111.01,3.75,4.14,110.27,0.00,0.00,0.00,0.00,0.00,0.00,0.00,0.00,0.00,0.00,0.00,0.00,34.85,33.72,96.75,2026
EM00010848,Jowel .,1319,Feni,FE061-C,01,1,9.49,8.65,91.12,9.42,8.54,90.62,9.42,7.12,75.52,9.60,10.59,110.25,9.60,9.64,100.46,9.60,8.84,92.12,9.16,10.24,111.81,9.03,9.24,102.37,0.00,0.00,0.00,0.00,0.00,0.00,0.00,0.00,0.00,0.00,0.00,0.00,75.32,72.85,96.73,2026
EM00010916,Muhammad Nazmul Huq,1330,RJS+PAB,RA020-G,02,2,32.18,29.69,92.27,31.40,28.56,90.94,31.72,30.12,94.95,34.55,31.77,91.94,32.36,31.55,97.50,35.53,36.86,103.74,35.53,35.68,100.41,36.58,36.68,100.28,0.00,0.00,0.00,0.00,0.00,0.00,0.00,0.00,0.00,0.00,0.00,0.00,269.85,260.90,96.68,2026
EM00014495,Md. Atiqur Rahman,1324,Jashore,JA034-G,02,1,6.20,6.14,99.02,6.00,5.80,96.75,6.10,6.12,100.28,6.62,6.52,98.45,6.11,5.67,92.75,6.67,5.73,85.87,6.67,6.82,102.25,6.85,6.72,98.12,0.00,0.00,0.00,0.00,0.00,0.00,0.00,0.00,0.00,0.00,0.00,0.00,51.22,49.51,96.67,2026
EM00007581,Md. Mahobubul Alam,1311,Dhanmondi,DH040-V,04,2,35.64,35.53,99.68,35.64,36.65,102.82,36.45,37.95,104.11,38.88,40.04,102.99,38.88,32.49,83.55,42.10,42.32,100.53,43.72,40.19,91.93,46.96,42.41,90.31,0.00,0.00,0.00,0.00,0.00,0.00,0.00,0.00,0.00,0.00,0.00,0.00,318.27,307.58,96.64,2026
EM00014309,Shakil Khan,1310,Paltan,PA032-A,01,1,5.14,5.29,102.74,5.11,5.27,103.11,5.11,5.36,104.90,5.59,5.09,90.99,5.39,4.51,83.68,5.39,4.49,83.41,4.75,5.01,105.60,4.79,4.85,101.40,0.00,0.00,0.00,0.00,0.00,0.00,0.00,0.00,0.00,0.00,0.00,0.00,41.25,39.86,96.63,2026
EM00015573,Mousik Saha,1336,Keraniganj,KE016-G,02,1,7.15,5.61,78.43,6.25,5.62,89.86,5.65,5.94,105.06,6.15,5.84,94.91,5.90,5.82,98.65,6.48,6.50,100.32,6.50,6.67,102.64,6.70,7.07,105.58,0.00,0.00,0.00,0.00,0.00,0.00,0.00,0.00,0.00,0.00,0.00,0.00,50.78,49.07,96.62,2026
EM00015391,Md. Omar Faruk,1322,Rangpur,RN043-G,02,1,3.60,3.16,87.81,3.50,2.84,81.15,3.55,3.36,94.71,3.85,3.69,95.86,3.50,3.72,106.40,3.90,3.97,101.70,4.00,4.03,100.82,4.15,4.26,102.55,0.00,0.00,0.00,0.00,0.00,0.00,0.00,0.00,0.00,0.00,0.00,0.00,30.05,29.03,96.62,2026
EM00011345,Swapon Kumar Mondal,1315,Chattogram,CH170-P,01,2,34.59,33.92,98.06,34.34,32.16,93.64,34.34,32.71,95.25,35.56,33.86,95.22,34.29,34.31,100.06,34.29,32.90,95.97,24.77,23.40,94.49,24.33,24.45,100.49,0.00,0.00,0.00,0.00,0.00,0.00,0.00,0.00,0.00,0.00,0.00,0.00,256.51,247.72,96.57,2026
EM00015855,Md. Mehedy Hasan,1333,Moulvibazar,MO022-G,02,1,0.00,0.00,0.00,0.00,0.00,0.00,5.00,4.00,79.90,5.40,5.23,96.77,5.10,4.81,94.40,5.65,5.80,102.62,5.65,5.75,101.71,5.80,5.90,101.75,0.00,0.00,0.00,0.00,0.00,0.00,0.00,0.00,0.00,0.00,0.00,0.00,32.60,31.48,96.57,2026
EM00009717,Md. Lovlu Miah,1310,Paltan,PA010-G,02,2,52.00,52.27,100.50,50.00,48.42,96.84,50.82,51.88,102.08,43.98,41.87,95.19,41.31,40.90,99.00,45.34,40.72,89.81,45.34,42.54,93.83,46.68,43.93,94.12,0.00,0.00,0.00,0.00,0.00,0.00,0.00,0.00,0.00,0.00,0.00,0.00,375.47,362.52,96.55,2026
EM00015533,Md. Shamim Hossain,1314,Mymensingh,MY032-V,04,1,4.04,2.89,71.63,4.04,3.27,80.87,4.13,3.41,82.58,4.41,4.71,106.89,4.41,4.69,106.24,4.78,5.54,115.85,4.95,5.36,108.36,5.35,4.99,93.30,0.00,0.00,0.00,0.00,0.00,0.00,0.00,0.00,0.00,0.00,0.00,0.00,36.11,34.86,96.55,2026
EM00013326,Pronay Biswas,1325,Khulna,KH012-V,04,1,5.62,5.22,92.92,5.62,5.09,90.60,5.75,5.19,90.32,6.14,6.71,109.26,6.20,5.97,96.36,6.72,7.06,105.02,6.98,6.44,92.25,7.50,7.09,94.57,0.00,0.00,0.00,0.00,0.00,0.00,0.00,0.00,0.00,0.00,0.00,0.00,50.53,48.78,96.54,2026
EM00008740,Md. Mahbub Hasan,1315,Chattogram,CH010-G,02,2,38.30,33.90,88.51,37.07,34.59,93.30,37.80,33.91,89.70,40.40,40.52,100.30,37.95,38.38,101.12,41.65,41.79,100.34,37.03,36.07,97.42,38.23,38.58,100.91,0.00,0.00,0.00,0.00,0.00,0.00,0.00,0.00,0.00,0.00,0.00,0.00,308.43,297.74,96.53,2026
EM00012205,Rubel Ahmed,1329,Tangail,TA021-G,02,1,10.20,9.56,93.68,10.00,9.17,91.68,10.15,9.63,94.88,11.00,10.03,91.19,10.30,10.49,101.87,11.20,10.45,93.28,11.20,11.32,101.04,11.50,11.94,103.79,0.00,0.00,0.00,0.00,0.00,0.00,0.00,0.00,0.00,0.00,0.00,0.00,85.55,82.58,96.53,2026
EM00011208,Md. Atikur Rahaman,1316,Sylhet,SY053-C,01,1,9.85,8.96,91.03,9.58,8.15,85.15,9.58,8.63,90.10,10.46,10.47,100.14,10.08,9.52,94.48,10.08,10.10,100.17,8.88,9.52,107.25,8.75,9.19,105.09,0.00,0.00,0.00,0.00,0.00,0.00,0.00,0.00,0.00,0.00,0.00,0.00,77.24,74.55,96.52,2026
EM00010890,Md. Noor Alam,1310,Paltan,PA040-P,01,2,30.60,30.99,101.28,30.38,29.14,95.91,30.38,31.57,103.90,38.06,32.75,86.04,36.69,34.07,92.87,36.69,32.52,88.64,32.75,34.70,105.94,33.66,34.03,101.07,0.00,0.00,0.00,0.00,0.00,0.00,0.00,0.00,0.00,0.00,0.00,0.00,269.21,259.76,96.49,2026
EM00015859,Farruk Ahmmed,1320,Bogura,BO041-G,02,1,0.00,0.00,0.00,0.00,0.00,0.00,0.00,0.00,0.00,6.90,6.90,100.04,6.40,6.41,100.09,7.00,7.05,100.72,7.10,6.10,85.86,7.30,7.03,96.24,0.00,0.00,0.00,0.00,0.00,0.00,0.00,0.00,0.00,0.00,0.00,0.00,34.70,33.48,96.49,2026
EM00009241,Sarder Kamrul Islam,1335,BGR+RJS+RNG+DNJ+JSR+KHL+PAB+KST,RA010-N,03,2,31.15,31.45,100.95,31.15,25.56,82.07,30.15,27.75,92.04,31.15,34.65,111.23,32.15,32.52,101.16,32.15,30.41,94.58,36.06,34.30,95.14,36.05,34.18,94.81,0.00,0.00,0.00,0.00,0.00,0.00,0.00,0.00,0.00,0.00,0.00,0.00,260.01,250.82,96.47,2026
EM00006194,Md. Abdul Jabbar,1317,Cumilla,CU022-A,01,1,6.24,6.39,102.48,6.19,5.85,94.49,6.19,6.58,106.27,6.21,5.71,91.83,5.98,4.89,81.75,5.98,5.24,87.62,6.34,6.56,103.52,6.25,6.42,102.68,0.00,0.00,0.00,0.00,0.00,0.00,0.00,0.00,0.00,0.00,0.00,0.00,49.39,47.65,96.46,2026
EM00013427,Md. Shobuj Hossain,1326,Barishal,BA022-A,01,1,4.33,4.75,109.81,4.30,3.99,92.78,4.30,4.43,103.10,4.55,4.00,87.94,4.66,4.00,85.94,4.66,4.10,87.92,4.05,4.28,105.53,4.00,4.05,101.25,0.00,0.00,0.00,0.00,0.00,0.00,0.00,0.00,0.00,0.00,0.00,0.00,34.83,33.59,96.43,2026
EM00009747,Masudur Rahman,1325,Khulna,KH010-V,04,2,26.12,22.71,86.94,26.12,22.77,87.16,26.72,24.51,91.73,28.49,28.93,101.53,28.49,27.67,97.10,30.86,31.46,101.94,32.04,32.05,100.02,34.43,34.84,101.19,0.00,0.00,0.00,0.00,0.00,0.00,0.00,0.00,0.00,0.00,0.00,0.00,233.27,224.92,96.42,2026
EM00012028,Asad Ullah,1316,Sylhet,SY082-C,01,1,7.19,6.55,91.18,6.95,6.33,91.18,6.95,6.45,92.91,7.24,7.31,100.89,6.97,6.69,95.90,6.97,7.04,100.98,6.87,7.37,107.22,6.77,6.15,90.76,0.00,0.00,0.00,0.00,0.00,0.00,0.00,0.00,0.00,0.00,0.00,0.00,55.91,53.89,96.38,2026
EM00008253,Mr. Ebnanur Md. Ashadur Rahman,1329,Tangail,TA010-G,02,2,38.55,38.63,100.21,37.30,36.37,97.52,37.95,38.26,100.81,41.15,36.63,89.01,38.70,36.29,93.77,42.45,37.22,87.69,42.45,42.59,100.33,43.70,44.50,101.83,0.00,0.00,0.00,0.00,0.00,0.00,0.00,0.00,0.00,0.00,0.00,0.00,322.25,310.51,96.36,2026
EM00014433,Ridoy Kumar Saha,1311,Dhanmondi,DH063-V,04,1,9.09,8.29,91.16,9.10,8.16,89.65,9.31,6.50,69.78,9.93,10.91,109.89,9.93,10.21,102.83,10.75,11.13,103.52,11.15,11.12,99.76,11.98,11.96,99.84,0.00,0.00,0.00,0.00,0.00,0.00,0.00,0.00,0.00,0.00,0.00,0.00,81.24,78.28,96.35,2026
EM00015540,Md. Shohag Ali,1326,Barishal,BA033-V,04,1,6.48,5.49,84.79,6.48,5.64,86.97,6.63,5.72,86.25,7.08,7.37,104.10,7.08,7.88,111.36,7.67,7.89,102.90,7.96,7.19,90.31,8.55,8.63,100.94,0.00,0.00,0.00,0.00,0.00,0.00,0.00,0.00,0.00,0.00,0.00,0.00,57.93,55.82,96.35,2026
EM00011961,Md. Masud Rana,1311,Dhanmondi,DH291-A,01,1,5.63,5.26,93.33,5.63,5.29,93.85,5.63,5.34,94.90,6.36,6.18,97.20,6.12,6.28,102.62,6.12,5.97,97.55,5.50,5.48,99.60,5.42,4.91,90.54,0.00,0.00,0.00,0.00,0.00,0.00,0.00,0.00,0.00,0.00,0.00,0.00,46.43,44.72,96.31,2026
EM00008246,Md. Nurzamal Islam,1311,Dhanmondi,DH090-G,02,2,60.80,61.90,101.80,58.85,56.84,96.58,59.84,55.07,92.02,64.78,61.39,94.77,60.80,57.67,94.86,66.72,57.66,86.42,66.72,68.41,102.53,68.62,69.50,101.28,0.00,0.00,0.00,0.00,0.00,0.00,0.00,0.00,0.00,0.00,0.00,0.00,507.13,488.44,96.31,2026
EM00007599,Md. Nayeb Ali,1335,Kushtia,KU042-C,01,1,12.54,10.23,81.62,12.45,10.72,86.14,12.45,10.74,86.31,13.61,12.92,94.96,12.91,12.93,100.17,12.91,13.86,107.36,11.91,12.71,106.71,12.42,13.32,107.25,0.00,0.00,0.00,0.00,0.00,0.00,0.00,0.00,0.00,0.00,0.00,0.00,101.20,97.45,96.30,2026
EM00012742,Mohammad Roknuzzaman,1317,Cumilla,CU034-G,02,1,9.97,10.38,104.06,9.70,9.78,100.83,9.86,9.32,94.55,10.67,9.60,89.97,10.02,9.70,96.81,11.04,10.05,91.03,11.07,11.38,102.76,11.40,10.42,91.44,0.00,0.00,0.00,0.00,0.00,0.00,0.00,0.00,0.00,0.00,0.00,0.00,83.73,80.63,96.29,2026
EM00014494,Md. Sujan Sarker,1325,Khulna,KH025-G,02,1,5.70,5.17,90.63,5.50,5.09,92.60,5.60,5.29,94.39,6.06,6.33,104.39,5.70,5.75,100.84,6.20,5.33,85.96,6.20,6.11,98.52,6.40,6.53,102.09,0.00,0.00,0.00,0.00,0.00,0.00,0.00,0.00,0.00,0.00,0.00,0.00,47.36,45.59,96.26,2026
EM00014104,Md. Abir Hossain,1322,Rangpur,RN042-G,02,1,5.00,5.06,101.22,5.00,5.01,100.16,5.10,5.19,101.82,5.55,5.66,101.93,5.30,5.31,100.25,5.80,5.90,101.71,6.00,6.01,100.14,6.20,4.16,67.11,0.00,0.00,0.00,0.00,0.00,0.00,0.00,0.00,0.00,0.00,0.00,0.00,43.95,42.30,96.25,2026
EM00012894,Md. Abu Musa,1320,Bogura,BO032-A,01,1,3.12,3.15,100.70,3.12,3.15,100.86,3.12,3.25,104.02,3.37,3.05,90.28,3.35,3.26,97.27,3.35,3.13,93.45,3.35,3.12,93.18,3.35,3.06,91.36,0.00,0.00,0.00,0.00,0.00,0.00,0.00,0.00,0.00,0.00,0.00,0.00,26.15,25.17,96.24,2026
EM00012421,Akash Hossain,1317,Cumilla,CU025-G,02,1,11.52,11.64,100.99,11.15,10.88,97.55,11.34,10.93,96.39,12.27,11.08,90.32,11.52,10.75,93.35,12.68,11.42,90.08,7.50,7.76,103.43,7.92,8.21,103.68,0.00,0.00,0.00,0.00,0.00,0.00,0.00,0.00,0.00,0.00,0.00,0.00,85.90,82.67,96.24,2026
EM00006113,Mohammad Mizanur Rahman,1318,Noakhali,NO102-C,01,1,9.18,9.20,100.23,9.14,7.43,81.22,9.14,7.56,82.66,8.64,8.78,101.71,8.51,8.62,101.32,8.51,8.52,100.17,7.97,8.31,104.26,7.98,8.04,100.69,0.00,0.00,0.00,0.00,0.00,0.00,0.00,0.00,0.00,0.00,0.00,0.00,69.07,66.46,96.22,2026
EM00010564,Md. Shariful Alam,1313,Narayanganj,NA011-V,04,1,9.15,9.32,101.81,9.15,7.95,86.84,9.36,7.78,83.12,9.98,10.66,106.79,9.98,9.65,96.65,10.81,11.73,108.53,11.23,10.49,93.38,11.95,10.95,91.63,0.00,0.00,0.00,0.00,0.00,0.00,0.00,0.00,0.00,0.00,0.00,0.00,81.61,78.51,96.21,2026
EM00014638,Manibur Rahman,1325,Khulna,KH022-V,04,1,5.45,5.22,95.71,5.45,5.11,93.72,5.57,3.79,68.11,5.94,6.25,105.22,5.94,6.68,112.53,6.43,6.54,101.72,6.68,6.47,96.80,7.17,6.72,93.73,0.00,0.00,0.00,0.00,0.00,0.00,0.00,0.00,0.00,0.00,0.00,0.00,48.63,46.78,96.19,2026
EM00012643,Al-Amin Biswas,1324,Jashore,JA041-G,02,1,9.75,9.85,101.07,9.55,8.27,86.57,9.75,9.83,100.81,10.50,9.96,94.89,9.90,9.28,93.77,10.85,9.79,90.21,10.85,10.95,100.91,11.17,11.25,100.71,0.00,0.00,0.00,0.00,0.00,0.00,0.00,0.00,0.00,0.00,0.00,0.00,82.32,79.19,96.19,2026
EM00014021,Md. Arafat Hosen,1310,Paltan,PA032-B,01,1,5.15,5.27,102.25,5.12,5.17,100.98,5.12,5.45,106.48,5.60,5.07,90.60,5.40,4.48,83.06,5.40,4.53,83.92,5.36,5.37,100.19,5.41,5.58,103.24,0.00,0.00,0.00,0.00,0.00,0.00,0.00,0.00,0.00,0.00,0.00,0.00,42.55,40.93,96.19,2026
EM00005733,Md. Malek Hossen,1317,Cumilla,CU090-P,01,2,24.38,24.00,98.47,24.20,24.97,103.19,24.20,20.66,85.38,23.86,23.36,97.89,23.00,19.34,84.06,23.00,23.12,100.50,24.26,23.71,97.72,23.91,24.37,101.92,0.00,0.00,0.00,0.00,0.00,0.00,0.00,0.00,0.00,0.00,0.00,0.00,190.82,183.54,96.18,2026
EM00010475,Md. Al-Amin,1314,Mymensingh,MY031-G,02,1,8.20,7.57,92.35,7.95,7.48,94.05,8.10,8.16,100.70,8.75,7.82,89.32,8.20,8.07,98.38,9.20,8.39,91.19,9.20,9.26,100.71,9.50,9.71,102.16,0.00,0.00,0.00,0.00,0.00,0.00,0.00,0.00,0.00,0.00,0.00,0.00,69.10,66.45,96.16,2026
EM00007952,Md. Iqbal Hossain,1326,Barishal,BA073-A,01,1,8.68,8.75,100.77,8.62,8.73,101.34,8.62,9.11,105.68,9.01,8.64,95.94,9.10,7.10,78.01,9.10,7.81,85.87,7.87,8.19,104.09,7.96,7.97,100.12,0.00,0.00,0.00,0.00,0.00,0.00,0.00,0.00,0.00,0.00,0.00,0.00,68.95,66.30,96.16,2026
EM00014362,Md. Sirazul Islam,1310,Paltan,PA221-A,01,1,3.23,3.35,103.87,3.20,3.42,106.73,3.20,3.42,106.79,4.04,3.51,86.89,3.89,3.17,81.56,3.89,3.32,85.33,3.36,3.50,104.18,3.45,3.48,100.96,0.00,0.00,0.00,0.00,0.00,0.00,0.00,0.00,0.00,0.00,0.00,0.00,28.27,27.18,96.16,2026
EM00011748,Tarek Hasan,1317,Cumilla,CU091-A,01,1,4.83,4.95,102.51,4.80,5.30,110.56,4.80,3.90,81.41,4.66,4.69,100.63,4.49,3.64,81.09,4.49,4.58,101.95,4.79,4.17,87.10,4.72,4.88,103.34,0.00,0.00,0.00,0.00,0.00,0.00,0.00,0.00,0.00,0.00,0.00,0.00,37.57,36.11,96.13,2026
EM00008199,Md. Abdul Zalil Pk,1319,Feni,FE011-V,04,1,8.70,8.78,100.86,8.70,8.03,92.30,8.90,7.66,86.09,9.50,9.57,100.74,9.50,7.78,81.92,10.29,10.35,100.54,10.30,10.42,101.20,11.06,11.38,102.87,0.00,0.00,0.00,0.00,0.00,0.00,0.00,0.00,0.00,0.00,0.00,0.00,76.95,73.97,96.12,2026
EM00010621,Al-Amin Chowkider,1311,Dhanmondi,DH030-P,01,2,20.96,18.92,90.28,20.96,21.04,100.38,20.96,22.83,108.91,27.13,24.53,90.40,26.11,25.08,96.03,26.11,19.74,75.60,21.85,24.67,112.92,21.53,21.59,100.29,0.00,0.00,0.00,0.00,0.00,0.00,0.00,0.00,0.00,0.00,0.00,0.00,185.62,178.41,96.11,2026
EM00005490,Md. Mostafizar Rahman,1320,Bogura,BO050-V,04,2,18.78,16.42,87.43,18.78,16.60,88.39,19.21,15.11,78.64,20.50,22.02,107.40,20.50,20.89,101.91,22.21,23.03,103.69,23.05,22.73,98.60,24.76,24.47,98.84,0.00,0.00,0.00,0.00,0.00,0.00,0.00,0.00,0.00,0.00,0.00,0.00,167.79,161.27,96.11,2026
EM00010861,Md. Alomgir Hossain,1320,Bogura,BO020-G,02,2,25.00,20.86,83.42,24.20,20.71,85.56,24.60,22.28,90.57,26.60,25.31,95.15,24.95,21.81,87.41,27.36,30.31,110.77,26.66,27.28,102.34,27.45,30.17,109.92,0.00,0.00,0.00,0.00,0.00,0.00,0.00,0.00,0.00,0.00,0.00,0.00,206.82,198.73,96.09,2026
EM00012181,Md. Saidul Islam,1313,Narayanganj,NA141-B,01,1,8.21,7.46,90.87,8.16,7.94,97.32,8.16,8.22,100.80,9.02,8.18,90.72,8.69,7.74,89.08,8.69,7.73,88.94,8.00,8.84,110.50,8.24,8.41,102.14,0.00,0.00,0.00,0.00,0.00,0.00,0.00,0.00,0.00,0.00,0.00,0.00,67.16,64.52,96.08,2026
EM00015823,Salam .,1320,Bogura,BO022-A,01,1,0.00,0.00,0.00,0.00,0.00,0.00,6.48,6.61,102.08,5.35,4.22,78.75,5.29,4.33,81.87,5.29,5.28,99.87,4.79,4.92,102.69,4.79,5.35,111.68,0.00,0.00,0.00,0.00,0.00,0.00,0.00,0.00,0.00,0.00,0.00,0.00,31.98,30.70,96.00,2026
EM00008812,Dilip Chandra Shil,1331,Chandpur,CA011-G,02,1,9.40,9.47,100.78,9.13,9.17,100.46,9.28,8.58,92.45,10.04,8.60,85.67,9.43,8.76,92.92,10.39,9.22,88.75,10.41,10.92,104.93,10.72,10.90,101.70,0.00,0.00,0.00,0.00,0.00,0.00,0.00,0.00,0.00,0.00,0.00,0.00,78.80,75.64,95.99,2026
EM00016089,Md. Abu Syeed,1317,Cumilla,CU041-G,02,1,0.00,0.00,0.00,0.00,0.00,0.00,0.00,0.00,0.00,0.00,0.00,0.00,8.43,7.41,87.84,9.29,8.24,88.65,9.32,9.50,101.90,9.60,10.02,104.42,0.00,0.00,0.00,0.00,0.00,0.00,0.00,0.00,0.00,0.00,0.00,0.00,36.64,35.16,95.97,2026
EM00014475,Md. Ariful Islam,1318,Noakhali,NO033-G,02,1,10.30,9.89,96.00,9.80,9.83,100.27,9.95,9.37,94.21,10.76,9.77,90.84,10.10,9.63,95.37,11.00,10.23,93.02,11.00,11.07,100.62,11.30,11.02,97.49,0.00,0.00,0.00,0.00,0.00,0.00,0.00,0.00,0.00,0.00,0.00,0.00,84.21,80.81,95.97,2026
EM00013145,Md. Farhad Heson Rimon,1319,Feni,FE013-V,04,1,6.85,6.40,93.45,6.85,6.50,94.82,7.00,6.53,93.30,7.46,7.90,105.96,7.46,6.99,93.71,8.08,8.24,101.94,8.40,7.93,94.46,9.02,8.15,90.32,0.00,0.00,0.00,0.00,0.00,0.00,0.00,0.00,0.00,0.00,0.00,0.00,61.12,58.64,95.95,2026
EM00009660,Abul Kashem,1334,Kishoreganj,KI011-V,04,1,8.20,7.49,91.33,7.88,7.11,90.29,8.06,6.63,82.25,8.93,8.95,100.28,8.53,7.70,90.29,9.60,9.80,102.06,9.97,10.36,103.92,10.62,10.82,101.89,0.00,0.00,0.00,0.00,0.00,0.00,0.00,0.00,0.00,0.00,0.00,0.00,71.79,68.87,95.93,2026
EM00011366,Nazrul Islam,1313,Narayanganj,NA054-G,02,1,10.04,9.71,96.70,9.70,9.23,95.11,9.86,8.70,88.19,10.68,9.55,89.46,10.05,10.13,100.79,11.03,11.10,100.65,11.00,10.54,95.80,11.30,11.28,99.82,0.00,0.00,0.00,0.00,0.00,0.00,0.00,0.00,0.00,0.00,0.00,0.00,83.66,80.23,95.90,2026
EM00010670,Md. Rakibul Islam,1316,Sylhet,SY092-B,01,1,6.46,6.00,92.90,6.41,6.44,100.45,6.41,5.39,84.03,6.46,6.05,93.64,6.22,5.81,93.39,6.22,5.75,92.34,6.13,6.69,109.13,6.04,6.16,102.04,0.00,0.00,0.00,0.00,0.00,0.00,0.00,0.00,0.00,0.00,0.00,0.00,50.36,48.29,95.89,2026
EM00012147,Md. Rubel Hossen Roby,1316,Sylhet,SY034-C,01,1,9.10,7.70,84.65,9.04,8.24,91.17,9.04,9.09,100.56,9.68,9.24,95.46,9.33,9.61,102.99,9.33,9.52,101.95,8.70,8.31,95.51,8.57,8.07,94.14,0.00,0.00,0.00,0.00,0.00,0.00,0.00,0.00,0.00,0.00,0.00,0.00,72.79,69.78,95.86,2026
EM00011156,Md. Golam Morshed,1331,Chandpur,CA014-G,02,1,7.90,7.03,89.03,7.68,7.87,102.52,7.81,7.18,91.87,8.45,7.81,92.42,7.93,7.88,99.40,8.75,7.51,85.86,8.77,8.97,102.33,9.03,9.29,102.84,0.00,0.00,0.00,0.00,0.00,0.00,0.00,0.00,0.00,0.00,0.00,0.00,66.32,63.55,95.82,2026
EM00011285,Goutam Mondal,1317,Cumilla,CU131-A,01,1,10.20,10.63,104.25,10.13,10.46,103.30,10.13,10.30,101.69,9.84,8.98,91.24,9.49,8.75,92.23,9.49,9.68,102.00,10.26,8.35,81.33,10.12,9.16,90.54,0.00,0.00,0.00,0.00,0.00,0.00,0.00,0.00,0.00,0.00,0.00,0.00,79.65,76.31,95.80,2026
EM00015322,Ahsan Habib,1311,Dhanmondi,DH034-A,01,1,3.92,4.49,114.55,3.92,3.93,100.24,3.92,3.65,93.08,4.94,3.89,78.71,4.76,5.23,109.83,4.76,3.48,73.00,3.85,3.93,102.12,3.82,3.87,101.34,0.00,0.00,0.00,0.00,0.00,0.00,0.00,0.00,0.00,0.00,0.00,0.00,33.90,32.47,95.79,2026
EM00010613,Md. Sazol Hossain,1320,Bogura,BO050-G,02,2,9.70,10.48,108.08,16.95,13.37,78.85,17.25,15.89,92.12,18.70,16.58,88.67,17.60,17.37,98.72,19.30,22.79,118.09,19.50,17.75,91.01,20.07,18.97,94.50,0.00,0.00,0.00,0.00,0.00,0.00,0.00,0.00,0.00,0.00,0.00,0.00,139.07,133.20,95.78,2026
EM00016427,Md. Aman Ullah,1326,Barishal,BA012-G,02,1,0.00,0.00,0.00,0.00,0.00,0.00,0.00,0.00,0.00,0.00,0.00,0.00,0.00,0.00,0.00,0.00,0.00,0.00,6.60,5.90,89.36,6.79,6.92,101.97,0.00,0.00,0.00,0.00,0.00,0.00,0.00,0.00,0.00,0.00,0.00,0.00,13.39,12.82,95.75,2026
EM00004858,Md. Ayub Ali Pk.,1325,Khulna,KH020-V,04,2,21.24,19.90,93.68,21.24,19.98,94.08,21.72,17.20,79.21,23.17,24.25,104.66,23.17,24.22,104.54,25.10,25.33,100.91,26.07,25.03,96.02,28.00,25.73,91.91,0.00,0.00,0.00,0.00,0.00,0.00,0.00,0.00,0.00,0.00,0.00,0.00,189.71,181.65,95.75,2026
EM00013958,Rabiul Islam,1310,Paltan,PA061-G,02,1,9.41,4.47,47.51,9.10,4.37,48.03,9.25,15.84,171.25,10.01,18.33,183.09,9.40,5.14,54.72,10.80,5.62,52.07,10.80,17.19,159.16,11.34,5.74,50.60,0.00,0.00,0.00,0.00,0.00,0.00,0.00,0.00,0.00,0.00,0.00,0.00,80.11,76.71,95.75,2026
EM00010580,Md. Riaj Uddin,1317,Cumilla,CU014-V,04,1,11.35,10.53,92.80,11.35,10.99,96.85,11.61,10.71,92.27,12.38,12.56,101.45,12.48,12.55,100.54,13.55,13.20,97.43,14.07,12.94,91.97,15.11,14.07,93.12,0.00,0.00,0.00,0.00,0.00,0.00,0.00,0.00,0.00,0.00,0.00,0.00,101.90,97.56,95.74,2026
EM00015690,Md. Sakib Uddin,1335,Kushtia,KU012-G,02,1,0.00,0.00,0.00,5.90,5.18,87.82,6.00,6.18,103.04,6.55,5.61,85.60,6.20,6.03,97.32,6.85,6.40,93.43,6.85,7.14,104.27,7.25,7.10,97.95,0.00,0.00,0.00,0.00,0.00,0.00,0.00,0.00,0.00,0.00,0.00,0.00,45.60,43.65,95.72,2026
EM00009639,Md. Monirul Islam,1315,Chattogram,CH022-V,04,1,6.05,5.45,90.05,6.05,5.45,90.16,6.19,4.88,78.82,6.60,6.41,97.18,6.50,6.07,93.40,7.05,10.76,152.63,7.35,6.58,89.48,7.90,5.79,73.23,0.00,0.00,0.00,0.00,0.00,0.00,0.00,0.00,0.00,0.00,0.00,0.00,53.69,51.39,95.71,2026
EM00008633,Mr. Shaonur Rahman,1331,Chandpur,CA010-G,02,2,54.30,50.62,93.23,52.72,50.32,95.45,53.60,49.93,93.15,58.02,56.22,96.90,54.48,52.12,95.68,60.04,54.13,90.16,60.16,60.32,100.27,61.94,61.97,100.04,0.00,0.00,0.00,0.00,0.00,0.00,0.00,0.00,0.00,0.00,0.00,0.00,455.26,435.64,95.69,2026
EM00013679,Anisur Rahman,1320,Bogura,BO034-G,02,1,5.00,4.51,90.14,4.85,4.24,87.43,4.95,4.82,97.47,5.35,5.39,100.83,5.00,5.02,100.39,5.50,4.72,85.80,5.50,5.50,100.09,5.70,5.84,102.39,0.00,0.00,0.00,0.00,0.00,0.00,0.00,0.00,0.00,0.00,0.00,0.00,41.85,40.05,95.69,2026
EM00003277,Md. Siful Islam,1327,KHL+FRD,RV04009,04,4,116.01,103.41,89.14,116.01,104.97,90.48,118.65,100.79,84.95,126.56,128.08,101.20,126.56,125.00,98.77,137.10,146.15,106.60,142.37,140.55,98.72,153.31,142.76,93.12,0.00,0.00,0.00,0.00,0.00,0.00,0.00,0.00,0.00,0.00,0.00,0.00,1036.57,991.71,95.67,2026
EM00013864,Md. Monirul Islam,1321,Rajshahi,RA072-A,01,1,6.26,5.41,86.36,6.21,5.52,88.87,6.21,6.24,100.44,6.78,6.86,101.15,6.52,6.12,93.86,6.52,6.58,100.80,6.48,6.53,100.88,6.49,5.98,92.12,0.00,0.00,0.00,0.00,0.00,0.00,0.00,0.00,0.00,0.00,0.00,0.00,51.48,49.24,95.64,2026
EM00012184,Nazrul Islam,1330,BGR+RNG+PAB,RG02015,02,4,129.76,113.10,87.16,125.34,110.09,87.83,127.65,120.79,94.63,138.00,133.08,96.43,129.57,125.50,96.86,142.21,145.83,102.55,142.21,138.27,97.23,146.42,147.18,100.51,0.00,0.00,0.00,0.00,0.00,0.00,0.00,0.00,0.00,0.00,0.00,0.00,1081.16,1033.85,95.62,2026
EM00013167,Md. Arif Billah,1326,Barishal,BA013-B,01,1,4.30,4.08,95.01,4.27,3.96,92.76,4.27,3.96,92.89,4.62,3.68,79.61,4.63,4.20,90.84,4.63,4.41,95.33,3.90,4.38,112.30,3.99,4.40,110.17,0.00,0.00,0.00,0.00,0.00,0.00,0.00,0.00,0.00,0.00,0.00,0.00,34.60,33.08,95.60,2026
EM00011070,Sumon Chandra Dass,1317,Cumilla,CU043-B,01,1,8.23,7.64,92.75,8.17,8.15,99.67,8.17,9.08,111.05,8.31,7.46,89.77,8.01,6.42,80.19,8.01,7.33,91.51,8.35,8.36,100.16,8.23,8.16,99.24,0.00,0.00,0.00,0.00,0.00,0.00,0.00,0.00,0.00,0.00,0.00,0.00,65.48,62.60,95.59,2026
EM00013720,Shihab Mozumder,1311,Dhanmondi,DH193-B,01,1,5.84,6.03,103.29,5.53,5.58,100.84,5.53,5.57,100.61,6.09,6.22,102.19,5.87,3.99,68.02,5.87,4.09,69.73,4.87,5.90,121.10,5.30,5.54,104.44,0.00,0.00,0.00,0.00,0.00,0.00,0.00,0.00,0.00,0.00,0.00,0.00,44.91,42.93,95.59,2026
EM00015579,Md. Tanjin Biswas,1310,Paltan,PA052-V,04,1,6.70,5.71,85.16,6.70,6.71,100.08,6.85,6.95,101.42,7.32,7.58,103.59,7.32,6.83,93.27,7.93,8.04,101.43,8.24,7.08,85.87,8.85,8.35,94.34,0.00,0.00,0.00,0.00,0.00,0.00,0.00,0.00,0.00,0.00,0.00,0.00,59.91,57.24,95.54,2026
EM00011870,Sariful Islam,1316,Sylhet,SY142-C,01,1,7.91,8.21,103.80,7.66,6.92,90.33,7.66,6.17,80.45,7.71,7.80,101.23,7.42,6.94,93.56,7.42,7.47,100.69,7.34,7.54,102.70,7.24,6.61,91.38,0.00,0.00,0.00,0.00,0.00,0.00,0.00,0.00,0.00,0.00,0.00,0.00,60.36,57.67,95.53,2026
EM00012744,Md. Ariful Islam,1318,Noakhali,NO021-G,02,1,5.50,5.27,95.83,5.30,4.87,91.80,5.36,5.09,95.01,5.78,5.52,95.45,5.43,5.07,93.39,5.93,5.38,90.76,5.93,6.00,101.14,6.05,6.06,100.16,0.00,0.00,0.00,0.00,0.00,0.00,0.00,0.00,0.00,0.00,0.00,0.00,45.28,43.26,95.53,2026
EM00016064,Ashraful Haque,1315,Chattogram,CH073-C,01,1,0.00,0.00,0.00,0.00,0.00,0.00,0.00,0.00,0.00,9.40,8.37,89.04,9.07,7.94,87.60,9.07,9.09,100.26,9.13,9.14,100.15,9.13,9.19,100.74,0.00,0.00,0.00,0.00,0.00,0.00,0.00,0.00,0.00,0.00,0.00,0.00,45.79,43.74,95.53,2026
EM00001186,Nimay Chandrow Shaha,1335,PLT+CHT+SYL+CML+NKL+FEN+BGR+RJS+RNG,SSM02-V,04,8,1089.31,1004.87,92.25,1165.11,1047.20,89.88,1191.59,1009.69,84.73,1271.04,1321.87,104.00,1271.04,1233.54,97.05,1376.96,1382.86,100.43,1429.92,1392.21,97.36,1535.44,1475.26,96.08,0.00,0.00,0.00,0.00,0.00,0.00,0.00,0.00,0.00,0.00,0.00,0.00,10330.41,9867.51,95.52,2026
EM00015545,Md. Kawser Ali,1322,Rangpur,RN032-V,04,1,4.45,3.27,73.56,4.25,3.32,78.05,4.35,3.38,77.68,4.64,5.32,114.62,4.64,4.99,107.47,5.03,5.19,103.12,5.25,5.35,101.94,5.64,5.72,101.38,0.00,0.00,0.00,0.00,0.00,0.00,0.00,0.00,0.00,0.00,0.00,0.00,38.25,36.53,95.51,2026
EM00006909,Md. Jabed Hossain,1325,Khulna,KH010-G,02,2,34.10,30.89,90.60,33.00,30.28,91.75,33.55,32.22,96.03,36.30,33.87,93.31,34.08,33.17,97.33,37.40,34.80,93.05,37.40,37.43,100.09,38.50,38.89,101.00,0.00,0.00,0.00,0.00,0.00,0.00,0.00,0.00,0.00,0.00,0.00,0.00,284.33,271.55,95.51,2026
EM00011382,Md. Ahasan Habib,1335,Kushtia,KU040-P,01,2,5.09,4.71,92.55,4.75,4.40,92.57,4.75,4.78,100.63,5.17,5.26,101.73,4.40,4.62,104.85,4.40,4.52,102.74,38.95,36.50,93.69,39.71,37.60,94.69,0.00,0.00,0.00,0.00,0.00,0.00,0.00,0.00,0.00,0.00,0.00,0.00,107.25,102.41,95.48,2026
EM00011343,Md. Ashraful Islam,1310,Paltan,PA014-V,04,1,7.64,6.64,86.90,7.60,6.22,81.78,7.77,5.02,64.66,8.28,8.40,101.41,8.28,8.49,102.56,8.97,9.33,104.05,9.32,10.03,107.59,10.01,10.66,106.54,0.00,0.00,0.00,0.00,0.00,0.00,0.00,0.00,0.00,0.00,0.00,0.00,67.87,64.79,95.47,2026
EM00011620,Md. Alauddin,1318,Noakhali,NO012-G,02,1,6.80,6.18,90.93,6.60,6.17,93.50,6.70,6.42,95.89,7.25,6.54,90.27,6.81,6.44,94.64,7.58,6.96,91.76,7.58,7.74,102.17,7.81,8.07,103.34,0.00,0.00,0.00,0.00,0.00,0.00,0.00,0.00,0.00,0.00,0.00,0.00,57.13,54.54,95.46,2026
EM00013752,Md. Saju Islam,1313,Narayanganj,NA092-C,01,1,9.94,9.40,94.61,9.87,9.61,97.41,9.87,9.01,91.29,10.71,10.15,94.76,10.32,9.34,90.51,10.32,8.79,85.24,9.46,10.21,107.92,9.74,10.06,103.20,0.00,0.00,0.00,0.00,0.00,0.00,0.00,0.00,0.00,0.00,0.00,0.00,80.22,76.57,95.45,2026
EM00010796,Md. Manjur Alam,1318,Noakhali,NO014-G,02,1,11.40,10.42,91.42,11.04,9.75,88.34,11.20,10.36,92.52,12.12,12.08,99.65,11.38,9.40,82.61,12.56,12.69,101.00,12.56,13.00,103.49,12.60,12.84,101.89,0.00,0.00,0.00,0.00,0.00,0.00,0.00,0.00,0.00,0.00,0.00,0.00,94.86,90.54,95.44,2026
EM00015343,Aungon Barua,1315,Chattogram,CH013-V,04,1,5.35,5.67,106.01,5.35,5.38,100.62,5.47,4.04,73.92,5.84,6.34,108.63,5.90,6.54,110.81,6.45,4.79,74.29,6.25,5.92,94.71,6.75,6.51,96.43,0.00,0.00,0.00,0.00,0.00,0.00,0.00,0.00,0.00,0.00,0.00,0.00,47.36,45.20,95.44,2026
EM00002670,Mr. K. M. Mahabub- Ul Islam,1312,Uttara,UT051-A,01,1,7.70,7.31,94.94,7.64,7.92,103.66,7.64,7.88,103.14,8.17,6.70,82.03,7.87,7.32,93.03,7.87,7.12,90.50,7.47,7.40,98.99,7.26,7.16,98.62,0.00,0.00,0.00,0.00,0.00,0.00,0.00,0.00,0.00,0.00,0.00,0.00,61.63,58.82,95.44,2026
EM00013545,Md. Iran Ali,1314,Mymensingh,MY031-V,04,1,6.89,6.21,90.08,6.89,5.55,80.57,7.05,5.33,75.63,7.51,7.57,100.84,7.51,6.68,88.95,8.12,8.32,102.45,8.43,9.56,113.45,9.05,9.41,104.02,0.00,0.00,0.00,0.00,0.00,0.00,0.00,0.00,0.00,0.00,0.00,0.00,61.45,58.64,95.43,2026
EM00012590,Md. Shaiful Islam,1318,Noakhali,NO011-G,02,1,8.61,8.03,93.28,8.28,7.73,93.41,8.40,7.77,92.50,9.09,8.16,89.78,8.53,8.18,95.90,9.20,8.59,93.32,9.20,9.50,103.29,9.47,9.58,101.14,0.00,0.00,0.00,0.00,0.00,0.00,0.00,0.00,0.00,0.00,0.00,0.00,70.78,67.54,95.43,2026
EM00015538,Md. Zihad Hossain,1315,Chattogram,CH054-V,04,1,6.84,6.20,90.63,6.84,5.99,87.50,7.00,5.88,84.02,7.47,8.04,107.68,7.70,8.31,107.92,8.35,8.41,100.75,8.70,7.90,90.78,9.35,8.66,92.61,0.00,0.00,0.00,0.00,0.00,0.00,0.00,0.00,0.00,0.00,0.00,0.00,62.25,59.39,95.40,2026
EM00015344,Md. Hashibur Rahaman,1328,Cox's Bazar,CO012-V,04,1,4.05,3.24,80.10,4.05,3.43,84.74,4.14,4.52,109.14,4.42,5.20,117.71,4.70,3.81,81.13,4.55,4.75,104.38,4.50,3.62,80.49,4.65,4.87,104.62,0.00,0.00,0.00,0.00,0.00,0.00,0.00,0.00,0.00,0.00,0.00,0.00,35.06,33.45,95.40,2026
EM00010815,S.M. Mostaque Hossain,1336,PLT+UTR+NRG+MYM+TNG+BRB+KRN,DSM01-G,02,6,236.77,218.53,92.30,779.72,743.90,95.41,792.83,768.68,96.95,858.36,792.23,92.30,805.94,767.55,95.24,884.57,805.05,91.01,962.74,950.01,98.68,991.27,975.49,98.41,0.00,0.00,0.00,0.00,0.00,0.00,0.00,0.00,0.00,0.00,0.00,0.00,6312.20,6021.44,95.39,2026
EM00008722,Ismail Hossain,1327,Faridpur,FA111-A,01,1,10.28,9.77,95.06,10.21,9.45,92.59,10.21,9.36,91.72,10.89,10.05,92.28,10.54,9.89,93.82,10.54,9.13,86.64,9.57,10.54,110.21,9.38,9.64,102.75,0.00,0.00,0.00,0.00,0.00,0.00,0.00,0.00,0.00,0.00,0.00,0.00,81.61,77.84,95.38,2026
EM00015582,Md. Juel Rana,1310,Paltan,PA015-D,11,1,0.00,0.00,0.00,0.00,0.00,0.00,0.00,0.00,0.00,5.71,4.22,73.89,5.34,4.63,86.57,5.34,6.37,119.25,5.71,5.25,91.94,5.20,5.57,107.20,0.00,0.00,0.00,0.00,0.00,0.00,0.00,0.00,0.00,0.00,0.00,0.00,27.31,26.04,95.37,2026
EM00013563,Md. Sohel Rana,1323,Dinajpur,DI014-V,04,1,6.09,4.62,75.93,6.10,5.51,90.34,6.24,5.71,91.48,6.65,6.87,103.30,6.65,6.71,100.96,7.20,7.68,106.64,7.48,7.35,98.30,8.03,7.46,92.89,0.00,0.00,0.00,0.00,0.00,0.00,0.00,0.00,0.00,0.00,0.00,0.00,54.44,51.92,95.36,2026
EM00005910,Md. Jamal Hossain Khan,1311,Dhanmondi,DH110-P,01,2,39.47,40.47,102.53,39.47,37.96,96.20,39.47,41.82,105.95,45.07,39.01,86.57,43.41,35.04,80.73,43.41,35.51,81.81,41.04,40.44,98.55,40.45,46.11,113.98,0.00,0.00,0.00,0.00,0.00,0.00,0.00,0.00,0.00,0.00,0.00,0.00,331.77,316.37,95.36,2026
EM00011982,Khasrul Alam,1326,Barishal,BA013-G,02,1,8.04,8.17,101.65,7.82,7.71,98.59,7.95,8.10,101.84,8.61,7.04,81.72,8.08,7.47,92.48,8.87,8.35,94.11,8.90,8.16,91.64,9.16,9.30,101.53,0.00,0.00,0.00,0.00,0.00,0.00,0.00,0.00,0.00,0.00,0.00,0.00,67.43,64.29,95.35,2026
EM00014820,Md. Mynul Islam Howlader,1335,Kushtia,KU022-V,04,1,4.73,4.08,86.30,4.73,3.78,79.92,4.84,4.26,87.91,5.17,5.68,109.77,5.17,5.17,99.91,5.60,5.18,92.53,5.82,5.85,100.60,6.25,6.35,101.52,0.00,0.00,0.00,0.00,0.00,0.00,0.00,0.00,0.00,0.00,0.00,0.00,42.31,40.34,95.34,2026
EM00012026,Lablu Miah,1315,Chattogram,CH223-C,01,1,9.13,8.35,91.41,8.56,9.18,107.23,8.56,9.29,108.43,8.60,8.75,101.79,8.30,7.67,92.35,8.30,7.19,86.57,8.30,7.56,91.04,8.11,6.70,82.61,0.00,0.00,0.00,0.00,0.00,0.00,0.00,0.00,0.00,0.00,0.00,0.00,67.88,64.68,95.30,2026
EM00013560,Md. Milon Mondul,1327,Faridpur,FA024-V,04,1,6.24,5.03,80.63,6.24,5.23,83.80,6.38,5.62,88.05,6.81,6.75,99.18,6.81,7.05,103.59,7.38,7.58,102.75,7.66,8.01,104.53,8.23,7.84,95.31,0.00,0.00,0.00,0.00,0.00,0.00,0.00,0.00,0.00,0.00,0.00,0.00,55.75,53.12,95.28,2026
EM00014578,Md. Muslim Khan,1310,Paltan,PA223-A,01,1,3.22,3.36,104.15,3.20,3.45,107.79,3.20,3.29,102.86,4.04,3.42,84.69,3.89,3.10,79.57,3.89,3.30,84.92,3.45,3.55,102.93,3.54,3.62,102.23,0.00,0.00,0.00,0.00,0.00,0.00,0.00,0.00,0.00,0.00,0.00,0.00,28.44,27.10,95.27,2026
EM00007295,Md. Mazharul Islam,1331,Chandpur,CA010-V,04,2,36.79,32.47,88.26,36.79,32.72,88.93,37.63,31.28,83.13,40.14,42.33,105.46,40.14,39.73,98.99,43.48,45.68,105.05,45.15,43.23,95.74,48.49,45.62,94.08,0.00,0.00,0.00,0.00,0.00,0.00,0.00,0.00,0.00,0.00,0.00,0.00,328.61,313.06,95.27,2026
EM00015627,Emam Hossain Beg,1326,Barishal,BA045-G,02,1,4.20,3.01,71.72,3.80,3.27,86.16,3.84,4.02,104.79,4.16,4.22,101.37,4.05,3.20,79.05,4.45,4.65,104.43,4.45,4.74,106.48,4.66,4.90,105.23,0.00,0.00,0.00,0.00,0.00,0.00,0.00,0.00,0.00,0.00,0.00,0.00,33.61,32.02,95.27,2026
EM00011109,Sanjoy Kumar Bhadra,1310,Paltan,PA050-G,02,2,28.47,25.48,89.49,27.50,25.61,93.15,28.00,25.11,89.67,55.04,52.38,95.17,51.70,48.11,93.05,56.76,52.42,92.35,56.76,57.10,100.60,58.45,59.29,101.42,0.00,0.00,0.00,0.00,0.00,0.00,0.00,0.00,0.00,0.00,0.00,0.00,362.68,345.50,95.26,2026
EM00009930,Jewel Deb Nath,1318,Noakhali,NO021-V,04,1,8.69,6.69,77.02,8.69,8.44,97.14,8.89,7.82,87.92,9.48,9.63,101.57,9.48,8.21,86.56,10.27,11.11,108.18,10.67,11.03,103.36,11.46,11.00,96.01,0.00,0.00,0.00,0.00,0.00,0.00,0.00,0.00,0.00,0.00,0.00,0.00,77.63,73.93,95.23,2026
EM00014799,Md. Solaman Hossen,1332,B. Baria,BB022-B,01,1,6.54,6.45,98.58,6.49,6.69,103.07,6.49,6.84,105.30,6.37,6.66,104.54,6.98,5.01,71.70,6.98,6.60,94.45,7.06,6.76,95.70,6.96,6.31,90.63,0.00,0.00,0.00,0.00,0.00,0.00,0.00,0.00,0.00,0.00,0.00,0.00,53.88,51.30,95.21,2026
EM00014859,Md. Tanvir Hasan,1329,Tangail,TA022-G,02,1,5.65,4.97,87.95,5.50,5.22,94.97,5.65,5.68,100.53,6.10,5.55,90.91,5.70,5.08,89.11,6.28,5.85,93.17,6.30,6.43,102.04,6.50,6.62,101.83,0.00,0.00,0.00,0.00,0.00,0.00,0.00,0.00,0.00,0.00,0.00,0.00,47.68,45.40,95.21,2026
EM00007512,Md. Mamun Hossain,1310,Paltan,PA030-G,02,2,25.30,24.29,96.00,24.50,24.54,100.17,24.88,24.13,96.98,26.94,26.14,97.01,25.27,21.93,86.80,27.74,25.07,90.38,27.74,26.05,93.90,28.56,28.67,100.36,0.00,0.00,0.00,0.00,0.00,0.00,0.00,0.00,0.00,0.00,0.00,0.00,210.93,200.81,95.20,2026
EM00014313,Md. Nahid Hasan Nayon,1310,Paltan,PA053-B,01,1,6.14,6.14,100.11,6.10,6.19,101.60,6.10,6.19,101.48,7.34,5.87,79.91,7.06,5.92,83.88,7.06,6.17,87.42,6.37,7.05,110.63,6.54,6.63,101.40,0.00,0.00,0.00,0.00,0.00,0.00,0.00,0.00,0.00,0.00,0.00,0.00,52.70,50.16,95.19,2026
EM00012677,Harunur Rashid,1310,Paltan,PA021-N,03,1,6.50,6.54,100.56,6.50,7.00,107.73,6.45,9.94,154.05,6.50,7.32,112.62,6.65,6.20,93.19,6.65,4.65,69.88,7.50,4.67,62.22,7.50,5.33,71.08,0.00,0.00,0.00,0.00,0.00,0.00,0.00,0.00,0.00,0.00,0.00,0.00,54.25,51.64,95.18,2026
EM00014500,Md. Liltu Khan,1320,Bogura,BO021-G,02,1,6.60,5.45,82.64,6.30,5.27,83.61,6.40,6.51,101.68,6.90,7.02,101.67,6.45,5.60,86.89,7.05,6.51,92.32,7.00,7.33,104.74,7.20,7.61,105.64,0.00,0.00,0.00,0.00,0.00,0.00,0.00,0.00,0.00,0.00,0.00,0.00,53.90,51.30,95.17,2026
EM00008569,Mr. Dipak Kumar Paul,1326,Barishal,BA031-B,01,1,5.48,5.48,100.01,5.44,4.95,91.04,5.44,4.90,90.15,5.85,5.55,94.90,5.85,4.90,83.89,5.85,5.11,87.47,4.82,5.36,111.21,4.97,5.31,106.83,0.00,0.00,0.00,0.00,0.00,0.00,0.00,0.00,0.00,0.00,0.00,0.00,43.68,41.56,95.16,2026
EM00010547,Md. Nurunnobi Chand,1332,B. Baria,BB071-B,01,1,11.28,11.32,100.30,11.20,10.41,92.94,11.20,11.32,101.09,11.07,9.75,88.07,10.87,9.83,90.47,10.87,10.04,92.40,10.58,11.39,107.64,10.43,9.18,88.05,0.00,0.00,0.00,0.00,0.00,0.00,0.00,0.00,0.00,0.00,0.00,0.00,87.50,83.25,95.14,2026
EM00016367,Md. Nazmul Islam,1322,Rangpur,RN021-A,01,1,0.00,0.00,0.00,0.00,0.00,0.00,0.00,0.00,0.00,0.00,0.00,0.00,0.00,0.00,0.00,0.00,0.00,0.00,4.94,4.70,95.17,4.62,4.39,95.03,0.00,0.00,0.00,0.00,0.00,0.00,0.00,0.00,0.00,0.00,0.00,0.00,9.55,9.09,95.10,2026
EM00007193,Mr. Debendro Nath Pramanik,1318,Noakhali,NO063-B,01,1,7.62,6.64,87.12,7.56,6.09,80.52,7.56,7.61,100.65,8.84,9.01,101.92,8.61,6.58,76.36,8.61,8.81,102.31,7.90,8.65,109.53,7.71,7.86,101.95,0.00,0.00,0.00,0.00,0.00,0.00,0.00,0.00,0.00,0.00,0.00,0.00,64.43,61.26,95.08,2026
EM00015256,Md. Rubel Ali Munshe,1328,Cox's Bazar,CO011-G,02,1,4.85,2.28,47.00,4.60,4.71,102.40,4.66,4.81,103.26,4.80,4.88,101.63,4.50,4.56,101.35,4.94,5.05,102.17,4.94,4.98,100.84,5.06,5.19,102.62,0.00,0.00,0.00,0.00,0.00,0.00,0.00,0.00,0.00,0.00,0.00,0.00,38.35,36.46,95.08,2026
EM00010959,Md. Saiful Islam,1324,Jashore,JA021-G,02,1,7.55,6.91,91.55,7.35,6.47,88.04,7.50,6.78,90.36,8.10,8.01,98.94,7.55,7.17,94.99,8.30,7.86,94.72,8.30,8.14,98.09,8.54,8.73,102.23,0.00,0.00,0.00,0.00,0.00,0.00,0.00,0.00,0.00,0.00,0.00,0.00,63.19,60.08,95.08,2026
EM00011234,Md. Musfaqur Rahman,1335,RJS+PAB+KST,RG02017,02,4,146.67,131.73,89.81,142.10,127.81,89.94,144.29,136.98,94.94,156.41,142.02,90.80,146.85,142.58,97.09,161.18,154.85,96.07,161.18,161.78,100.37,165.96,166.54,100.34,0.00,0.00,0.00,0.00,0.00,0.00,0.00,0.00,0.00,0.00,0.00,0.00,1224.64,1164.29,95.07,2026
EM00010600,Md. Abu Bakkar Siddique,1316,Sylhet,SY020-G,02,2,41.85,35.57,84.99,40.20,37.90,94.28,41.16,37.43,90.93,44.57,41.69,93.54,41.86,41.98,100.28,45.95,42.89,93.34,45.95,45.79,99.65,47.30,48.34,102.19,0.00,0.00,0.00,0.00,0.00,0.00,0.00,0.00,0.00,0.00,0.00,0.00,348.84,331.58,95.05,2026
EM00014643,Md. Rahid Ali,1320,Bogura,BO034-V,04,1,5.24,3.53,67.32,5.24,5.42,103.43,5.35,5.43,101.41,5.71,5.28,92.46,5.71,4.53,79.30,6.18,6.46,104.61,6.42,6.59,102.71,6.90,7.19,104.18,0.00,0.00,0.00,0.00,0.00,0.00,0.00,0.00,0.00,0.00,0.00,0.00,46.75,44.43,95.03,2026
EM00011321,Aminur Rahman,1317,Cumilla,CU032-G,02,1,11.69,11.37,97.26,11.35,10.15,89.41,11.54,10.95,94.89,12.49,11.62,93.02,11.73,11.91,101.50,12.91,11.48,88.91,12.93,12.15,93.99,13.31,13.42,100.81,0.00,0.00,0.00,0.00,0.00,0.00,0.00,0.00,0.00,0.00,0.00,0.00,97.95,93.04,94.99,2026
EM00014254,Raju Ahmed,1321,Rajshahi,RA011-G,02,1,5.25,4.99,95.11,5.10,4.67,91.61,5.18,4.48,86.50,5.60,5.15,91.94,5.20,4.89,94.13,5.60,5.44,97.23,5.60,5.64,100.74,5.75,5.83,101.38,0.00,0.00,0.00,0.00,0.00,0.00,0.00,0.00,0.00,0.00,0.00,0.00,43.28,41.11,94.98,2026
EM00009764,Md. Azizul Islam,1317,Cumilla,CU042-C,01,1,9.75,9.68,99.33,9.68,9.99,103.25,9.68,10.26,105.96,9.70,8.93,92.05,9.34,7.78,83.28,9.34,8.61,92.19,9.92,9.20,92.82,9.78,8.83,90.34,0.00,0.00,0.00,0.00,0.00,0.00,0.00,0.00,0.00,0.00,0.00,0.00,77.17,73.28,94.96,2026
EM00012796,Md. Nahid Hasan,1318,Noakhali,NO016-V,04,1,8.52,8.56,100.41,8.52,8.14,95.49,8.71,6.65,76.34,9.29,9.68,104.17,9.29,7.50,80.73,10.06,10.17,101.07,5.80,5.94,102.48,6.23,6.44,103.38,0.00,0.00,0.00,0.00,0.00,0.00,0.00,0.00,0.00,0.00,0.00,0.00,66.42,63.07,94.96,2026
EM00010540,Md. Atikur Rahman,1318,Noakhali,NO053-B,01,1,7.16,6.44,90.03,7.11,6.46,90.88,7.11,6.23,87.64,5.97,5.96,99.79,6.10,5.43,89.00,6.10,6.29,103.19,5.84,5.98,102.29,6.00,6.00,100.03,0.00,0.00,0.00,0.00,0.00,0.00,0.00,0.00,0.00,0.00,0.00,0.00,51.38,48.78,94.95,2026
EM00010986,Shukdeb Roy,1324,Jashore,JA016-G,02,1,7.90,7.52,95.21,7.60,6.74,88.73,7.72,7.81,101.16,8.35,7.57,90.64,7.80,8.03,102.90,8.55,7.82,91.48,8.55,7.55,88.32,8.80,8.91,101.26,0.00,0.00,0.00,0.00,0.00,0.00,0.00,0.00,0.00,0.00,0.00,0.00,65.27,61.95,94.92,2026
EM00016226,Md. Taufiq Badhan Shuvessa,1326,Barishal,BA016-V,04,1,0.00,0.00,0.00,0.00,0.00,0.00,0.00,0.00,0.00,0.00,0.00,0.00,0.00,0.00,0.00,0.00,0.00,0.00,4.80,4.25,88.46,5.15,5.20,100.90,0.00,0.00,0.00,0.00,0.00,0.00,0.00,0.00,0.00,0.00,0.00,0.00,9.95,9.44,94.90,2026
EM00011995,Amirul Islam,1333,Moulvibazar,MO102-C,01,1,10.66,8.86,83.11,10.58,9.30,87.91,10.58,8.82,83.39,11.69,11.80,100.95,11.28,10.99,97.41,11.28,11.71,103.79,10.10,9.56,94.70,9.95,10.69,107.39,0.00,0.00,0.00,0.00,0.00,0.00,0.00,0.00,0.00,0.00,0.00,0.00,86.11,81.72,94.90,2026
EM00010952,Mohammad Moshiur Rahman,1314,Mymensingh,MY024-G,02,1,9.80,8.03,81.90,9.50,8.60,90.51,9.65,9.12,94.52,10.45,9.26,88.60,9.80,8.31,84.81,10.75,11.00,102.28,10.75,11.58,107.68,11.05,11.66,105.54,0.00,0.00,0.00,0.00,0.00,0.00,0.00,0.00,0.00,0.00,0.00,0.00,81.75,77.55,94.86,2026
EM00016146,Md Burhan Uddin,1334,Kishoreganj,KI024-C,01,1,0.00,0.00,0.00,0.00,0.00,0.00,0.00,0.00,0.00,0.00,0.00,0.00,5.46,3.52,64.42,5.46,5.79,105.92,5.38,5.78,107.50,5.32,5.41,101.75,0.00,0.00,0.00,0.00,0.00,0.00,0.00,0.00,0.00,0.00,0.00,0.00,21.63,20.50,94.80,2026
EM00015054,Kuddus Ali,1330,Pabna,PB064-B,01,1,9.00,8.22,91.25,8.94,7.65,85.63,8.94,9.07,101.46,5.46,4.92,90.20,5.33,5.09,95.55,5.33,5.22,97.85,5.07,5.09,100.45,5.12,5.15,100.67,0.00,0.00,0.00,0.00,0.00,0.00,0.00,0.00,0.00,0.00,0.00,0.00,53.19,50.42,94.79,2026
EM00014205,Kanon Sarker,1323,Dinajpur,DI032-B,01,1,4.74,4.76,100.48,4.71,3.71,78.86,4.71,3.79,80.47,5.11,4.27,83.47,5.11,4.06,79.48,5.11,4.72,92.33,4.35,5.43,124.85,4.29,5.39,125.74,0.00,0.00,0.00,0.00,0.00,0.00,0.00,0.00,0.00,0.00,0.00,0.00,38.14,36.14,94.77,2026
EM00007670,Md. Ziaur Rahaman,1318,Noakhali,NO141-A,01,1,9.75,9.13,93.66,9.70,8.96,92.40,9.70,7.94,81.88,9.83,10.05,102.23,9.70,8.97,92.46,9.70,9.91,102.13,8.99,9.04,100.54,8.88,8.25,92.97,0.00,0.00,0.00,0.00,0.00,0.00,0.00,0.00,0.00,0.00,0.00,0.00,76.25,72.26,94.76,2026
EM00001188,Syed Rezaul Islam,1336,PLT+DNM+UTR+NRG+MYM+CHT+SYL+CML+NKL,AGM01-V,04,9,1097.49,997.09,90.85,2186.80,1947.03,89.04,2236.50,1845.16,82.50,2385.60,2447.17,102.58,2385.60,2289.42,95.97,2584.40,2573.04,99.56,2683.80,2617.95,97.55,2882.60,2754.53,95.56,0.00,0.00,0.00,0.00,0.00,0.00,0.00,0.00,0.00,0.00,0.00,0.00,18442.79,17471.38,94.73,2026
EM00004028,Mr. Shahin Miah,1332,B. Baria,BB022-A,01,1,6.80,6.74,99.18,6.75,7.18,106.39,6.75,6.89,102.04,6.59,6.90,104.65,7.14,4.59,64.21,7.14,6.55,91.68,7.12,6.86,96.39,7.02,6.69,95.32,0.00,0.00,0.00,0.00,0.00,0.00,0.00,0.00,0.00,0.00,0.00,0.00,55.31,52.39,94.73,2026
EM00010603,Md. Abu Taher,1331,Chandpur,CA012-G,02,1,10.05,9.48,94.29,9.75,9.06,92.96,9.91,9.01,90.88,10.75,9.40,87.46,10.09,10.16,100.69,11.12,9.47,85.15,11.14,11.57,103.82,11.47,11.69,101.93,0.00,0.00,0.00,0.00,0.00,0.00,0.00,0.00,0.00,0.00,0.00,0.00,84.28,79.83,94.72,2026
EM00004547,Md. Faruque Hosen,1319,NKL+FEN,RG02010,02,4,192.49,184.45,95.82,186.23,177.45,95.29,189.36,176.05,92.97,205.01,183.27,89.40,192.49,183.00,95.07,211.27,198.22,93.82,211.27,204.98,97.02,217.53,213.44,98.12,0.00,0.00,0.00,0.00,0.00,0.00,0.00,0.00,0.00,0.00,0.00,0.00,1605.65,1520.87,94.72,2026
EM00015678,Md. Anwar Hossen,1315,Chattogram,CH043-V,04,1,0.00,0.00,0.00,6.05,6.23,102.89,6.19,4.82,77.85,6.60,7.34,111.25,6.70,6.73,100.49,7.50,7.56,100.79,7.80,6.37,81.67,8.38,7.57,90.31,0.00,0.00,0.00,0.00,0.00,0.00,0.00,0.00,0.00,0.00,0.00,0.00,49.22,46.62,94.71,2026
EM00012788,Rakibuzzaman .,1313,Narayanganj,NA012-V,04,1,7.60,7.67,100.93,7.60,6.70,88.16,7.77,6.44,82.92,8.28,8.74,105.54,8.28,8.48,102.36,8.97,9.19,102.41,9.32,8.72,93.54,10.10,8.38,82.98,0.00,0.00,0.00,0.00,0.00,0.00,0.00,0.00,0.00,0.00,0.00,0.00,67.92,64.31,94.69,2026
EM00013548,Jahangir Alam,1318,Noakhali,NO014-V,04,1,8.15,6.66,81.77,8.15,7.35,90.16,8.33,7.13,85.62,8.89,9.44,106.21,8.89,8.50,95.58,9.63,8.96,93.07,10.00,10.08,100.79,10.74,10.78,100.36,0.00,0.00,0.00,0.00,0.00,0.00,0.00,0.00,0.00,0.00,0.00,0.00,72.78,68.90,94.68,2026
EM00012011,Bekash Chandra Das,1318,Noakhali,NO072-B,01,1,8.13,6.79,83.45,8.07,8.13,100.74,8.07,7.56,93.60,8.51,7.87,92.51,8.31,7.01,84.41,8.31,8.50,102.37,7.89,8.30,105.17,7.89,7.53,95.46,0.00,0.00,0.00,0.00,0.00,0.00,0.00,0.00,0.00,0.00,0.00,0.00,65.18,61.70,94.65,2026
EM00007089,Md. Saiful Islam,1321,Rajshahi,RA032-V,04,1,6.35,5.85,92.12,6.35,5.23,82.33,6.49,5.35,82.39,6.92,7.08,102.32,6.92,6.49,93.85,7.50,7.17,95.56,7.10,7.37,103.77,7.63,7.76,101.76,0.00,0.00,0.00,0.00,0.00,0.00,0.00,0.00,0.00,0.00,0.00,0.00,55.26,52.30,94.64,2026
EM00012587,Md. Emdadur Rahman,1313,Narayanganj,NA043-G,02,1,9.31,8.71,93.57,9.00,8.28,91.97,9.15,8.63,94.35,9.91,8.35,84.24,9.30,8.93,96.06,10.30,10.07,97.80,10.30,10.38,100.80,10.60,10.33,97.43,0.00,0.00,0.00,0.00,0.00,0.00,0.00,0.00,0.00,0.00,0.00,0.00,77.87,73.69,94.63,2026
EM00014997,Md. Abdul Jalil,1322,Rangpur,RN031-V,04,1,4.45,3.59,80.71,4.45,3.50,78.65,4.55,3.72,81.65,4.86,4.92,101.30,4.86,5.05,103.97,5.26,5.34,101.54,5.46,5.59,102.33,5.86,5.90,100.61,0.00,0.00,0.00,0.00,0.00,0.00,0.00,0.00,0.00,0.00,0.00,0.00,39.75,37.61,94.61,2026
EM00012290,Ala Uddin .,1318,Noakhali,NO101-B,01,1,8.51,7.75,91.08,8.50,8.04,94.63,8.50,7.18,84.49,7.88,7.43,94.29,7.84,6.95,88.55,7.84,7.44,94.81,7.61,8.14,107.00,7.43,7.72,103.93,0.00,0.00,0.00,0.00,0.00,0.00,0.00,0.00,0.00,0.00,0.00,0.00,64.11,60.65,94.60,2026
EM00012741,Bishwajit Ray,1329,Tangail,TA016-G,02,1,7.30,7.33,100.45,7.00,6.42,91.67,7.10,6.80,95.73,7.70,6.65,86.36,7.20,6.56,91.07,4.70,4.06,86.30,4.70,4.90,104.20,4.85,5.10,105.16,0.00,0.00,0.00,0.00,0.00,0.00,0.00,0.00,0.00,0.00,0.00,0.00,50.55,47.81,94.58,2026
EM00014424,A N M Shajibul Islam Shajib,1321,Rajshahi,RA011-V,04,1,5.68,5.23,92.04,5.68,2.98,52.44,5.81,4.84,83.38,6.20,6.59,106.24,6.20,6.74,108.73,6.72,7.01,104.37,6.95,6.96,100.14,7.46,7.60,101.82,0.00,0.00,0.00,0.00,0.00,0.00,0.00,0.00,0.00,0.00,0.00,0.00,50.70,47.95,94.57,2026
EM00014746,Md. Jakir Hossain,1331,Chandpur,CA043-B,01,1,7.31,6.16,84.22,7.26,6.70,92.36,7.26,7.26,100.07,7.55,6.75,89.34,7.34,7.43,101.19,7.34,6.88,93.68,7.29,6.95,95.26,7.09,7.15,100.79,0.00,0.00,0.00,0.00,0.00,0.00,0.00,0.00,0.00,0.00,0.00,0.00,58.45,55.28,94.57,2026
EM00013926,Mohammad Rozzab Ali,1336,Keraniganj,KE014-V,04,1,6.51,6.09,93.57,6.76,5.62,83.08,6.91,5.62,81.35,7.37,6.94,94.10,7.17,7.22,100.70,7.70,7.51,97.47,8.00,8.15,101.88,8.30,8.38,100.96,0.00,0.00,0.00,0.00,0.00,0.00,0.00,0.00,0.00,0.00,0.00,0.00,58.72,55.52,94.55,2026
EM00011004,Md. Anowar Hossain,1330,Pabna,PB014-G,02,1,8.50,6.52,76.65,8.20,7.67,93.52,8.33,8.05,96.66,9.01,8.65,96.01,8.50,8.75,102.90,9.20,7.58,82.36,9.20,9.61,104.50,9.45,9.73,102.93,0.00,0.00,0.00,0.00,0.00,0.00,0.00,0.00,0.00,0.00,0.00,0.00,70.39,66.55,94.55,2026
EM00013686,Ripon Chandra Saha,1310,Paltan,PA071-G,02,1,6.70,6.94,103.51,6.60,6.32,95.71,6.71,7.20,107.26,7.30,5.83,79.93,6.80,6.25,91.87,7.45,7.46,100.10,7.45,6.29,84.42,7.50,7.15,95.31,0.00,0.00,0.00,0.00,0.00,0.00,0.00,0.00,0.00,0.00,0.00,0.00,56.51,53.43,94.54,2026
EM00010908,Md. Mobarak Hossen Munshi,1331,Chandpur,CA011-V,04,1,8.29,7.49,90.32,8.29,7.02,84.71,8.48,6.89,81.28,9.04,9.28,102.69,9.04,8.67,95.92,9.79,10.19,104.08,10.16,10.17,100.11,10.91,10.23,93.76,0.00,0.00,0.00,0.00,0.00,0.00,0.00,0.00,0.00,0.00,0.00,0.00,74.00,69.95,94.52,2026
EM00015516,Md. Abu Yousuf,1320,Bogura,BO052-G,02,1,4.70,2.43,51.72,4.25,2.52,59.25,4.00,3.09,77.24,4.35,3.38,77.69,4.05,3.52,86.99,4.40,9.81,222.91,4.50,4.04,89.89,4.60,4.14,90.01,0.00,0.00,0.00,0.00,0.00,0.00,0.00,0.00,0.00,0.00,0.00,0.00,34.85,32.93,94.50,2026
EM00016143,Repon Mia,1334,Kishoreganj,KI083-C,01,1,0.00,0.00,0.00,0.00,0.00,0.00,0.00,0.00,0.00,0.00,0.00,0.00,8.94,7.18,80.24,8.94,8.43,94.30,8.81,8.56,97.16,8.70,9.26,106.42,0.00,0.00,0.00,0.00,0.00,0.00,0.00,0.00,0.00,0.00,0.00,0.00,35.40,33.43,94.44,2026
EM00016206,Sk. Nur Hossain,1312,Uttara,UT014-V,04,1,0.00,0.00,0.00,0.00,0.00,0.00,0.00,0.00,0.00,0.00,0.00,0.00,0.00,0.00,0.00,11.53,11.54,100.05,11.97,12.11,101.16,12.86,10.69,83.15,0.00,0.00,0.00,0.00,0.00,0.00,0.00,0.00,0.00,0.00,0.00,0.00,36.36,34.34,94.44,2026
EM00012627,Mahidi Hasan,1315,Chattogram,CH030-G,02,2,8.85,9.99,112.89,8.90,9.74,109.48,9.75,9.89,101.46,10.55,9.60,91.02,10.00,10.58,105.79,10.98,11.35,103.33,44.72,41.01,91.70,46.12,39.37,85.36,0.00,0.00,0.00,0.00,0.00,0.00,0.00,0.00,0.00,0.00,0.00,0.00,149.87,141.53,94.44,2026
EM00012217,Md. Shahazul Islam,1334,MYM+KSG,KI021-G,02,1,6.90,6.25,90.53,6.65,6.16,92.61,6.80,6.45,94.81,7.30,6.33,86.75,6.85,6.89,100.63,7.55,6.55,86.79,7.55,7.65,101.27,7.70,7.80,101.29,0.00,0.00,0.00,0.00,0.00,0.00,0.00,0.00,0.00,0.00,0.00,0.00,57.30,54.08,94.38,2026
EM00006868,Md. Mahabub Alam Khan,1323,Dinajpur,DI061-B,01,1,7.49,6.01,80.22,7.43,5.93,79.72,7.43,6.49,87.36,8.26,7.49,90.60,7.57,7.18,94.91,7.57,7.73,102.11,7.14,7.84,109.84,7.04,7.89,112.04,0.00,0.00,0.00,0.00,0.00,0.00,0.00,0.00,0.00,0.00,0.00,0.00,59.93,56.55,94.36,2026
EM00012566,Faridul Islam,1325,Khulna,KH023-V,04,1,5.35,5.38,100.54,5.35,4.81,89.98,5.47,4.31,78.75,5.84,5.88,100.74,5.84,5.92,101.44,6.33,6.41,101.32,6.57,5.93,90.33,7.06,6.44,91.28,0.00,0.00,0.00,0.00,0.00,0.00,0.00,0.00,0.00,0.00,0.00,0.00,47.81,45.10,94.33,2026
EM00013615,Md. Shimul Hossain,1324,Jashore,JA042-B,01,1,8.05,7.58,94.07,8.05,7.22,89.60,8.05,7.02,87.18,8.97,7.98,88.99,8.79,8.26,93.92,8.79,8.39,95.45,8.19,8.58,104.73,8.25,8.31,100.74,0.00,0.00,0.00,0.00,0.00,0.00,0.00,0.00,0.00,0.00,0.00,0.00,67.16,63.34,94.31,2026
EM00012601,Halim Howlader,1311,Dhanmondi,DH231-B,01,1,6.87,6.61,96.19,6.87,6.24,90.84,6.87,8.07,117.37,8.89,6.60,74.24,8.65,7.33,84.70,8.65,7.21,83.34,7.32,8.16,111.45,7.21,7.64,105.85,0.00,0.00,0.00,0.00,0.00,0.00,0.00,0.00,0.00,0.00,0.00,0.00,61.35,57.85,94.31,2026
EM00011541,Md. Sirajul Islam,1326,Barishal,BA074-C,01,1,7.03,6.56,93.42,6.98,6.33,90.68,6.98,7.11,101.98,7.63,7.12,93.37,7.63,6.20,81.23,7.63,6.75,88.50,6.60,7.07,107.07,6.68,6.73,100.84,0.00,0.00,0.00,0.00,0.00,0.00,0.00,0.00,0.00,0.00,0.00,0.00,57.14,53.88,94.28,2026
EM00014440,Md. Shahidul Islam Mamun,1325,Khulna,KH016-G,02,1,6.20,4.91,79.17,6.00,5.42,90.30,6.09,5.73,94.10,6.59,6.19,93.99,6.20,5.74,92.57,6.80,6.66,97.95,6.80,6.92,101.71,6.98,7.14,102.29,0.00,0.00,0.00,0.00,0.00,0.00,0.00,0.00,0.00,0.00,0.00,0.00,51.66,48.71,94.28,2026
EM00008767,Bappi Kumar Mojumder,1315,Chattogram,CH052-A,01,1,9.13,8.30,90.95,9.07,8.23,90.74,9.07,8.22,90.71,9.69,8.99,92.80,9.35,9.41,100.69,9.35,7.76,83.02,8.94,9.09,101.64,8.31,8.71,104.82,0.00,0.00,0.00,0.00,0.00,0.00,0.00,0.00,0.00,0.00,0.00,0.00,72.90,68.72,94.26,2026
EM00009500,Mehedi Hassan,1325,Khulna,KH021-V,04,1,5.55,5.20,93.78,5.55,5.08,91.47,5.68,3.88,68.28,6.06,6.16,101.69,6.06,6.54,107.85,6.57,6.74,102.66,6.82,6.55,95.98,7.33,6.62,90.34,0.00,0.00,0.00,0.00,0.00,0.00,0.00,0.00,0.00,0.00,0.00,0.00,49.62,46.77,94.26,2026
EM00013588,Md. Suman Hossain,1327,Faridpur,FA042-G,02,1,7.00,6.83,97.64,6.82,6.92,101.42,7.20,7.36,102.21,7.86,6.50,82.65,7.25,6.48,89.31,7.96,7.29,91.57,7.96,7.54,94.69,8.20,7.88,96.05,0.00,0.00,0.00,0.00,0.00,0.00,0.00,0.00,0.00,0.00,0.00,0.00,60.25,56.78,94.25,2026
EM00011090,Md. Golam Saklin,1317,Cumilla,CU011-G,02,1,4.65,4.73,101.73,4.54,4.60,101.27,4.62,3.36,72.74,5.01,4.81,95.94,4.70,3.67,78.00,5.20,4.31,82.85,4.87,5.22,107.16,5.11,5.77,112.92,0.00,0.00,0.00,0.00,0.00,0.00,0.00,0.00,0.00,0.00,0.00,0.00,38.70,36.46,94.21,2026
EM00013678,Md. Shamim Reza,1320,Bogura,BO042-G,02,1,6.70,6.73,100.42,6.25,5.78,92.53,6.50,5.79,89.10,6.80,6.79,99.80,6.45,5.75,89.15,7.10,6.80,95.80,7.00,6.18,88.22,7.25,7.10,97.97,0.00,0.00,0.00,0.00,0.00,0.00,0.00,0.00,0.00,0.00,0.00,0.00,54.05,50.92,94.21,2026
EM00013152,Md. Sohel Rana,1316,Sylhet,SY012-V,04,1,7.98,6.81,85.36,8.01,6.36,79.44,8.19,5.97,72.95,8.74,10.64,121.80,8.74,8.22,94.01,9.50,9.61,101.20,9.87,9.13,92.54,10.02,10.17,101.45,0.00,0.00,0.00,0.00,0.00,0.00,0.00,0.00,0.00,0.00,0.00,0.00,71.05,66.93,94.19,2026
EM00012450,Md. Shoriful Islam,1326,Barishal,BA014-C,01,1,4.34,3.93,90.50,4.31,3.92,90.85,4.31,3.50,81.16,7.82,5.99,76.63,6.95,6.37,91.66,6.95,6.39,91.91,6.01,6.92,115.15,6.17,7.13,115.49,0.00,0.00,0.00,0.00,0.00,0.00,0.00,0.00,0.00,0.00,0.00,0.00,46.86,44.14,94.19,2026
EM00008126,Md. Sohelrana Roky,1310,Paltan,PA220-P,01,2,21.69,22.37,103.15,21.54,22.33,103.67,21.54,21.94,101.85,27.04,22.42,82.90,26.04,20.71,79.54,26.04,21.40,82.20,23.04,24.26,105.30,23.67,24.05,101.60,0.00,0.00,0.00,0.00,0.00,0.00,0.00,0.00,0.00,0.00,0.00,0.00,190.59,179.48,94.17,2026
EM00014911,Md. Sadequl Islam Khan,1314,Mymensingh,MY025-V,04,1,6.70,6.03,90.07,6.70,6.15,91.73,6.85,6.20,90.44,7.30,7.43,101.83,7.30,6.90,94.58,7.92,7.57,95.61,8.22,7.75,94.25,8.82,8.29,93.94,0.00,0.00,0.00,0.00,0.00,0.00,0.00,0.00,0.00,0.00,0.00,0.00,59.81,56.32,94.16,2026
EM00009232,Md. Nazmul Hasan,1323,Dinajpur,DI010-G,02,2,41.30,41.95,101.57,39.95,40.82,102.16,40.62,40.80,100.45,30.30,24.45,80.70,28.50,26.22,92.01,31.25,26.97,86.32,31.25,28.61,91.54,32.20,29.45,91.47,0.00,0.00,0.00,0.00,0.00,0.00,0.00,0.00,0.00,0.00,0.00,0.00,275.37,259.28,94.16,2026
EM00015680,Md. Imran Hussin,1330,Pabna,PB031-G,02,1,0.00,0.00,0.00,3.65,2.81,77.01,3.70,2.97,80.41,4.00,3.49,87.20,3.75,4.01,106.94,4.10,4.14,100.90,4.20,4.26,101.37,4.30,4.39,102.20,0.00,0.00,0.00,0.00,0.00,0.00,0.00,0.00,0.00,0.00,0.00,0.00,27.70,26.07,94.13,2026
EM00006461,Md. Nasir Uddin,1311,Dhanmondi,DH290-P,01,2,33.08,30.61,92.53,33.08,31.07,93.92,33.08,31.35,94.76,37.51,33.25,88.63,36.12,33.14,91.74,36.12,31.18,86.31,32.50,34.13,105.03,32.03,32.72,102.14,0.00,0.00,0.00,0.00,0.00,0.00,0.00,0.00,0.00,0.00,0.00,0.00,273.53,257.44,94.12,2026
EM00010402,Zakir Hosen,1332,B. Baria,BB051-A,01,1,10.04,9.27,92.34,9.96,10.12,101.60,9.96,10.84,108.82,9.83,7.78,79.10,9.47,8.02,84.71,9.47,9.54,100.69,9.28,8.41,90.57,9.15,8.66,94.57,0.00,0.00,0.00,0.00,0.00,0.00,0.00,0.00,0.00,0.00,0.00,0.00,77.18,72.64,94.12,2026
EM00015200,Md. Khalilur Rahman,1330,RJS+PAB,RA024-G,02,1,5.67,5.00,88.12,5.50,5.06,91.92,5.58,5.21,93.40,6.05,5.26,86.95,5.66,5.75,101.64,6.22,5.56,89.32,4.40,4.50,102.16,4.55,4.73,103.92,0.00,0.00,0.00,0.00,0.00,0.00,0.00,0.00,0.00,0.00,0.00,0.00,43.63,41.06,94.10,2026
EM00013257,Md. Mahamudul Hasan,1311,Dhanmondi,DH032-A,01,1,2.48,2.24,90.18,2.48,2.49,100.42,2.48,2.85,114.58,3.18,2.98,93.90,3.06,2.69,88.13,3.06,2.25,73.54,2.62,2.70,102.87,2.59,2.45,94.79,0.00,0.00,0.00,0.00,0.00,0.00,0.00,0.00,0.00,0.00,0.00,0.00,21.95,20.66,94.10,2026
EM00014940,Sabbir Hossain,1310,Paltan,PA234-C,01,1,2.30,2.54,110.56,2.28,2.30,100.91,2.28,2.45,107.69,3.76,3.06,81.31,3.63,2.78,76.68,3.63,2.99,82.39,3.05,3.28,107.51,3.13,3.23,102.98,0.00,0.00,0.00,0.00,0.00,0.00,0.00,0.00,0.00,0.00,0.00,0.00,24.06,22.63,94.07,2026
EM00016220,Md. Emran Mia,1314,Mymensingh,MY113-B,01,1,0.00,0.00,0.00,0.00,0.00,0.00,0.00,0.00,0.00,0.00,0.00,0.00,0.00,0.00,0.00,6.15,4.93,80.10,5.73,5.95,103.89,5.70,5.65,99.19,0.00,0.00,0.00,0.00,0.00,0.00,0.00,0.00,0.00,0.00,0.00,0.00,17.58,16.53,94.05,2026
EM00004765,Md. Abu Taher Khan,1329,Tangail,TA060-P,01,2,28.58,26.68,93.35,28.38,26.58,93.66,28.38,26.32,92.74,30.74,27.86,90.62,29.64,25.75,86.90,29.64,26.43,89.17,26.87,27.66,102.95,27.42,28.69,104.61,0.00,0.00,0.00,0.00,0.00,0.00,0.00,0.00,0.00,0.00,0.00,0.00,229.64,215.96,94.04,2026
EM00011694,Md. Rasel Mia,1327,Faridpur,FA013-B,01,1,5.82,5.27,90.61,5.78,5.28,91.32,5.78,5.28,91.41,6.04,5.78,95.62,6.04,5.17,85.62,6.04,5.45,90.20,5.74,6.17,107.52,5.53,5.57,100.82,0.00,0.00,0.00,0.00,0.00,0.00,0.00,0.00,0.00,0.00,0.00,0.00,46.77,43.97,94.03,2026
EM00004516,Md. Mostafijur Rahman,1335,JSR+FRD+KST,RG02013,02,4,143.70,131.30,91.37,139.02,129.18,92.92,141.36,134.75,95.32,153.04,138.95,90.79,143.70,137.70,95.83,157.71,144.43,91.58,157.71,151.28,95.93,162.38,159.34,98.12,0.00,0.00,0.00,0.00,0.00,0.00,0.00,0.00,0.00,0.00,0.00,0.00,1198.62,1126.93,94.02,2026
EM00015632,Md. Sahin Talukder,1326,Barishal,BA034-G,02,1,5.15,4.47,86.75,4.85,4.25,87.62,4.93,5.16,104.58,5.34,4.94,92.55,5.15,4.89,94.86,5.80,4.67,80.47,5.80,5.85,100.86,6.05,6.27,103.71,0.00,0.00,0.00,0.00,0.00,0.00,0.00,0.00,0.00,0.00,0.00,0.00,43.07,40.49,94.01,2026
EM00010095,Sohel Rana,1314,Mymensingh,MY021-V,04,1,7.96,7.33,92.07,7.96,7.14,89.66,8.14,5.18,63.62,8.68,9.67,111.35,8.68,7.94,91.42,9.40,10.19,108.44,9.76,9.79,100.35,10.48,9.56,91.19,0.00,0.00,0.00,0.00,0.00,0.00,0.00,0.00,0.00,0.00,0.00,0.00,71.06,66.79,93.99,2026
EM00011729,Md. A. Salam,1318,Noakhali,NO071-B,01,1,7.77,6.22,80.08,7.71,7.36,95.52,7.71,7.05,91.41,8.29,7.63,92.10,8.09,7.42,91.63,8.09,7.59,93.72,7.69,8.04,104.58,7.69,7.94,103.25,0.00,0.00,0.00,0.00,0.00,0.00,0.00,0.00,0.00,0.00,0.00,0.00,63.04,59.25,93.98,2026
EM00011531,Md. Abdur Rahim .,1318,Noakhali,NO020-V,04,2,7.44,7.51,100.94,7.44,7.54,101.34,7.60,7.91,104.06,8.10,8.48,104.63,8.10,7.82,96.53,8.76,9.19,104.90,40.11,36.59,91.23,43.08,37.73,87.58,0.00,0.00,0.00,0.00,0.00,0.00,0.00,0.00,0.00,0.00,0.00,0.00,130.63,122.76,93.98,2026
EM00007354,Md. Sagar Badsha,1329,Tangail,TA014-G,02,1,7.75,7.48,96.57,7.50,6.51,86.85,7.60,6.87,90.42,8.20,7.64,93.23,7.60,6.97,91.67,8.30,7.38,88.92,8.30,8.37,100.87,8.55,8.71,101.92,0.00,0.00,0.00,0.00,0.00,0.00,0.00,0.00,0.00,0.00,0.00,0.00,63.80,59.95,93.96,2026
EM00006590,Md. Ferdous Alam,1321,Rajshahi,RA024-A,01,1,6.10,4.88,79.98,6.06,5.19,85.62,6.06,5.37,88.57,6.77,6.40,94.57,6.52,6.52,100.00,6.52,5.52,84.64,5.63,6.31,112.05,5.55,6.05,109.09,0.00,0.00,0.00,0.00,0.00,0.00,0.00,0.00,0.00,0.00,0.00,0.00,49.21,46.24,93.96,2026
EM00014493,Md. Imran Hosen,1311,Dhanmondi,DH162-B,01,1,5.96,6.04,101.30,5.96,6.12,102.62,5.96,5.75,96.48,6.64,5.23,78.71,6.47,4.58,70.78,6.47,5.03,77.75,6.53,7.78,119.18,6.44,6.85,106.46,0.00,0.00,0.00,0.00,0.00,0.00,0.00,0.00,0.00,0.00,0.00,0.00,50.43,47.38,93.95,2026
EM00011785,Md. Tanvin Hossain,1325,Khulna,KH011-V,04,1,4.90,4.77,97.25,4.90,4.42,90.11,5.01,4.35,86.87,5.34,5.55,103.92,5.40,5.15,95.30,5.85,5.93,101.32,6.08,5.47,90.01,6.53,5.72,87.58,0.00,0.00,0.00,0.00,0.00,0.00,0.00,0.00,0.00,0.00,0.00,0.00,44.01,41.35,93.95,2026
EM00013479,Md. Sona Mia,1314,Mymensingh,MY111-A,01,1,6.47,4.59,70.95,6.42,5.02,78.13,6.42,5.87,91.44,5.75,5.50,95.78,5.15,5.46,106.04,5.15,5.86,113.71,4.53,4.74,104.51,4.44,4.60,103.65,0.00,0.00,0.00,0.00,0.00,0.00,0.00,0.00,0.00,0.00,0.00,0.00,44.34,41.64,93.93,2026
EM00003669,Md. Shahinur Islam,1312,Uttara,UT030-V,04,2,39.72,35.05,88.23,39.72,35.39,89.10,40.63,32.62,80.28,43.35,43.58,100.54,43.35,38.14,87.98,46.96,47.34,100.80,48.77,48.97,100.41,52.38,52.23,99.72,0.00,0.00,0.00,0.00,0.00,0.00,0.00,0.00,0.00,0.00,0.00,0.00,354.88,333.31,93.92,2026
EM00012113,Goutam Kumar Roy,1310,Paltan,PA222-B,01,1,4.46,4.69,105.10,4.43,4.50,101.69,4.43,4.44,100.32,5.52,4.49,81.38,5.32,4.23,79.65,5.32,4.23,79.55,4.68,5.05,107.89,4.81,4.95,102.93,0.00,0.00,0.00,0.00,0.00,0.00,0.00,0.00,0.00,0.00,0.00,0.00,38.96,36.59,93.92,2026
EM00012463,Mehedi Hasan,1310,Paltan,PA013-V,04,1,7.50,6.46,86.16,7.50,6.84,91.18,7.67,4.75,61.96,8.16,8.28,101.43,8.16,8.19,100.32,8.84,9.23,104.42,9.18,9.39,102.26,9.86,9.67,98.05,0.00,0.00,0.00,0.00,0.00,0.00,0.00,0.00,0.00,0.00,0.00,0.00,66.87,62.80,93.92,2026
EM00008795,Md. Asadur Rahman,1317,Cumilla,CU043-A,01,1,8.23,8.23,99.95,8.17,8.37,102.39,8.17,8.03,98.27,8.17,7.17,87.74,7.87,6.32,80.26,7.87,7.10,90.23,8.35,7.62,91.24,8.23,8.27,100.52,0.00,0.00,0.00,0.00,0.00,0.00,0.00,0.00,0.00,0.00,0.00,0.00,65.06,61.10,93.91,2026
EM00009628,Mohammad Safatour Rahman,1318,Noakhali,NO123-C,01,1,10.30,8.56,83.14,10.24,9.03,88.19,10.24,9.45,92.29,10.69,10.31,96.43,10.56,9.22,87.34,10.56,10.07,95.34,9.79,10.38,106.06,9.63,9.99,103.71,0.00,0.00,0.00,0.00,0.00,0.00,0.00,0.00,0.00,0.00,0.00,0.00,82.01,77.02,93.91,2026
EM00007555,Md. Rafiqul Islam,1328,Cox's Bazar,CO052-C,01,1,6.69,5.60,83.78,6.64,5.78,87.08,6.64,6.30,94.88,7.23,7.56,104.45,6.95,6.39,91.87,6.95,7.37,106.07,6.53,5.95,91.14,6.32,5.71,90.35,0.00,0.00,0.00,0.00,0.00,0.00,0.00,0.00,0.00,0.00,0.00,0.00,53.95,50.66,93.90,2026
EM00014453,Arghya Chakroborty,1310,Paltan,PA221-B,01,1,3.22,3.27,101.60,3.20,3.24,101.39,3.20,3.23,100.88,4.03,3.36,83.44,3.88,3.06,78.95,3.88,3.24,83.41,3.65,3.82,104.77,3.75,3.82,101.88,0.00,0.00,0.00,0.00,0.00,0.00,0.00,0.00,0.00,0.00,0.00,0.00,28.81,27.05,93.90,2026
EM00002705,Mohammad Mamun A Hassan,1310,Paltan,RV04001,04,4,174.45,159.02,91.15,174.45,155.03,88.87,178.42,142.04,79.61,190.32,200.07,105.12,190.32,182.56,95.92,206.18,200.89,97.43,214.11,203.76,95.16,229.57,219.16,95.47,0.00,0.00,0.00,0.00,0.00,0.00,0.00,0.00,0.00,0.00,0.00,0.00,1557.82,1462.52,93.88,2026
EM00013602,Mahbub Alam,1332,B. Baria,BB031-G,02,1,7.60,6.67,87.78,7.40,6.88,92.92,7.50,7.63,101.77,8.10,7.13,88.00,7.72,7.46,96.57,8.40,8.47,100.86,8.40,7.56,90.00,8.60,8.02,93.25,0.00,0.00,0.00,0.00,0.00,0.00,0.00,0.00,0.00,0.00,0.00,0.00,63.72,59.82,93.87,2026
EM00015087,Mehedi Hasan,1326,Barishal,BA035-G,02,1,5.08,5.31,104.50,4.90,4.08,83.36,4.98,4.39,88.09,5.39,4.59,85.20,5.10,5.38,105.42,5.80,5.84,100.61,5.80,4.71,81.23,6.05,6.16,101.87,0.00,0.00,0.00,0.00,0.00,0.00,0.00,0.00,0.00,0.00,0.00,0.00,43.10,40.46,93.87,2026
EM00012843,S. M. Najmul Huda,1311,Dhanmondi,DH082-G,02,1,5.00,5.06,101.18,4.85,4.31,88.96,5.00,4.65,92.95,5.46,5.07,92.80,5.15,4.78,92.88,5.80,4.45,76.76,5.80,5.95,102.62,5.97,6.11,102.42,0.00,0.00,0.00,0.00,0.00,0.00,0.00,0.00,0.00,0.00,0.00,0.00,43.03,40.39,93.87,2026
EM00014722,Md. Shobuj Alam,1325,Khulna,KH015-G,02,1,5.10,4.05,79.43,4.94,4.17,84.37,5.05,4.73,93.60,5.46,4.77,87.29,5.15,4.97,96.51,5.66,5.14,90.80,5.66,5.94,104.91,5.84,6.47,110.79,0.00,0.00,0.00,0.00,0.00,0.00,0.00,0.00,0.00,0.00,0.00,0.00,42.86,40.23,93.86,2026
EM00013796,Md. Abdus Salam,1322,Rangpur,RN041-B,01,1,8.79,7.31,83.12,8.74,7.51,85.90,8.74,8.82,100.90,10.41,9.65,92.69,10.06,8.41,83.62,10.06,9.66,96.07,9.21,9.68,105.13,9.07,9.41,103.70,0.00,0.00,0.00,0.00,0.00,0.00,0.00,0.00,0.00,0.00,0.00,0.00,75.08,70.45,93.83,2026
EM00009364,Moniruzzaman .,1333,Moulvibazar,MO014-V,04,1,7.14,5.74,80.40,7.17,4.89,68.25,7.33,5.38,73.41,7.81,9.79,125.32,7.81,8.73,111.72,8.50,7.81,91.85,8.83,9.17,103.87,9.50,8.62,90.78,0.00,0.00,0.00,0.00,0.00,0.00,0.00,0.00,0.00,0.00,0.00,0.00,64.09,60.13,93.82,2026
EM00015771,Md. Ahasan Ullah,1332,B. Baria,BB103-C,01,1,0.00,0.00,0.00,0.00,0.00,0.00,6.95,6.96,100.13,7.35,6.63,90.28,7.38,5.86,79.33,7.38,6.37,86.33,7.29,7.47,102.50,7.18,7.55,105.08,0.00,0.00,0.00,0.00,0.00,0.00,0.00,0.00,0.00,0.00,0.00,0.00,43.53,40.84,93.81,2026
EM00014786,Md. Tayauf- Ur- Rahman,1313,Narayanganj,NA031-G,02,1,8.65,8.42,97.35,8.35,7.32,87.71,8.48,8.58,101.23,9.18,8.82,96.06,8.60,8.39,97.61,9.43,8.60,91.16,9.43,8.64,91.67,9.70,8.58,88.50,0.00,0.00,0.00,0.00,0.00,0.00,0.00,0.00,0.00,0.00,0.00,0.00,71.82,67.37,93.80,2026
EM00006822,Md. Hafijur Rahman,1324,Jashore,JA030-V,04,2,22.18,22.53,101.58,22.18,17.94,80.86,22.69,18.20,80.22,24.19,24.33,100.57,24.19,22.03,91.08,25.60,25.93,101.30,26.60,25.18,94.66,28.37,27.70,97.62,0.00,0.00,0.00,0.00,0.00,0.00,0.00,0.00,0.00,0.00,0.00,0.00,196.00,183.84,93.79,2026
EM00014145,Rashidul Islam,1314,Mymensingh,MY113-A,01,1,10.36,8.46,81.71,10.28,9.59,93.23,10.28,10.36,100.73,6.79,5.67,83.54,6.54,6.05,92.43,6.54,6.03,92.08,5.88,6.43,109.39,5.75,5.97,103.81,0.00,0.00,0.00,0.00,0.00,0.00,0.00,0.00,0.00,0.00,0.00,0.00,62.42,58.55,93.79,2026
EM00013906,Md. Tushar Ali,1312,Uttara,UT012-V,04,1,8.32,8.49,102.08,8.32,7.37,88.61,8.51,6.80,79.91,9.08,9.51,104.68,9.10,8.72,95.86,9.85,8.96,91.01,10.23,9.71,94.93,10.99,10.20,92.81,0.00,0.00,0.00,0.00,0.00,0.00,0.00,0.00,0.00,0.00,0.00,0.00,74.40,69.77,93.78,2026
EM00007986,Bidhu Bhusan Sarker,1334,MYM+KSG,KI020-V,04,2,25.19,20.90,82.99,25.19,21.06,83.59,25.76,21.11,81.97,27.48,28.65,104.26,27.48,23.94,87.12,29.74,30.59,102.86,30.88,31.25,101.19,33.20,33.40,100.60,0.00,0.00,0.00,0.00,0.00,0.00,0.00,0.00,0.00,0.00,0.00,0.00,224.92,210.91,93.77,2026
EM00014537,Al Amin,1327,Faridpur,FA041-A,01,1,5.06,5.47,108.05,5.03,5.25,104.33,5.03,5.77,114.80,5.29,5.81,109.82,5.29,5.31,100.45,5.29,4.44,83.86,8.00,5.68,70.99,7.64,5.99,78.41,0.00,0.00,0.00,0.00,0.00,0.00,0.00,0.00,0.00,0.00,0.00,0.00,46.63,43.72,93.75,2026
EM00013034,Md. Aminul Islam,1316,Sylhet,SY022-G,02,1,7.65,6.60,86.31,7.50,7.51,100.08,7.65,6.86,89.67,8.30,7.62,91.78,7.30,6.82,93.46,7.80,6.57,84.24,7.80,7.83,100.42,8.05,8.35,103.67,0.00,0.00,0.00,0.00,0.00,0.00,0.00,0.00,0.00,0.00,0.00,0.00,62.05,58.16,93.73,2026
EM00015073,Ariful Haque,1314,Mymensingh,MY036-G,02,1,5.30,5.17,97.63,5.21,5.01,96.18,5.30,5.50,103.72,5.75,4.47,77.76,5.40,4.96,91.84,5.95,5.18,87.06,5.95,5.62,94.50,6.16,6.27,101.76,0.00,0.00,0.00,0.00,0.00,0.00,0.00,0.00,0.00,0.00,0.00,0.00,45.02,42.19,93.70,2026
EM00008143,Mr. Shipon Ali,1312,Uttara,UT051-B,01,1,7.49,6.97,93.09,7.44,7.63,102.55,7.44,7.33,98.57,8.10,6.23,76.84,7.80,6.67,85.47,7.80,6.79,86.96,7.74,8.16,105.47,7.73,7.89,102.01,0.00,0.00,0.00,0.00,0.00,0.00,0.00,0.00,0.00,0.00,0.00,0.00,61.54,57.66,93.69,2026
EM00009465,Md. Abdur Rahim,1311,Dhanmondi,DH170-P,01,2,34.73,35.00,100.79,34.73,33.85,97.47,34.73,29.35,84.53,39.09,35.97,92.03,37.67,32.20,85.47,37.67,32.05,85.07,33.77,35.90,106.30,33.28,33.32,100.10,0.00,0.00,0.00,0.00,0.00,0.00,0.00,0.00,0.00,0.00,0.00,0.00,285.66,267.64,93.69,2026
EM00009458,Md. Nurul Amin,1313,Narayanganj,NA021-V,04,1,8.30,8.60,103.66,8.30,5.72,68.89,8.49,4.94,58.21,9.05,9.20,101.61,9.05,9.24,102.11,9.80,9.91,101.13,10.18,11.80,115.92,10.92,9.99,91.49,0.00,0.00,0.00,0.00,0.00,0.00,0.00,0.00,0.00,0.00,0.00,0.00,74.09,69.40,93.67,2026
EM00015136,Nazmul Huda,1331,Chandpur,CA053-A,01,1,9.35,9.94,106.26,9.35,10.49,112.18,9.35,9.64,103.02,8.93,7.98,89.40,9.03,8.07,89.43,9.03,7.16,79.33,8.64,7.19,83.14,8.32,6.98,83.88,0.00,0.00,0.00,0.00,0.00,0.00,0.00,0.00,0.00,0.00,0.00,0.00,72.00,67.45,93.67,2026
EM00013684,Md. Anarul Islam,1331,Chandpur,CA021-G,02,1,5.65,5.97,105.67,5.60,5.29,94.48,5.69,6.00,105.46,6.16,5.04,81.75,5.78,6.23,107.82,6.39,5.84,91.36,6.05,4.92,81.31,6.23,5.25,84.22,0.00,0.00,0.00,0.00,0.00,0.00,0.00,0.00,0.00,0.00,0.00,0.00,47.55,44.53,93.66,2026
EM00007954,Mr. Pintu Sikder,1327,Faridpur,FA111-B,01,1,9.91,9.31,93.96,9.83,8.12,82.54,9.83,8.78,89.30,10.98,10.15,92.47,10.62,9.62,90.56,10.62,9.15,86.18,9.59,10.63,110.83,9.80,10.27,104.83,0.00,0.00,0.00,0.00,0.00,0.00,0.00,0.00,0.00,0.00,0.00,0.00,81.18,76.03,93.65,2026
EM00008941,Md. Haidar Ali,1335,Kushtia,KU010-G,02,2,41.81,36.74,87.88,40.46,36.63,90.53,41.14,39.65,96.39,44.55,38.61,86.66,41.81,39.66,94.85,45.90,43.17,94.05,45.90,46.01,100.23,47.27,46.11,97.54,0.00,0.00,0.00,0.00,0.00,0.00,0.00,0.00,0.00,0.00,0.00,0.00,348.84,326.58,93.62,2026
EM00003037,Md. Nazmuz Shahadat,1334,DNM+MYM+SYL+BRB+MLB+KSG,DSM02-G,02,6,130.07,147.34,113.27,693.28,637.23,91.91,704.92,649.89,92.19,763.19,684.83,89.73,716.58,675.39,94.25,786.49,706.35,89.81,708.32,686.72,96.95,729.31,710.34,97.40,0.00,0.00,0.00,0.00,0.00,0.00,0.00,0.00,0.00,0.00,0.00,0.00,5232.16,4898.09,93.62,2026
EM00015875,Md. Al-Amin,1326,Barishal,BA042-B,01,1,0.00,0.00,0.00,0.00,0.00,0.00,0.00,0.00,0.00,6.72,5.74,85.42,6.72,5.77,85.83,6.72,6.39,95.00,5.63,5.54,98.37,5.47,5.83,106.52,0.00,0.00,0.00,0.00,0.00,0.00,0.00,0.00,0.00,0.00,0.00,0.00,31.27,29.27,93.59,2026
EM00014029,Md. Arafat .,1317,Cumilla,CU092-B,01,1,6.98,6.80,97.44,6.93,6.93,100.00,6.93,5.87,84.76,6.90,6.26,90.83,6.65,5.37,80.82,6.65,6.25,93.97,6.95,6.92,99.52,6.85,6.91,100.75,0.00,0.00,0.00,0.00,0.00,0.00,0.00,0.00,0.00,0.00,0.00,0.00,54.84,51.31,93.57,2026
EM00012340,Md. Samim Khan,1318,Noakhali,NO133-C,01,1,9.41,8.92,94.84,9.34,9.59,102.70,9.34,7.79,83.44,9.38,8.06,85.91,9.04,8.59,95.07,9.04,8.80,97.40,8.62,7.65,88.79,8.46,8.54,100.91,0.00,0.00,0.00,0.00,0.00,0.00,0.00,0.00,0.00,0.00,0.00,0.00,72.61,67.94,93.57,2026
EM00011466,Md. Manik Uddin,1321,Rajshahi,RA044-B,01,1,5.96,4.10,68.75,5.92,4.59,77.59,5.92,5.18,87.57,3.80,4.15,109.13,3.56,3.71,104.32,3.56,3.62,101.74,3.56,4.46,125.11,3.76,3.90,103.82,0.00,0.00,0.00,0.00,0.00,0.00,0.00,0.00,0.00,0.00,0.00,0.00,36.03,33.71,93.55,2026
EM00015011,Md. Sihab Uddin,1311,Dhanmondi,DH044-V,04,1,5.71,6.16,107.91,6.21,6.81,109.67,6.35,7.20,113.35,6.77,6.19,91.45,6.77,4.33,63.97,7.10,7.22,101.71,7.37,6.61,89.63,7.92,6.18,78.03,0.00,0.00,0.00,0.00,0.00,0.00,0.00,0.00,0.00,0.00,0.00,0.00,54.20,50.70,93.54,2026
EM00012745,Ariful Islam,1319,Feni,FE014-G,02,1,6.20,5.56,89.61,6.09,6.10,100.16,6.29,5.65,89.82,6.99,5.98,85.54,6.60,6.01,91.04,7.15,6.20,86.75,7.15,7.28,101.80,7.50,7.71,102.73,0.00,0.00,0.00,0.00,0.00,0.00,0.00,0.00,0.00,0.00,0.00,0.00,53.97,50.48,93.54,2026
EM00007291,Md. Ramizul Karim,1310,Paltan,PA010-V,04,2,41.23,37.02,89.78,41.23,34.92,84.71,42.17,29.40,69.73,45.00,47.29,105.10,45.00,42.89,95.32,48.75,49.80,102.16,50.62,50.67,100.10,54.37,52.51,96.58,0.00,0.00,0.00,0.00,0.00,0.00,0.00,0.00,0.00,0.00,0.00,0.00,368.37,344.52,93.52,2026
EM00008851,Md. Mizanur Rahman,1335,Kushtia,KU051-A,01,1,7.13,6.58,92.30,7.08,5.85,82.66,7.08,6.57,92.75,7.61,7.11,93.51,7.32,6.70,91.63,7.32,6.76,92.44,7.00,7.14,102.01,7.12,7.18,100.89,0.00,0.00,0.00,0.00,0.00,0.00,0.00,0.00,0.00,0.00,0.00,0.00,57.65,53.90,93.51,2026
EM00011053,Md. Osman Goni,1310,Paltan,PA062-B,01,1,8.07,8.09,100.24,8.01,8.59,107.26,8.01,6.98,87.09,8.77,6.34,72.30,8.45,6.15,72.82,8.45,8.76,103.72,8.15,8.56,104.98,8.22,8.34,101.47,0.00,0.00,0.00,0.00,0.00,0.00,0.00,0.00,0.00,0.00,0.00,0.00,66.12,61.81,93.48,2026
EM00002711,Md. Ayet Ali,1328,CHT+CXB,RV04008,04,4,187.09,176.16,94.16,187.09,172.39,92.14,191.34,158.52,82.85,204.10,201.00,98.48,204.10,193.97,95.04,221.11,217.76,98.49,229.61,210.99,91.89,246.62,231.12,93.71,0.00,0.00,0.00,0.00,0.00,0.00,0.00,0.00,0.00,0.00,0.00,0.00,1671.06,1561.91,93.47,2026
EM00014143,Sourav Saha,1326,Barishal,BA011-V,04,1,8.58,8.13,94.81,8.58,7.68,89.54,8.78,6.22,70.82,9.37,9.21,98.28,9.37,9.63,102.74,10.15,9.90,97.58,9.54,8.67,90.92,9.94,10.00,100.63,0.00,0.00,0.00,0.00,0.00,0.00,0.00,0.00,0.00,0.00,0.00,0.00,74.31,69.45,93.46,2026
EM00002715,Broja Gopal Saha,1313,Narayanganj,NA020-V,04,2,35.43,34.14,96.36,35.43,30.97,87.42,36.24,30.10,83.06,38.65,40.18,103.95,38.65,36.02,93.20,41.87,40.66,97.11,43.48,42.24,97.14,46.70,41.42,88.69,0.00,0.00,0.00,0.00,0.00,0.00,0.00,0.00,0.00,0.00,0.00,0.00,316.45,295.73,93.45,2026
EM00013476,Md. Mizanur Rahman,1311,Dhanmondi,DH052-A,01,1,4.18,4.28,102.41,4.18,4.20,100.43,4.18,4.21,100.85,5.23,4.18,79.91,5.03,3.73,74.01,5.03,4.35,86.34,4.15,4.61,111.01,4.11,4.18,101.69,0.00,0.00,0.00,0.00,0.00,0.00,0.00,0.00,0.00,0.00,0.00,0.00,36.10,33.74,93.45,2026
EM00012386,Jul Hossain,1324,Jashore,JA032-V,04,1,5.65,5.07,89.70,5.65,4.67,82.67,5.78,4.67,80.81,6.14,6.52,106.27,6.14,5.11,83.21,6.40,6.76,105.63,6.60,6.10,92.48,6.80,7.03,103.38,0.00,0.00,0.00,0.00,0.00,0.00,0.00,0.00,0.00,0.00,0.00,0.00,49.16,45.94,93.45,2026
EM00011195,Rubel .,1312,Uttara,UT042-G,02,1,9.95,9.20,92.44,9.80,8.76,89.39,9.95,9.06,91.05,10.75,9.47,88.06,10.10,9.84,97.46,11.00,9.31,84.67,11.00,11.16,101.41,11.30,11.56,102.26,0.00,0.00,0.00,0.00,0.00,0.00,0.00,0.00,0.00,0.00,0.00,0.00,83.85,78.35,93.44,2026
EM00016200,Md. Shahadat Hossain,1315,Chattogram,CH091-B,01,1,0.00,0.00,0.00,0.00,0.00,0.00,0.00,0.00,0.00,0.00,0.00,0.00,0.00,0.00,0.00,5.27,4.13,78.33,5.27,5.28,100.18,5.15,5.25,101.96,0.00,0.00,0.00,0.00,0.00,0.00,0.00,0.00,0.00,0.00,0.00,0.00,15.69,14.66,93.42,2026
EM00010361,Md. Shahed Choudhury,1333,CHT+SYL+NKL+FEN+CXB+BRB+MLB,SY010-N,03,2,35.20,32.88,93.42,35.20,25.93,73.65,33.80,28.87,85.42,35.20,36.33,103.21,36.20,33.05,91.29,36.20,32.15,88.80,39.65,37.04,93.42,39.66,45.71,115.27,0.00,0.00,0.00,0.00,0.00,0.00,0.00,0.00,0.00,0.00,0.00,0.00,291.11,271.96,93.42,2026
EM00009559,Haridas Halder,1327,Faridpur,FA113-C,01,1,8.64,7.84,90.75,8.58,7.72,89.99,8.58,7.33,85.43,9.08,8.73,96.14,8.71,8.35,95.83,8.71,7.54,86.54,7.95,8.19,102.97,7.96,8.03,100.82,0.00,0.00,0.00,0.00,0.00,0.00,0.00,0.00,0.00,0.00,0.00,0.00,68.20,63.71,93.42,2026
EM00011358,Ferdous Miah,1332,B. Baria,BB101-B,01,1,11.44,10.52,91.93,11.36,10.79,94.98,10.21,10.07,98.67,10.00,9.05,90.50,9.92,9.02,90.89,9.92,8.57,86.40,9.78,9.82,100.35,9.64,9.02,93.55,0.00,0.00,0.00,0.00,0.00,0.00,0.00,0.00,0.00,0.00,0.00,0.00,82.28,76.86,93.41,2026
EM00013842,Md. Rubel Mia,1321,Rajshahi,RA033-V,04,1,6.35,5.78,91.04,6.35,5.39,84.86,6.49,5.23,80.54,6.92,7.37,106.44,6.92,6.81,98.42,7.50,6.98,93.05,7.10,7.10,100.06,7.63,6.96,91.27,0.00,0.00,0.00,0.00,0.00,0.00,0.00,0.00,0.00,0.00,0.00,0.00,55.26,51.62,93.41,2026
EM00015499,Md. Sakibul Hasan Sojib,1310,Paltan,PA077-G,02,1,4.00,2.95,73.73,3.40,2.45,71.94,3.46,2.50,72.34,3.60,3.27,90.96,3.00,3.16,105.23,3.29,3.99,121.25,3.29,3.63,110.26,3.50,3.78,107.89,0.00,0.00,0.00,0.00,0.00,0.00,0.00,0.00,0.00,0.00,0.00,0.00,27.54,25.72,93.40,2026
EM00015148,Hafijur Rahman,1319,Feni,FE025-G,02,1,7.45,7.14,95.85,7.20,7.22,100.30,7.32,7.24,98.91,7.92,6.94,87.58,7.40,7.20,97.25,6.05,4.81,79.46,6.05,5.38,88.85,6.25,6.05,96.76,0.00,0.00,0.00,0.00,0.00,0.00,0.00,0.00,0.00,0.00,0.00,0.00,55.64,51.97,93.40,2026
EM00007109,Md. Anayet Sahareyar,1321,Rajshahi,RA010-V,04,2,22.41,20.52,91.55,22.41,13.83,61.72,22.92,18.26,79.66,24.45,26.03,106.46,24.00,25.85,107.71,26.00,26.65,102.50,26.25,26.43,100.68,28.19,26.08,92.50,0.00,0.00,0.00,0.00,0.00,0.00,0.00,0.00,0.00,0.00,0.00,0.00,196.63,183.64,93.39,2026
EM00015082,Mehedi Hasan Ripon,1335,Kushtia,KU013-G,02,1,8.90,7.18,80.72,8.00,7.41,92.67,8.12,8.22,101.27,8.80,7.54,85.72,8.25,7.59,92.01,9.05,9.07,100.27,9.05,9.09,100.48,9.42,8.85,94.00,0.00,0.00,0.00,0.00,0.00,0.00,0.00,0.00,0.00,0.00,0.00,0.00,69.59,64.98,93.37,2026
EM00014675,Md. Abu Nasim Siddiquee Shovon,1335,Kushtia,KU023-V,04,1,5.46,4.34,79.42,5.46,4.57,83.78,5.58,4.32,77.43,5.95,5.96,100.22,5.90,6.02,102.01,6.39,6.46,101.07,6.64,6.75,101.65,7.13,6.87,96.40,0.00,0.00,0.00,0.00,0.00,0.00,0.00,0.00,0.00,0.00,0.00,0.00,48.51,45.30,93.37,2026
EM00000820,Muhammed Mahmudul Kabir,1336,PLT+DNM+UTR+NRG+MYM+CHT+SYL+CML+NKL,AGM01-G,02,9,3075.00,2850.55,92.70,2975.00,2742.49,92.18,3025.00,2818.02,93.16,3275.00,2944.27,89.90,3075.00,2896.27,94.19,3375.00,3077.47,91.18,3375.00,3249.88,96.29,3475.00,3370.78,97.00,0.00,0.00,0.00,0.00,0.00,0.00,0.00,0.00,0.00,0.00,0.00,0.00,25650.00,23949.71,93.37,2026
EM00014915,Sushanto Ray,1310,Paltan,PA223-B,01,1,3.09,3.12,100.89,3.07,3.14,102.12,3.07,3.10,100.98,3.86,3.08,79.79,3.72,2.98,80.08,3.72,3.02,81.18,3.55,3.76,105.81,3.65,3.69,101.19,0.00,0.00,0.00,0.00,0.00,0.00,0.00,0.00,0.00,0.00,0.00,0.00,27.73,25.89,93.34,2026
EM00014549,Md. Bayzid Hossain,1310,Paltan,PA281-A,01,1,6.59,6.65,100.90,6.55,5.35,81.72,6.55,6.67,101.90,8.33,6.74,80.94,8.02,6.03,75.18,8.02,9.57,119.39,6.78,6.83,100.72,6.97,6.11,87.63,0.00,0.00,0.00,0.00,0.00,0.00,0.00,0.00,0.00,0.00,0.00,0.00,57.80,53.96,93.34,2026
EM00006820,Md. Hasan Mollah,1327,Faridpur,FA030-V,04,2,29.72,25.52,85.87,29.72,26.98,90.78,30.40,29.00,95.39,32.43,32.26,99.48,32.43,30.70,94.67,35.13,33.14,94.32,36.50,34.80,95.35,39.17,35.42,90.42,0.00,0.00,0.00,0.00,0.00,0.00,0.00,0.00,0.00,0.00,0.00,0.00,265.50,247.82,93.34,2026
EM00013318,Md. Abu Bkkor Seddek,1315,Chattogram,CH205-C,01,1,6.67,6.00,90.01,6.62,5.43,82.01,6.62,6.72,101.37,7.32,5.90,80.60,7.05,7.19,102.03,7.05,6.47,91.80,6.66,6.66,99.98,6.41,6.41,99.98,0.00,0.00,0.00,0.00,0.00,0.00,0.00,0.00,0.00,0.00,0.00,0.00,54.41,50.79,93.34,2026
EM00012629,Md. Mahabul Alam,1325,Khulna,KH073-C,01,1,8.10,7.26,89.72,8.04,7.10,88.31,8.04,7.26,90.38,8.99,8.02,89.22,8.67,7.55,87.12,8.67,9.13,105.36,7.81,7.33,93.93,7.68,7.92,103.10,0.00,0.00,0.00,0.00,0.00,0.00,0.00,0.00,0.00,0.00,0.00,0.00,65.98,61.58,93.33,2026
EM00013058,Sudipto Dhali,1327,Faridpur,FA032-B,01,1,6.19,6.28,101.45,6.14,4.91,79.98,6.14,5.41,88.04,6.27,6.13,97.83,6.27,5.17,82.51,6.27,5.01,79.94,5.84,6.81,116.59,5.58,5.73,102.63,0.00,0.00,0.00,0.00,0.00,0.00,0.00,0.00,0.00,0.00,0.00,0.00,48.69,45.44,93.33,2026
EM00013229,Kamrul Hasan,1315,Chattogram,CH012-B,01,1,4.61,5.12,111.16,4.58,3.62,79.04,4.58,4.01,87.65,4.84,4.67,96.50,4.70,4.00,85.11,4.70,4.24,90.29,4.61,4.22,91.63,4.40,4.64,105.59,0.00,0.00,0.00,0.00,0.00,0.00,0.00,0.00,0.00,0.00,0.00,0.00,36.99,34.52,93.31,2026
EM00009229,Md. Arafat Hosain,1314,Mymensingh,MY030-G,02,2,37.98,34.66,91.26,36.86,34.97,94.88,37.48,37.96,101.28,40.55,35.51,87.58,38.10,36.06,94.64,42.20,36.11,85.58,42.20,41.13,97.46,43.51,41.01,94.26,0.00,0.00,0.00,0.00,0.00,0.00,0.00,0.00,0.00,0.00,0.00,0.00,318.88,297.43,93.27,2026
EM00012764,Shahadat Hussain,1324,Jashore,JA022-G,02,1,7.00,6.70,95.65,6.80,6.36,93.59,6.98,6.40,91.70,7.55,7.23,95.74,7.05,6.81,96.56,7.76,6.70,86.31,7.76,7.17,92.44,7.96,7.53,94.58,0.00,0.00,0.00,0.00,0.00,0.00,0.00,0.00,0.00,0.00,0.00,0.00,58.86,54.90,93.26,2026
EM00005232,Md. Al-Amin,1324,Jashore,JA110-P,01,2,34.15,32.58,95.41,33.85,29.67,87.66,33.85,32.18,95.06,37.44,30.74,82.09,35.61,30.87,86.69,35.61,33.10,92.95,32.01,33.20,103.70,32.23,33.90,105.17,0.00,0.00,0.00,0.00,0.00,0.00,0.00,0.00,0.00,0.00,0.00,0.00,274.76,256.24,93.26,2026
EM00006505,Md. Suman Hossain,1329,UTR+MYM+TNG,RG02018,02,4,157.73,144.44,91.58,152.61,140.68,92.18,155.18,149.84,96.56,168.00,147.71,87.92,157.74,148.20,93.95,173.13,151.25,87.36,173.13,168.60,97.38,178.26,176.33,98.91,0.00,0.00,0.00,0.00,0.00,0.00,0.00,0.00,0.00,0.00,0.00,0.00,1315.78,1227.04,93.26,2026
EM00011240,Riajul Islam,1318,Noakhali,NO010-G,02,2,50.41,46.86,92.95,48.78,44.42,91.07,49.60,45.32,91.37,53.70,48.39,90.11,50.42,45.61,90.46,55.33,51.29,92.70,55.33,54.94,99.30,56.96,55.25,97.00,0.00,0.00,0.00,0.00,0.00,0.00,0.00,0.00,0.00,0.00,0.00,0.00,420.53,392.08,93.24,2026
EM00011266,Md. Umar Faruk,1330,Pabna,PB010-G,02,2,41.28,36.31,87.97,39.86,34.24,85.91,40.53,37.99,93.74,43.86,38.94,88.77,41.28,39.89,96.63,45.30,40.23,88.80,45.30,45.59,100.63,46.64,47.59,102.03,0.00,0.00,0.00,0.00,0.00,0.00,0.00,0.00,0.00,0.00,0.00,0.00,344.05,320.78,93.24,2026
EM00015518,Md. Ayub Ali,1322,Rangpur,RN044-G,02,1,4.05,3.44,84.92,3.75,3.07,81.95,3.80,3.73,98.12,4.10,4.14,101.05,3.80,3.60,94.85,4.20,4.14,98.47,4.30,3.98,92.53,4.40,4.10,93.19,0.00,0.00,0.00,0.00,0.00,0.00,0.00,0.00,0.00,0.00,0.00,0.00,32.40,30.20,93.22,2026
EM00015280,Islam Ali,1330,RJS+PAB,PB021-G,02,1,4.25,3.96,93.20,4.10,3.74,91.23,4.20,4.20,100.03,4.55,3.91,85.92,4.25,4.07,95.84,4.70,3.89,82.76,4.70,4.75,101.17,4.84,4.65,96.00,0.00,0.00,0.00,0.00,0.00,0.00,0.00,0.00,0.00,0.00,0.00,0.00,35.59,33.18,93.22,2026
EM00012183,Md. Nur Alam,1310,Paltan,PA263-B,01,1,7.21,7.28,101.03,7.16,7.22,100.87,7.16,7.25,101.26,8.61,7.08,82.27,8.29,6.09,73.45,8.29,5.88,70.97,5.86,6.75,115.13,6.25,7.26,116.12,0.00,0.00,0.00,0.00,0.00,0.00,0.00,0.00,0.00,0.00,0.00,0.00,58.82,54.81,93.18,2026
EM00016423,Mahasin Ali,1335,Kushtia,KU011-A,01,1,0.00,0.00,0.00,0.00,0.00,0.00,0.00,0.00,0.00,0.00,0.00,0.00,0.00,0.00,0.00,0.00,0.00,0.00,6.19,5.59,90.35,6.24,5.99,95.96,0.00,0.00,0.00,0.00,0.00,0.00,0.00,0.00,0.00,0.00,0.00,0.00,12.43,11.58,93.17,2026
EM00008893,Md. Azizul Islam,1324,Jashore,JA031-V,04,1,6.55,6.48,98.97,6.55,4.83,73.81,6.70,5.37,80.21,7.15,6.56,91.74,7.15,6.57,91.88,7.30,7.38,101.06,7.60,7.65,100.62,8.20,8.44,102.97,0.00,0.00,0.00,0.00,0.00,0.00,0.00,0.00,0.00,0.00,0.00,0.00,57.20,53.29,93.16,2026
EM00010854,Md. Shajahan Ali,1325,JSR+KHL,RG02012,02,4,135.18,122.91,90.92,130.78,116.55,89.12,132.98,124.39,93.54,143.97,130.29,90.50,135.18,128.51,95.07,148.37,134.54,90.68,148.37,142.57,96.09,152.76,150.72,98.66,0.00,0.00,0.00,0.00,0.00,0.00,0.00,0.00,0.00,0.00,0.00,0.00,1127.59,1050.48,93.16,2026
EM00010928,Md. Mosleh Uddin,1313,Narayanganj,NA010-G,02,2,40.22,40.29,100.17,39.39,36.59,92.88,39.74,35.30,88.82,42.80,38.31,89.51,40.20,35.36,87.96,44.12,37.34,84.63,44.12,43.32,98.19,45.43,46.53,102.41,0.00,0.00,0.00,0.00,0.00,0.00,0.00,0.00,0.00,0.00,0.00,0.00,336.02,313.03,93.16,2026
EM00003512,Mohammad Abdur Rasid,1315,Chattogram,CH203-C,01,1,10.71,9.09,84.87,10.63,9.88,92.95,10.63,10.71,100.79,11.44,9.44,82.53,11.04,11.20,101.45,11.04,10.30,93.32,9.97,8.98,90.12,9.59,9.60,100.10,0.00,0.00,0.00,0.00,0.00,0.00,0.00,0.00,0.00,0.00,0.00,0.00,85.03,79.20,93.14,2026
EM00009536,Md. Didarul Alam,1316,Sylhet,SY081-B,01,1,8.09,7.30,90.28,7.83,7.28,92.99,7.83,5.50,70.26,8.11,8.22,101.33,7.83,6.27,80.15,7.83,6.93,88.50,7.55,8.46,112.14,7.44,8.24,110.71,0.00,0.00,0.00,0.00,0.00,0.00,0.00,0.00,0.00,0.00,0.00,0.00,62.50,58.21,93.13,2026
EM00013571,Md. Sayem Uddin,1328,Cox's Bazar,CO014-G,02,1,5.00,4.71,94.30,5.00,4.62,92.35,5.10,4.58,89.85,5.30,4.79,90.36,4.98,4.46,89.60,5.47,4.75,86.81,5.47,5.28,96.48,5.65,5.89,104.28,0.00,0.00,0.00,0.00,0.00,0.00,0.00,0.00,0.00,0.00,0.00,0.00,41.97,39.08,93.12,2026
EM00012419,Imdadul Islam,1310,Paltan,PA043-G,02,1,6.50,5.46,83.98,6.20,5.53,89.23,6.30,5.28,83.76,6.82,6.35,93.13,6.40,6.45,100.80,7.02,6.19,88.18,7.02,7.13,101.51,7.23,7.42,102.66,0.00,0.00,0.00,0.00,0.00,0.00,0.00,0.00,0.00,0.00,0.00,0.00,53.49,49.81,93.12,2026
EM00014998,Md. Rafiqul Islam,1333,Moulvibazar,MO024-V,04,1,6.04,5.08,84.02,6.07,6.22,102.44,6.21,4.51,72.60,6.62,7.61,114.93,6.62,5.38,81.27,7.20,7.25,100.64,7.48,7.59,101.51,8.10,6.96,85.98,0.00,0.00,0.00,0.00,0.00,0.00,0.00,0.00,0.00,0.00,0.00,0.00,54.34,50.59,93.11,2026
EM00014651,Md. Asaduzzaman,1314,Mymensingh,MY015-V,04,1,7.54,7.07,93.83,7.70,6.11,79.36,7.88,6.26,79.40,8.22,8.55,104.03,8.42,6.66,79.07,8.94,10.39,116.17,9.10,9.17,100.74,9.78,8.71,89.09,0.00,0.00,0.00,0.00,0.00,0.00,0.00,0.00,0.00,0.00,0.00,0.00,67.58,62.92,93.10,2026
EM00014427,Md. Masud Molla,1316,Sylhet,SY022-V,04,1,6.40,5.97,93.25,6.43,5.44,84.60,6.58,3.98,60.54,7.02,7.94,113.07,7.02,6.34,90.31,7.65,7.16,93.56,7.94,8.21,103.38,8.70,8.72,100.20,0.00,0.00,0.00,0.00,0.00,0.00,0.00,0.00,0.00,0.00,0.00,0.00,57.74,53.75,93.09,2026
EM00008338,Harunar Rashid,1325,Khulna,KH060-P,01,2,38.16,36.14,94.72,37.88,33.03,87.20,37.88,33.90,89.49,41.77,37.86,90.64,40.26,36.15,89.79,40.26,37.90,94.12,37.16,36.52,98.28,36.46,36.81,100.95,0.00,0.00,0.00,0.00,0.00,0.00,0.00,0.00,0.00,0.00,0.00,0.00,309.84,288.32,93.05,2026
EM00002455,Abul Kalam Md. Reashed,1313,Narayanganj,RV04014,04,4,111.29,106.70,95.87,111.29,97.21,87.35,113.82,96.67,84.93,121.40,124.55,102.59,121.40,113.63,93.60,131.52,130.54,99.26,136.58,126.31,92.48,146.70,129.26,88.11,0.00,0.00,0.00,0.00,0.00,0.00,0.00,0.00,0.00,0.00,0.00,0.00,994.00,924.87,93.05,2026
EM00015552,Md. Golam Moula,1320,Bogura,BO052-V,04,1,4.65,3.60,77.36,4.65,3.79,81.46,4.81,3.30,68.64,5.14,5.74,111.58,5.14,5.23,101.78,5.69,5.72,100.58,5.90,5.90,100.07,6.34,6.10,96.15,0.00,0.00,0.00,0.00,0.00,0.00,0.00,0.00,0.00,0.00,0.00,0.00,42.32,39.38,93.04,2026
EM00016449,Md. Isahak Ali,1315,Chattogram,CH016-G,02,1,0.00,0.00,0.00,0.00,0.00,0.00,0.00,0.00,0.00,0.00,0.00,0.00,0.00,0.00,0.00,0.00,0.00,0.00,0.00,0.00,0.00,4.53,4.21,93.04,0.00,0.00,0.00,0.00,0.00,0.00,0.00,0.00,0.00,0.00,0.00,0.00,4.53,4.21,93.04,2026
EM00011758,Md. Rajon Mia,1324,Jashore,JA161-A,01,1,9.47,7.78,82.19,9.40,8.02,85.27,9.40,7.92,84.24,10.64,10.35,97.31,10.27,9.39,91.37,10.27,9.50,92.49,9.50,10.34,108.83,9.29,9.51,102.30,0.00,0.00,0.00,0.00,0.00,0.00,0.00,0.00,0.00,0.00,0.00,0.00,78.26,72.81,93.04,2026
EM00013900,Md. Shamim Hosen,1330,Pabna,PB014-V,04,1,5.11,4.14,80.95,5.11,4.60,90.04,5.23,4.24,81.15,5.58,5.64,101.11,5.50,5.42,98.60,5.96,5.69,95.45,6.20,6.20,100.07,6.66,6.25,93.90,0.00,0.00,0.00,0.00,0.00,0.00,0.00,0.00,0.00,0.00,0.00,0.00,45.35,42.19,93.04,2026
EM00011777,Md. Nazibur Rahman,1310,Paltan,PA042-V,04,1,10.02,8.26,82.39,9.85,8.48,86.08,10.07,7.47,74.19,10.27,11.14,108.49,10.27,11.10,108.10,11.13,11.19,100.50,11.56,10.49,90.70,12.02,11.14,92.65,0.00,0.00,0.00,0.00,0.00,0.00,0.00,0.00,0.00,0.00,0.00,0.00,85.19,79.26,93.03,2026
EM00014512,Md. Sagor Ali,1316,Sylhet,SY012-G,02,1,7.30,6.40,87.61,7.10,6.37,89.75,7.22,6.89,95.45,7.86,7.43,94.47,7.50,7.68,102.41,8.28,7.60,91.79,8.28,7.61,91.87,8.60,7.84,91.13,0.00,0.00,0.00,0.00,0.00,0.00,0.00,0.00,0.00,0.00,0.00,0.00,62.14,57.81,93.03,2026
EM00015946,Md. Faruk Mia,1322,Rangpur,RN111-A,01,1,0.00,0.00,0.00,0.00,0.00,0.00,0.00,0.00,0.00,4.43,3.34,75.29,4.27,2.78,65.11,4.27,4.79,112.40,4.18,4.50,107.69,4.17,4.40,105.68,0.00,0.00,0.00,0.00,0.00,0.00,0.00,0.00,0.00,0.00,0.00,0.00,21.31,19.81,92.98,2026
EM00005505,Md. Masum Billah,1335,Kushtia,KU052-C,01,1,7.48,6.79,90.75,7.43,6.40,86.24,7.43,6.36,85.60,7.94,7.23,91.04,7.65,6.97,91.03,7.65,7.17,93.75,7.24,7.46,103.01,7.36,7.57,102.86,0.00,0.00,0.00,0.00,0.00,0.00,0.00,0.00,0.00,0.00,0.00,0.00,60.18,55.95,92.97,2026
EM00006886,Md. Alek Uddin,1321,Rajshahi,RA052-C,01,1,8.82,7.13,80.83,8.76,6.89,78.73,8.76,8.39,95.86,9.94,9.35,93.97,9.58,7.84,81.86,9.58,9.63,100.50,9.03,9.51,105.32,8.90,9.46,106.34,0.00,0.00,0.00,0.00,0.00,0.00,0.00,0.00,0.00,0.00,0.00,0.00,73.37,68.21,92.97,2026
EM00001189,Md. Ikbal Hossain,1336,DNM+UTR+NRG+MYM+JSR+KHL+BRS+FRD+TNG,SSM01-V,04,8,612.18,553.65,90.44,1021.69,893.73,87.48,1044.91,828.79,79.32,1114.56,1115.00,100.04,1114.56,1045.64,93.82,1207.44,1179.70,97.70,1253.88,1215.71,96.96,1347.16,1270.32,94.30,0.00,0.00,0.00,0.00,0.00,0.00,0.00,0.00,0.00,0.00,0.00,0.00,8716.38,8102.53,92.96,2026
EM00012789,Abdul Momin,1310,Paltan,PA032-V,04,1,6.85,6.54,95.41,6.85,5.68,82.90,7.00,5.28,75.46,7.49,8.07,107.76,7.49,7.18,95.80,8.11,8.22,101.30,8.42,7.66,90.95,9.04,8.32,92.01,0.00,0.00,0.00,0.00,0.00,0.00,0.00,0.00,0.00,0.00,0.00,0.00,61.25,56.93,92.95,2026
EM00013716,Asik Ahmmed,1310,Paltan,PA222-A,01,1,4.46,4.58,102.65,4.43,4.57,103.18,4.43,4.45,100.41,5.55,4.55,81.96,5.34,4.17,78.00,5.34,4.30,80.39,4.35,4.58,105.26,4.47,4.48,100.29,0.00,0.00,0.00,0.00,0.00,0.00,0.00,0.00,0.00,0.00,0.00,0.00,38.38,35.67,92.95,2026
EM00006064,Md. Azharul Islam,1324,Jashore,JA112-A,01,1,5.86,5.91,100.91,5.86,4.69,80.04,5.86,5.54,94.58,6.49,5.38,82.97,6.03,5.56,92.26,6.03,5.52,91.58,5.41,5.50,101.71,5.44,5.54,101.78,0.00,0.00,0.00,0.00,0.00,0.00,0.00,0.00,0.00,0.00,0.00,0.00,46.97,43.65,92.93,2026
EM00011245,Md. Omar Faruq,1334,Kishoreganj,KI014-G,02,1,8.10,7.23,89.27,8.10,6.90,85.12,8.25,7.66,92.85,8.95,7.71,86.20,8.40,7.89,93.97,9.20,8.56,93.04,9.20,9.23,100.37,9.50,9.56,100.65,0.00,0.00,0.00,0.00,0.00,0.00,0.00,0.00,0.00,0.00,0.00,0.00,69.70,64.75,92.90,2026
EM00007201,Mr. G M Arifur Rahman,1315,Chattogram,CH010-P,01,2,29.62,30.94,104.45,29.41,23.64,80.39,29.41,25.36,86.24,32.16,34.58,107.54,30.98,24.51,79.12,30.98,26.37,85.12,29.77,32.16,108.01,28.38,25.93,91.38,0.00,0.00,0.00,0.00,0.00,0.00,0.00,0.00,0.00,0.00,0.00,0.00,240.69,223.49,92.85,2026
EM00006324,Md. Jubayer Hasan,1327,Faridpur,FA041-B,01,1,8.34,7.64,91.61,8.28,6.17,74.46,8.28,7.16,86.48,9.12,8.78,96.29,8.79,7.12,81.00,8.79,8.69,98.82,8.36,8.73,104.45,7.97,8.79,110.24,0.00,0.00,0.00,0.00,0.00,0.00,0.00,0.00,0.00,0.00,0.00,0.00,67.94,63.08,92.85,2026
EM00012065,Tarek Rahman,1324,Jashore,JA043-C,01,1,9.65,9.23,95.63,9.65,7.83,81.16,9.65,8.87,91.92,10.89,9.08,83.35,10.66,9.69,90.94,10.66,9.46,88.80,9.86,10.61,107.66,9.92,10.37,104.47,0.00,0.00,0.00,0.00,0.00,0.00,0.00,0.00,0.00,0.00,0.00,0.00,80.94,75.14,92.84,2026
EM00000561,Mr. Ratan Kumar Dey,1317,Cumilla,CU040-P,01,2,52.74,50.38,95.52,52.36,54.11,103.33,52.36,52.81,100.84,52.92,44.34,83.78,50.97,42.08,82.56,50.97,45.23,88.74,53.57,49.84,93.04,52.81,49.88,94.46,0.00,0.00,0.00,0.00,0.00,0.00,0.00,0.00,0.00,0.00,0.00,0.00,418.70,388.66,92.83,2026
EM00010656,Md. Aminul Islam,1331,CML+CHP,RG02009,02,4,212.15,202.49,95.45,205.27,191.36,93.22,208.71,189.89,90.98,225.95,202.83,89.77,212.16,198.55,93.59,232.86,205.83,88.39,232.86,222.92,95.73,239.76,228.56,95.33,0.00,0.00,0.00,0.00,0.00,0.00,0.00,0.00,0.00,0.00,0.00,0.00,1769.72,1642.44,92.81,2026
EM00012271,Juyal Chandra Roy,1334,Kishoreganj,KI013-G,02,1,5.76,5.14,89.26,5.55,4.54,81.81,5.64,5.15,91.25,6.10,6.14,100.63,5.75,5.07,88.17,6.30,5.20,82.49,6.30,6.50,103.20,6.50,6.71,103.29,0.00,0.00,0.00,0.00,0.00,0.00,0.00,0.00,0.00,0.00,0.00,0.00,47.90,44.45,92.80,2026
EM00007549,Md. Habibur Rahman,1334,Kishoreganj,KI043-C,01,1,7.60,6.42,84.39,7.65,7.10,92.81,7.65,7.10,92.83,8.73,7.90,90.41,8.46,7.27,85.97,8.46,8.32,98.39,8.03,7.75,96.58,7.93,8.00,100.91,0.00,0.00,0.00,0.00,0.00,0.00,0.00,0.00,0.00,0.00,0.00,0.00,64.51,59.86,92.80,2026
EM00014116,Md. Golam Mostafa,1320,Bogura,BO053-G,02,1,6.10,5.53,90.65,6.00,4.74,79.00,6.15,6.23,101.36,6.65,5.74,86.37,6.25,6.33,101.33,6.85,5.78,84.37,6.90,6.65,96.39,7.12,7.25,101.89,0.00,0.00,0.00,0.00,0.00,0.00,0.00,0.00,0.00,0.00,0.00,0.00,52.02,48.27,92.78,2026
EM00016079,Md. Sumon Ali,1311,Dhanmondi,DH124-G,02,1,0.00,0.00,0.00,0.00,0.00,0.00,0.00,0.00,0.00,0.00,0.00,0.00,10.00,8.65,86.50,10.62,8.72,82.12,10.62,10.72,100.98,10.94,11.04,100.88,0.00,0.00,0.00,0.00,0.00,0.00,0.00,0.00,0.00,0.00,0.00,0.00,42.18,39.13,92.77,2026
EM00015719,Md. Habibur Rahman,1310,Paltan,PA062-G,02,1,0.00,0.00,0.00,6.00,4.27,71.23,6.10,4.88,80.04,6.60,6.34,96.01,6.20,6.56,105.74,6.80,6.14,90.28,6.80,6.97,102.43,7.00,7.05,100.68,0.00,0.00,0.00,0.00,0.00,0.00,0.00,0.00,0.00,0.00,0.00,0.00,45.50,42.20,92.75,2026
EM00013303,Asif Intisar,1312,Uttara,UT011-N,03,1,7.10,5.09,71.75,7.10,5.86,82.52,7.00,4.99,71.21,7.10,7.10,100.03,7.30,7.37,101.01,7.30,8.00,109.56,7.90,8.09,102.35,7.90,7.93,100.40,0.00,0.00,0.00,0.00,0.00,0.00,0.00,0.00,0.00,0.00,0.00,0.00,58.70,54.43,92.73,2026
EM00016355,Sukumar Chandra Roy,1322,Rangpur,RN130-P,01,2,0.00,0.00,0.00,0.00,0.00,0.00,0.00,0.00,0.00,0.00,0.00,0.00,0.00,0.00,0.00,0.00,0.00,0.00,31.44,29.61,94.18,30.99,28.26,91.20,0.00,0.00,0.00,0.00,0.00,0.00,0.00,0.00,0.00,0.00,0.00,0.00,62.43,57.87,92.70,2026
EM00015332,Bapon Sarker,1325,Khulna,KH061-A,01,1,6.50,6.29,96.70,6.45,5.47,84.79,6.45,5.14,79.70,7.09,6.35,89.49,6.83,6.06,88.67,6.83,6.51,95.28,6.33,6.70,105.81,6.23,6.36,102.04,0.00,0.00,0.00,0.00,0.00,0.00,0.00,0.00,0.00,0.00,0.00,0.00,52.73,48.88,92.69,2026
EM00014833,Anik Bhattacharjee,1311,Dhanmondi,DH163-A,01,1,5.65,5.70,100.84,5.65,5.75,101.78,5.65,5.46,96.69,6.34,5.49,86.50,6.06,4.81,79.46,6.06,5.15,85.00,5.56,5.63,101.27,5.48,5.06,92.32,0.00,0.00,0.00,0.00,0.00,0.00,0.00,0.00,0.00,0.00,0.00,0.00,46.46,43.06,92.69,2026
EM00013263,Asadullah .,1314,Mymensingh,MY072-C,01,1,8.92,6.96,78.02,8.86,8.03,90.68,8.86,8.86,100.05,9.97,9.10,91.32,9.84,8.67,88.06,9.84,8.33,84.65,8.89,9.67,108.76,8.77,8.91,101.60,0.00,0.00,0.00,0.00,0.00,0.00,0.00,0.00,0.00,0.00,0.00,0.00,73.95,68.54,92.68,2026
EM00010900,Md. Shazu Miah,1311,Dhanmondi,DH082-V,04,1,7.15,5.82,81.37,7.15,7.19,100.51,7.31,5.52,75.54,7.80,8.15,104.43,8.00,6.58,82.20,8.50,8.93,105.06,8.83,9.16,103.79,9.48,8.17,86.21,0.00,0.00,0.00,0.00,0.00,0.00,0.00,0.00,0.00,0.00,0.00,0.00,64.22,59.51,92.67,2026
EM00008848,Sanjoy Chandra Biswas,1313,Narayanganj,NA112-A,01,1,11.18,10.34,92.44,11.10,10.79,97.16,11.10,10.72,96.56,7.59,6.76,89.04,9.05,7.53,83.25,9.05,7.88,87.10,8.33,8.47,101.75,8.63,7.95,92.09,0.00,0.00,0.00,0.00,0.00,0.00,0.00,0.00,0.00,0.00,0.00,0.00,76.04,70.44,92.64,2026
EM00007263,Mr. A.K.M. Masum Billah,1333,Moulvibazar,MO090-P,01,2,37.68,31.92,84.73,37.41,33.02,88.25,37.41,33.47,89.47,41.34,38.49,93.09,39.75,35.70,89.79,39.75,35.76,89.95,35.65,36.80,103.25,35.15,36.60,104.11,0.00,0.00,0.00,0.00,0.00,0.00,0.00,0.00,0.00,0.00,0.00,0.00,304.15,281.76,92.64,2026
EM00012190,Jahidul Islam,1310,Paltan,PA074-C,01,1,8.53,8.56,100.35,8.47,8.50,100.34,8.47,7.04,83.15,9.32,7.58,81.34,8.99,7.01,77.98,8.99,8.24,91.71,8.36,9.06,108.39,8.43,8.43,100.00,0.00,0.00,0.00,0.00,0.00,0.00,0.00,0.00,0.00,0.00,0.00,0.00,69.55,64.42,92.62,2026
EM00016098,Shafiqul Islam,1315,Chattogram,CH055-G,02,1,0.00,0.00,0.00,0.00,0.00,0.00,0.00,0.00,0.00,0.00,0.00,0.00,6.85,5.93,86.53,7.36,5.98,81.23,7.36,7.47,101.53,7.55,7.59,100.51,0.00,0.00,0.00,0.00,0.00,0.00,0.00,0.00,0.00,0.00,0.00,0.00,29.12,26.97,92.61,2026
EM00014060,Md. Mithon Ali,1327,Faridpur,FA031-V,04,1,7.45,6.39,85.76,7.45,7.04,94.45,7.62,6.84,89.74,8.13,8.13,99.98,7.90,7.73,97.86,8.56,8.23,96.10,8.90,8.64,97.13,9.55,7.71,80.75,0.00,0.00,0.00,0.00,0.00,0.00,0.00,0.00,0.00,0.00,0.00,0.00,65.56,60.71,92.60,2026
EM00014701,Md. Naimur Rahman,1326,Barishal,BA022-B,01,1,4.36,4.02,92.07,4.33,3.58,82.65,4.33,3.75,86.49,4.86,3.88,79.79,4.65,4.03,86.60,4.65,4.08,87.69,4.05,4.97,122.83,4.19,4.50,107.26,0.00,0.00,0.00,0.00,0.00,0.00,0.00,0.00,0.00,0.00,0.00,0.00,35.43,32.80,92.57,2026
EM00008116,Md. Ashaduzzaman,1316,Sylhet,SY173-C,01,1,7.55,6.93,91.80,7.50,6.91,92.16,7.50,7.87,104.90,7.83,6.86,87.64,7.53,7.02,93.28,7.53,7.19,95.45,7.23,6.20,85.81,7.13,6.36,89.19,0.00,0.00,0.00,0.00,0.00,0.00,0.00,0.00,0.00,0.00,0.00,0.00,59.79,55.34,92.55,2026
EM00012127,Md. Julfikar Ali,1334,Kishoreganj,KI012-V,04,1,8.15,8.20,100.62,8.15,7.39,90.65,8.33,6.93,83.22,8.89,8.96,100.79,8.89,8.02,90.20,9.64,8.73,90.57,10.00,9.03,90.33,10.72,10.09,94.08,0.00,0.00,0.00,0.00,0.00,0.00,0.00,0.00,0.00,0.00,0.00,0.00,72.77,67.35,92.55,2026
EM00007404,Md. Somrat Ali,1334,Kishoreganj,KI010-G,02,2,45.58,42.21,92.61,44.30,38.11,86.02,45.10,43.83,97.18,48.85,41.72,85.40,45.85,43.64,95.18,50.30,44.33,88.13,32.80,33.09,100.89,33.82,33.85,100.08,0.00,0.00,0.00,0.00,0.00,0.00,0.00,0.00,0.00,0.00,0.00,0.00,346.60,320.78,92.55,2026
EM00014641,Md. Minhazul Hoque Raju,1333,Moulvibazar,MO012-V,04,1,6.75,5.64,83.52,6.78,5.55,81.89,6.93,4.60,66.38,7.40,7.75,104.77,7.40,7.43,100.43,8.10,8.77,108.31,8.41,8.80,104.61,9.30,7.97,85.74,0.00,0.00,0.00,0.00,0.00,0.00,0.00,0.00,0.00,0.00,0.00,0.00,61.07,56.52,92.55,2026
EM00012611,Md. Jonaied Al Noman,1334,Kishoreganj,KI012-G,02,1,8.62,8.29,96.23,8.30,7.44,89.65,8.44,7.93,93.93,9.10,8.02,88.10,8.55,8.28,96.84,9.40,7.60,80.82,9.40,9.39,99.95,9.70,9.23,95.14,0.00,0.00,0.00,0.00,0.00,0.00,0.00,0.00,0.00,0.00,0.00,0.00,71.51,66.18,92.55,2026
EM00006260,Md. Ataur Rahman,1314,Mymensingh,MY043-C,01,1,7.28,5.93,81.53,7.23,6.48,89.69,7.23,6.71,92.82,8.18,7.60,92.92,8.01,6.75,84.30,8.01,7.24,90.47,7.51,8.04,107.05,7.41,7.54,101.71,0.00,0.00,0.00,0.00,0.00,0.00,0.00,0.00,0.00,0.00,0.00,0.00,60.85,56.30,92.52,2026
EM00005492,Mr. Razib Chandra Saha,1334,Kishoreganj,KI010-V,04,2,28.08,26.52,94.43,27.76,24.60,88.61,28.39,22.01,77.52,30.62,30.93,101.00,30.22,27.07,89.58,33.10,31.81,96.09,34.37,32.47,94.48,36.82,35.30,95.86,0.00,0.00,0.00,0.00,0.00,0.00,0.00,0.00,0.00,0.00,0.00,0.00,249.36,230.69,92.51,2026
EM00012194,Md. Hasibul Islam,1330,Pabna,PB063-C,01,1,11.16,9.07,81.25,11.09,9.36,84.41,11.09,10.31,93.05,9.97,9.30,93.24,9.97,9.43,94.54,9.97,9.51,95.37,9.46,9.47,100.14,9.46,9.57,101.12,0.00,0.00,0.00,0.00,0.00,0.00,0.00,0.00,0.00,0.00,0.00,0.00,82.17,76.02,92.51,2026
EM00002164,Md. Nazrul Islam,1335,JSR+KST,JA020-G,02,2,40.50,35.94,88.74,39.30,36.34,92.48,40.16,37.19,92.61,43.40,39.24,90.42,40.43,39.46,97.60,44.46,39.72,89.33,44.46,41.38,93.06,45.80,43.89,95.83,0.00,0.00,0.00,0.00,0.00,0.00,0.00,0.00,0.00,0.00,0.00,0.00,338.51,313.16,92.51,2026
EM00016091,Md. Sajib Al Shaymol,1327,Faridpur,FA041-G,02,1,0.00,0.00,0.00,0.00,0.00,0.00,0.00,0.00,0.00,0.00,0.00,0.00,9.28,8.45,91.01,10.17,9.10,89.44,10.17,9.20,90.42,10.46,10.34,98.86,0.00,0.00,0.00,0.00,0.00,0.00,0.00,0.00,0.00,0.00,0.00,0.00,40.08,37.08,92.51,2026
EM00008165,Md. Osman Ghany,1315,Chattogram,CH013-G,02,1,8.25,7.93,96.18,7.87,7.93,100.77,8.25,7.40,89.65,8.75,8.07,92.21,8.20,7.47,91.08,9.00,8.26,91.74,5.40,4.32,79.97,5.20,4.98,95.80,0.00,0.00,0.00,0.00,0.00,0.00,0.00,0.00,0.00,0.00,0.00,0.00,60.92,56.36,92.51,2026
EM00010579,Md. Tofael Hossain,1321,Rajshahi,RA030-V,04,2,19.59,18.15,92.64,19.59,15.63,79.81,20.03,16.09,80.35,21.36,21.98,102.92,21.36,19.92,93.24,23.15,21.58,93.23,25.49,25.04,98.23,27.38,26.21,95.71,0.00,0.00,0.00,0.00,0.00,0.00,0.00,0.00,0.00,0.00,0.00,0.00,177.95,164.60,92.50,2026
EM00002563,Mohammad Al Amin Mounshe,1314,Mymensingh,MY010-P,01,2,39.84,32.44,81.43,39.55,35.14,88.83,39.55,35.44,89.61,36.73,33.13,90.20,35.86,31.73,88.50,35.86,33.79,94.25,32.37,35.30,109.04,31.97,32.84,102.72,0.00,0.00,0.00,0.00,0.00,0.00,0.00,0.00,0.00,0.00,0.00,0.00,291.73,269.82,92.49,2026
EM00008548,Jamshed Kabir,1312,Uttara,UT030-G,02,2,36.90,32.91,89.19,35.70,31.78,89.03,36.30,34.25,94.35,39.30,35.14,89.41,37.00,34.54,93.35,40.60,36.64,90.24,41.35,38.55,93.22,42.60,42.61,100.02,0.00,0.00,0.00,0.00,0.00,0.00,0.00,0.00,0.00,0.00,0.00,0.00,309.75,286.42,92.47,2026
EM00014215,Atikur Rahman,1334,Kishoreganj,KI011-G,02,1,7.20,7.31,101.54,6.95,5.82,83.76,7.10,7.27,102.35,7.70,5.67,73.69,7.20,6.69,92.95,7.90,6.47,81.86,7.90,7.96,100.80,8.12,8.34,102.75,0.00,0.00,0.00,0.00,0.00,0.00,0.00,0.00,0.00,0.00,0.00,0.00,60.07,55.54,92.46,2026
EM00009322,Mantu Das,1315,Chattogram,CH121-C,01,1,8.58,6.88,80.12,8.58,8.62,100.41,8.58,7.75,90.26,8.65,7.05,81.50,8.35,7.18,86.07,8.35,8.43,100.94,7.86,7.97,101.40,7.44,7.51,100.99,0.00,0.00,0.00,0.00,0.00,0.00,0.00,0.00,0.00,0.00,0.00,0.00,66.38,61.38,92.46,2026
EM00009567,Kawsar Hossain,1326,Barishal,BA023-B,01,1,5.67,5.11,90.18,5.62,4.82,85.68,5.62,4.81,85.48,6.32,5.44,86.14,6.32,5.32,84.21,6.32,5.38,85.21,5.48,6.14,112.12,5.64,6.41,113.72,0.00,0.00,0.00,0.00,0.00,0.00,0.00,0.00,0.00,0.00,0.00,0.00,46.98,43.44,92.45,2026
EM00015300,Ziarul Islam,1317,Cumilla,CU031-B,01,1,7.39,7.04,95.23,7.34,7.41,101.02,7.34,8.14,110.88,7.48,5.98,80.00,7.20,6.07,84.31,7.20,5.98,83.09,7.51,7.33,97.65,7.40,6.45,87.18,0.00,0.00,0.00,0.00,0.00,0.00,0.00,0.00,0.00,0.00,0.00,0.00,58.85,54.41,92.45,2026
EM00008221,Md. Rafiqul Islam,1313,Narayanganj,NA102-B,01,1,7.73,6.62,85.69,7.67,7.73,100.77,7.67,6.03,78.63,8.44,8.10,96.01,8.13,6.56,80.70,8.13,7.29,89.60,7.50,8.05,107.34,7.72,7.83,101.34,0.00,0.00,0.00,0.00,0.00,0.00,0.00,0.00,0.00,0.00,0.00,0.00,63.00,58.22,92.41,2026
EM00009721,Maksudul Karim,1332,B. Baria,BB020-G,02,2,4.20,4.65,110.61,4.00,4.09,102.31,4.05,4.28,105.62,4.35,4.60,105.71,4.20,4.72,112.36,4.65,4.67,100.43,26.80,22.68,84.63,27.59,24.09,87.32,0.00,0.00,0.00,0.00,0.00,0.00,0.00,0.00,0.00,0.00,0.00,0.00,79.84,73.78,92.41,2026
EM00009886,Md. Tanvir Ahmmad,1329,Tangail,TA023-G,02,1,9.10,7.96,87.50,8.95,7.92,88.46,9.10,8.55,93.91,9.85,8.49,86.15,9.24,8.72,94.41,10.00,8.67,86.69,10.00,10.07,100.72,10.30,10.35,100.45,0.00,0.00,0.00,0.00,0.00,0.00,0.00,0.00,0.00,0.00,0.00,0.00,76.54,70.72,92.40,2026
EM00003892,Mr. Aloke Kumar Mondol,1324,Jashore,JA010-G,02,2,45.70,41.77,91.40,44.25,38.25,86.45,45.00,42.01,93.35,48.70,42.14,86.53,45.72,43.49,95.13,50.18,45.54,90.76,50.18,47.42,94.49,51.66,51.74,100.15,0.00,0.00,0.00,0.00,0.00,0.00,0.00,0.00,0.00,0.00,0.00,0.00,381.39,352.36,92.39,2026
EM00016399,Ahasanul Ahmed,1311,Dhanmondi,DH292-A,01,1,0.00,0.00,0.00,0.00,0.00,0.00,0.00,0.00,0.00,0.00,0.00,0.00,0.00,0.00,0.00,0.00,0.00,0.00,5.35,5.02,93.80,5.27,4.80,90.94,0.00,0.00,0.00,0.00,0.00,0.00,0.00,0.00,0.00,0.00,0.00,0.00,10.62,9.81,92.38,2026
EM00000621,Md. Abdul Jalil Chowdhury,1328,Cox's Bazar,CO040-P,01,2,49.54,48.63,98.17,49.18,41.64,84.66,49.18,45.13,91.76,54.89,49.10,89.44,53.77,46.93,87.28,53.77,47.01,87.43,49.99,52.09,104.20,48.99,47.57,97.09,0.00,0.00,0.00,0.00,0.00,0.00,0.00,0.00,0.00,0.00,0.00,0.00,409.32,378.09,92.37,2026
EM00015559,Md. Moman Islam,1322,Rangpur,RN023-V,04,1,4.89,3.97,81.28,4.90,3.76,76.74,5.01,3.60,71.88,5.35,5.98,111.82,5.35,5.50,102.78,5.80,5.90,101.69,6.02,5.21,86.52,6.47,6.52,100.70,0.00,0.00,0.00,0.00,0.00,0.00,0.00,0.00,0.00,0.00,0.00,0.00,43.79,40.44,92.35,2026
EM00015384,Md. Maniruzzaman,1311,Dhanmondi,DH091-G,02,1,7.20,7.28,101.07,7.00,5.86,83.73,7.12,5.55,77.94,7.60,6.57,86.42,6.80,5.97,87.86,7.10,6.78,95.53,7.10,7.44,104.86,7.20,7.28,101.13,0.00,0.00,0.00,0.00,0.00,0.00,0.00,0.00,0.00,0.00,0.00,0.00,57.12,52.74,92.33,2026
EM00013125,Apurbo Biswas,1331,Chandpur,CA014-C,01,1,6.19,4.14,66.95,6.15,5.02,81.72,6.15,4.66,75.80,6.88,7.18,104.35,6.90,7.06,102.36,6.90,7.06,102.34,6.51,6.52,100.22,6.30,6.33,100.47,0.00,0.00,0.00,0.00,0.00,0.00,0.00,0.00,0.00,0.00,0.00,0.00,51.97,47.98,92.33,2026
EM00015752,Md. Aktarul Islam,1321,Rajshahi,RA033-A,01,1,0.00,0.00,0.00,0.00,0.00,0.00,0.00,0.00,0.00,0.00,0.00,0.00,0.00,0.00,0.00,0.00,0.00,0.00,4.91,4.58,93.35,4.87,4.44,91.29,0.00,0.00,0.00,0.00,0.00,0.00,0.00,0.00,0.00,0.00,0.00,0.00,9.77,9.02,92.32,2026
EM00010909,Md. Ohidul Islam,1315,Chattogram,CH044-V,04,1,6.55,6.00,91.62,6.55,5.90,90.11,6.70,6.07,90.61,7.14,7.22,101.06,7.10,6.57,92.56,7.90,7.55,95.55,8.20,6.59,80.40,8.80,8.49,96.47,0.00,0.00,0.00,0.00,0.00,0.00,0.00,0.00,0.00,0.00,0.00,0.00,58.94,54.39,92.29,2026
EM00010636,Arzu Ahamed,1329,Tangail,TA062-A,01,1,5.31,4.95,93.31,5.27,4.54,86.18,5.27,4.48,85.05,5.69,5.32,93.39,5.48,4.58,83.60,5.48,5.02,91.47,4.99,5.31,106.41,5.12,5.13,100.10,0.00,0.00,0.00,0.00,0.00,0.00,0.00,0.00,0.00,0.00,0.00,0.00,42.62,39.33,92.28,2026
EM00009920,Md. Bablur Rashid,1317,Cumilla,CU041-B,01,1,8.91,9.07,101.80,8.85,9.34,105.58,8.85,8.75,98.95,8.81,6.44,73.15,8.48,6.92,81.60,8.48,7.33,86.44,9.08,8.76,96.49,8.95,8.33,93.12,0.00,0.00,0.00,0.00,0.00,0.00,0.00,0.00,0.00,0.00,0.00,0.00,70.38,64.94,92.26,2026
EM00015009,Md. Shahariar Hossen,1316,Sylhet,SY025-V,04,1,7.26,7.41,102.09,7.29,6.27,86.06,7.45,5.20,69.83,7.95,9.35,117.64,7.95,7.55,94.91,8.63,8.83,102.26,8.96,7.26,80.98,9.62,8.19,85.17,0.00,0.00,0.00,0.00,0.00,0.00,0.00,0.00,0.00,0.00,0.00,0.00,65.11,60.06,92.24,2026
EM00007078,Md. Shariful Islam,1311,Dhanmondi,DH120-G,02,2,43.00,37.44,87.07,41.60,36.54,87.85,42.30,38.21,90.33,45.80,40.24,87.86,43.02,39.84,92.62,47.22,42.12,89.20,47.22,47.60,100.80,48.64,48.96,100.66,0.00,0.00,0.00,0.00,0.00,0.00,0.00,0.00,0.00,0.00,0.00,0.00,358.80,330.96,92.24,2026
EM00011614,Md. Jamal Hossain,1330,Pabna,PB011-G,02,1,10.50,9.47,90.14,10.20,9.21,90.26,10.35,9.21,88.95,11.19,9.85,87.99,10.60,10.19,96.14,11.40,10.27,90.06,11.40,10.64,93.34,11.64,11.67,100.29,0.00,0.00,0.00,0.00,0.00,0.00,0.00,0.00,0.00,0.00,0.00,0.00,87.28,80.50,92.23,2026
EM00009792,Md. Amzad Hossain,1313,Narayanganj,NA131-B,01,1,8.82,9.20,104.35,8.76,6.70,76.54,8.76,8.49,96.93,9.82,9.19,93.56,9.53,8.72,91.50,9.53,8.35,87.59,8.74,8.83,100.99,9.00,7.79,86.61,0.00,0.00,0.00,0.00,0.00,0.00,0.00,0.00,0.00,0.00,0.00,0.00,72.95,67.26,92.21,2026
EM00014806,Md. Sadequl Islam,1324,Jashore,JA143-B,01,1,5.85,5.35,91.41,5.81,4.71,81.11,5.81,4.66,80.18,6.44,5.73,89.09,6.04,5.81,96.24,6.04,5.53,91.58,5.84,6.12,104.87,5.71,5.88,103.03,0.00,0.00,0.00,0.00,0.00,0.00,0.00,0.00,0.00,0.00,0.00,0.00,47.53,43.80,92.15,2026
EM00013932,Jasim Uddin,1336,Keraniganj,KE041-C,01,1,9.28,8.43,90.76,9.22,8.38,90.96,9.22,8.32,90.24,9.83,8.39,85.32,9.51,8.24,86.64,9.51,8.89,93.42,8.46,8.59,101.58,8.52,8.55,100.27,0.00,0.00,0.00,0.00,0.00,0.00,0.00,0.00,0.00,0.00,0.00,0.00,73.56,67.78,92.15,2026
EM00009972,Pallab Kumar Roy,1311,Dhanmondi,DH081-G,02,1,4.40,3.79,86.12,4.25,3.89,91.51,4.40,4.08,92.70,4.86,4.47,91.97,4.70,4.32,91.96,5.50,4.63,84.19,5.50,5.17,94.09,5.68,5.85,102.90,0.00,0.00,0.00,0.00,0.00,0.00,0.00,0.00,0.00,0.00,0.00,0.00,39.29,36.20,92.13,2026
EM00010822,Md. Maniruzzaman .,1333,BRB+MLB,MO020-G,02,2,27.00,22.92,84.87,26.12,23.06,88.29,26.57,24.66,92.82,28.77,25.36,88.14,27.02,25.33,93.73,29.63,29.33,99.00,29.63,27.75,93.67,30.50,29.05,95.25,0.00,0.00,0.00,0.00,0.00,0.00,0.00,0.00,0.00,0.00,0.00,0.00,225.24,207.46,92.11,2026
EM00010601,Md. Shahizur Rahman,1312,Uttara,UT031-G,02,1,7.20,6.61,91.82,6.90,5.81,84.17,7.00,6.62,94.52,7.60,6.98,91.81,7.15,6.64,92.85,7.85,6.47,82.45,6.00,6.04,100.71,6.25,6.37,101.86,0.00,0.00,0.00,0.00,0.00,0.00,0.00,0.00,0.00,0.00,0.00,0.00,55.95,51.53,92.11,2026
EM00014077,Moniruzzaman Rubel,1315,Chattogram,CH092-B,01,1,5.04,4.64,92.01,5.00,5.09,101.70,5.00,4.05,80.89,5.28,4.50,85.22,5.09,4.44,87.31,5.09,3.85,75.79,5.09,5.27,103.70,4.97,5.51,110.87,0.00,0.00,0.00,0.00,0.00,0.00,0.00,0.00,0.00,0.00,0.00,0.00,40.55,37.35,92.10,2026
EM00014070,Md. Juel Mian,1314,Mymensingh,MY132-C,01,1,8.14,7.39,90.73,8.09,6.95,85.89,8.09,7.32,90.51,8.91,7.57,84.90,8.60,7.49,87.13,8.60,8.31,96.72,8.10,8.05,99.36,8.01,8.20,102.42,0.00,0.00,0.00,0.00,0.00,0.00,0.00,0.00,0.00,0.00,0.00,0.00,66.53,61.27,92.10,2026
EM00011857,Md. Mahfujur Rahman,1312,Uttara,UT010-V,04,2,34.27,34.36,100.26,34.27,29.59,86.34,35.05,26.03,74.26,37.39,39.33,105.18,37.39,33.02,88.32,40.50,37.35,92.21,42.06,41.40,98.44,45.18,40.82,90.35,0.00,0.00,0.00,0.00,0.00,0.00,0.00,0.00,0.00,0.00,0.00,0.00,306.11,281.90,92.09,2026
EM00013724,Md. Habibur Rahman,1310,Paltan,PA202-A,01,1,3.33,3.03,91.16,3.31,3.26,98.70,3.31,3.18,96.10,4.04,3.49,86.26,3.88,3.18,81.94,3.88,3.43,88.42,3.40,3.65,107.46,3.52,3.17,89.97,0.00,0.00,0.00,0.00,0.00,0.00,0.00,0.00,0.00,0.00,0.00,0.00,28.67,26.39,92.07,2026
EM00006712,Mr. Abdullah Al Masud,1311,Dhanmondi,DH060-V,04,2,28.38,24.98,88.02,28.40,24.38,85.84,29.04,20.15,69.39,30.98,31.26,100.91,30.98,32.07,103.51,33.55,33.64,100.28,34.85,31.73,91.05,37.43,35.26,94.21,0.00,0.00,0.00,0.00,0.00,0.00,0.00,0.00,0.00,0.00,0.00,0.00,253.61,233.47,92.06,2026
EM00016211,Homayun Mollah,1315,Chattogram,CH011-V,04,1,0.00,0.00,0.00,0.00,0.00,0.00,0.00,0.00,0.00,0.00,0.00,0.00,0.00,0.00,0.00,6.40,5.15,80.48,6.40,5.87,91.74,6.80,7.02,103.22,0.00,0.00,0.00,0.00,0.00,0.00,0.00,0.00,0.00,0.00,0.00,0.00,19.60,18.04,92.05,2026
EM00013875,Ashok Kumar,1324,Jashore,JA111-A,01,1,6.63,6.22,93.90,6.63,5.98,90.26,6.63,6.38,96.18,7.28,5.94,81.60,7.03,5.65,80.36,7.03,6.45,91.75,6.31,6.59,104.43,6.35,6.39,100.61,0.00,0.00,0.00,0.00,0.00,0.00,0.00,0.00,0.00,0.00,0.00,0.00,53.88,49.59,92.05,2026
EM00016118,Md. Sujon Ali,1335,Kushtia,KU033-C,01,1,0.00,0.00,0.00,0.00,0.00,0.00,0.00,0.00,0.00,0.00,0.00,0.00,7.21,4.78,66.31,7.21,7.23,100.27,7.19,7.23,100.49,7.41,7.47,100.86,0.00,0.00,0.00,0.00,0.00,0.00,0.00,0.00,0.00,0.00,0.00,0.00,29.02,26.71,92.04,2026
EM00010996,Md. Kamruzzaman,1314,Mymensingh,MY034-G,02,1,6.80,5.62,82.66,6.50,6.57,101.11,6.60,6.64,100.53,7.15,6.26,87.61,6.70,6.55,97.81,7.35,6.14,83.59,7.35,7.46,101.48,7.55,6.28,83.14,0.00,0.00,0.00,0.00,0.00,0.00,0.00,0.00,0.00,0.00,0.00,0.00,56.00,51.53,92.01,2026
EM00011830,Md. Asadur Rahman Shohag,1310,Paltan,PA193-B,01,1,7.05,7.16,101.48,7.20,5.91,82.02,7.20,5.79,80.41,7.72,6.56,84.96,7.52,8.05,107.02,7.52,6.14,81.59,6.80,6.68,98.18,6.80,6.92,101.70,0.00,0.00,0.00,0.00,0.00,0.00,0.00,0.00,0.00,0.00,0.00,0.00,57.83,53.20,92.00,2026
EM00013857,Naser Ali,1327,Faridpur,FA013-A,01,1,5.54,4.48,80.78,5.50,4.65,84.52,5.50,4.66,84.74,6.02,6.37,105.83,6.02,5.13,85.22,6.02,5.78,96.06,5.57,5.41,97.09,5.26,5.32,101.00,0.00,0.00,0.00,0.00,0.00,0.00,0.00,0.00,0.00,0.00,0.00,0.00,45.45,41.81,91.99,2026
EM00010720,Muhammad Hasanuzzaman,1335,JSR+KST,KU022-G,02,1,7.60,6.05,79.61,7.40,7.46,100.79,7.55,7.50,99.39,8.15,7.00,85.94,7.58,7.44,98.17,8.30,7.09,85.42,8.30,7.80,93.97,8.54,7.98,93.50,0.00,0.00,0.00,0.00,0.00,0.00,0.00,0.00,0.00,0.00,0.00,0.00,63.42,58.33,91.98,2026
EM00003975,Mohammad Shahinoor Miah,1331,NKL+FEN+CHP,RV04015,04,4,152.54,131.75,86.37,152.54,133.02,87.20,156.00,129.95,83.30,166.40,169.42,101.82,166.40,151.03,90.76,180.26,179.28,99.45,187.20,175.74,93.88,201.06,182.86,90.95,0.00,0.00,0.00,0.00,0.00,0.00,0.00,0.00,0.00,0.00,0.00,0.00,1362.40,1253.05,91.97,2026
EM00015830,Abdullah Al Noman,1311,Dhanmondi,DH053-B,01,1,0.00,0.00,0.00,0.00,0.00,0.00,2.43,1.84,75.92,3.20,3.34,104.55,3.08,2.19,71.09,3.08,2.46,79.95,2.68,2.96,110.48,2.68,2.97,110.70,0.00,0.00,0.00,0.00,0.00,0.00,0.00,0.00,0.00,0.00,0.00,0.00,17.14,15.77,91.97,2026
EM00014775,Raj Mahamud,1336,Keraniganj,KE011-G,02,1,14.74,14.20,96.33,14.25,13.15,92.31,14.48,13.67,94.40,15.65,12.54,80.12,14.36,12.81,89.23,15.76,13.68,86.78,15.75,15.83,100.51,16.00,15.32,95.76,0.00,0.00,0.00,0.00,0.00,0.00,0.00,0.00,0.00,0.00,0.00,0.00,120.99,111.20,91.91,2026
EM00005943,Md. Serajul Islam,1322,Rangpur,RN083-C,01,1,11.54,11.73,101.61,11.54,10.44,90.42,11.54,10.54,91.32,12.81,9.22,71.93,12.36,10.22,82.71,12.36,11.23,90.86,10.43,11.46,109.85,10.28,10.48,101.89,0.00,0.00,0.00,0.00,0.00,0.00,0.00,0.00,0.00,0.00,0.00,0.00,92.86,85.30,91.86,2026
EM00010278,Md. Saiful Islam,1325,Khulna,KH010-P,01,2,33.74,30.57,90.61,33.74,29.76,88.21,33.74,28.95,85.81,37.47,32.91,87.85,36.12,32.67,90.43,36.12,33.10,91.63,34.45,33.60,97.54,33.56,34.65,103.24,0.00,0.00,0.00,0.00,0.00,0.00,0.00,0.00,0.00,0.00,0.00,0.00,278.93,256.20,91.85,2026
EM00014336,Md. Rubel,1326,Barishal,BA143-A,01,1,6.86,5.70,83.07,6.81,5.91,86.68,6.81,6.16,90.34,7.45,7.13,95.77,7.67,7.08,92.18,7.67,7.68,100.06,7.00,6.55,93.55,6.83,6.26,91.62,0.00,0.00,0.00,0.00,0.00,0.00,0.00,0.00,0.00,0.00,0.00,0.00,57.12,52.46,91.84,2026
EM00009923,Md. Nurul Islam,1312,Uttara,UT023-V,04,1,7.04,7.13,101.34,7.04,5.31,75.44,7.20,5.71,79.25,7.68,8.25,107.42,7.80,7.67,98.31,8.45,8.16,96.59,8.78,7.99,90.96,9.43,8.00,84.89,0.00,0.00,0.00,0.00,0.00,0.00,0.00,0.00,0.00,0.00,0.00,0.00,63.42,58.22,91.81,2026
EM00016366,Hifjur Rahman,1316,Sylhet,SY083-C,01,1,0.00,0.00,0.00,0.00,0.00,0.00,0.00,0.00,0.00,0.00,0.00,0.00,0.00,0.00,0.00,0.00,0.00,0.00,7.84,7.22,92.05,7.73,7.07,91.50,0.00,0.00,0.00,0.00,0.00,0.00,0.00,0.00,0.00,0.00,0.00,0.00,15.57,14.29,91.78,2026
EM00015010,Roky Hossain,1326,Barishal,BA034-V,04,1,6.32,5.54,87.68,6.32,5.24,82.85,6.46,4.71,72.94,6.89,7.30,105.94,6.89,7.20,104.51,7.46,6.95,93.17,7.74,7.40,95.67,8.32,7.41,89.11,0.00,0.00,0.00,0.00,0.00,0.00,0.00,0.00,0.00,0.00,0.00,0.00,56.40,51.76,91.77,2026
EM00015320,Shovo Banik,1315,Chattogram,CH252-C,01,1,8.59,8.98,104.54,8.59,8.49,98.91,8.59,8.60,100.09,8.21,7.39,90.01,7.92,6.57,82.92,7.92,5.95,75.17,7.61,6.72,88.33,7.21,6.59,91.51,0.00,0.00,0.00,0.00,0.00,0.00,0.00,0.00,0.00,0.00,0.00,0.00,64.63,59.30,91.75,2026
EM00007550,Md. Ashikur Rahman,1324,Jashore,JA113-B,01,1,4.98,4.52,90.89,4.93,4.45,90.30,4.93,4.47,90.78,5.46,4.15,76.03,5.21,4.26,81.78,5.21,4.86,93.31,4.76,4.88,102.43,4.79,5.34,111.45,0.00,0.00,0.00,0.00,0.00,0.00,0.00,0.00,0.00,0.00,0.00,0.00,40.27,36.94,91.74,2026
EM00006499,Mr. Reajul Islam Khan,1334,Kishoreganj,KI010-P,01,2,47.53,42.29,88.96,47.19,41.38,87.68,47.19,44.65,94.61,51.23,44.01,85.90,49.18,41.28,83.94,49.18,44.97,91.43,47.31,48.29,102.06,46.49,46.59,100.22,0.00,0.00,0.00,0.00,0.00,0.00,0.00,0.00,0.00,0.00,0.00,0.00,385.30,353.44,91.73,2026
EM00012081,Abdul Mannan Khan,1317,Cumilla,CU072-C,01,1,10.70,10.13,94.67,10.62,10.72,100.95,10.62,11.35,106.85,10.68,9.73,91.10,10.30,9.22,89.52,10.30,8.30,80.58,10.93,9.69,88.67,10.77,8.74,81.16,0.00,0.00,0.00,0.00,0.00,0.00,0.00,0.00,0.00,0.00,0.00,0.00,84.93,77.89,91.71,2026
EM00009595,Enamul Haque,1332,B. Baria,BB010-G,02,2,55.28,51.04,92.34,53.50,49.82,93.13,54.38,50.13,92.18,58.88,49.42,83.94,55.28,52.10,94.25,60.67,55.36,91.25,51.37,48.14,93.72,52.90,49.49,93.56,0.00,0.00,0.00,0.00,0.00,0.00,0.00,0.00,0.00,0.00,0.00,0.00,442.26,405.51,91.69,2026
EM00013036,Md. Abdur Rahim Saddam,1316,Sylhet,SY025-G,02,1,7.80,6.30,80.83,7.50,6.25,83.37,7.60,6.33,83.31,8.25,7.89,95.59,7.66,7.79,101.64,8.40,7.58,90.21,8.40,7.99,95.12,8.65,8.78,101.46,0.00,0.00,0.00,0.00,0.00,0.00,0.00,0.00,0.00,0.00,0.00,0.00,64.26,58.91,91.67,2026
EM00015707,Md. Toqi Abdal,1315,Chattogram,CH017-G,02,1,0.00,0.00,0.00,2.70,1.24,46.09,2.30,1.20,52.29,2.40,2.56,106.69,2.20,2.49,113.16,2.42,2.56,105.96,2.42,2.60,107.42,2.70,3.05,112.92,0.00,0.00,0.00,0.00,0.00,0.00,0.00,0.00,0.00,0.00,0.00,0.00,17.14,15.71,91.66,2026
EM00007912,Md. Asaduzzaman,1323,Dinajpur,DI034-C,01,1,9.65,6.92,71.72,9.58,8.35,87.16,9.58,8.62,89.97,10.69,9.40,87.87,10.31,9.49,92.05,10.31,9.72,94.30,8.71,9.51,109.20,8.45,8.83,104.44,0.00,0.00,0.00,0.00,0.00,0.00,0.00,0.00,0.00,0.00,0.00,0.00,77.30,70.85,91.65,2026
EM00013158,Md. Imran Hossain,1324,Jashore,JA033-V,04,1,5.94,6.90,116.19,5.94,4.78,80.51,6.08,4.25,69.82,6.48,6.71,103.60,6.48,6.24,96.25,7.10,6.56,92.45,7.40,6.69,90.36,7.90,6.74,85.28,0.00,0.00,0.00,0.00,0.00,0.00,0.00,0.00,0.00,0.00,0.00,0.00,53.32,48.87,91.65,2026
EM00016205,Md. Zashim Uddin,1311,Dhanmondi,DH190-P,01,2,0.00,0.00,0.00,0.00,0.00,0.00,0.00,0.00,0.00,0.00,0.00,0.00,0.00,0.00,0.00,42.34,30.80,72.73,38.01,39.56,104.07,37.47,37.61,100.38,0.00,0.00,0.00,0.00,0.00,0.00,0.00,0.00,0.00,0.00,0.00,0.00,117.83,107.97,91.64,2026
EM00014102,Md. Milon Ali,1333,Moulvibazar,MO023-G,02,1,4.75,3.99,84.05,4.52,4.15,91.72,4.67,4.49,96.06,5.07,4.24,83.65,4.70,4.20,89.38,5.23,5.27,100.77,5.23,4.88,93.34,5.35,4.99,93.35,0.00,0.00,0.00,0.00,0.00,0.00,0.00,0.00,0.00,0.00,0.00,0.00,39.52,36.21,91.63,2026
EM00016233,Md. Yunus Ali,1321,Rajshahi,RA023-V,04,1,0.00,0.00,0.00,0.00,0.00,0.00,0.00,0.00,0.00,0.00,0.00,0.00,0.00,0.00,0.00,0.00,0.00,0.00,6.07,5.11,84.13,6.52,6.43,98.60,0.00,0.00,0.00,0.00,0.00,0.00,0.00,0.00,0.00,0.00,0.00,0.00,12.59,11.54,91.62,2026
EM00015225,Md. Sazib Hossain,1317,Cumilla,CU044-C,01,1,8.71,7.69,88.31,8.65,8.88,102.66,8.65,8.82,101.97,9.04,7.37,81.56,8.71,7.59,87.05,8.71,8.07,92.57,8.81,7.56,85.85,8.68,8.13,93.60,0.00,0.00,0.00,0.00,0.00,0.00,0.00,0.00,0.00,0.00,0.00,0.00,69.96,64.09,91.62,2026
EM00013807,Sajidulla Shemul,1318,Noakhali,NO044-C,01,1,8.23,7.71,93.74,8.20,7.15,87.18,8.20,7.11,86.68,8.47,7.70,90.89,8.38,7.23,86.19,8.38,8.42,100.45,7.77,7.46,96.04,7.59,6.97,91.94,0.00,0.00,0.00,0.00,0.00,0.00,0.00,0.00,0.00,0.00,0.00,0.00,65.22,59.75,91.61,2026
EM00012221,Md. Sakhawat Hossain,1322,Rangpur,RN021-G,02,1,5.50,4.65,84.54,5.30,4.40,82.95,5.40,4.50,83.28,5.85,5.33,91.15,5.50,5.11,92.99,6.05,5.32,88.01,6.05,5.94,98.17,6.25,6.79,108.66,0.00,0.00,0.00,0.00,0.00,0.00,0.00,0.00,0.00,0.00,0.00,0.00,45.90,42.05,91.60,2026
EM00009746,Bilash Adhikary,1326,Barishal,BA021-V,04,1,8.32,8.33,100.12,8.32,6.89,82.86,8.51,4.45,52.27,9.08,8.43,92.86,9.08,10.00,110.13,9.84,7.68,78.00,9.20,11.12,120.85,9.98,9.35,93.65,0.00,0.00,0.00,0.00,0.00,0.00,0.00,0.00,0.00,0.00,0.00,0.00,72.33,66.24,91.58,2026
EM00014040,Md. Rasel Alam,1332,B. Baria,BB062-A,01,1,8.21,7.56,92.08,8.15,7.41,91.00,6.89,6.27,90.94,7.07,5.54,78.46,6.81,5.56,81.73,6.81,6.72,98.75,6.93,6.93,100.00,6.84,6.83,99.99,0.00,0.00,0.00,0.00,0.00,0.00,0.00,0.00,0.00,0.00,0.00,0.00,57.69,52.84,91.58,2026
EM00009586,Md. Nozrul Islam,1327,Faridpur,FA014-C,01,1,8.32,7.25,87.13,8.26,6.95,84.10,8.26,7.56,91.60,9.00,8.33,92.50,9.00,7.21,80.06,9.00,8.64,95.95,8.27,8.15,98.52,8.20,8.48,103.43,0.00,0.00,0.00,0.00,0.00,0.00,0.00,0.00,0.00,0.00,0.00,0.00,68.31,62.56,91.58,2026
EM00014345,Binoy Das,1313,Narayanganj,NA015-G,02,1,15.23,16.52,108.49,15.03,14.77,98.27,15.10,14.50,96.02,16.35,12.24,74.86,15.35,12.27,79.96,16.85,12.61,74.82,16.85,16.94,100.55,17.35,17.46,100.62,0.00,0.00,0.00,0.00,0.00,0.00,0.00,0.00,0.00,0.00,0.00,0.00,128.11,117.32,91.57,2026
EM00016097,Maruf Ahmed,1316,Sylhet,SY011-V,04,1,0.00,0.00,0.00,0.00,0.00,0.00,0.00,0.00,0.00,0.00,0.00,0.00,7.65,6.50,84.91,8.32,8.38,100.71,8.64,7.81,90.36,9.32,8.39,90.00,0.00,0.00,0.00,0.00,0.00,0.00,0.00,0.00,0.00,0.00,0.00,0.00,33.93,31.07,91.57,2026
EM00014130,Md. Habibur Rahman,1331,Chandpur,CA014-V,04,1,6.92,5.89,85.08,6.92,6.25,90.36,7.08,5.40,76.28,7.56,7.84,103.76,7.56,7.49,99.02,8.19,8.30,101.39,8.50,7.66,90.13,9.13,7.79,85.36,0.00,0.00,0.00,0.00,0.00,0.00,0.00,0.00,0.00,0.00,0.00,0.00,61.86,56.63,91.54,2026
EM00010276,Bashir Ahmmed,1313,Narayanganj,NA051-A,01,1,11.44,9.57,83.63,11.44,10.71,93.67,11.44,10.41,90.98,11.70,10.16,86.84,11.38,9.32,81.88,11.38,10.42,91.52,10.40,10.96,105.44,10.67,10.69,100.19,0.00,0.00,0.00,0.00,0.00,0.00,0.00,0.00,0.00,0.00,0.00,0.00,89.84,82.23,91.53,2026
EM00012639,Md. Shipon Mia,1315,Chattogram,CH032-G,02,1,9.00,7.16,79.58,8.80,13.13,149.16,8.90,6.57,73.79,9.50,6.76,71.18,9.00,6.28,69.80,9.88,14.44,146.18,9.88,7.20,72.87,10.19,7.23,70.95,0.00,0.00,0.00,0.00,0.00,0.00,0.00,0.00,0.00,0.00,0.00,0.00,75.15,68.77,91.51,2026
EM00004599,Md. Shakil Ahmed,1318,Noakhali,NO010-V,04,2,43.69,34.94,79.98,43.69,35.83,82.01,44.68,36.33,81.31,47.66,49.49,103.84,47.66,42.61,89.40,51.63,51.66,100.05,53.62,51.68,96.38,57.59,54.53,94.69,0.00,0.00,0.00,0.00,0.00,0.00,0.00,0.00,0.00,0.00,0.00,0.00,390.22,357.07,91.50,2026
EM00011602,Soumitra Ray,1329,Tangail,TA011-V,04,1,6.35,5.46,86.05,6.35,4.72,74.33,6.49,4.97,76.59,6.92,7.24,104.67,6.92,5.87,84.89,7.50,7.54,100.53,7.79,8.18,105.01,8.37,7.87,94.02,0.00,0.00,0.00,0.00,0.00,0.00,0.00,0.00,0.00,0.00,0.00,0.00,56.69,51.86,91.48,2026
EM00016515,S.M. Sazibul Alam,1322,Rangpur,RN042-A,01,1,0.00,0.00,0.00,0.00,0.00,0.00,0.00,0.00,0.00,0.00,0.00,0.00,0.00,0.00,0.00,0.00,0.00,0.00,0.00,0.00,0.00,6.79,6.21,91.47,0.00,0.00,0.00,0.00,0.00,0.00,0.00,0.00,0.00,0.00,0.00,0.00,6.79,6.21,91.47,2026
EM00015546,Mehedi Hasan Masud,1324,Jashore,JA024-G,02,1,5.40,4.69,86.88,5.10,4.40,86.28,5.25,4.60,87.70,5.68,4.59,80.83,5.28,5.24,99.31,5.80,5.88,101.46,5.80,5.13,88.44,5.96,5.95,99.78,0.00,0.00,0.00,0.00,0.00,0.00,0.00,0.00,0.00,0.00,0.00,0.00,44.27,40.49,91.46,2026
EM00015837,Md. Ziaul Haque Zia,1314,Mymensingh,MY074-C,01,1,0.00,0.00,0.00,0.00,0.00,0.00,8.82,7.62,86.38,10.50,9.17,87.28,10.39,8.71,83.80,10.39,8.74,84.06,9.23,9.92,107.47,9.10,9.29,102.07,0.00,0.00,0.00,0.00,0.00,0.00,0.00,0.00,0.00,0.00,0.00,0.00,58.45,53.45,91.45,2026
EM00011141,Uttam Chandra Barmon,1311,Dhanmondi,DH212-B,01,1,6.33,5.79,91.42,6.33,5.81,91.76,6.33,5.11,80.77,7.04,6.74,95.76,6.96,5.84,83.87,6.96,5.88,84.47,6.47,6.67,103.12,6.47,6.51,100.62,0.00,0.00,0.00,0.00,0.00,0.00,0.00,0.00,0.00,0.00,0.00,0.00,52.89,48.35,91.41,2026
EM00002856,Md. Raihanul Islam,1327,Faridpur,FA010-P,01,2,34.98,30.04,85.89,34.73,30.14,86.78,34.73,30.26,87.12,37.39,34.84,93.18,37.39,31.10,83.19,37.39,34.12,91.26,34.53,35.41,102.55,33.25,34.02,102.31,0.00,0.00,0.00,0.00,0.00,0.00,0.00,0.00,0.00,0.00,0.00,0.00,284.38,259.93,91.40,2026
EM00008294,Md. Al Amin Shaikh,1324,Jashore,JA093-C,01,1,8.58,7.56,88.11,8.58,7.75,90.35,8.58,7.25,84.48,9.65,7.87,81.52,9.30,7.80,83.85,9.30,8.60,92.52,8.60,8.92,103.71,8.66,9.37,108.21,0.00,0.00,0.00,0.00,0.00,0.00,0.00,0.00,0.00,0.00,0.00,0.00,71.24,65.11,91.40,2026
EM00009927,Md. Atiqur Rahman,1315,Chattogram,CH010-V,04,2,27.26,24.43,89.63,27.26,24.50,89.88,27.88,20.35,72.99,29.74,29.96,100.73,29.50,28.82,97.68,31.95,28.05,87.79,34.00,31.80,93.53,36.50,35.16,96.33,0.00,0.00,0.00,0.00,0.00,0.00,0.00,0.00,0.00,0.00,0.00,0.00,244.09,223.07,91.39,2026
EM00004338,Md. Selim Reza,1312,Uttara,UT013-V,04,1,7.95,8.04,101.16,7.95,6.54,82.29,8.13,6.57,80.78,8.67,9.02,104.09,8.65,7.15,82.68,9.37,8.07,86.17,9.73,9.84,101.16,10.45,9.54,91.33,0.00,0.00,0.00,0.00,0.00,0.00,0.00,0.00,0.00,0.00,0.00,0.00,70.90,64.79,91.38,2026
EM00008288,Md. Shohel Rana,1323,Dinajpur,DI072-B,01,1,8.53,5.96,69.89,8.47,6.62,78.17,8.47,7.00,82.64,9.62,8.40,87.34,9.62,9.22,95.87,9.62,10.21,106.16,8.90,9.57,107.49,8.90,8.92,100.17,0.00,0.00,0.00,0.00,0.00,0.00,0.00,0.00,0.00,0.00,0.00,0.00,72.13,65.90,91.37,2026
EM00009360,A. Rahim,1314,Mymensingh,MY111-B,01,1,7.98,6.47,81.06,7.92,5.76,72.67,7.92,6.69,84.41,5.69,5.05,88.62,5.01,5.55,110.79,5.01,5.34,106.59,4.67,4.90,105.01,4.63,4.86,104.89,0.00,0.00,0.00,0.00,0.00,0.00,0.00,0.00,0.00,0.00,0.00,0.00,48.84,44.61,91.34,2026
EM00009308,Khalilur Rhaman,1317,Cumilla,CU112-B,01,1,11.32,9.72,85.88,11.24,11.38,101.27,11.24,10.05,89.37,11.44,10.04,87.74,11.02,8.58,77.83,11.02,9.55,86.65,11.29,11.35,100.49,11.23,11.37,101.20,0.00,0.00,0.00,0.00,0.00,0.00,0.00,0.00,0.00,0.00,0.00,0.00,89.82,82.04,91.34,2026
EM00013393,Md. Faysal,1315,Chattogram,CH042-G,02,1,3.80,2.91,76.63,3.72,3.26,87.60,3.80,3.11,81.83,3.95,3.79,96.04,3.75,3.80,101.44,4.55,4.57,100.34,4.55,3.81,83.64,4.72,4.75,100.59,0.00,0.00,0.00,0.00,0.00,0.00,0.00,0.00,0.00,0.00,0.00,0.00,32.84,30.00,91.34,2026
EM00014868,Md. Ayub Ali,1313,Narayanganj,NA013-G,02,1,6.00,5.31,88.45,5.50,4.85,88.25,5.49,4.42,80.54,5.95,5.07,85.16,5.50,4.98,90.58,6.05,5.55,91.76,6.05,6.15,101.60,6.23,6.38,102.48,0.00,0.00,0.00,0.00,0.00,0.00,0.00,0.00,0.00,0.00,0.00,0.00,46.77,42.71,91.33,2026
EM00004104,Mr. Sanjoy Kumar Kundu,1317,Cumilla,CU030-G,02,2,43.66,42.39,97.09,42.41,38.57,90.95,43.12,39.92,92.57,46.66,40.88,87.61,43.82,42.18,96.26,48.25,41.74,86.50,53.55,48.89,91.30,55.33,49.47,89.42,0.00,0.00,0.00,0.00,0.00,0.00,0.00,0.00,0.00,0.00,0.00,0.00,376.80,344.04,91.31,2026
EM00011250,Sanjoy Kumar Baul,1311,Dhanmondi,DH173-A,01,1,5.73,5.82,101.55,5.73,5.77,100.73,5.73,4.80,83.80,6.25,5.53,88.47,6.02,4.79,79.56,6.02,4.82,80.10,5.31,5.07,95.38,5.24,5.42,103.58,0.00,0.00,0.00,0.00,0.00,0.00,0.00,0.00,0.00,0.00,0.00,0.00,46.03,42.02,91.30,2026
EM00007785,Mr. Ismail Hossain,1327,Faridpur,FA030-P,01,2,34.05,30.67,90.06,33.81,29.46,87.13,33.81,30.86,91.29,36.24,32.61,89.98,35.74,30.20,84.50,35.74,30.12,84.28,33.08,34.57,104.52,31.58,31.70,100.38,0.00,0.00,0.00,0.00,0.00,0.00,0.00,0.00,0.00,0.00,0.00,0.00,274.04,250.18,91.30,2026
EM00009367,Md. Maruf Ahmed,1311,Dhanmondi,DH063-B,01,1,4.36,4.12,94.61,4.36,4.37,100.18,4.36,4.64,106.54,5.62,4.04,71.85,5.41,3.97,73.48,5.41,4.43,81.88,4.78,5.06,105.85,4.74,4.98,105.00,0.00,0.00,0.00,0.00,0.00,0.00,0.00,0.00,0.00,0.00,0.00,0.00,39.03,35.61,91.24,2026
EM00009470,Emran Ali,1311,Dhanmondi,DH052-B,01,1,4.08,4.18,102.41,4.08,3.71,90.81,4.08,3.83,93.83,5.22,4.10,78.58,5.02,3.41,67.95,5.02,4.34,86.40,4.25,4.86,114.27,4.21,4.39,104.23,0.00,0.00,0.00,0.00,0.00,0.00,0.00,0.00,0.00,0.00,0.00,0.00,35.96,32.81,91.23,2026
EM00014771,Md. Abdul Halim,1331,Chandpur,CA015-G,02,1,8.75,8.16,93.23,8.50,7.83,92.12,8.64,7.94,91.94,9.35,7.55,80.70,8.78,8.01,91.27,9.68,9.17,94.77,9.71,8.76,90.21,10.00,9.54,95.41,0.00,0.00,0.00,0.00,0.00,0.00,0.00,0.00,0.00,0.00,0.00,0.00,73.41,66.97,91.22,2026
EM00011835,Abdur Rahman .,1311,Dhanmondi,DH161-B,01,1,8.51,8.57,100.67,8.51,8.54,100.37,8.51,7.69,90.38,9.62,7.38,76.73,9.32,7.82,83.93,9.32,7.26,77.87,9.50,9.57,100.79,9.36,9.43,100.74,0.00,0.00,0.00,0.00,0.00,0.00,0.00,0.00,0.00,0.00,0.00,0.00,72.66,66.28,91.21,2026
EM00014831,Sujon Chandra Chacroborti,1311,Dhanmondi,DH221-A,01,1,6.25,5.74,91.85,6.20,5.91,95.34,6.20,5.80,93.45,7.85,6.22,79.17,7.56,5.88,77.87,7.56,6.62,87.56,5.92,6.59,111.26,6.09,6.16,101.15,0.00,0.00,0.00,0.00,0.00,0.00,0.00,0.00,0.00,0.00,0.00,0.00,53.62,48.91,91.21,2026
EM00013437,Md. Ismail Hossain,1324,Jashore,JA112-B,01,1,5.02,4.74,94.57,4.92,4.00,81.30,4.92,4.11,83.62,5.52,4.53,82.01,5.28,4.65,87.99,5.28,4.68,88.48,4.63,5.01,108.18,4.67,4.98,106.71,0.00,0.00,0.00,0.00,0.00,0.00,0.00,0.00,0.00,0.00,0.00,0.00,40.24,36.70,91.20,2026
EM00011032,Sujet Chandra,1324,Jashore,JA102-B,01,1,7.42,6.68,89.92,7.42,6.59,88.74,7.42,6.27,84.41,8.38,6.73,80.37,7.98,6.70,83.97,7.98,7.03,88.15,7.38,7.95,107.80,7.48,8.10,108.33,0.00,0.00,0.00,0.00,0.00,0.00,0.00,0.00,0.00,0.00,0.00,0.00,61.45,56.04,91.19,2026
EM00012942,Ranju Das,1316,Sylhet,SY052-C,01,1,7.41,6.71,90.54,7.16,6.45,90.05,7.16,6.46,90.19,7.79,6.73,86.38,7.50,6.31,84.06,7.50,6.36,84.80,6.63,6.78,102.35,6.53,6.80,104.11,0.00,0.00,0.00,0.00,0.00,0.00,0.00,0.00,0.00,0.00,0.00,0.00,57.69,52.60,91.18,2026
EM00014646,Md. Al Ahad Biswas,1311,Dhanmondi,DH024-V,04,1,9.90,10.08,101.78,9.90,9.99,100.90,10.12,6.97,68.91,10.80,10.87,100.61,10.50,10.52,100.19,9.50,4.90,51.58,9.85,10.01,101.58,10.57,10.65,100.77,0.00,0.00,0.00,0.00,0.00,0.00,0.00,0.00,0.00,0.00,0.00,0.00,81.14,73.98,91.18,2026
EM00014955,Md. Nurjamal Mia,1313,Narayanganj,NA033-A,01,1,8.16,7.54,92.38,8.16,7.55,92.56,8.16,7.18,88.01,8.48,7.41,87.45,8.31,7.20,86.69,8.31,7.48,90.08,7.45,7.35,98.70,7.64,7.23,94.66,0.00,0.00,0.00,0.00,0.00,0.00,0.00,0.00,0.00,0.00,0.00,0.00,64.65,58.94,91.18,2026
EM00012133,Md. Sozol Hossain,1313,Narayanganj,NA024-V,04,1,8.69,7.98,91.86,8.69,7.38,84.88,8.89,7.38,83.06,9.49,9.97,105.07,9.49,8.61,90.68,10.28,9.67,94.08,10.68,9.81,91.86,11.47,10.02,87.37,0.00,0.00,0.00,0.00,0.00,0.00,0.00,0.00,0.00,0.00,0.00,0.00,77.68,70.82,91.17,2026
EM00010708,Md. Enayet Hossain Khan,1329,UTR+TNG,TA020-G,02,2,44.30,38.24,86.31,42.75,37.55,87.83,43.45,39.37,90.60,47.00,40.43,86.01,43.94,41.31,94.00,47.88,41.27,86.19,47.13,46.33,98.31,48.45,48.20,99.48,0.00,0.00,0.00,0.00,0.00,0.00,0.00,0.00,0.00,0.00,0.00,0.00,364.90,332.68,91.17,2026
EM00015159,Md. Jakaria Hossain,1319,Feni,FE015-G,02,1,4.00,3.75,93.87,4.00,3.82,95.52,4.14,3.91,94.36,4.75,4.03,84.89,4.50,3.30,73.33,5.00,4.35,86.95,5.00,4.91,98.24,5.00,5.10,101.98,0.00,0.00,0.00,0.00,0.00,0.00,0.00,0.00,0.00,0.00,0.00,0.00,36.39,33.17,91.16,2026
EM00015439,Bipro Chowdhury,1310,Paltan,PA012-A,01,1,8.23,6.72,81.62,8.18,7.67,93.78,8.18,6.92,84.69,9.56,8.57,89.57,9.22,8.10,87.78,9.22,7.28,78.94,8.72,9.11,104.47,8.79,9.55,108.57,0.00,0.00,0.00,0.00,0.00,0.00,0.00,0.00,0.00,0.00,0.00,0.00,70.11,63.91,91.16,2026
EM00015123,Md. Minhazul Islam,1312,Uttara,UT044-A,01,1,7.64,7.73,101.12,7.59,7.67,101.05,7.59,6.85,90.22,7.79,6.15,78.99,7.59,5.59,73.63,7.59,6.05,79.72,6.60,7.09,107.50,6.60,6.63,100.43,0.00,0.00,0.00,0.00,0.00,0.00,0.00,0.00,0.00,0.00,0.00,0.00,58.98,53.75,91.14,2026
EM00012568,Kazi Razu Ahammad,1310,Paltan,PA043-V,04,1,7.85,6.66,84.90,7.85,7.18,91.51,8.03,6.34,78.95,8.56,8.79,102.69,8.56,8.06,94.13,9.27,8.65,93.33,9.63,9.08,94.29,10.34,9.09,87.93,0.00,0.00,0.00,0.00,0.00,0.00,0.00,0.00,0.00,0.00,0.00,0.00,70.09,63.86,91.11,2026
EM00012427,Tapash Adhikary,1319,Feni,FE073-C,01,1,11.45,9.39,82.04,11.37,10.48,92.19,11.37,10.01,88.05,11.87,10.30,86.75,11.46,10.18,88.82,11.46,10.56,92.14,10.64,10.66,100.24,10.48,10.50,100.11,0.00,0.00,0.00,0.00,0.00,0.00,0.00,0.00,0.00,0.00,0.00,0.00,90.10,82.08,91.10,2026
EM00012213,Sobuz Reza,1336,Keraniganj,KE023-V,04,1,6.15,3.82,62.09,5.70,5.30,93.04,5.83,5.03,86.25,6.22,5.84,93.94,6.00,6.04,100.71,6.35,6.48,101.98,6.60,6.22,94.22,7.08,6.75,95.39,0.00,0.00,0.00,0.00,0.00,0.00,0.00,0.00,0.00,0.00,0.00,0.00,49.93,45.48,91.09,2026
EM00013652,Zabber Hossain,1318,Noakhali,NO023-C,01,1,10.55,9.76,92.58,10.47,9.17,87.57,10.47,9.22,88.07,10.92,9.33,85.47,10.53,9.00,85.51,10.53,9.10,86.40,10.02,10.17,101.43,9.84,10.15,103.15,0.00,0.00,0.00,0.00,0.00,0.00,0.00,0.00,0.00,0.00,0.00,0.00,83.32,75.90,91.09,2026
EM00014654,Krishna Kumar Biswas,1310,Paltan,PA161-B,01,1,10.83,9.98,92.24,10.75,10.30,95.83,10.75,10.42,96.91,13.56,9.75,71.87,13.08,11.16,85.30,13.08,10.88,83.15,9.00,10.44,115.99,9.46,9.51,100.48,0.00,0.00,0.00,0.00,0.00,0.00,0.00,0.00,0.00,0.00,0.00,0.00,90.51,82.43,91.07,2026
EM00008160,Md. Tariqul Islam,1321,Rajshahi,RA031-A,01,1,6.52,5.53,84.77,6.47,5.52,85.27,6.47,5.24,80.97,7.11,6.61,92.86,6.85,6.07,88.62,6.85,6.96,101.60,5.93,6.07,102.52,5.92,5.47,92.44,0.00,0.00,0.00,0.00,0.00,0.00,0.00,0.00,0.00,0.00,0.00,0.00,52.13,47.47,91.07,2026
EM00014710,Md. Shafiqul Islam,1319,Feni,FE051-B,01,1,5.93,4.76,80.24,5.89,5.33,90.55,5.89,5.17,87.88,6.22,5.66,90.94,6.01,5.55,92.42,6.01,5.88,97.79,5.84,5.85,100.34,5.84,5.16,88.39,0.00,0.00,0.00,0.00,0.00,0.00,0.00,0.00,0.00,0.00,0.00,0.00,47.61,43.36,91.07,2026
EM00010124,Md. Monjurul Islam,1318,Noakhali,NO021-B,01,1,10.26,10.28,100.22,10.19,8.25,80.95,10.19,8.01,78.65,8.78,7.82,89.04,8.47,7.31,86.31,8.47,6.10,72.07,8.04,9.48,117.92,7.89,8.56,108.45,0.00,0.00,0.00,0.00,0.00,0.00,0.00,0.00,0.00,0.00,0.00,0.00,72.28,65.81,91.05,2026
EM00005222,Md. Bashir Ahmmed,1315,Chattogram,CH061-C,01,1,9.16,8.26,90.14,9.09,8.04,88.38,9.09,8.80,96.77,9.86,9.08,92.10,9.65,8.90,92.24,9.65,8.68,89.94,9.30,8.41,90.41,8.86,7.81,88.15,0.00,0.00,0.00,0.00,0.00,0.00,0.00,0.00,0.00,0.00,0.00,0.00,74.67,67.98,91.04,2026
EM00003561,Md. Ismail Hossain,1334,MYM+KSG,RV04005,04,4,126.90,107.16,84.45,126.90,107.85,84.99,129.78,97.74,75.32,138.43,141.43,102.17,138.43,115.66,83.55,149.97,151.05,100.72,155.74,153.59,98.62,167.28,157.18,93.96,0.00,0.00,0.00,0.00,0.00,0.00,0.00,0.00,0.00,0.00,0.00,0.00,1133.43,1031.67,91.02,2026
EM00008724,Muhammad Raihanur Rahman,1325,Khulna,KH032-C,01,1,8.27,6.52,78.81,8.21,7.15,87.17,8.21,8.61,104.95,9.43,8.22,87.19,9.31,8.48,91.05,9.31,7.53,80.90,8.05,7.59,94.23,7.95,8.45,106.34,0.00,0.00,0.00,0.00,0.00,0.00,0.00,0.00,0.00,0.00,0.00,0.00,68.74,62.56,91.01,2026
EM00011800,Md. Helal Ahamed,1311,Dhanmondi,DH031-C,01,1,3.73,2.17,58.23,3.73,3.74,100.10,3.73,4.02,107.82,5.13,4.29,83.56,4.93,4.64,94.24,4.93,3.42,69.36,3.90,5.08,130.16,3.89,3.54,91.01,0.00,0.00,0.00,0.00,0.00,0.00,0.00,0.00,0.00,0.00,0.00,0.00,33.98,30.90,90.96,2026
EM00015201,Sudangshu Saha,1326,Barishal,BA022-V,04,1,7.15,7.17,100.27,7.15,6.01,84.03,7.31,3.12,42.71,7.80,7.25,92.93,7.80,8.88,113.87,8.45,5.61,66.34,8.40,10.39,123.71,9.12,9.03,99.05,0.00,0.00,0.00,0.00,0.00,0.00,0.00,0.00,0.00,0.00,0.00,0.00,63.18,57.46,90.95,2026
EM00011113,Md. Sajjad Hossain,1322,Rangpur,RN014-G,02,1,7.95,7.18,90.26,7.70,7.23,93.92,7.85,7.21,91.79,8.50,6.39,75.21,8.00,7.18,89.71,8.75,7.87,89.91,8.80,8.46,96.13,9.00,9.01,100.16,0.00,0.00,0.00,0.00,0.00,0.00,0.00,0.00,0.00,0.00,0.00,0.00,66.55,60.52,90.95,2026
EM00011112,Sajal Kumar Mandal,1311,Dhanmondi,DH115-G,02,1,8.30,7.95,95.84,8.00,7.47,93.39,8.10,6.86,84.73,8.76,7.07,80.68,8.30,7.54,90.88,9.12,7.79,85.41,9.12,9.10,99.81,9.42,9.06,96.18,0.00,0.00,0.00,0.00,0.00,0.00,0.00,0.00,0.00,0.00,0.00,0.00,69.12,62.85,90.93,2026
EM00014124,Md. Saidul Islam,1334,Kishoreganj,KI014-V,04,1,6.14,5.64,91.84,6.14,5.53,90.10,6.28,4.11,65.46,6.70,6.76,100.83,6.70,6.15,91.78,7.26,7.41,102.06,7.55,6.82,90.34,8.12,7.49,92.29,0.00,0.00,0.00,0.00,0.00,0.00,0.00,0.00,0.00,0.00,0.00,0.00,54.89,49.91,90.93,2026
EM00003407,Md. Abdul Hakim,1330,Pabna,PB060-P,01,2,49.19,42.88,87.17,48.85,42.44,86.89,48.85,48.62,99.54,53.84,45.17,83.91,53.83,45.87,85.21,53.83,48.33,89.77,50.20,48.10,95.81,49.94,50.01,100.14,0.00,0.00,0.00,0.00,0.00,0.00,0.00,0.00,0.00,0.00,0.00,0.00,408.52,371.42,90.92,2026
EM00013253,Kamrul Islam,1310,Paltan,PA283-C,01,1,3.42,3.76,110.08,3.39,3.42,100.79,3.39,3.23,95.10,4.16,3.30,79.34,4.01,2.99,74.72,4.01,3.35,83.71,3.68,3.60,97.87,3.80,3.48,91.67,0.00,0.00,0.00,0.00,0.00,0.00,0.00,0.00,0.00,0.00,0.00,0.00,29.85,27.14,90.90,2026
EM00014634,Md. Bayzid,1311,Dhanmondi,DH132-B,01,1,5.98,6.03,100.84,5.98,5.86,98.08,5.98,5.56,93.05,6.74,5.62,83.43,6.49,5.54,85.32,6.49,4.80,73.91,6.87,6.52,94.90,6.77,6.68,98.74,0.00,0.00,0.00,0.00,0.00,0.00,0.00,0.00,0.00,0.00,0.00,0.00,51.29,46.61,90.88,2026
EM00007789,Sree Samiron Debnath,1320,Bogura,BO040-G,02,2,19.65,17.66,89.89,18.80,15.80,84.06,19.30,16.77,86.89,20.70,19.58,94.57,19.45,18.17,93.40,21.35,20.11,94.18,21.50,18.74,87.18,22.15,21.21,95.75,0.00,0.00,0.00,0.00,0.00,0.00,0.00,0.00,0.00,0.00,0.00,0.00,162.90,148.04,90.88,2026
EM00013682,Jahangir Alam,1316,Sylhet,SY026-G,02,1,8.80,7.20,81.79,8.45,7.09,83.90,8.70,7.43,85.36,9.40,8.27,87.95,8.70,8.10,93.07,9.40,8.54,90.87,9.40,9.41,100.06,9.65,9.86,102.16,0.00,0.00,0.00,0.00,0.00,0.00,0.00,0.00,0.00,0.00,0.00,0.00,72.50,65.88,90.88,2026
EM00016360,Abul Bashar Mia,1327,Faridpur,FA022-A,01,1,0.00,0.00,0.00,0.00,0.00,0.00,0.00,0.00,0.00,0.00,0.00,0.00,0.00,0.00,0.00,0.00,0.00,0.00,5.69,5.43,95.42,5.23,4.50,85.90,0.00,0.00,0.00,0.00,0.00,0.00,0.00,0.00,0.00,0.00,0.00,0.00,10.93,9.93,90.86,2026
EM00006510,Md. Shariful Islam,1327,Faridpur,FA110-P,01,2,47.08,40.15,85.27,46.75,41.11,87.95,46.75,41.74,89.29,44.42,39.65,89.26,42.79,38.44,89.85,42.79,36.03,84.22,38.88,41.44,106.60,38.92,37.92,97.43,0.00,0.00,0.00,0.00,0.00,0.00,0.00,0.00,0.00,0.00,0.00,0.00,348.37,316.49,90.85,2026
EM00016363,Md. Ali Akbar,1336,Keraniganj,KE053-C,01,1,0.00,0.00,0.00,0.00,0.00,0.00,0.00,0.00,0.00,0.00,0.00,0.00,0.00,0.00,0.00,0.00,0.00,0.00,11.17,10.24,91.73,11.26,10.13,89.96,0.00,0.00,0.00,0.00,0.00,0.00,0.00,0.00,0.00,0.00,0.00,0.00,22.42,20.37,90.84,2026
EM00012305,Md. Abdullah Sheikh,1324,Jashore,JA171-C,01,1,6.29,5.90,93.83,6.29,5.16,82.03,6.29,5.10,81.08,7.11,6.20,87.17,6.70,6.10,90.91,6.70,6.11,91.15,6.20,6.19,99.72,5.90,6.00,101.67,0.00,0.00,0.00,0.00,0.00,0.00,0.00,0.00,0.00,0.00,0.00,0.00,51.49,46.75,90.79,2026
EM00013035,Md. Mahmudul Hassan,1316,Sylhet,SY013-G,02,1,7.90,7.09,89.71,7.65,6.91,90.27,7.77,6.85,88.14,8.40,7.56,90.00,7.90,7.19,90.97,8.66,7.82,90.30,8.66,8.07,93.19,8.90,8.28,93.03,0.00,0.00,0.00,0.00,0.00,0.00,0.00,0.00,0.00,0.00,0.00,0.00,65.84,59.76,90.76,2026
EM00012216,Md. Mohasin Talukder,1332,B. Baria,BB021-G,02,1,8.20,7.02,85.65,7.95,6.72,84.56,8.10,8.12,100.30,8.80,7.12,80.90,8.25,7.93,96.14,9.05,7.98,88.23,9.05,8.11,89.65,9.32,9.35,100.32,0.00,0.00,0.00,0.00,0.00,0.00,0.00,0.00,0.00,0.00,0.00,0.00,68.72,62.37,90.76,2026
EM00005350,Mr. Shimul Das,1317,Cumilla,CU100-P,01,2,29.40,28.84,98.09,29.19,27.47,94.11,29.19,26.33,90.18,29.44,26.27,89.24,28.38,25.57,90.10,28.38,24.34,85.75,29.34,26.95,91.85,28.92,25.00,86.47,0.00,0.00,0.00,0.00,0.00,0.00,0.00,0.00,0.00,0.00,0.00,0.00,232.24,210.77,90.75,2026
EM00016213,Tuhin Hossain,1315,Chattogram,CH042-V,04,1,0.00,0.00,0.00,0.00,0.00,0.00,0.00,0.00,0.00,0.00,0.00,0.00,0.00,0.00,0.00,10.90,7.51,68.89,11.00,10.26,93.28,11.80,12.81,108.55,0.00,0.00,0.00,0.00,0.00,0.00,0.00,0.00,0.00,0.00,0.00,0.00,33.70,30.58,90.74,2026
EM00004196,Md. Abu Bakker Siddik,1322,Rangpur,RN094-C,01,1,9.60,7.08,73.80,9.53,6.47,67.93,9.53,7.25,76.13,8.40,7.99,95.19,8.10,8.46,104.46,8.10,8.45,104.31,7.68,8.03,104.57,7.67,8.50,110.85,0.00,0.00,0.00,0.00,0.00,0.00,0.00,0.00,0.00,0.00,0.00,0.00,68.59,62.24,90.74,2026
EM00012956,Razon .,1317,Cumilla,CU051-A,01,1,11.33,10.30,90.96,11.24,10.65,94.75,11.24,10.26,91.28,11.66,10.13,86.89,11.22,9.28,82.66,11.22,9.35,83.26,11.49,10.88,94.74,11.32,11.43,100.99,0.00,0.00,0.00,0.00,0.00,0.00,0.00,0.00,0.00,0.00,0.00,0.00,90.73,82.29,90.70,2026
EM00006086,Mohammad Aminul Islam,1311,Dhanmondi,DH071-V,04,1,8.90,7.69,86.39,8.90,7.21,81.06,9.10,5.61,61.65,9.70,11.20,115.49,9.70,8.80,90.74,10.50,10.37,98.80,10.90,10.45,95.89,11.71,10.65,90.95,0.00,0.00,0.00,0.00,0.00,0.00,0.00,0.00,0.00,0.00,0.00,0.00,79.41,71.99,90.66,2026
EM00015324,Md. Abir Hossen,1312,Uttara,UT011-V,04,1,8.25,7.65,92.78,8.25,6.64,80.50,8.44,6.00,71.06,9.00,9.20,102.25,9.00,8.42,93.59,9.75,8.77,89.97,10.13,9.74,96.17,10.88,10.38,95.44,0.00,0.00,0.00,0.00,0.00,0.00,0.00,0.00,0.00,0.00,0.00,0.00,73.70,66.82,90.66,2026
EM00005905,Md. Kamrujjaman,1334,Kishoreganj,KI012-A,01,1,8.75,8.06,92.20,8.68,7.91,91.15,8.68,8.83,101.67,9.48,7.49,79.00,9.18,7.53,82.00,9.18,7.45,81.07,8.71,8.49,97.43,8.39,8.66,103.22,0.00,0.00,0.00,0.00,0.00,0.00,0.00,0.00,0.00,0.00,0.00,0.00,71.06,64.42,90.66,2026
EM00007296,Mohammad Abu Hassan,1315,Chattogram,CH040-V,04,2,30.35,27.93,92.02,30.35,28.49,93.86,31.04,22.91,73.80,33.10,34.16,103.20,32.80,30.87,94.11,35.50,31.53,88.83,36.50,29.96,82.08,39.18,37.85,96.59,0.00,0.00,0.00,0.00,0.00,0.00,0.00,0.00,0.00,0.00,0.00,0.00,268.82,243.69,90.65,2026
EM00015072,Md. Showkat Islam,1313,Narayanganj,NA025-G,02,1,6.40,5.20,81.20,6.17,4.85,78.68,6.25,5.24,83.79,6.77,5.52,81.55,6.17,5.77,93.51,6.77,6.26,92.52,6.77,7.03,103.86,6.87,7.41,107.90,0.00,0.00,0.00,0.00,0.00,0.00,0.00,0.00,0.00,0.00,0.00,0.00,52.17,47.29,90.64,2026
EM00014343,Md. Al-Amin,1322,Rangpur,RN011-G,02,1,5.00,3.67,73.43,4.80,4.03,83.89,4.90,4.21,85.92,5.30,4.65,87.70,5.10,5.13,100.55,5.60,4.98,88.92,5.35,5.40,100.87,5.50,5.60,101.80,0.00,0.00,0.00,0.00,0.00,0.00,0.00,0.00,0.00,0.00,0.00,0.00,41.55,37.66,90.64,2026
EM00016202,Md. Rubel,1326,Barishal,BA161-A,01,1,0.00,0.00,0.00,0.00,0.00,0.00,0.00,0.00,0.00,0.00,0.00,0.00,0.00,0.00,0.00,9.78,7.53,77.02,8.00,7.82,97.77,7.90,7.91,100.10,0.00,0.00,0.00,0.00,0.00,0.00,0.00,0.00,0.00,0.00,0.00,0.00,25.68,23.26,90.59,2026
EM00005840,Md. Baki Billah,1326,Barishal,BA162-B,01,1,13.08,10.92,83.42,12.99,10.78,83.01,12.99,10.90,83.93,9.15,8.51,93.03,10.00,8.51,85.14,10.00,9.53,95.37,8.50,9.11,107.22,8.50,8.92,104.90,0.00,0.00,0.00,0.00,0.00,0.00,0.00,0.00,0.00,0.00,0.00,0.00,85.21,77.19,90.59,2026
EM00014064,Md. Shahariar .,1322,Rangpur,RN112-C,01,1,5.70,4.14,72.72,5.66,4.63,81.79,5.66,4.43,78.25,5.12,5.14,100.34,4.93,4.32,87.56,4.93,4.88,98.90,4.74,5.17,109.27,4.82,4.93,102.37,0.00,0.00,0.00,0.00,0.00,0.00,0.00,0.00,0.00,0.00,0.00,0.00,41.54,37.63,90.58,2026
EM00013962,Md. Anwarujjaman .,1323,Dinajpur,DI012-G,02,1,5.25,4.94,94.11,5.05,4.77,94.51,5.15,4.91,95.30,5.60,4.33,77.41,5.30,4.80,90.51,5.80,5.16,89.05,5.80,5.33,91.85,6.00,5.56,92.73,0.00,0.00,0.00,0.00,0.00,0.00,0.00,0.00,0.00,0.00,0.00,0.00,43.95,39.81,90.58,2026
EM00013730,Md. Mahamodulla .,1311,Dhanmondi,DH160-P,01,2,40.90,40.46,98.92,40.90,39.96,97.69,40.90,37.91,92.67,46.39,38.34,82.65,44.67,35.49,79.46,44.67,36.75,82.27,42.28,41.94,99.20,41.68,39.26,94.19,0.00,0.00,0.00,0.00,0.00,0.00,0.00,0.00,0.00,0.00,0.00,0.00,342.40,310.11,90.57,2026
EM00007325,Md. Sultan Mahmud,1311,Dhanmondi,DH261-A,01,1,9.05,9.13,100.93,9.05,9.14,100.99,9.05,7.94,87.81,10.04,7.65,76.14,9.63,8.11,84.23,9.63,8.21,85.27,8.58,8.43,98.27,8.45,7.93,93.78,0.00,0.00,0.00,0.00,0.00,0.00,0.00,0.00,0.00,0.00,0.00,0.00,73.46,66.53,90.56,2026
EM00009699,Mezbah Uddin Khan,1319,Feni,FE074-C,01,1,11.65,9.88,84.76,11.57,10.24,88.48,11.57,10.49,90.66,12.19,10.55,86.51,11.76,9.81,83.44,11.76,10.80,91.88,10.91,10.92,100.07,10.75,10.78,100.20,0.00,0.00,0.00,0.00,0.00,0.00,0.00,0.00,0.00,0.00,0.00,0.00,92.16,83.46,90.55,2026
EM00010753,Md. Nazim Raihan,1323,Dinajpur,DI043-C,01,1,8.60,7.83,90.97,8.54,6.79,79.48,8.54,6.66,77.96,9.07,7.97,87.89,8.87,8.00,90.14,8.87,9.75,109.96,8.51,8.14,95.65,7.90,7.26,91.91,0.00,0.00,0.00,0.00,0.00,0.00,0.00,0.00,0.00,0.00,0.00,0.00,68.91,62.40,90.55,2026
EM00015506,Tanvir Rahman,1314,Mymensingh,MY032-G,02,1,7.00,6.32,90.22,6.80,6.22,91.53,6.90,7.34,106.33,7.45,7.12,95.62,7.00,6.30,90.06,7.80,6.04,77.47,7.80,6.96,89.24,8.00,6.86,85.80,0.00,0.00,0.00,0.00,0.00,0.00,0.00,0.00,0.00,0.00,0.00,0.00,58.75,53.17,90.51,2026
EM00012689,Md. Sultan Mahmud,1320,Bogura,BO054-C,01,1,4.01,3.39,84.63,4.50,3.60,80.00,4.50,4.25,94.51,5.25,4.47,85.20,5.02,4.22,84.04,5.02,4.15,82.66,4.58,4.93,107.64,4.58,4.88,106.67,0.00,0.00,0.00,0.00,0.00,0.00,0.00,0.00,0.00,0.00,0.00,0.00,37.46,33.90,90.50,2026
EM00008967,Md. Obaydul Islam,1331,Chandpur,CA012-V,04,1,9.56,7.84,82.03,9.56,7.93,82.91,9.78,6.84,69.95,10.44,10.81,103.52,10.44,10.12,96.90,11.31,11.51,101.78,11.75,10.80,91.91,12.62,11.49,91.04,0.00,0.00,0.00,0.00,0.00,0.00,0.00,0.00,0.00,0.00,0.00,0.00,85.46,77.33,90.49,2026
EM00008559,Md. Shohel Rana,1315,Chattogram,CH071-G,02,1,7.30,7.38,101.10,7.06,6.33,89.66,7.20,6.47,89.80,7.80,7.06,90.48,7.33,6.63,90.44,8.05,7.10,88.15,8.05,7.30,90.74,8.45,7.15,84.61,0.00,0.00,0.00,0.00,0.00,0.00,0.00,0.00,0.00,0.00,0.00,0.00,61.24,55.41,90.49,2026
EM00011236,Uzzal Kumer Ghosh,1331,Chandpur,CA021-A,01,1,10.29,7.86,76.42,10.22,9.81,96.00,10.22,9.39,91.89,10.64,9.17,86.17,10.44,9.08,86.97,10.44,10.00,95.83,9.79,8.80,89.81,9.57,9.72,101.62,0.00,0.00,0.00,0.00,0.00,0.00,0.00,0.00,0.00,0.00,0.00,0.00,81.60,73.83,90.47,2026
EM00003920,Md. Delowar Hosain,1320,Bogura,BO063-C,01,1,8.56,6.80,79.49,8.55,7.34,85.88,8.55,8.56,100.19,9.81,8.27,84.26,9.48,7.95,83.85,9.48,8.07,85.08,8.50,9.06,106.59,8.50,8.56,100.74,0.00,0.00,0.00,0.00,0.00,0.00,0.00,0.00,0.00,0.00,0.00,0.00,71.43,64.62,90.46,2026
EM00016096,S.M Zahidur Rahman,1325,Khulna,KH015-V,04,1,0.00,0.00,0.00,0.00,0.00,0.00,0.00,0.00,0.00,0.00,0.00,0.00,4.36,3.67,84.27,4.72,3.76,79.73,4.90,4.52,92.21,5.10,5.30,103.98,0.00,0.00,0.00,0.00,0.00,0.00,0.00,0.00,0.00,0.00,0.00,0.00,19.08,17.26,90.45,2026
EM00014999,Md. Golam Rabbani,1314,Mymensingh,MY013-V,04,1,7.54,7.28,96.53,7.70,5.78,75.03,7.88,5.46,69.32,8.22,9.09,110.52,8.42,6.78,80.48,8.94,8.37,93.64,9.28,9.57,103.10,10.00,9.15,91.50,0.00,0.00,0.00,0.00,0.00,0.00,0.00,0.00,0.00,0.00,0.00,0.00,67.98,61.47,90.42,2026
EM00009698,Mehadi Hasanuzzaman,1327,Faridpur,FA081-A,01,1,9.67,7.54,78.03,9.60,9.13,95.11,9.60,9.69,100.93,10.46,9.14,87.33,10.13,9.21,90.89,10.13,8.87,87.48,9.23,9.13,98.96,9.28,7.91,85.23,0.00,0.00,0.00,0.00,0.00,0.00,0.00,0.00,0.00,0.00,0.00,0.00,78.10,70.61,90.41,2026
EM00011325,Sumon Mia,1311,Dhanmondi,DH122-G,02,1,9.20,7.39,80.32,8.90,7.64,85.82,9.10,8.25,90.65,10.10,8.84,87.51,9.40,8.61,91.64,10.40,8.80,84.61,10.40,10.44,100.34,10.71,10.71,100.01,0.00,0.00,0.00,0.00,0.00,0.00,0.00,0.00,0.00,0.00,0.00,0.00,78.21,70.68,90.37,2026
EM00006538,Md. Ikbal Hossain,1317,Cumilla,CU070-P,01,2,43.54,38.53,88.50,43.22,39.80,92.09,43.22,42.79,98.99,45.76,40.21,87.87,44.11,37.11,84.14,44.11,37.38,84.74,44.06,41.53,94.25,43.42,40.22,92.62,0.00,0.00,0.00,0.00,0.00,0.00,0.00,0.00,0.00,0.00,0.00,0.00,351.44,317.56,90.36,2026
EM00002835,Mohammad Sohel Akter Khan,1318,Noakhali,NO050-P,01,2,40.24,32.77,81.44,39.96,35.05,87.71,39.96,34.39,86.06,40.54,35.68,88.01,39.12,35.16,89.88,39.12,38.04,97.25,37.54,37.58,100.13,37.54,35.05,93.39,0.00,0.00,0.00,0.00,0.00,0.00,0.00,0.00,0.00,0.00,0.00,0.00,314.00,283.72,90.36,2026
EM00012093,Md. Hira Mia,1334,Kishoreganj,KI080-P,01,2,41.08,36.34,88.46,40.79,36.36,89.13,40.79,37.27,91.37,46.36,38.70,83.47,44.92,37.80,84.16,44.92,40.51,90.18,43.93,42.40,96.53,43.37,43.39,100.04,0.00,0.00,0.00,0.00,0.00,0.00,0.00,0.00,0.00,0.00,0.00,0.00,346.16,312.77,90.36,2026
EM00011863,Shekh Mohammad Sayed Alam,1311,Dhanmondi,DH012-V,04,1,5.40,4.47,82.79,5.40,4.48,83.02,5.52,4.20,76.04,5.88,5.96,101.41,5.88,5.02,85.35,6.38,5.97,93.59,6.62,6.67,100.68,7.10,6.76,95.27,0.00,0.00,0.00,0.00,0.00,0.00,0.00,0.00,0.00,0.00,0.00,0.00,48.18,43.53,90.35,2026
EM00013965,Md. Anwar Hossain,1317,Cumilla,CU014-G,02,1,6.76,5.57,82.40,6.58,5.54,84.14,6.69,5.53,82.67,7.24,6.30,87.01,6.80,6.83,100.47,7.50,6.17,82.29,7.48,7.52,100.56,7.70,7.80,101.29,0.00,0.00,0.00,0.00,0.00,0.00,0.00,0.00,0.00,0.00,0.00,0.00,56.75,51.26,90.33,2026
EM00011636,Md. Masum Jomadder,1313,Narayanganj,NA031-B,01,1,8.74,8.32,95.25,8.74,8.44,96.58,8.74,8.05,92.14,8.61,7.04,81.79,8.44,6.30,74.59,8.44,7.06,83.60,7.76,7.58,97.67,7.96,8.11,101.86,0.00,0.00,0.00,0.00,0.00,0.00,0.00,0.00,0.00,0.00,0.00,0.00,67.43,60.90,90.32,2026
EM00011540,Md. Shafiqul Islam,1320,Bogura,BO104-A,01,1,8.09,7.93,98.06,8.03,6.60,82.17,8.03,7.74,96.39,5.74,4.69,81.81,5.66,4.23,74.72,5.66,4.69,82.89,4.60,4.82,104.86,4.60,4.81,104.56,0.00,0.00,0.00,0.00,0.00,0.00,0.00,0.00,0.00,0.00,0.00,0.00,50.40,45.51,90.30,2026
EM00012477,Md. Sanowar Hossinn,1311,Dhanmondi,DH202-A,01,1,9.34,8.65,92.61,9.27,9.60,103.58,9.27,8.96,96.68,9.92,7.72,77.81,9.31,6.88,73.85,9.31,7.60,81.63,8.35,8.16,97.74,8.20,8.32,101.50,0.00,0.00,0.00,0.00,0.00,0.00,0.00,0.00,0.00,0.00,0.00,0.00,72.96,65.89,90.30,2026
EM00010380,M.M. Nazim Uddin,1315,Chattogram,CH316-C,01,1,8.77,7.04,80.31,8.71,7.30,83.86,8.59,8.17,95.11,9.68,8.95,92.42,9.34,8.11,86.88,9.34,7.77,83.20,8.51,8.24,96.87,8.01,8.48,105.82,0.00,0.00,0.00,0.00,0.00,0.00,0.00,0.00,0.00,0.00,0.00,0.00,70.95,64.07,90.30,2026
EM00015985,Md. Shariful Islam,1330,Pabna,PB061-B,01,1,0.00,0.00,0.00,0.00,0.00,0.00,0.00,0.00,0.00,6.74,5.59,82.82,6.95,5.91,85.08,6.95,6.43,92.52,6.50,5.89,90.56,6.50,6.56,100.91,0.00,0.00,0.00,0.00,0.00,0.00,0.00,0.00,0.00,0.00,0.00,0.00,33.64,30.37,90.28,2026
EM00015968,Md. Zabed Omar,1328,Cox's Bazar,CO012-A,01,1,0.00,0.00,0.00,0.00,0.00,0.00,0.00,0.00,0.00,8.22,6.98,84.92,7.92,6.30,79.53,7.92,7.12,89.95,7.75,7.51,97.00,7.48,7.54,100.80,0.00,0.00,0.00,0.00,0.00,0.00,0.00,0.00,0.00,0.00,0.00,0.00,39.29,35.46,90.25,2026
EM00013401,Md. Hridoy Hossain,1311,Dhanmondi,DH293-B,01,1,5.60,5.07,90.50,5.60,5.05,90.19,5.60,5.05,90.13,6.47,5.43,83.95,6.23,4.56,73.20,6.23,5.12,82.07,5.50,6.00,109.09,5.42,5.83,107.67,0.00,0.00,0.00,0.00,0.00,0.00,0.00,0.00,0.00,0.00,0.00,0.00,46.66,42.11,90.25,2026
EM00016078,Didarul Islam,1313,Narayanganj,NA015-V,04,1,0.00,0.00,0.00,0.00,0.00,0.00,0.00,0.00,0.00,0.00,0.00,0.00,7.85,7.13,90.85,8.50,8.58,100.93,8.83,7.74,87.70,9.50,7.84,82.57,0.00,0.00,0.00,0.00,0.00,0.00,0.00,0.00,0.00,0.00,0.00,0.00,34.68,31.30,90.25,2026
EM00013188,Khondokar Tasriful Islam,1320,Bogura,BO032-B,01,1,3.07,2.80,91.32,3.07,2.48,80.80,3.07,2.77,90.39,3.52,2.82,80.24,3.41,2.89,84.81,3.41,3.08,90.44,3.39,3.48,102.61,3.39,3.42,100.84,0.00,0.00,0.00,0.00,0.00,0.00,0.00,0.00,0.00,0.00,0.00,0.00,26.32,23.74,90.23,2026
EM00002700,Zahirul Islam,1336,DNM+KRN,RV04002,04,4,147.09,129.97,88.36,147.09,128.05,87.05,150.43,109.85,73.03,160.45,147.80,92.11,160.45,148.94,92.83,173.82,150.88,86.80,180.50,179.30,99.34,193.87,190.37,98.19,0.00,0.00,0.00,0.00,0.00,0.00,0.00,0.00,0.00,0.00,0.00,0.00,1313.70,1185.15,90.21,2026
EM00011404,Md. Edris Ali,1311,Dhanmondi,DH213-C,01,1,8.28,7.26,87.72,8.28,7.25,87.58,8.28,7.58,91.59,9.41,7.96,84.64,9.05,7.24,79.93,9.05,7.86,86.78,8.03,8.41,104.72,8.03,8.16,101.56,0.00,0.00,0.00,0.00,0.00,0.00,0.00,0.00,0.00,0.00,0.00,0.00,68.42,61.73,90.21,2026
EM00015649,Mahady Hasan Sabuz,1323,Dinajpur,DI012-C,01,1,4.45,3.43,76.95,4.42,3.61,81.61,4.42,3.71,83.86,4.71,4.82,102.40,4.64,4.46,96.15,4.64,4.17,90.00,4.20,4.37,104.04,4.14,3.56,86.03,0.00,0.00,0.00,0.00,0.00,0.00,0.00,0.00,0.00,0.00,0.00,0.00,35.62,32.13,90.20,2026
EM00011372,Md. Manzurul Hoque,1333,SYL+BRB+MLB,RG02008,02,4,213.21,186.90,87.66,206.28,185.62,89.99,209.74,189.94,90.56,227.08,195.98,86.30,213.21,198.32,93.02,234.01,211.86,90.53,173.34,159.09,91.78,178.48,165.10,92.51,0.00,0.00,0.00,0.00,0.00,0.00,0.00,0.00,0.00,0.00,0.00,0.00,1655.35,1492.82,90.18,2026
EM00008056,Md. Milon Hossain,1313,Narayanganj,NA050-G,02,2,30.50,25.84,84.71,30.40,24.86,81.78,30.91,24.75,80.07,33.47,27.11,81.00,31.43,26.38,83.93,43.71,43.76,100.12,36.94,37.09,100.40,38.04,38.54,101.31,0.00,0.00,0.00,0.00,0.00,0.00,0.00,0.00,0.00,0.00,0.00,0.00,275.40,248.33,90.17,2026
EM00012449,Md. Sohan Hossain,1326,Barishal,BA033-B,01,1,5.12,4.63,90.36,5.09,3.90,76.76,5.09,4.07,80.08,6.66,4.90,73.58,6.41,5.40,84.24,6.41,6.46,100.74,5.56,6.01,108.16,5.62,6.05,107.73,0.00,0.00,0.00,0.00,0.00,0.00,0.00,0.00,0.00,0.00,0.00,0.00,45.95,41.42,90.16,2026
EM00009222,Jahurul Islam,1314,Mymensingh,MY082-C,01,1,8.96,7.23,80.63,8.90,7.45,83.80,8.90,8.00,89.94,9.95,8.82,88.64,9.59,7.76,80.94,9.59,8.51,88.74,8.64,9.42,109.07,8.54,8.67,101.50,0.00,0.00,0.00,0.00,0.00,0.00,0.00,0.00,0.00,0.00,0.00,0.00,73.07,65.87,90.15,2026
EM00009769,Md. Abul Kalam Azad,1332,B. Baria,BB072-A,01,1,8.62,8.36,96.96,8.56,8.55,99.90,8.56,8.29,96.91,8.35,7.18,86.03,8.25,6.34,76.88,8.25,7.53,91.27,8.50,7.44,87.54,8.38,7.12,84.95,0.00,0.00,0.00,0.00,0.00,0.00,0.00,0.00,0.00,0.00,0.00,0.00,67.46,60.81,90.15,2026
EM00013668,Md. Mahbubur Rahman,1313,PLT+NRG,PA022-N,03,1,6.80,7.19,105.77,6.80,6.88,101.13,6.75,7.20,106.61,6.80,6.95,102.28,7.00,7.19,102.78,7.00,5.25,75.07,7.50,5.41,72.17,7.50,4.53,60.36,0.00,0.00,0.00,0.00,0.00,0.00,0.00,0.00,0.00,0.00,0.00,0.00,56.15,50.61,90.13,2026
EM00013525,Md. Rajib Hosen,1324,Jashore,JA111-B,01,1,6.28,5.75,91.60,6.18,5.12,82.82,6.18,5.87,95.03,7.05,5.39,76.50,6.80,5.45,80.15,6.80,5.97,87.80,6.20,6.45,104.00,6.24,6.61,105.92,0.00,0.00,0.00,0.00,0.00,0.00,0.00,0.00,0.00,0.00,0.00,0.00,51.74,46.63,90.12,2026
EM00010665,Md. Shahidul Islam,1310,Paltan,PA082-A,01,1,7.68,7.74,100.88,7.62,7.90,103.65,7.62,7.96,104.44,8.33,6.37,76.41,8.04,5.94,73.89,8.04,6.52,81.13,7.25,6.66,91.84,7.32,6.68,91.23,0.00,0.00,0.00,0.00,0.00,0.00,0.00,0.00,0.00,0.00,0.00,0.00,61.90,55.77,90.10,2026
EM00014346,Md. Rabiul Islam,1319,Feni,FE011-G,02,1,6.40,5.76,90.01,6.18,5.40,87.38,6.29,5.37,85.41,6.80,5.82,85.64,6.40,5.63,87.99,6.92,6.28,90.79,6.92,6.23,90.00,7.10,7.26,102.25,0.00,0.00,0.00,0.00,0.00,0.00,0.00,0.00,0.00,0.00,0.00,0.00,53.01,47.76,90.09,2026
EM00010375,Mohorrom Ali,1313,Narayanganj,NA032-A,01,1,7.70,7.79,101.08,7.70,7.81,101.31,7.70,7.68,99.74,7.78,6.57,84.45,7.63,6.04,79.15,7.63,5.98,78.33,7.00,6.29,89.86,7.18,6.20,86.37,0.00,0.00,0.00,0.00,0.00,0.00,0.00,0.00,0.00,0.00,0.00,0.00,60.34,54.36,90.09,2026
EM00014106,Md. Radoan Hasan Sani,1314,Mymensingh,MY035-G,02,1,6.28,5.56,88.59,6.20,5.46,88.13,6.30,5.90,93.68,6.80,5.75,84.51,6.40,6.15,96.14,7.00,5.73,81.82,7.00,6.64,94.88,7.20,6.70,93.07,0.00,0.00,0.00,0.00,0.00,0.00,0.00,0.00,0.00,0.00,0.00,0.00,53.18,47.90,90.07,2026
EM00015147,Mahedi Hasan,1332,B. Baria,BB011-G,02,1,11.10,10.09,90.89,10.70,9.39,87.76,10.87,8.70,80.03,11.75,9.37,79.73,11.00,9.69,88.11,12.00,10.13,84.39,13.00,13.78,105.99,10.05,10.34,102.91,0.00,0.00,0.00,0.00,0.00,0.00,0.00,0.00,0.00,0.00,0.00,0.00,90.47,81.49,90.07,2026
EM00013708,Md. Kamal Hossan,1314,Mymensingh,MY042-C,01,1,8.00,7.14,89.27,7.94,6.60,83.08,7.94,7.42,93.37,8.91,7.42,83.30,8.71,7.44,85.42,8.71,8.18,93.92,8.21,7.98,97.21,8.09,7.73,95.52,0.00,0.00,0.00,0.00,0.00,0.00,0.00,0.00,0.00,0.00,0.00,0.00,66.52,59.91,90.06,2026
EM00010758,Sumon Mallick,1310,Paltan,PA020-P,01,2,31.46,28.75,91.36,31.24,29.58,94.68,31.24,26.76,85.65,35.61,30.64,86.04,34.28,29.22,85.24,34.28,30.39,88.64,31.11,29.26,94.02,31.43,30.15,95.94,0.00,0.00,0.00,0.00,0.00,0.00,0.00,0.00,0.00,0.00,0.00,0.00,260.67,234.74,90.05,2026
EM00014422,Akash Uddin,1311,Dhanmondi,DH072-V,04,1,8.65,7.99,92.32,8.65,7.13,82.40,8.85,6.62,74.77,9.43,9.26,98.23,9.43,8.51,90.25,10.25,10.29,100.34,10.64,9.57,89.95,11.43,10.27,89.89,0.00,0.00,0.00,0.00,0.00,0.00,0.00,0.00,0.00,0.00,0.00,0.00,77.33,69.64,90.05,2026
EM00001265,Mohammad Abu Talib,1318,Noakhali,NO120-P,01,2,54.17,46.68,86.18,53.86,43.64,81.01,53.86,47.92,88.97,59.61,52.67,88.36,58.00,49.04,84.56,58.00,52.70,90.87,54.04,54.12,100.14,53.28,53.76,100.89,0.00,0.00,0.00,0.00,0.00,0.00,0.00,0.00,0.00,0.00,0.00,0.00,444.82,400.53,90.04,2026
EM00011980,Mohammad Ali,1318,Noakhali,NO013-G,02,1,11.90,11.06,92.92,11.58,10.03,86.59,11.70,9.99,85.40,12.66,10.99,86.79,11.88,10.37,87.32,13.08,12.01,91.80,13.08,12.43,95.01,13.40,12.50,93.26,0.00,0.00,0.00,0.00,0.00,0.00,0.00,0.00,0.00,0.00,0.00,0.00,99.28,89.37,90.02,2026
EM00013228,Md. Nasir Uddin,1317,Cumilla,CU031-A,01,1,7.39,7.07,95.63,7.34,7.16,97.61,7.34,8.14,110.91,7.46,5.65,75.67,7.19,6.01,83.54,7.19,5.56,77.40,7.51,7.09,94.51,7.40,6.26,84.59,0.00,0.00,0.00,0.00,0.00,0.00,0.00,0.00,0.00,0.00,0.00,0.00,58.82,52.94,90.01,2026
EM00012746,Md. Sohel Rana,1323,Dinajpur,DI013-G,02,1,6.20,5.71,92.03,6.00,5.49,91.51,6.15,5.62,91.31,6.65,5.69,85.62,6.30,5.60,88.91,6.90,6.09,88.20,6.90,6.25,90.51,7.10,6.54,92.05,0.00,0.00,0.00,0.00,0.00,0.00,0.00,0.00,0.00,0.00,0.00,0.00,52.20,46.97,89.99,2026
EM00016095,Md. Emran Hasan,1310,Paltan,PA035-G,02,1,0.00,0.00,0.00,0.00,0.00,0.00,0.00,0.00,0.00,0.00,0.00,0.00,3.00,1.74,57.95,3.00,2.49,83.08,3.00,3.10,103.38,3.00,3.46,115.36,0.00,0.00,0.00,0.00,0.00,0.00,0.00,0.00,0.00,0.00,0.00,0.00,12.00,10.79,89.94,2026
EM00002143,Mohammad Salim,1329,UTR+TNG,RV04004,04,4,162.63,141.56,87.04,162.63,136.88,84.17,166.33,129.02,77.57,177.42,177.06,99.79,177.42,156.63,88.28,192.20,179.96,93.63,199.60,187.97,94.17,214.39,197.43,92.09,0.00,0.00,0.00,0.00,0.00,0.00,0.00,0.00,0.00,0.00,0.00,0.00,1452.62,1306.51,89.94,2026
EM00014899,Md. Naimur Rahman,1314,Mymensingh,MY093-C,01,1,9.87,7.71,78.15,9.80,8.27,84.44,9.80,8.28,84.52,10.30,8.77,85.21,10.03,8.82,87.99,10.03,9.35,93.28,8.73,9.26,106.09,8.63,8.93,103.52,0.00,0.00,0.00,0.00,0.00,0.00,0.00,0.00,0.00,0.00,0.00,0.00,77.17,69.41,89.94,2026
EM00014159,Md. Samim Ahammad,1310,Paltan,PA173-A,01,1,10.24,9.73,94.99,10.15,10.69,105.23,10.15,6.78,66.79,8.33,6.88,82.56,8.04,6.44,80.07,8.04,7.01,87.20,7.10,7.50,105.57,7.27,7.31,100.51,0.00,0.00,0.00,0.00,0.00,0.00,0.00,0.00,0.00,0.00,0.00,0.00,69.33,62.32,89.89,2026
EM00015521,Md. Hasanuzzaman Hasan,1330,Pabna,PB015-G,02,1,4.60,3.64,79.15,4.35,3.32,76.27,4.42,3.93,88.98,4.80,3.94,82.16,4.40,3.93,89.39,5.00,4.55,90.93,5.00,5.25,104.97,5.15,5.34,103.75,0.00,0.00,0.00,0.00,0.00,0.00,0.00,0.00,0.00,0.00,0.00,0.00,37.72,33.91,89.89,2026
EM00002830,Md. Mostafizur Rahman,1324,Jashore,JA031-A,01,1,9.20,7.65,83.17,9.13,7.79,85.29,9.13,8.15,89.26,10.21,8.50,83.23,9.85,8.24,83.66,9.85,8.60,87.26,8.80,9.27,105.28,8.71,9.09,104.39,0.00,0.00,0.00,0.00,0.00,0.00,0.00,0.00,0.00,0.00,0.00,0.00,74.88,67.28,89.85,2026
EM00011987,Md. Rana Sarker,1313,Narayanganj,NA082-A,01,1,8.46,7.81,92.28,8.40,7.72,91.81,8.40,7.77,92.51,9.31,7.88,84.65,8.86,7.19,81.07,8.86,7.73,87.25,8.21,8.21,99.93,8.45,7.66,90.65,0.00,0.00,0.00,0.00,0.00,0.00,0.00,0.00,0.00,0.00,0.00,0.00,68.97,61.97,89.85,2026
EM00013899,Md. Asadul Islam,1321,Rajshahi,RA031-V,04,1,6.89,6.52,94.61,6.89,5.02,72.83,7.05,5.52,78.29,7.52,7.54,100.24,7.52,6.61,87.91,8.15,7.44,91.24,5.40,5.43,100.47,5.80,5.53,95.26,0.00,0.00,0.00,0.00,0.00,0.00,0.00,0.00,0.00,0.00,0.00,0.00,55.22,49.59,89.81,2026
EM00010577,Md. Sobuj Ali,1314,Mymensingh,MY010-V,04,2,34.12,27.54,80.71,34.44,27.25,79.14,35.22,26.56,75.42,37.22,37.96,101.98,37.62,30.96,82.29,40.40,40.92,101.29,41.96,42.31,100.83,45.14,41.42,91.75,0.00,0.00,0.00,0.00,0.00,0.00,0.00,0.00,0.00,0.00,0.00,0.00,306.12,274.91,89.81,2026
EM00006743,Md. Al Imran,1326,Barishal,BA170-P,01,2,29.12,24.08,82.68,28.91,23.56,81.49,28.91,26.11,90.31,32.12,33.49,104.28,31.34,29.19,93.15,31.34,27.39,87.40,30.78,26.74,86.86,30.39,27.56,90.71,0.00,0.00,0.00,0.00,0.00,0.00,0.00,0.00,0.00,0.00,0.00,0.00,242.90,218.12,89.80,2026
EM00014785,Redoy Kumar,1313,Narayanganj,NA033-G,02,1,8.42,7.19,85.39,8.15,6.70,82.16,8.28,7.81,94.35,8.95,7.76,86.66,8.40,7.75,92.21,9.21,8.08,87.71,9.20,9.10,98.87,9.50,8.58,90.32,0.00,0.00,0.00,0.00,0.00,0.00,0.00,0.00,0.00,0.00,0.00,0.00,70.11,62.96,89.80,2026
EM00010592,Younus Ali,1324,Jashore,JA023-C,01,1,8.69,6.82,78.52,8.63,7.11,82.40,8.63,7.38,85.50,9.87,8.64,87.52,9.52,8.78,92.27,9.52,8.28,87.01,8.67,9.03,104.07,8.58,8.66,100.89,0.00,0.00,0.00,0.00,0.00,0.00,0.00,0.00,0.00,0.00,0.00,0.00,72.11,64.70,89.72,2026
EM00007726,Mr. Bhola Nath Mondal,1327,Faridpur,FA091-B,01,1,8.96,6.81,75.99,8.90,7.43,83.51,8.90,8.08,90.80,9.96,8.73,87.59,9.60,8.23,85.77,9.60,8.26,86.07,8.36,9.12,108.98,7.90,8.11,102.58,0.00,0.00,0.00,0.00,0.00,0.00,0.00,0.00,0.00,0.00,0.00,0.00,72.18,64.76,89.72,2026
EM00011979,Md. Rashedul Hasan,1310,Paltan,PA040-G,02,2,8.31,8.41,101.15,38.53,36.72,95.31,39.17,37.24,95.08,42.42,38.39,90.49,39.83,38.94,97.76,34.49,24.52,71.08,34.49,29.82,86.45,35.51,30.68,86.40,0.00,0.00,0.00,0.00,0.00,0.00,0.00,0.00,0.00,0.00,0.00,0.00,272.75,244.71,89.72,2026
EM00012151,Md. Kamrul Islam,1331,CHT+CML+NKL+FEN+CXB+CHP,DSM05-G,02,6,284.74,284.78,100.01,672.92,603.98,89.75,684.22,596.00,87.11,740.76,633.05,85.46,695.53,623.29,89.61,763.39,676.22,88.58,763.39,697.65,91.39,786.01,721.25,91.76,0.00,0.00,0.00,0.00,0.00,0.00,0.00,0.00,0.00,0.00,0.00,0.00,5390.96,4836.20,89.71,2026
EM00014356,Md. Al Amin,1334,MYM+KSG,KI022-G,02,1,6.45,5.15,79.81,6.24,5.64,90.31,6.30,5.58,88.50,6.90,5.31,77.01,6.48,5.88,90.72,7.10,6.17,86.83,7.10,7.28,102.58,7.30,7.32,100.31,0.00,0.00,0.00,0.00,0.00,0.00,0.00,0.00,0.00,0.00,0.00,0.00,53.87,48.32,89.70,2026
EM00009707,Rubel Mia,1331,CML+CHP,CU040-G,02,2,39.89,36.66,91.91,38.80,35.50,91.48,39.45,36.47,92.45,42.70,36.00,84.30,40.09,36.06,89.94,44.20,37.23,84.23,44.33,40.65,91.71,46.13,42.44,92.01,0.00,0.00,0.00,0.00,0.00,0.00,0.00,0.00,0.00,0.00,0.00,0.00,335.59,301.01,89.70,2026
EM00015238,Nurun Nabi,1311,Dhanmondi,DH021-B,01,1,4.09,3.92,95.79,4.09,3.88,95.02,4.09,3.83,93.66,5.23,3.81,72.82,5.04,4.12,81.65,5.04,3.87,76.65,4.39,4.13,93.92,4.33,5.01,115.82,0.00,0.00,0.00,0.00,0.00,0.00,0.00,0.00,0.00,0.00,0.00,0.00,36.30,32.56,89.69,2026
EM00013714,Md. Sakirul Islam,1322,Rangpur,RN041-A,01,1,8.34,6.78,81.31,8.29,6.70,80.76,8.29,7.94,95.70,10.01,8.75,87.37,9.67,7.79,80.55,9.67,8.66,89.54,8.80,8.88,100.94,8.67,8.85,102.06,0.00,0.00,0.00,0.00,0.00,0.00,0.00,0.00,0.00,0.00,0.00,0.00,71.75,64.35,89.68,2026
EM00009014,Md. Sadequl Islam,1333,Moulvibazar,MO081-B,01,1,8.81,7.94,90.16,8.75,7.04,80.47,8.75,8.81,100.67,9.66,8.07,83.49,9.37,6.75,71.99,9.37,7.63,81.40,8.24,9.12,110.60,8.12,8.36,102.91,0.00,0.00,0.00,0.00,0.00,0.00,0.00,0.00,0.00,0.00,0.00,0.00,71.07,63.70,89.63,2026
EM00010645,Md. Abu Hasan,1322,Rangpur,RN080-P,01,2,5.72,5.87,102.73,5.67,6.12,107.78,5.67,5.78,101.93,5.52,6.00,108.71,5.32,5.78,108.60,5.32,5.41,101.64,48.10,41.18,85.62,47.40,39.22,82.73,0.00,0.00,0.00,0.00,0.00,0.00,0.00,0.00,0.00,0.00,0.00,0.00,128.73,115.36,89.61,2026
EM00013597,Md. Ziaul Islam,1322,Rangpur,RN061-A,01,1,8.53,6.93,81.25,8.47,6.63,78.24,8.47,6.85,80.94,9.21,7.62,82.76,9.08,8.05,88.71,9.08,8.15,89.82,7.77,8.87,114.12,7.66,8.06,105.14,0.00,0.00,0.00,0.00,0.00,0.00,0.00,0.00,0.00,0.00,0.00,0.00,68.27,61.17,89.60,2026
EM00016088,Md Parvez Mia,1317,Cumilla,CU015-G,02,1,0.00,0.00,0.00,0.00,0.00,0.00,0.00,0.00,0.00,0.00,0.00,0.00,5.13,4.42,86.07,5.67,4.05,71.41,5.54,5.55,100.25,5.70,5.73,100.49,0.00,0.00,0.00,0.00,0.00,0.00,0.00,0.00,0.00,0.00,0.00,0.00,22.04,19.75,89.59,2026
EM00014030,Krishna Chandra Das,1318,Noakhali,NO091-B,01,1,10.02,9.50,94.84,10.04,8.46,84.19,10.04,8.69,86.50,10.64,9.09,85.44,10.52,8.46,80.41,10.52,8.95,85.08,9.79,9.90,101.12,9.61,9.68,100.70,0.00,0.00,0.00,0.00,0.00,0.00,0.00,0.00,0.00,0.00,0.00,0.00,81.18,72.72,89.58,2026
EM00014721,Md. Abdul Kader,1320,Bogura,BO024-G,02,1,7.00,5.55,79.34,6.70,5.68,84.83,6.80,5.95,87.46,7.30,6.47,88.61,6.80,6.01,88.39,7.45,6.22,83.50,7.00,7.00,100.02,7.20,7.48,103.95,0.00,0.00,0.00,0.00,0.00,0.00,0.00,0.00,0.00,0.00,0.00,0.00,56.25,50.37,89.55,2026
EM00011592,Fahad Bin Rafique,1321,Rajshahi,RA012-V,04,1,5.58,4.74,84.96,5.58,3.62,64.82,5.71,4.59,80.44,6.09,6.23,102.26,6.10,6.07,99.45,6.61,6.18,93.45,6.15,6.17,100.35,6.61,5.76,87.21,0.00,0.00,0.00,0.00,0.00,0.00,0.00,0.00,0.00,0.00,0.00,0.00,48.43,43.36,89.53,2026
EM00003476,Md. Abu Kawsar,1315,Chattogram,CH090-P,01,2,28.64,27.77,96.98,28.43,26.74,94.07,28.43,23.54,82.80,30.25,24.95,82.49,29.12,25.36,87.09,29.12,23.47,80.62,29.12,26.72,91.76,28.52,28.79,100.97,0.00,0.00,0.00,0.00,0.00,0.00,0.00,0.00,0.00,0.00,0.00,0.00,231.62,207.35,89.52,2026
EM00011779,Shuvom Saha,1310,Paltan,PA040-V,04,2,35.86,30.42,84.83,35.75,30.00,83.91,36.56,26.51,72.51,38.52,39.42,102.35,38.52,38.12,98.95,41.73,39.20,93.94,43.33,38.41,88.65,46.14,41.04,88.94,0.00,0.00,0.00,0.00,0.00,0.00,0.00,0.00,0.00,0.00,0.00,0.00,316.41,283.11,89.48,2026
EM00008541,Md. Rabiul Islam,1326,Barishal,BA121-A,01,1,9.31,8.90,95.55,9.24,8.93,96.65,9.24,8.69,93.99,9.90,8.60,86.80,9.90,8.20,82.83,9.90,8.62,87.07,8.56,7.75,90.48,8.44,6.96,82.55,0.00,0.00,0.00,0.00,0.00,0.00,0.00,0.00,0.00,0.00,0.00,0.00,74.50,66.65,89.46,2026
EM00014103,Rony Ahmed,1333,Moulvibazar,MO012-G,02,1,6.20,5.28,85.20,6.00,5.74,95.59,6.10,5.51,90.27,6.60,5.37,81.40,6.20,5.65,91.16,6.80,6.14,90.25,6.80,6.28,92.40,7.00,6.27,89.64,0.00,0.00,0.00,0.00,0.00,0.00,0.00,0.00,0.00,0.00,0.00,0.00,51.70,46.24,89.45,2026
EM00011414,Md. Hafizur Rahman,1313,Narayanganj,NA080-P,01,2,55.85,50.73,90.84,55.45,51.34,92.58,55.45,51.73,93.29,62.81,53.51,85.20,60.47,47.55,78.63,60.47,51.20,84.68,56.05,54.76,97.69,57.71,54.42,94.31,0.00,0.00,0.00,0.00,0.00,0.00,0.00,0.00,0.00,0.00,0.00,0.00,464.25,415.24,89.44,2026
EM00011003,Md. Samiule Islam,1322,Rangpur,RN010-G,02,2,27.60,22.09,80.03,26.62,22.98,86.33,27.20,23.34,85.82,29.45,23.92,81.24,27.65,25.53,92.32,30.35,26.73,88.08,30.35,29.78,98.12,31.25,31.71,101.46,0.00,0.00,0.00,0.00,0.00,0.00,0.00,0.00,0.00,0.00,0.00,0.00,230.47,206.09,89.42,2026
EM00006105,Md. Mostafezar Rahman,1332,NRG+BRB,RG02020,02,4,49.15,50.13,101.98,229.07,197.29,86.13,232.92,200.34,86.01,252.17,218.41,86.61,236.77,215.70,91.10,259.87,222.29,85.54,169.06,162.23,95.96,174.07,167.02,95.95,0.00,0.00,0.00,0.00,0.00,0.00,0.00,0.00,0.00,0.00,0.00,0.00,1603.08,1433.40,89.42,2026
EM00005402,Sanwar Hossain,1313,Narayanganj,NA010-V,04,2,41.73,37.77,90.51,41.73,33.93,81.31,42.67,33.62,78.79,45.51,45.80,100.63,45.51,42.67,93.77,49.30,49.40,100.21,51.20,44.68,87.27,55.00,45.21,82.20,0.00,0.00,0.00,0.00,0.00,0.00,0.00,0.00,0.00,0.00,0.00,0.00,372.65,333.09,89.38,2026
EM00008787,Mohammad Ibrahim,1315,Chattogram,CH030-V,04,2,36.86,34.07,92.42,36.86,31.02,84.16,37.70,25.30,67.11,40.21,35.05,87.18,39.90,33.96,85.12,43.15,44.37,102.84,43.30,41.79,96.51,46.50,44.45,95.58,0.00,0.00,0.00,0.00,0.00,0.00,0.00,0.00,0.00,0.00,0.00,0.00,324.48,290.02,89.38,2026
EM00008625,Md. Ratan Sarker,1333,Moulvibazar,MO011-G,02,1,6.60,5.86,88.78,6.40,5.80,90.64,6.50,5.85,90.04,7.04,6.04,85.81,6.60,6.22,94.31,7.30,6.25,85.56,7.30,6.60,90.47,7.50,6.74,89.80,0.00,0.00,0.00,0.00,0.00,0.00,0.00,0.00,0.00,0.00,0.00,0.00,55.24,49.36,89.36,2026
EM00008806,Mohammad Hosne Mubarak,1315,Chattogram,CH033-V,04,1,9.95,8.98,90.28,9.95,8.19,82.30,10.18,6.80,66.80,10.86,9.29,85.55,10.75,8.56,79.61,11.60,11.63,100.22,11.60,11.81,101.80,12.50,12.83,102.64,0.00,0.00,0.00,0.00,0.00,0.00,0.00,0.00,0.00,0.00,0.00,0.00,87.39,78.09,89.35,2026
EM00013255,Tarek Hossain,1310,Paltan,PA202-B,01,1,3.27,2.95,90.19,3.26,3.00,92.13,3.26,2.92,89.84,4.05,3.14,77.39,3.90,3.05,78.22,3.90,3.35,85.93,3.45,3.71,107.66,3.62,3.51,97.10,0.00,0.00,0.00,0.00,0.00,0.00,0.00,0.00,0.00,0.00,0.00,0.00,28.70,25.63,89.33,2026
EM00016126,Md. Fazlar Rahman,1322,Rangpur,RN052-C,01,1,0.00,0.00,0.00,0.00,0.00,0.00,0.00,0.00,0.00,0.00,0.00,0.00,6.30,4.98,79.05,6.30,4.73,75.17,5.39,5.53,102.73,5.31,5.55,104.62,0.00,0.00,0.00,0.00,0.00,0.00,0.00,0.00,0.00,0.00,0.00,0.00,23.28,20.79,89.31,2026
EM00008289,Md. Shamim Hosain,1311,Dhanmondi,DH050-P,01,2,21.79,22.15,101.67,21.79,19.83,91.02,21.79,20.05,92.03,27.86,22.22,79.77,26.80,17.87,66.69,26.80,22.51,84.00,22.44,23.90,106.51,22.12,22.36,101.07,0.00,0.00,0.00,0.00,0.00,0.00,0.00,0.00,0.00,0.00,0.00,0.00,191.39,170.91,89.30,2026
EM00012293,Md. Helal Uddin,1334,Kishoreganj,KI013-V,04,1,5.59,5.19,92.80,5.59,4.56,81.63,5.72,4.34,75.80,6.10,6.26,102.56,6.10,5.20,85.26,6.60,5.87,88.89,6.85,6.26,91.36,7.36,6.89,93.68,0.00,0.00,0.00,0.00,0.00,0.00,0.00,0.00,0.00,0.00,0.00,0.00,49.91,44.56,89.29,2026
EM00011784,Md. Mehedi Hasan Pias,1333,Moulvibazar,MO021-V,04,1,6.65,6.51,97.83,6.68,5.52,82.70,6.83,4.86,71.17,7.03,7.44,105.78,7.03,6.38,90.70,7.65,6.41,83.79,7.94,7.50,94.48,8.75,7.67,87.63,0.00,0.00,0.00,0.00,0.00,0.00,0.00,0.00,0.00,0.00,0.00,0.00,58.56,52.28,89.28,2026
EM00008811,Md. Amran Hossain,1332,B. Baria,BB013-G,02,1,9.70,7.91,81.54,9.40,8.67,92.18,9.55,8.78,91.96,10.35,8.64,83.44,9.72,8.82,90.77,10.67,10.76,100.86,9.55,8.22,86.07,9.85,8.54,86.70,0.00,0.00,0.00,0.00,0.00,0.00,0.00,0.00,0.00,0.00,0.00,0.00,78.79,70.34,89.27,2026
EM00012296,Md. Rashedul Islam,1327,Faridpur,FA034-V,04,1,5.74,5.04,87.78,5.74,4.83,84.21,5.87,5.79,98.71,6.26,6.28,100.30,6.38,5.48,85.91,6.91,5.82,84.27,7.18,6.58,91.65,7.71,6.40,83.03,0.00,0.00,0.00,0.00,0.00,0.00,0.00,0.00,0.00,0.00,0.00,0.00,51.79,46.23,89.27,2026
EM00009564,Ariful Islam,1321,Rajshahi,RA021-C,01,1,10.61,9.57,90.18,10.54,8.18,77.63,10.54,8.76,83.18,11.70,10.55,90.12,11.27,9.61,85.23,11.27,9.52,84.45,9.75,10.04,102.94,9.71,9.98,102.75,0.00,0.00,0.00,0.00,0.00,0.00,0.00,0.00,0.00,0.00,0.00,0.00,85.40,76.20,89.24,2026
EM00007081,Md. Rafiqul Islam,1316,Sylhet,SY010-G,02,2,35.75,31.27,87.46,34.56,30.81,89.15,35.16,31.69,90.14,38.06,33.72,88.60,35.69,33.05,92.60,39.18,34.95,89.21,39.18,34.76,88.73,40.35,35.59,88.21,0.00,0.00,0.00,0.00,0.00,0.00,0.00,0.00,0.00,0.00,0.00,0.00,297.93,265.85,89.23,2026
EM00015078,Md. Mijanur Rahman,1312,Uttara,UT015-G,02,1,6.30,6.05,96.05,6.00,6.06,101.07,6.10,4.94,80.91,6.60,5.82,88.24,6.20,5.33,85.92,6.82,5.22,76.49,6.82,6.53,95.82,7.20,6.48,89.95,0.00,0.00,0.00,0.00,0.00,0.00,0.00,0.00,0.00,0.00,0.00,0.00,52.04,46.43,89.22,2026
EM00005949,Md. Liton Hossain,1317,Cumilla,CU141-A,01,1,10.03,9.94,99.10,9.96,8.88,89.23,9.96,8.60,86.34,10.02,8.37,83.49,9.66,7.32,75.75,9.66,8.71,90.12,10.04,10.09,100.49,9.89,8.75,88.45,0.00,0.00,0.00,0.00,0.00,0.00,0.00,0.00,0.00,0.00,0.00,0.00,79.21,70.65,89.19,2026
EM00013141,Md. Jahirul Islam,1326,Barishal,BA171-A,01,1,7.10,5.73,80.64,7.05,5.71,80.99,7.05,6.24,88.46,8.00,8.43,105.36,7.91,7.17,90.61,7.91,7.01,88.62,5.25,4.49,85.58,5.24,4.73,90.23,0.00,0.00,0.00,0.00,0.00,0.00,0.00,0.00,0.00,0.00,0.00,0.00,55.52,49.50,89.17,2026
EM00009249,Md. Shidur Jaman,1333,Moulvibazar,MO010-V,04,2,27.39,22.13,80.80,27.51,19.80,71.99,28.13,19.06,67.76,30.00,31.66,105.53,30.00,30.25,100.84,32.60,33.95,104.14,33.86,33.29,98.32,36.90,29.53,80.03,0.00,0.00,0.00,0.00,0.00,0.00,0.00,0.00,0.00,0.00,0.00,0.00,246.39,219.68,89.16,2026
EM00006352,Md. Abu Hasnat,1319,Feni,FE010-V,04,2,39.37,36.00,91.44,39.37,33.61,85.37,40.26,33.48,83.17,42.95,41.11,95.71,42.95,37.32,86.90,46.53,42.73,91.84,48.32,44.24,91.57,51.90,44.98,86.67,0.00,0.00,0.00,0.00,0.00,0.00,0.00,0.00,0.00,0.00,0.00,0.00,351.65,313.48,89.15,2026
EM00016144,Md. Bappi Hossain,1330,Pabna,PB064-A,01,1,0.00,0.00,0.00,0.00,0.00,0.00,0.00,0.00,0.00,0.00,0.00,0.00,5.33,3.80,71.31,5.33,4.40,82.58,5.07,5.10,100.69,5.07,5.23,103.11,0.00,0.00,0.00,0.00,0.00,0.00,0.00,0.00,0.00,0.00,0.00,0.00,20.80,18.53,89.11,2026
EM00011455,Md. Mashiur Rahman,1333,Moulvibazar,MO091-B,01,1,7.54,6.25,82.95,7.48,6.36,84.96,7.48,6.50,86.89,8.36,7.26,86.88,8.04,6.62,82.39,8.04,6.66,82.89,7.22,7.53,104.33,7.12,7.40,103.92,0.00,0.00,0.00,0.00,0.00,0.00,0.00,0.00,0.00,0.00,0.00,0.00,61.28,54.59,89.09,2026
EM00006800,Mr. Kapil Deb Halder,1315,Chattogram,RP01029,01,4,31.67,32.07,101.28,31.44,32.65,103.85,31.44,33.05,105.12,34.50,33.94,98.37,33.24,32.27,97.07,33.24,33.14,99.69,31.26,33.15,106.03,320.16,257.00,80.27,0.00,0.00,0.00,0.00,0.00,0.00,0.00,0.00,0.00,0.00,0.00,0.00,546.96,487.27,89.09,2026
EM00010551,Md. Golam Qibria,1324,Jashore,JA032-A,01,1,8.08,6.77,83.79,8.02,6.74,84.03,8.02,6.70,83.57,8.96,7.89,88.11,8.64,6.54,75.68,8.64,8.13,94.10,7.75,8.08,104.33,7.68,7.74,100.75,0.00,0.00,0.00,0.00,0.00,0.00,0.00,0.00,0.00,0.00,0.00,0.00,65.79,58.60,89.07,2026
EM00007252,Mr. Utpal Kumar Ghosh,1314,Mymensingh,MY030-P,01,2,35.97,29.78,82.79,35.71,28.76,80.54,35.71,31.06,86.97,41.60,35.16,84.53,39.66,33.30,83.96,39.66,36.54,92.12,35.74,36.70,102.68,35.37,35.38,100.04,0.00,0.00,0.00,0.00,0.00,0.00,0.00,0.00,0.00,0.00,0.00,0.00,299.43,266.69,89.06,2026
EM00014426,Md. Sakib Hossen,1333,Moulvibazar,MO011-V,04,1,6.95,5.53,79.58,6.98,4.98,71.39,7.14,4.83,67.66,7.61,7.63,100.31,7.61,7.48,98.33,8.30,9.69,116.75,8.62,8.58,99.51,9.50,7.12,74.90,0.00,0.00,0.00,0.00,0.00,0.00,0.00,0.00,0.00,0.00,0.00,0.00,62.71,55.85,89.05,2026
EM00013800,Saifullah .,1329,Tangail,TA031-A,01,1,11.00,8.78,79.80,10.92,9.27,84.88,10.92,10.00,91.58,12.26,10.50,85.62,11.81,9.78,82.81,11.81,10.54,89.26,10.69,11.13,104.15,10.81,10.30,95.34,0.00,0.00,0.00,0.00,0.00,0.00,0.00,0.00,0.00,0.00,0.00,0.00,90.22,80.31,89.01,2026
EM00007540,Md. Ashraful Alam,1335,Kushtia,KU051-B,01,1,6.91,5.81,84.18,6.86,5.33,77.78,6.86,5.97,87.08,7.64,6.76,88.49,7.35,6.29,85.53,7.35,6.39,86.92,7.01,7.02,100.05,7.13,7.25,101.69,0.00,0.00,0.00,0.00,0.00,0.00,0.00,0.00,0.00,0.00,0.00,0.00,57.09,50.81,89.00,2026
EM00010874,Md. Ali Azraf,1310,Paltan,RG02001,02,4,28.48,28.55,100.25,171.05,150.37,87.91,173.93,159.92,91.94,188.31,170.81,90.71,176.81,151.97,85.95,194.06,154.81,79.77,194.06,183.73,94.67,199.81,180.35,90.26,0.00,0.00,0.00,0.00,0.00,0.00,0.00,0.00,0.00,0.00,0.00,0.00,1326.51,1180.50,88.99,2026
EM00014321,Md. Homaun Ahmed,1310,Paltan,PA231-B,01,1,5.49,5.08,92.66,5.45,5.24,96.10,5.45,4.40,80.73,5.84,4.45,76.16,5.60,4.16,74.20,5.60,4.31,77.01,5.09,5.40,106.04,5.22,5.88,112.66,0.00,0.00,0.00,0.00,0.00,0.00,0.00,0.00,0.00,0.00,0.00,0.00,43.74,38.92,88.98,2026
EM00011560,Hafijul Molla,1336,Keraniganj,KE023-B,01,1,7.61,7.66,100.60,7.86,6.97,88.67,7.86,6.65,84.54,8.50,6.47,76.03,8.17,6.30,77.15,8.17,6.69,81.90,7.48,7.94,106.16,7.53,7.55,100.18,0.00,0.00,0.00,0.00,0.00,0.00,0.00,0.00,0.00,0.00,0.00,0.00,63.19,56.22,88.97,2026
EM00014910,Md. Faruk,1314,Mymensingh,MY022-V,04,1,6.85,5.42,79.16,6.85,6.25,91.29,7.01,4.48,63.89,7.49,8.27,110.47,7.49,4.87,64.99,8.10,8.95,110.47,8.41,8.43,100.30,9.05,7.81,86.28,0.00,0.00,0.00,0.00,0.00,0.00,0.00,0.00,0.00,0.00,0.00,0.00,61.25,54.49,88.96,2026
EM00007453,Md. Mizanur Rahman,1327,Faridpur,FA043-C,01,1,12.06,10.27,85.10,11.98,9.93,82.95,11.98,10.41,86.96,13.00,10.90,83.88,12.54,10.60,84.53,12.54,11.13,88.74,11.54,11.39,98.68,11.01,11.34,102.97,0.00,0.00,0.00,0.00,0.00,0.00,0.00,0.00,0.00,0.00,0.00,0.00,96.64,85.97,88.96,2026
EM00012110,Md. Ahasanul Karim,1311,Dhanmondi,DH105-G,02,1,8.20,7.66,93.40,7.95,6.65,83.61,8.10,5.91,72.92,8.76,7.55,86.23,8.22,7.43,90.41,9.03,7.79,86.25,9.03,8.61,95.35,9.29,9.40,101.21,0.00,0.00,0.00,0.00,0.00,0.00,0.00,0.00,0.00,0.00,0.00,0.00,68.58,61.00,88.94,2026
EM00005403,Md. Manikuzzaman,1314,Mymensingh,MY020-V,04,2,33.23,27.03,81.34,33.23,28.19,84.82,33.99,23.58,69.38,36.25,36.84,101.64,36.25,27.88,76.90,39.28,40.20,102.34,40.78,40.82,100.09,43.80,39.43,90.03,0.00,0.00,0.00,0.00,0.00,0.00,0.00,0.00,0.00,0.00,0.00,0.00,296.81,263.97,88.93,2026
EM00010642,Md. Liton Ali,1320,Bogura,BO143-C,01,1,8.22,6.33,77.03,8.16,6.51,79.81,8.16,6.68,81.82,8.76,7.38,84.23,8.50,7.79,91.64,8.50,7.94,93.43,7.25,7.66,105.62,7.25,7.32,100.90,0.00,0.00,0.00,0.00,0.00,0.00,0.00,0.00,0.00,0.00,0.00,0.00,64.80,57.61,88.89,2026
EM00007836,Mr. Chayan Kumar Biswas,1313,Narayanganj,NA013-B,01,1,7.98,6.55,82.13,7.91,7.16,90.61,7.91,6.59,83.39,8.38,7.33,87.53,8.06,6.57,81.53,8.06,7.04,87.30,7.56,7.47,98.74,7.75,7.80,100.58,0.00,0.00,0.00,0.00,0.00,0.00,0.00,0.00,0.00,0.00,0.00,0.00,63.60,56.51,88.86,2026
EM00015502,Md. Mehedi Hasan,1336,Keraniganj,KE023-G,02,1,6.40,3.71,58.00,4.30,3.76,87.50,4.32,4.41,102.05,4.65,3.65,78.58,4.32,4.61,106.80,4.75,4.26,89.71,4.75,4.78,100.59,4.85,4.87,100.49,0.00,0.00,0.00,0.00,0.00,0.00,0.00,0.00,0.00,0.00,0.00,0.00,38.34,34.07,88.85,2026
EM00008202,Md. Azad Hossain,1334,Kishoreganj,KI081-C,01,1,7.94,6.41,80.75,7.88,6.86,87.06,7.88,7.31,92.76,9.17,7.69,83.89,8.88,7.20,81.11,8.88,7.59,85.41,8.43,8.44,100.11,8.31,8.35,100.45,0.00,0.00,0.00,0.00,0.00,0.00,0.00,0.00,0.00,0.00,0.00,0.00,67.37,59.85,88.84,2026
EM00015967,Md. Mahfujul Hasan,1322,Rangpur,RN032-B,01,1,0.00,0.00,0.00,0.00,0.00,0.00,0.00,0.00,0.00,4.87,2.89,59.47,4.68,3.03,64.63,4.68,3.80,81.09,4.34,5.45,125.48,4.33,5.18,119.55,0.00,0.00,0.00,0.00,0.00,0.00,0.00,0.00,0.00,0.00,0.00,0.00,22.90,20.34,88.82,2026
EM00014792,Md. Durjoy Raza,1313,Narayanganj,NA073-B,01,1,7.30,7.28,99.66,7.30,6.68,91.49,7.30,5.60,76.67,7.32,5.77,78.77,7.30,5.53,75.79,7.30,6.10,83.61,7.00,7.33,104.68,7.18,7.23,100.69,0.00,0.00,0.00,0.00,0.00,0.00,0.00,0.00,0.00,0.00,0.00,0.00,58.01,51.52,88.81,2026
EM00011838,Masudul Hasan Rotan,1316,Sylhet,SY141-B,01,1,7.93,6.85,86.32,7.88,6.39,81.12,7.88,6.30,80.04,8.58,7.73,90.14,8.27,7.23,87.53,8.27,6.99,84.51,7.71,7.81,101.27,7.60,7.63,100.39,0.00,0.00,0.00,0.00,0.00,0.00,0.00,0.00,0.00,0.00,0.00,0.00,64.12,56.94,88.81,2026
EM00015156,Md. Jobayer Hossain,1322,Rangpur,RN013-G,02,1,4.60,3.59,77.98,4.42,3.78,85.51,4.50,3.73,82.84,4.90,4.09,83.53,4.50,3.98,88.35,4.95,4.21,85.12,5.00,5.03,100.62,5.20,5.39,103.69,0.00,0.00,0.00,0.00,0.00,0.00,0.00,0.00,0.00,0.00,0.00,0.00,38.07,33.80,88.79,2026
EM00015505,Md. Jihad Shaikh,1329,Tangail,TA012-G,02,1,4.00,3.47,86.68,3.90,3.97,101.77,4.05,4.23,104.35,4.40,4.43,100.64,4.25,4.27,100.54,7.90,5.22,66.11,7.90,7.00,88.67,8.10,6.91,85.36,0.00,0.00,0.00,0.00,0.00,0.00,0.00,0.00,0.00,0.00,0.00,0.00,44.50,39.51,88.78,2026
EM00011622,Imran Hossain,1317,Cumilla,CU033-G,02,1,10.75,10.46,97.28,10.44,9.08,87.02,10.62,9.88,93.04,11.49,9.65,84.01,10.79,10.30,95.44,11.88,9.86,83.00,11.90,10.43,87.68,12.25,10.33,84.37,0.00,0.00,0.00,0.00,0.00,0.00,0.00,0.00,0.00,0.00,0.00,0.00,90.12,80.00,88.77,2026
EM00012316,Md. Biplob Hossain,1327,Faridpur,FA042-C,01,1,10.23,7.82,76.39,10.16,8.58,84.43,10.16,9.10,89.61,11.26,9.02,80.09,10.86,9.16,84.34,10.86,9.41,86.70,9.47,10.06,106.23,9.03,9.67,107.04,0.00,0.00,0.00,0.00,0.00,0.00,0.00,0.00,0.00,0.00,0.00,0.00,82.02,72.81,88.77,2026
EM00012683,Pronay Kanti Baral,1325,Khulna,KH021-C,01,1,7.65,6.36,83.16,7.59,6.39,84.18,7.59,6.90,90.82,8.68,7.30,84.05,8.41,6.55,77.90,8.41,7.32,87.05,7.63,7.15,93.64,7.63,8.49,111.19,0.00,0.00,0.00,0.00,0.00,0.00,0.00,0.00,0.00,0.00,0.00,0.00,63.60,56.45,88.76,2026
EM00008550,Md. Abdul Momin,1325,Khulna,KH020-G,02,2,28.58,24.63,86.19,27.58,23.61,85.61,28.03,23.95,85.46,30.30,26.59,87.74,28.44,26.78,94.16,31.20,26.91,86.26,31.20,28.12,90.14,32.10,30.07,93.68,0.00,0.00,0.00,0.00,0.00,0.00,0.00,0.00,0.00,0.00,0.00,0.00,237.43,210.67,88.73,2026
EM00014163,Samim Reja,1317,Cumilla,CU142-A,01,1,8.35,7.81,93.56,8.29,7.89,95.26,8.29,6.98,84.22,8.33,7.34,88.12,8.03,6.45,80.32,8.03,7.27,90.50,8.44,7.72,91.48,8.32,7.16,86.08,0.00,0.00,0.00,0.00,0.00,0.00,0.00,0.00,0.00,0.00,0.00,0.00,66.08,58.63,88.73,2026
EM00016292,Sajjad Hosen,1314,Mymensingh,MY053-A,01,1,0.00,0.00,0.00,0.00,0.00,0.00,0.00,0.00,0.00,0.00,0.00,0.00,0.00,0.00,0.00,4.73,3.09,65.19,4.26,4.41,103.53,4.22,4.23,100.14,0.00,0.00,0.00,0.00,0.00,0.00,0.00,0.00,0.00,0.00,0.00,0.00,13.22,11.73,88.72,2026
EM00016433,Tofazzel Haque,1330,RJS+PAB,RA026-G,02,1,0.00,0.00,0.00,0.00,0.00,0.00,0.00,0.00,0.00,0.00,0.00,0.00,0.00,0.00,0.00,0.00,0.00,0.00,0.00,0.00,0.00,4.05,3.59,88.71,0.00,0.00,0.00,0.00,0.00,0.00,0.00,0.00,0.00,0.00,0.00,0.00,4.05,3.59,88.71,2026
EM00013758,Khairul Islam,1316,Sylhet,SY042-B,01,1,7.01,5.38,76.76,6.96,7.11,102.17,6.96,4.83,69.47,7.53,8.34,110.74,7.44,5.12,68.87,7.44,5.48,73.67,6.89,7.17,104.12,6.79,7.13,105.01,0.00,0.00,0.00,0.00,0.00,0.00,0.00,0.00,0.00,0.00,0.00,0.00,57.00,50.56,88.70,2026
EM00005969,Md. Ziaur Rahman,1312,Uttara,UT020-V,04,2,30.44,26.74,87.84,30.44,25.24,82.93,31.13,23.49,75.47,33.20,32.06,96.56,33.20,30.09,90.62,35.97,32.88,91.40,37.35,33.78,90.46,40.12,36.84,91.81,0.00,0.00,0.00,0.00,0.00,0.00,0.00,0.00,0.00,0.00,0.00,0.00,271.85,241.12,88.70,2026
EM00014590,Md. Habibur Rahman,1316,Sylhet,SY105-C,01,1,9.37,7.69,82.09,9.30,7.99,85.84,9.30,8.95,96.14,10.13,9.19,90.79,9.74,7.73,79.37,9.74,8.99,92.32,9.13,8.82,96.59,9.01,7.80,86.57,0.00,0.00,0.00,0.00,0.00,0.00,0.00,0.00,0.00,0.00,0.00,0.00,75.73,67.16,88.69,2026
EM00011069,Murshid Mia,1317,Cumilla,CU041-A,01,1,8.91,8.07,90.59,8.85,9.38,106.08,8.85,7.87,88.98,8.90,6.97,78.30,8.56,7.06,82.48,8.56,6.80,79.39,9.08,8.34,91.91,8.95,8.16,91.20,0.00,0.00,0.00,0.00,0.00,0.00,0.00,0.00,0.00,0.00,0.00,0.00,70.64,62.65,88.69,2026
EM00014171,Mamunor Rashid,1329,Tangail,TA015-C,01,1,8.36,6.53,78.09,8.30,7.03,84.77,8.30,7.69,92.64,9.35,8.60,91.98,9.01,8.27,91.72,9.01,7.89,87.60,8.38,7.66,91.38,8.26,7.48,90.47,0.00,0.00,0.00,0.00,0.00,0.00,0.00,0.00,0.00,0.00,0.00,0.00,68.97,61.14,88.65,2026
EM00016297,Md. Jibon Hossain,1324,Jashore,JA175-C,01,1,0.00,0.00,0.00,0.00,0.00,0.00,0.00,0.00,0.00,0.00,0.00,0.00,0.00,0.00,0.00,3.37,2.22,65.78,2.87,2.97,103.38,2.95,2.96,100.37,0.00,0.00,0.00,0.00,0.00,0.00,0.00,0.00,0.00,0.00,0.00,0.00,9.19,8.15,88.63,2026
EM00013909,Ariful Islam,1329,Tangail,TA014-V,04,1,5.94,5.31,89.36,5.94,4.97,83.64,6.08,4.33,71.20,6.48,6.65,102.65,6.48,5.69,87.75,7.02,6.57,93.55,7.29,6.40,87.79,7.83,7.11,90.77,0.00,0.00,0.00,0.00,0.00,0.00,0.00,0.00,0.00,0.00,0.00,0.00,53.06,47.02,88.61,2026
EM00013019,Sabuj Islam,1313,Narayanganj,NA121-A,01,1,9.25,8.50,91.93,9.18,9.34,101.70,9.18,8.64,94.14,9.89,7.80,78.85,9.53,7.14,74.90,9.53,7.95,83.38,8.72,8.07,92.57,8.98,8.36,93.04,0.00,0.00,0.00,0.00,0.00,0.00,0.00,0.00,0.00,0.00,0.00,0.00,74.28,65.81,88.60,2026
EM00013727,Md. Hayum Ali Pramanik,1334,Kishoreganj,KI062-A,01,1,5.98,4.95,82.74,5.94,5.35,90.12,5.94,6.14,103.37,6.84,5.47,80.03,6.64,5.14,77.37,6.64,5.11,76.93,6.29,6.15,97.83,6.21,6.41,103.21,0.00,0.00,0.00,0.00,0.00,0.00,0.00,0.00,0.00,0.00,0.00,0.00,50.47,44.72,88.60,2026
EM00014529,Md. Sohanur Rahman,1326,Barishal,BA122-B,01,1,9.91,8.07,81.37,9.84,8.51,86.47,9.84,8.64,87.82,6.27,5.62,89.57,6.27,5.35,85.34,6.27,5.16,82.21,5.44,5.73,105.23,5.50,5.51,100.19,0.00,0.00,0.00,0.00,0.00,0.00,0.00,0.00,0.00,0.00,0.00,0.00,59.36,52.59,88.59,2026
EM00008608,Mr. Anamul Hoque,1318,Noakhali,NO100-P,01,2,35.44,29.53,83.32,35.24,30.20,85.70,35.24,28.33,80.39,38.94,34.18,87.78,37.90,32.26,85.10,37.90,32.84,86.66,35.60,35.66,100.17,35.19,35.21,100.04,0.00,0.00,0.00,0.00,0.00,0.00,0.00,0.00,0.00,0.00,0.00,0.00,291.44,258.20,88.59,2026
EM00014875,Palash Chandra Sarker,1329,Tangail,TA013-C,01,1,10.20,8.04,78.82,10.13,9.16,90.47,10.13,9.42,93.04,11.36,10.21,89.89,10.95,9.91,90.48,10.95,9.21,84.07,10.14,9.13,90.03,10.00,9.20,92.02,0.00,0.00,0.00,0.00,0.00,0.00,0.00,0.00,0.00,0.00,0.00,0.00,83.85,74.28,88.58,2026
EM00014782,Md. Ariful Islam,1310,Paltan,PA011-G,02,1,11.80,11.71,99.22,11.40,11.52,101.02,11.50,10.29,89.49,12.00,9.22,76.82,11.27,10.31,91.45,12.37,10.13,81.90,12.37,10.43,84.33,12.74,10.94,85.90,0.00,0.00,0.00,0.00,0.00,0.00,0.00,0.00,0.00,0.00,0.00,0.00,95.45,84.55,88.58,2026
EM00016459,Md. Hafijur Rahman,1332,B. Baria,BB012-G,02,1,0.00,0.00,0.00,0.00,0.00,0.00,0.00,0.00,0.00,0.00,0.00,0.00,0.00,0.00,0.00,0.00,0.00,0.00,0.00,0.00,0.00,11.00,9.74,88.55,0.00,0.00,0.00,0.00,0.00,0.00,0.00,0.00,0.00,0.00,0.00,0.00,11.00,9.74,88.55,2026
EM00010775,Rasul Ahammad,1319,Feni,FE083-A,01,1,9.99,8.43,84.43,9.92,8.84,89.14,9.92,8.52,85.94,10.36,8.78,84.74,10.26,8.97,87.36,10.26,8.87,86.45,9.41,8.95,95.04,9.28,8.93,96.27,0.00,0.00,0.00,0.00,0.00,0.00,0.00,0.00,0.00,0.00,0.00,0.00,79.40,70.29,88.53,2026
EM00015464,Mamun .,1311,Dhanmondi,DH112-A,01,1,5.45,5.18,95.02,5.45,5.00,91.69,5.45,6.33,116.09,6.23,4.79,76.90,6.01,4.94,82.17,6.01,4.50,74.83,5.37,4.49,83.55,5.29,4.84,91.48,0.00,0.00,0.00,0.00,0.00,0.00,0.00,0.00,0.00,0.00,0.00,0.00,45.26,40.06,88.50,2026
EM00005317,Mr. Mrittunjoy Gope,1313,Narayanganj,NA061-A,01,1,6.59,5.95,90.33,6.59,5.49,83.32,6.59,5.71,86.72,7.03,5.83,82.96,6.74,5.30,78.64,6.74,6.17,91.47,5.75,5.79,100.86,5.89,5.70,96.66,0.00,0.00,0.00,0.00,0.00,0.00,0.00,0.00,0.00,0.00,0.00,0.00,51.92,45.95,88.50,2026
EM00010290,Md. Abdul Monnaf,1330,Pabna,PB013-B,01,1,5.86,4.18,71.35,5.82,5.28,90.62,5.82,5.83,100.10,4.30,3.47,80.76,4.13,3.04,73.49,4.13,3.32,80.39,3.83,3.96,103.38,3.83,4.31,112.60,0.00,0.00,0.00,0.00,0.00,0.00,0.00,0.00,0.00,0.00,0.00,0.00,37.72,33.38,88.50,2026
EM00011993,Md. Jasimuddin Mina,1327,Faridpur,FA083-C,01,1,8.34,7.04,84.38,8.28,7.53,90.94,8.28,7.77,93.83,9.03,7.36,81.51,8.70,7.36,84.60,8.70,7.73,88.85,7.92,7.22,91.25,7.93,7.43,93.71,0.00,0.00,0.00,0.00,0.00,0.00,0.00,0.00,0.00,0.00,0.00,0.00,67.16,59.43,88.49,2026
EM00015838,Md. Moksaydul Haque,1332,B. Baria,BB113-C,01,1,0.00,0.00,0.00,0.00,0.00,0.00,6.51,3.65,56.10,6.29,5.28,83.86,6.07,4.09,67.39,6.07,6.27,103.34,6.11,6.76,110.64,6.02,6.75,112.09,0.00,0.00,0.00,0.00,0.00,0.00,0.00,0.00,0.00,0.00,0.00,0.00,37.07,32.80,88.48,2026
EM00007200,Md. Sifayat Ullah,1327,Faridpur,FA103-C,01,1,8.99,7.69,85.63,8.92,7.27,81.45,8.92,8.24,92.38,9.91,8.03,81.01,9.55,8.03,84.10,9.55,8.36,87.59,8.83,8.56,96.92,8.84,8.85,100.14,0.00,0.00,0.00,0.00,0.00,0.00,0.00,0.00,0.00,0.00,0.00,0.00,73.51,65.03,88.47,2026
EM00005399,Md. Habibur Rahman,1311,Dhanmondi,RV04003,04,4,151.13,134.33,88.88,151.13,131.20,86.81,154.56,111.72,72.28,164.86,160.94,97.62,164.86,150.45,91.26,178.60,166.28,93.10,185.47,166.97,90.03,199.21,172.03,86.36,0.00,0.00,0.00,0.00,0.00,0.00,0.00,0.00,0.00,0.00,0.00,0.00,1349.82,1193.92,88.45,2026
EM00012146,Md. Ebrahim Hossain,1313,Narayanganj,NA121-B,01,1,9.25,8.62,93.24,9.18,8.54,93.04,9.18,8.32,90.57,10.15,7.30,71.92,9.78,7.39,75.52,9.78,7.86,80.37,8.95,9.00,100.65,9.22,9.72,105.50,0.00,0.00,0.00,0.00,0.00,0.00,0.00,0.00,0.00,0.00,0.00,0.00,75.49,66.76,88.44,2026
EM00012754,Suzan Mia,1315,Chattogram,CH062-G,02,1,8.75,7.35,83.97,8.55,7.58,88.65,8.70,7.87,90.47,9.45,7.38,78.08,8.85,8.20,92.70,9.70,8.82,90.91,9.70,9.02,92.95,9.99,8.95,89.62,0.00,0.00,0.00,0.00,0.00,0.00,0.00,0.00,0.00,0.00,0.00,0.00,73.69,65.17,88.43,2026
EM00009225,Mohammad Ali Nishan,1334,MYM+KSG,KI020-G,02,2,26.50,22.64,85.42,25.64,22.56,88.00,26.06,23.63,90.68,28.20,22.50,79.79,26.48,23.94,90.41,29.10,24.65,84.72,29.10,27.23,93.57,29.95,28.28,94.43,0.00,0.00,0.00,0.00,0.00,0.00,0.00,0.00,0.00,0.00,0.00,0.00,221.03,195.44,88.42,2026
EM00015890,Mamun Hossain,1318,Noakhali,NO052-B,01,1,0.00,0.00,0.00,0.00,0.00,0.00,0.00,0.00,0.00,6.63,5.48,82.63,6.28,5.35,85.22,6.28,6.28,100.09,6.02,5.54,92.03,5.77,4.74,82.06,0.00,0.00,0.00,0.00,0.00,0.00,0.00,0.00,0.00,0.00,0.00,0.00,30.98,27.39,88.41,2026
EM00010981,Rakib Hasan,1310,Paltan,PA212-B,01,1,6.96,7.02,100.81,7.08,5.71,80.66,7.08,5.36,75.69,7.65,6.03,78.83,7.60,5.96,78.36,7.60,6.44,84.76,6.84,7.48,109.48,6.84,6.96,101.77,0.00,0.00,0.00,0.00,0.00,0.00,0.00,0.00,0.00,0.00,0.00,0.00,57.65,50.96,88.40,2026
EM00011473,Md. Gias Kamal Rasal,1320,Bogura,BO042-C,01,1,9.42,8.57,90.98,9.42,8.76,93.03,9.42,7.57,80.35,10.15,8.07,79.51,9.77,8.67,88.72,9.77,8.66,88.64,8.80,8.32,94.58,8.80,8.15,92.65,0.00,0.00,0.00,0.00,0.00,0.00,0.00,0.00,0.00,0.00,0.00,0.00,75.54,66.77,88.39,2026
EM00011575,Md. Abu Taher,1311,Dhanmondi,DH103-A,01,1,9.26,8.48,91.60,9.26,7.79,84.20,9.26,7.66,82.78,10.48,7.30,69.61,10.08,7.26,72.01,10.08,8.78,87.05,8.94,11.15,124.81,9.04,9.09,100.55,0.00,0.00,0.00,0.00,0.00,0.00,0.00,0.00,0.00,0.00,0.00,0.00,76.40,67.52,88.38,2026
EM00016455,Md. Hasib,1311,Dhanmondi,DH054-G,02,1,0.00,0.00,0.00,0.00,0.00,0.00,0.00,0.00,0.00,0.00,0.00,0.00,0.00,0.00,0.00,0.00,0.00,0.00,0.00,0.00,0.00,6.40,5.66,88.38,0.00,0.00,0.00,0.00,0.00,0.00,0.00,0.00,0.00,0.00,0.00,0.00,6.40,5.66,88.38,2026
EM00011897,Md. Anisar Rahman,1311,Dhanmondi,DH123-G,02,1,7.70,7.00,90.85,7.45,6.08,81.59,7.65,6.53,85.39,8.60,7.07,82.19,7.90,6.56,83.01,8.75,7.39,84.50,8.75,8.79,100.47,9.00,8.73,97.02,0.00,0.00,0.00,0.00,0.00,0.00,0.00,0.00,0.00,0.00,0.00,0.00,65.80,58.15,88.37,2026
EM00010492,Mohammad Zahidul Hoque,1310,Paltan,PA181-A,01,1,7.82,7.43,94.93,7.83,7.49,95.74,7.83,6.55,83.66,8.21,6.93,84.42,7.91,6.08,76.82,7.91,6.84,86.51,6.67,6.33,94.89,6.67,6.12,91.79,0.00,0.00,0.00,0.00,0.00,0.00,0.00,0.00,0.00,0.00,0.00,0.00,60.84,53.77,88.37,2026
EM00015501,Md. Anik Ali,1311,Dhanmondi,DH097-G,02,1,5.25,4.10,78.06,5.00,4.22,84.31,4.63,3.63,78.32,5.03,4.43,88.13,4.55,4.22,92.74,5.30,4.70,88.73,5.30,5.18,97.83,5.50,5.36,97.46,0.00,0.00,0.00,0.00,0.00,0.00,0.00,0.00,0.00,0.00,0.00,0.00,40.56,35.84,88.37,2026
EM00014591,Md. Abu Taher,1317,Cumilla,CU021-B,01,1,8.13,8.27,101.77,8.07,7.72,95.66,8.07,6.84,84.80,8.23,6.70,81.36,7.93,5.76,72.58,7.93,7.62,96.03,8.03,7.26,90.39,7.91,6.66,84.10,0.00,0.00,0.00,0.00,0.00,0.00,0.00,0.00,0.00,0.00,0.00,0.00,64.32,56.83,88.36,2026
EM00012710,M. M. Mohammad Ali,1326,Barishal,BA012-B,01,1,4.62,4.20,91.05,4.58,4.88,106.44,4.58,4.81,105.04,4.84,3.23,66.81,4.84,3.26,67.30,4.84,3.09,63.73,4.15,4.11,99.17,4.19,4.79,114.22,0.00,0.00,0.00,0.00,0.00,0.00,0.00,0.00,0.00,0.00,0.00,0.00,36.65,32.38,88.35,2026
EM00005083,Md. Ismail Hossen,1313,Narayanganj,NA072-A,01,1,9.24,8.10,87.66,9.24,9.54,103.26,9.24,7.76,83.96,8.82,7.06,80.08,8.52,6.29,73.87,8.52,7.29,85.51,7.60,7.01,92.20,7.80,7.89,101.14,0.00,0.00,0.00,0.00,0.00,0.00,0.00,0.00,0.00,0.00,0.00,0.00,68.96,60.92,88.34,2026
EM00010121,B.M. Quamruzzaman,1313,Narayanganj,NA091-A,01,1,6.17,5.99,97.12,6.12,5.63,91.87,6.12,5.19,84.81,6.69,5.91,88.29,6.44,4.62,71.73,6.44,5.77,89.51,5.92,5.69,96.11,6.09,5.38,88.29,0.00,0.00,0.00,0.00,0.00,0.00,0.00,0.00,0.00,0.00,0.00,0.00,50.00,44.17,88.34,2026
EM00010125,Md. Abdul Alim,1311,Dhanmondi,DH273-A,01,1,4.12,4.14,100.56,4.12,3.62,87.87,4.12,3.79,91.98,5.30,3.98,75.18,5.10,3.77,73.86,5.10,4.02,78.87,4.51,4.72,104.61,4.44,4.48,100.70,0.00,0.00,0.00,0.00,0.00,0.00,0.00,0.00,0.00,0.00,0.00,0.00,36.81,32.51,88.33,2026
EM00008301,Md. Al Amirul Ziad,1333,Moulvibazar,MO091-A,01,1,7.53,6.68,88.61,7.48,6.67,89.13,7.48,6.32,84.47,8.13,7.41,91.06,7.82,6.56,83.97,7.82,6.43,82.31,7.08,6.63,93.62,6.98,6.59,94.43,0.00,0.00,0.00,0.00,0.00,0.00,0.00,0.00,0.00,0.00,0.00,0.00,60.32,53.28,88.33,2026
EM00010097,Md. Alhaz Uddin,1329,Tangail,TA022-V,04,1,7.45,5.74,77.02,7.45,6.59,88.45,7.62,6.31,82.82,8.13,7.58,93.22,8.12,7.47,91.94,8.80,7.92,90.01,9.14,8.25,90.28,9.82,8.91,90.75,0.00,0.00,0.00,0.00,0.00,0.00,0.00,0.00,0.00,0.00,0.00,0.00,66.53,58.77,88.33,2026
EM00015871,Sagar Chandra Sheel,1310,Paltan,PA023-B,01,1,0.00,0.00,0.00,0.00,0.00,0.00,0.00,0.00,0.00,5.91,4.53,76.66,5.69,4.56,80.08,5.69,4.76,83.61,5.25,5.36,102.16,5.29,5.38,101.57,0.00,0.00,0.00,0.00,0.00,0.00,0.00,0.00,0.00,0.00,0.00,0.00,27.83,24.58,88.33,2026
EM00013534,Md. Mashiur Rahman,1326,Barishal,BA062-B,01,1,5.19,4.16,80.03,5.16,4.19,81.31,5.16,4.16,80.78,6.00,4.83,80.56,5.74,5.11,89.04,5.74,5.23,91.00,4.96,4.82,97.18,5.02,5.44,108.39,0.00,0.00,0.00,0.00,0.00,0.00,0.00,0.00,0.00,0.00,0.00,0.00,42.97,37.95,88.31,2026
EM00009240,Md. Yeasir Arafat,1327,PLT+DNM+NRG+FEN+JSR+BRS+FRD,DH010-N,03,2,31.40,29.31,93.35,31.40,27.74,88.34,30.90,26.08,84.40,31.40,30.54,97.27,32.40,29.50,91.06,32.40,27.69,85.45,36.25,30.35,83.72,36.24,30.41,83.92,0.00,0.00,0.00,0.00,0.00,0.00,0.00,0.00,0.00,0.00,0.00,0.00,262.40,231.63,88.27,2026
EM00010418,Md. Tajul Islam,1316,Sylhet,SY140-P,01,2,47.64,42.73,89.69,46.91,39.18,83.52,46.91,37.69,80.35,50.18,44.56,88.80,48.35,42.12,87.11,48.35,41.58,85.98,45.11,44.04,97.62,44.47,41.69,93.76,0.00,0.00,0.00,0.00,0.00,0.00,0.00,0.00,0.00,0.00,0.00,0.00,377.93,333.59,88.27,2026
EM00011002,Md. Arif Hussain,1333,Moulvibazar,MO014-G,02,1,3.10,3.25,104.69,2.70,2.78,103.12,3.00,3.18,106.04,6.60,4.39,66.57,6.20,5.71,92.17,6.85,6.33,92.36,6.85,6.00,87.59,6.95,5.64,81.15,0.00,0.00,0.00,0.00,0.00,0.00,0.00,0.00,0.00,0.00,0.00,0.00,42.25,37.29,88.25,2026
EM00013090,Md. Kawsar Rahman,1321,Rajshahi,RA062-A,01,1,8.83,7.14,80.80,8.77,7.89,89.98,7.38,6.91,93.69,7.78,7.12,91.53,7.49,5.69,75.96,7.49,5.71,76.25,6.47,6.51,100.52,6.38,6.50,101.95,0.00,0.00,0.00,0.00,0.00,0.00,0.00,0.00,0.00,0.00,0.00,0.00,60.60,53.48,88.25,2026
EM00014708,Humayun Kabir,1320,Bogura,BO103-B,01,1,4.53,3.49,77.15,4.50,3.27,72.69,4.50,3.42,76.12,5.00,4.62,92.30,4.75,3.63,76.51,4.75,4.47,94.07,3.80,4.40,115.87,3.80,4.13,108.58,0.00,0.00,0.00,0.00,0.00,0.00,0.00,0.00,0.00,0.00,0.00,0.00,35.62,31.43,88.24,2026
EM00011608,Md. Rubel Mahmud,1311,Dhanmondi,DH100-G,02,2,2.00,1.70,85.20,20.64,18.02,87.33,21.00,19.95,95.01,40.68,33.11,81.39,38.20,34.21,89.55,41.94,35.51,84.66,41.94,38.03,90.68,43.20,39.69,91.87,0.00,0.00,0.00,0.00,0.00,0.00,0.00,0.00,0.00,0.00,0.00,0.00,249.60,220.22,88.23,2026
EM00006872,Md. Khokan Miah,1328,Cox's Bazar,CO042-A,01,1,9.31,8.43,90.64,9.24,7.55,81.70,9.24,8.82,95.51,8.93,9.33,104.55,8.68,6.59,75.85,8.68,6.66,76.74,8.08,6.22,76.97,7.90,8.19,103.71,0.00,0.00,0.00,0.00,0.00,0.00,0.00,0.00,0.00,0.00,0.00,0.00,70.06,61.80,88.22,2026
EM00008328,Md. Faruk,1332,B. Baria,BB010-V,04,2,36.39,31.04,85.29,36.39,31.86,87.55,37.22,29.62,79.58,39.69,37.85,95.36,39.69,35.04,88.30,43.00,38.09,88.58,44.65,41.79,93.59,47.96,41.40,86.32,0.00,0.00,0.00,0.00,0.00,0.00,0.00,0.00,0.00,0.00,0.00,0.00,324.99,286.69,88.21,2026
EM00004363,Mr. Nipu Roy,1333,Moulvibazar,MO023-C,01,1,10.37,8.42,81.17,10.30,8.71,84.61,10.30,9.48,92.06,11.55,9.88,85.51,11.13,8.99,80.78,11.43,9.44,82.62,10.15,10.23,100.80,10.00,10.02,100.16,0.00,0.00,0.00,0.00,0.00,0.00,0.00,0.00,0.00,0.00,0.00,0.00,85.23,75.18,88.20,2026
EM00013117,Md. Aminul Islam,1322,Rangpur,RN092-A,01,1,9.03,6.14,68.01,8.97,6.28,70.00,8.97,7.42,82.76,10.15,8.65,85.19,9.79,10.10,103.13,9.79,8.41,85.92,8.38,8.98,107.26,8.30,8.73,105.10,0.00,0.00,0.00,0.00,0.00,0.00,0.00,0.00,0.00,0.00,0.00,0.00,73.38,64.71,88.19,2026
EM00011380,Md. Rashedul Islam,1326,Barishal,BA020-P,01,2,30.21,27.23,90.14,30.00,24.32,81.08,30.00,25.40,84.68,45.62,35.29,77.37,43.11,36.22,84.02,43.11,37.21,86.31,25.85,28.39,109.82,26.13,27.56,105.46,0.00,0.00,0.00,0.00,0.00,0.00,0.00,0.00,0.00,0.00,0.00,0.00,274.03,241.63,88.18,2026
EM00011128,Md. Khalalur Rahman,1335,Kushtia,KU063-B,01,1,10.50,8.42,80.14,10.43,8.43,80.80,10.43,9.40,90.14,11.60,8.70,75.02,10.90,9.12,83.68,10.90,10.56,96.87,9.80,9.93,101.29,9.90,9.92,100.17,0.00,0.00,0.00,0.00,0.00,0.00,0.00,0.00,0.00,0.00,0.00,0.00,84.46,74.47,88.17,2026
EM00013517,Md. Ariful Islam,1320,Bogura,BO061-A,01,1,6.93,5.71,82.41,6.91,5.96,86.25,6.91,6.00,86.82,6.88,5.59,81.32,6.25,5.11,81.84,6.25,4.91,78.64,5.40,5.85,108.32,5.40,5.75,106.45,0.00,0.00,0.00,0.00,0.00,0.00,0.00,0.00,0.00,0.00,0.00,0.00,50.92,44.89,88.15,2026
EM00011263,Md. Siddiqur Rahman,1322,Rangpur,RN012-G,02,1,5.50,4.31,78.40,5.30,4.40,83.06,5.45,4.53,83.14,5.90,4.72,80.03,5.55,5.00,90.06,6.10,5.26,86.21,6.20,6.22,100.25,6.40,6.44,100.68,0.00,0.00,0.00,0.00,0.00,0.00,0.00,0.00,0.00,0.00,0.00,0.00,46.40,40.88,88.11,2026
EM00002887,Md. Humayon Kabir,1318,Noakhali,NO103-C,01,1,9.24,7.05,76.35,9.17,7.86,85.70,9.17,7.61,82.97,9.54,8.61,90.19,9.51,7.72,81.19,9.51,8.08,84.91,8.89,9.21,103.56,8.78,8.90,101.37,0.00,0.00,0.00,0.00,0.00,0.00,0.00,0.00,0.00,0.00,0.00,0.00,73.82,65.04,88.10,2026
EM00011468,Mohammad Adiatul Alam,1311,Dhanmondi,DH110-G,02,2,59.50,54.09,90.91,57.57,49.94,86.75,58.54,48.77,83.32,63.37,51.52,81.31,59.50,52.83,88.80,65.29,55.62,85.19,65.29,61.38,94.00,67.25,63.10,93.83,0.00,0.00,0.00,0.00,0.00,0.00,0.00,0.00,0.00,0.00,0.00,0.00,496.31,437.26,88.10,2026
EM00013206,Shamim Hossain,1315,Chattogram,CH045-G,02,1,7.80,7.75,99.30,7.55,7.64,101.15,7.62,7.63,100.09,8.20,7.22,88.10,7.65,6.76,88.40,8.81,5.62,63.82,8.81,7.10,80.58,8.80,7.75,88.08,0.00,0.00,0.00,0.00,0.00,0.00,0.00,0.00,0.00,0.00,0.00,0.00,65.24,57.47,88.09,2026
EM00014492,Md. Nazmul Huda Shahin,1311,Dhanmondi,DH113-G,02,1,10.10,9.22,91.28,9.80,8.67,88.51,9.95,8.71,87.58,10.77,9.00,83.57,10.10,9.33,92.40,11.08,9.44,85.19,11.08,9.77,88.18,11.40,10.09,88.50,0.00,0.00,0.00,0.00,0.00,0.00,0.00,0.00,0.00,0.00,0.00,0.00,84.28,74.24,88.09,2026
EM00013907,Tanver Hossin,1329,Tangail,TA024-V,04,1,4.99,3.55,71.14,4.99,3.76,75.37,5.10,3.89,76.23,5.44,5.76,105.86,5.45,5.25,96.32,5.90,5.95,100.92,6.13,4.93,80.41,6.58,6.18,93.89,0.00,0.00,0.00,0.00,0.00,0.00,0.00,0.00,0.00,0.00,0.00,0.00,44.58,39.27,88.08,2026
EM00008175,Md. Abulkalamazad,1311,Dhanmondi,DH171-A,01,1,6.49,6.55,101.00,6.49,5.85,90.22,6.49,4.97,76.62,7.28,6.35,87.25,7.02,5.11,72.88,7.02,5.53,78.77,6.29,6.05,96.17,6.20,6.48,104.55,0.00,0.00,0.00,0.00,0.00,0.00,0.00,0.00,0.00,0.00,0.00,0.00,53.26,46.90,88.05,2026
EM00014605,Rajib Halder,1311,Dhanmondi,DH051-B,01,1,3.90,3.94,101.04,3.90,3.54,90.81,3.90,3.52,90.30,5.03,3.64,72.37,4.83,2.94,60.99,4.83,4.13,85.58,4.27,4.59,107.57,4.23,4.39,103.94,0.00,0.00,0.00,0.00,0.00,0.00,0.00,0.00,0.00,0.00,0.00,0.00,34.88,30.70,88.03,2026
EM00012437,Abdul Halim,1324,Jashore,JA033-B,01,1,7.43,5.77,77.73,7.37,5.94,80.54,7.37,6.27,85.09,8.47,6.75,79.74,8.17,6.61,80.93,8.17,7.49,91.65,7.45,7.68,103.04,7.39,7.90,106.93,0.00,0.00,0.00,0.00,0.00,0.00,0.00,0.00,0.00,0.00,0.00,0.00,61.83,54.42,88.02,2026
EM00013544,Mohammad Parvez Mosharaf,1313,Narayanganj,NA013-V,04,1,7.50,6.48,86.34,7.50,6.16,82.15,7.67,5.51,71.82,8.18,8.32,101.67,8.18,7.83,95.67,8.86,9.40,106.05,9.20,7.59,82.51,9.95,7.74,77.74,0.00,0.00,0.00,0.00,0.00,0.00,0.00,0.00,0.00,0.00,0.00,0.00,67.04,59.01,88.02,2026
EM00016429,Md. Mithun Ali,1321,Rajshahi,RA025-G,02,1,0.00,0.00,0.00,0.00,0.00,0.00,0.00,0.00,0.00,0.00,0.00,0.00,0.00,0.00,0.00,0.00,0.00,0.00,0.00,0.00,0.00,4.50,3.96,88.01,0.00,0.00,0.00,0.00,0.00,0.00,0.00,0.00,0.00,0.00,0.00,0.00,4.50,3.96,88.01,2026
EM00012071,Md. Zahir Rayhan,1315,Chattogram,CH062-A,01,1,7.44,6.70,90.15,7.38,6.71,90.84,7.38,6.75,91.44,7.92,6.66,84.07,7.84,6.70,85.55,7.84,6.63,84.64,7.47,6.40,85.76,7.11,6.58,92.45,0.00,0.00,0.00,0.00,0.00,0.00,0.00,0.00,0.00,0.00,0.00,0.00,60.38,53.14,88.01,2026
EM00016456,Md. Rabiul Islam,1315,Chattogram,CH054-G,02,1,0.00,0.00,0.00,0.00,0.00,0.00,0.00,0.00,0.00,0.00,0.00,0.00,0.00,0.00,0.00,0.00,0.00,0.00,0.00,0.00,0.00,8.25,7.26,87.99,0.00,0.00,0.00,0.00,0.00,0.00,0.00,0.00,0.00,0.00,0.00,0.00,8.25,7.26,87.99,2026
EM00015861,Fotik Ahmmed,1320,Bogura,BO024-V,04,1,0.00,0.00,0.00,0.00,0.00,0.00,0.00,0.00,0.00,4.95,4.18,84.39,4.95,3.59,72.58,4.88,3.60,73.74,4.67,4.93,105.47,5.02,5.23,104.27,0.00,0.00,0.00,0.00,0.00,0.00,0.00,0.00,0.00,0.00,0.00,0.00,24.47,21.53,87.98,2026
EM00014438,Md. Sumon Pramanik,1312,Uttara,UT034-G,02,1,10.75,8.75,81.40,10.30,8.95,86.88,10.45,9.72,92.97,11.30,9.14,80.88,10.60,9.26,87.32,11.60,9.50,81.89,11.50,10.49,91.25,11.70,11.79,100.79,0.00,0.00,0.00,0.00,0.00,0.00,0.00,0.00,0.00,0.00,0.00,0.00,88.20,77.59,87.98,2026
EM00013465,Md. Faijul Islam,1317,Cumilla,CU053-C,01,1,12.43,10.19,81.97,12.34,11.88,96.23,12.34,11.28,91.40,13.08,11.39,87.08,12.61,10.71,84.91,12.61,10.22,81.04,12.18,10.97,90.07,12.00,10.97,91.41,0.00,0.00,0.00,0.00,0.00,0.00,0.00,0.00,0.00,0.00,0.00,0.00,99.60,87.61,87.96,2026
EM00014491,Mohammad Azizul Haque,1398,PLT+DNM+UTR+NRG+MYM+CHT+SYL+CML+NKL,SM001-N,03,7,165.00,151.04,91.54,165.00,133.63,80.99,160.10,138.72,86.65,165.00,162.57,98.53,170.00,152.35,89.62,170.00,144.99,85.29,190.01,157.35,82.81,190.01,168.66,88.76,0.00,0.00,0.00,0.00,0.00,0.00,0.00,0.00,0.00,0.00,0.00,0.00,1375.13,1209.32,87.94,2026
EM00012682,Md. Monirul Islam,1335,Kushtia,KU031-A,01,1,9.63,7.79,80.95,9.56,7.44,77.89,9.56,8.70,91.10,10.68,8.54,79.95,9.90,8.66,87.49,9.90,9.30,93.89,9.22,8.30,90.05,9.11,9.44,103.66,0.00,0.00,0.00,0.00,0.00,0.00,0.00,0.00,0.00,0.00,0.00,0.00,77.54,68.18,87.92,2026
EM00004161,Md. Tiabur Rahman,1334,MYM+KSG,RG02007,02,4,136.53,115.68,84.73,132.09,113.04,85.58,134.31,121.43,90.41,145.41,117.84,81.04,136.53,121.21,88.78,149.85,127.44,85.05,132.35,124.75,94.26,136.27,128.64,94.40,0.00,0.00,0.00,0.00,0.00,0.00,0.00,0.00,0.00,0.00,0.00,0.00,1103.34,970.03,87.92,2026
EM00014394,Md. Bulbul Ahmmed,1312,Uttara,UT111-B,01,1,6.66,6.24,93.64,6.62,5.38,81.25,6.62,4.86,73.38,7.53,5.66,75.19,7.26,6.08,83.72,7.26,4.75,65.45,6.75,7.93,117.61,6.95,8.02,115.43,0.00,0.00,0.00,0.00,0.00,0.00,0.00,0.00,0.00,0.00,0.00,0.00,55.65,48.92,87.91,2026
EM00015674,Golam Rosul,1310,Paltan,PA056-G,02,1,0.00,0.00,0.00,5.30,3.57,67.43,5.38,4.03,74.86,5.80,4.82,83.15,5.30,4.73,89.33,5.81,5.15,88.56,5.81,6.03,103.71,6.00,6.30,105.00,0.00,0.00,0.00,0.00,0.00,0.00,0.00,0.00,0.00,0.00,0.00,0.00,39.40,34.63,87.89,2026
EM00014039,Md. Mirazul Hoque,1330,Pabna,PB012-B,01,1,5.46,4.08,74.69,5.43,3.85,71.04,5.43,4.08,75.14,6.03,5.10,84.46,5.63,4.52,80.31,5.63,4.89,86.88,5.32,5.91,111.14,5.31,6.44,121.27,0.00,0.00,0.00,0.00,0.00,0.00,0.00,0.00,0.00,0.00,0.00,0.00,44.24,38.87,87.87,2026
EM00012835,Mokidul Islam,1317,Cumilla,CU081-A,01,1,6.58,5.29,80.49,6.53,5.74,87.96,6.53,5.23,80.03,6.98,5.72,81.94,6.72,5.56,82.72,6.72,5.75,85.54,6.48,6.57,101.38,6.48,6.72,103.74,0.00,0.00,0.00,0.00,0.00,0.00,0.00,0.00,0.00,0.00,0.00,0.00,53.02,46.59,87.86,2026
EM00006790,Mr. Bikash Chandra Bhowmik,1318,Noakhali,NO070-P,01,2,44.21,35.62,80.57,43.89,40.38,92.00,43.89,40.43,92.11,47.46,40.57,85.48,46.37,39.57,85.33,46.37,41.65,89.83,44.12,40.31,91.36,44.12,38.14,86.45,0.00,0.00,0.00,0.00,0.00,0.00,0.00,0.00,0.00,0.00,0.00,0.00,360.43,316.67,87.86,2026
EM00008955,Md. Azgar Ali,1322,Rangpur,RN020-G,02,2,28.90,22.44,77.66,27.95,21.77,77.91,28.20,23.76,84.24,30.50,26.42,86.62,28.65,26.40,92.16,31.45,27.26,86.69,31.45,29.89,95.04,32.45,32.48,100.08,0.00,0.00,0.00,0.00,0.00,0.00,0.00,0.00,0.00,0.00,0.00,0.00,239.55,210.43,87.84,2026
EM00009207,Md. Mehedi Hasan,1327,Faridpur,FA053-A,01,1,11.94,8.97,75.14,11.86,10.17,85.81,11.86,11.66,98.33,7.70,5.60,72.75,7.69,6.50,84.51,7.69,6.72,87.40,6.89,7.13,103.57,6.65,6.71,100.98,0.00,0.00,0.00,0.00,0.00,0.00,0.00,0.00,0.00,0.00,0.00,0.00,72.26,63.47,87.83,2026
EM00002905,Mr. Shuvash Chandra Ganopati,1324,Jashore,JA011-B,01,1,8.47,6.09,71.85,8.41,6.75,80.31,8.41,8.48,100.83,9.81,7.24,73.79,10.10,8.30,82.15,10.10,8.98,88.95,9.18,9.53,103.81,9.08,9.23,101.68,0.00,0.00,0.00,0.00,0.00,0.00,0.00,0.00,0.00,0.00,0.00,0.00,73.57,64.61,87.83,2026
EM00011242,Md. Sohag Miah,1316,Sylhet,SY014-V,04,1,6.85,6.35,92.71,6.88,5.54,80.59,7.04,4.05,57.52,7.51,7.61,101.28,7.51,6.01,80.04,8.17,7.52,92.00,8.48,7.70,90.84,9.10,9.27,101.81,0.00,0.00,0.00,0.00,0.00,0.00,0.00,0.00,0.00,0.00,0.00,0.00,61.54,54.05,87.82,2026
EM00013835,Md. Eliash Hossain,1333,Moulvibazar,MO101-A,01,1,8.96,7.78,86.85,8.90,7.73,86.84,8.90,7.65,85.98,9.78,8.67,88.66,9.42,7.53,79.89,9.42,8.33,88.42,8.39,7.82,93.22,8.27,7.75,93.75,0.00,0.00,0.00,0.00,0.00,0.00,0.00,0.00,0.00,0.00,0.00,0.00,72.02,63.24,87.81,2026
EM00012790,Shorab Hossain,1311,Dhanmondi,DH013-V,04,1,5.29,4.30,81.28,5.29,4.72,89.29,5.41,3.73,68.95,5.77,5.98,103.65,5.77,4.64,80.35,6.30,5.69,90.34,6.54,6.57,100.41,7.05,6.01,85.24,0.00,0.00,0.00,0.00,0.00,0.00,0.00,0.00,0.00,0.00,0.00,0.00,47.42,41.64,87.80,2026
EM00015046,Md. Shahabur Hossain,1332,B. Baria,BB073-B,01,1,7.73,7.04,91.12,7.67,6.90,90.01,7.67,6.35,82.73,7.89,7.09,89.97,7.81,6.66,85.24,7.81,6.80,87.02,7.59,6.87,90.51,7.48,6.42,85.79,0.00,0.00,0.00,0.00,0.00,0.00,0.00,0.00,0.00,0.00,0.00,0.00,61.64,54.13,87.80,2026
EM00015292,Mustain Billah,1312,Uttara,UT033-G,02,1,7.75,6.36,82.04,7.50,6.50,86.65,7.65,6.28,82.11,8.30,6.84,82.37,7.80,6.55,83.93,8.55,7.73,90.41,8.45,7.71,91.28,8.70,8.83,101.53,0.00,0.00,0.00,0.00,0.00,0.00,0.00,0.00,0.00,0.00,0.00,0.00,64.70,56.80,87.78,2026
EM00011241,Md. Shukur Hossain,1311,Dhanmondi,DH101-G,02,1,6.62,6.07,91.63,6.40,5.11,79.91,6.50,5.32,81.79,7.05,5.74,81.37,6.62,6.01,90.83,7.27,5.96,82.00,7.27,6.66,91.67,7.50,7.60,101.32,0.00,0.00,0.00,0.00,0.00,0.00,0.00,0.00,0.00,0.00,0.00,0.00,55.23,48.47,87.76,2026
EM00012603,Md. Salim Reza Shah,1314,Mymensingh,MY053-B,01,1,5.06,3.56,70.32,4.60,3.30,71.79,4.60,4.20,91.26,4.67,3.64,77.95,4.73,3.86,81.49,4.73,4.09,86.45,4.46,5.17,115.85,4.43,4.90,110.57,0.00,0.00,0.00,0.00,0.00,0.00,0.00,0.00,0.00,0.00,0.00,0.00,37.29,32.72,87.74,2026
EM00015389,Md. Mintu Miah,1311,Dhanmondi,DH112-G,02,1,8.50,6.26,73.64,8.22,6.31,76.74,8.35,5.34,63.98,9.05,6.64,73.36,9.50,9.61,101.16,10.42,9.90,95.06,10.42,10.77,103.32,10.72,11.13,103.81,0.00,0.00,0.00,0.00,0.00,0.00,0.00,0.00,0.00,0.00,0.00,0.00,75.18,65.96,87.74,2026
EM00009350,Md. Rajaul Karim,1314,Mymensingh,MY083-A,01,1,9.99,7.59,75.92,9.92,8.28,83.41,9.92,9.00,90.69,6.86,5.50,80.19,6.86,5.80,84.56,6.86,5.86,85.44,5.86,6.44,109.85,5.81,6.01,103.39,0.00,0.00,0.00,0.00,0.00,0.00,0.00,0.00,0.00,0.00,0.00,0.00,62.08,54.46,87.73,2026
EM00010884,Md. Nuruzzaman,1310,Paltan,PA060-G,02,2,28.61,20.56,71.85,27.65,18.22,65.90,28.15,29.69,105.47,30.47,35.96,118.01,28.61,22.32,78.02,31.40,22.54,71.80,31.40,35.56,113.26,32.34,24.49,75.73,0.00,0.00,0.00,0.00,0.00,0.00,0.00,0.00,0.00,0.00,0.00,0.00,238.63,209.35,87.73,2026
EM00006862,Md. Shapan Ali,1323,Dinajpur,DI060-P,01,2,35.24,26.80,76.04,34.99,27.20,77.76,34.99,29.54,84.42,39.39,31.85,80.85,37.96,30.93,81.49,37.96,34.18,90.04,31.93,34.55,108.21,31.60,34.15,108.07,0.00,0.00,0.00,0.00,0.00,0.00,0.00,0.00,0.00,0.00,0.00,0.00,284.05,249.19,87.73,2026
EM00011441,Hasibur Rahman,1315,Chattogram,CH031-V,04,1,10.35,9.85,95.14,10.35,8.47,81.81,10.58,7.00,66.16,11.29,9.57,84.80,11.20,9.24,82.50,12.10,12.12,100.17,12.25,11.33,92.50,13.15,12.49,94.95,0.00,0.00,0.00,0.00,0.00,0.00,0.00,0.00,0.00,0.00,0.00,0.00,91.27,80.07,87.72,2026
EM00012858,Md. Mojnu Islam,1310,Paltan,PA153-C,01,1,4.88,4.14,84.81,4.85,4.48,92.52,4.85,3.86,79.68,6.15,4.78,77.76,5.93,4.60,77.59,5.93,5.13,86.50,4.80,5.38,112.00,4.91,4.73,96.26,0.00,0.00,0.00,0.00,0.00,0.00,0.00,0.00,0.00,0.00,0.00,0.00,42.29,37.10,87.72,2026
EM00014361,Abul Kashem,1310,Paltan,PA053-A,01,1,7.02,6.96,99.20,6.97,6.50,93.29,6.97,6.08,87.33,8.54,6.24,73.09,8.22,6.39,77.81,8.22,6.91,84.13,6.06,6.69,110.34,6.22,5.28,84.81,0.00,0.00,0.00,0.00,0.00,0.00,0.00,0.00,0.00,0.00,0.00,0.00,58.21,51.05,87.71,2026
EM00013792,Md. Tufael Alam,1314,Mymensingh,MY075-C,01,1,8.04,5.55,69.08,7.98,6.81,85.34,7.98,7.50,94.02,9.21,8.19,88.93,9.11,7.86,86.24,9.11,7.53,82.67,8.32,8.41,101.07,8.21,7.75,94.45,0.00,0.00,0.00,0.00,0.00,0.00,0.00,0.00,0.00,0.00,0.00,0.00,67.96,59.61,87.71,2026
EM00013327,Md. Ferdoush Bappy,1329,Tangail,TA021-V,04,1,5.75,4.43,77.03,5.75,4.41,76.76,5.88,5.83,99.11,6.27,5.67,90.36,6.27,5.64,89.97,6.79,5.89,86.82,7.05,6.26,88.75,7.57,6.89,91.05,0.00,0.00,0.00,0.00,0.00,0.00,0.00,0.00,0.00,0.00,0.00,0.00,51.33,45.02,87.71,2026
EM00015551,Md. Jakaria Sarker,1313,Narayanganj,NA022-V,04,1,7.95,7.04,88.50,7.95,7.23,90.92,8.13,7.10,87.38,8.67,8.87,102.35,8.67,6.76,77.99,9.40,8.39,89.22,9.75,8.33,85.42,10.48,8.53,81.44,0.00,0.00,0.00,0.00,0.00,0.00,0.00,0.00,0.00,0.00,0.00,0.00,71.00,62.25,87.68,2026
EM00012920,Md. Rishad Ahmed,1334,MYM+TNG+KSG,MY011-N,03,1,6.50,4.52,69.53,6.50,5.00,76.86,6.25,5.38,86.01,6.50,7.33,112.78,6.65,4.21,63.24,6.65,6.30,94.74,7.25,7.41,102.14,7.25,6.82,94.03,0.00,0.00,0.00,0.00,0.00,0.00,0.00,0.00,0.00,0.00,0.00,0.00,53.55,46.95,87.68,2026
EM00015001,Md. Asaduzzaman,1318,Noakhali,NO015-V,04,1,4.04,3.65,90.44,4.04,3.51,86.96,4.13,3.01,72.79,4.40,4.51,102.46,4.40,4.08,92.63,4.77,4.31,90.43,4.96,3.55,71.59,5.33,5.00,93.82,0.00,0.00,0.00,0.00,0.00,0.00,0.00,0.00,0.00,0.00,0.00,0.00,36.07,31.62,87.67,2026
EM00010073,Mohammed Hanif,1317,Cumilla,CU133-C,01,1,10.08,9.11,90.39,10.01,9.08,90.73,10.01,9.28,92.74,10.31,8.48,82.24,9.94,7.52,75.65,9.94,9.15,92.02,10.05,8.42,83.77,9.91,9.31,93.96,0.00,0.00,0.00,0.00,0.00,0.00,0.00,0.00,0.00,0.00,0.00,0.00,80.26,70.36,87.67,2026
EM00011794,Md. Humayun Kabir,1311,Dhanmondi,DH220-P,01,2,32.13,32.24,100.34,31.91,30.16,94.53,31.91,28.11,88.08,40.83,29.77,72.90,39.25,29.64,75.52,39.25,31.79,80.98,34.73,34.97,100.68,35.65,33.71,94.56,0.00,0.00,0.00,0.00,0.00,0.00,0.00,0.00,0.00,0.00,0.00,0.00,285.67,250.38,87.65,2026
EM00011983,Jamirul Islam,1322,Rangpur,RN015-G,02,1,4.55,3.34,73.46,4.40,3.54,80.46,4.50,3.67,81.53,4.85,4.07,83.88,4.50,4.25,94.39,4.95,4.41,89.16,5.00,4.68,93.53,5.15,5.26,102.10,0.00,0.00,0.00,0.00,0.00,0.00,0.00,0.00,0.00,0.00,0.00,0.00,37.90,33.22,87.64,2026
EM00013258,Md. Mahfuj Chowdhury,1313,Narayanganj,NA061-B,01,1,6.56,5.76,87.86,6.56,5.53,84.35,6.56,5.81,88.62,7.03,5.62,79.87,6.79,5.34,78.68,6.79,5.95,87.68,6.51,6.47,99.45,6.67,6.36,95.37,0.00,0.00,0.00,0.00,0.00,0.00,0.00,0.00,0.00,0.00,0.00,0.00,53.46,46.85,87.63,2026
EM00013481,Dipu Ukil,1327,Faridpur,FA142-A,01,1,9.27,7.11,76.65,9.21,8.47,92.02,9.21,8.68,94.30,10.41,8.77,84.26,10.08,8.81,87.42,10.08,8.37,83.04,9.15,8.26,90.27,9.16,8.60,93.88,0.00,0.00,0.00,0.00,0.00,0.00,0.00,0.00,0.00,0.00,0.00,0.00,76.56,67.07,87.60,2026
EM00012044,Md. Unus Hossain,1324,Jashore,JA094-C,01,1,8.51,7.17,84.26,8.51,6.84,80.36,8.51,7.24,85.16,10.05,7.71,76.70,9.68,7.42,76.68,9.68,8.55,88.29,8.60,8.82,102.61,8.66,9.48,109.47,0.00,0.00,0.00,0.00,0.00,0.00,0.00,0.00,0.00,0.00,0.00,0.00,72.19,63.23,87.59,2026
EM00010468,Md. Abdus Shafi,1321,Rajshahi,RA083-A,01,1,9.52,5.23,54.92,9.09,6.34,69.72,9.09,7.14,78.55,11.69,7.99,68.33,11.27,8.72,77.35,11.27,11.31,100.30,9.72,11.49,118.27,9.88,13.19,133.49,0.00,0.00,0.00,0.00,0.00,0.00,0.00,0.00,0.00,0.00,0.00,0.00,81.53,71.40,87.57,2026
EM00009692,Shahadat Hossain,1321,Rajshahi,RA023-A,01,1,7.78,6.42,82.53,7.72,6.43,83.24,7.72,6.59,85.35,8.63,7.22,83.66,8.31,6.49,78.14,8.31,7.33,88.16,7.19,7.25,100.87,7.28,7.37,101.21,0.00,0.00,0.00,0.00,0.00,0.00,0.00,0.00,0.00,0.00,0.00,0.00,62.93,55.09,87.54,2026
EM00011646,Habibur Rahman,1312,Uttara,UT073-C,01,1,7.28,6.66,91.57,7.23,6.14,84.91,7.23,6.05,83.76,8.23,5.99,72.82,7.92,6.28,79.27,7.92,6.45,81.43,7.39,7.83,106.04,7.36,7.59,103.10,0.00,0.00,0.00,0.00,0.00,0.00,0.00,0.00,0.00,0.00,0.00,0.00,60.56,53.00,87.53,2026
EM00013700,Shafiul Islam,1314,Mymensingh,MY044-C,01,1,7.71,6.30,81.70,7.66,6.68,87.28,7.66,6.86,89.56,8.61,7.28,84.58,8.37,6.57,78.50,8.37,7.00,83.65,7.87,7.54,95.77,7.77,7.80,100.37,0.00,0.00,0.00,0.00,0.00,0.00,0.00,0.00,0.00,0.00,0.00,0.00,64.02,56.03,87.53,2026
EM00013859,Shanta Kumar .,1327,Faridpur,FA112-A,01,1,6.08,4.74,77.89,6.04,5.23,86.52,6.04,5.53,91.58,6.75,5.51,81.61,6.45,5.30,82.17,6.45,5.39,83.57,5.87,5.78,98.49,5.88,5.90,100.43,0.00,0.00,0.00,0.00,0.00,0.00,0.00,0.00,0.00,0.00,0.00,0.00,49.56,43.37,87.53,2026
EM00011134,Md. Azgor Hossain,1311,Dhanmondi,DH084-G,02,1,7.60,5.62,73.89,9.00,6.55,72.74,9.20,7.46,81.14,9.92,8.45,85.21,9.40,8.36,88.96,10.00,9.24,92.36,10.00,9.76,97.56,10.20,10.48,102.75,0.00,0.00,0.00,0.00,0.00,0.00,0.00,0.00,0.00,0.00,0.00,0.00,75.32,65.91,87.51,2026
EM00015354,Md. Mobarak Hossain Patwary,1319,Feni,FE012-G,02,1,6.40,6.41,100.08,6.18,5.02,81.24,6.29,3.96,63.00,6.60,5.65,85.56,6.20,5.15,83.08,6.80,5.96,87.68,6.80,6.50,95.53,7.10,7.16,100.81,0.00,0.00,0.00,0.00,0.00,0.00,0.00,0.00,0.00,0.00,0.00,0.00,52.37,45.80,87.46,2026
EM00012758,Ashrafur Rahman,1315,Chattogram,CH035-G,02,1,6.00,6.12,101.97,5.80,5.38,92.78,6.00,6.08,101.25,6.60,5.37,81.30,6.20,4.62,74.51,6.80,4.98,73.27,6.80,5.18,76.21,7.01,7.06,100.73,0.00,0.00,0.00,0.00,0.00,0.00,0.00,0.00,0.00,0.00,0.00,0.00,51.21,44.79,87.46,2026
EM00014334,Joy Chandra Debnath,1316,Sylhet,SY033-G,02,1,6.00,4.96,82.72,5.75,5.07,88.13,5.75,5.16,89.78,6.25,5.51,88.14,5.90,5.27,89.36,6.50,5.62,86.46,6.50,5.61,86.26,6.70,5.95,88.87,0.00,0.00,0.00,0.00,0.00,0.00,0.00,0.00,0.00,0.00,0.00,0.00,49.35,43.15,87.45,2026
EM00013715,Ahsan Habib,1322,Rangpur,RN023-C,01,1,6.65,5.52,83.01,6.65,5.00,75.12,6.65,5.58,83.86,8.13,5.77,70.97,7.87,6.28,79.73,7.87,7.45,94.61,7.19,8.08,112.36,7.44,7.45,100.16,0.00,0.00,0.00,0.00,0.00,0.00,0.00,0.00,0.00,0.00,0.00,0.00,58.47,51.13,87.44,2026
EM00012616,Md. Ariful Islam,1325,Khulna,KH033-A,01,1,5.26,4.89,93.07,5.22,4.38,83.87,5.22,4.22,80.85,5.80,4.33,74.61,5.80,4.98,85.84,5.80,5.05,86.95,5.45,5.16,94.61,5.32,5.36,100.78,0.00,0.00,0.00,0.00,0.00,0.00,0.00,0.00,0.00,0.00,0.00,0.00,43.87,38.36,87.44,2026
EM00007730,Md. Talabul Islam,1323,Dinajpur,DI054-C,01,1,7.84,5.82,74.21,7.78,6.13,78.86,7.78,6.06,77.89,8.73,7.37,84.43,8.58,7.45,86.86,8.58,8.32,97.08,7.76,7.58,97.73,7.35,7.55,102.71,0.00,0.00,0.00,0.00,0.00,0.00,0.00,0.00,0.00,0.00,0.00,0.00,64.39,56.29,87.42,2026
EM00014034,Md. Shahriar Parves,1310,Paltan,PA044-V,04,1,10.94,9.91,90.58,10.95,9.29,84.86,11.20,7.05,62.90,11.94,12.20,102.17,11.94,12.16,101.82,12.93,10.95,84.69,13.43,11.61,86.46,14.42,12.28,85.17,0.00,0.00,0.00,0.00,0.00,0.00,0.00,0.00,0.00,0.00,0.00,0.00,97.75,85.45,87.42,2026
EM00013390,Rabby Ahmad,1311,Dhanmondi,DH271-A,01,1,4.23,4.28,101.16,4.23,3.90,92.13,4.23,3.93,92.95,5.40,3.87,71.66,5.19,3.53,68.10,5.19,4.02,77.45,4.51,4.71,104.49,4.41,4.44,100.58,0.00,0.00,0.00,0.00,0.00,0.00,0.00,0.00,0.00,0.00,0.00,0.00,37.39,32.69,87.41,2026
EM00011504,Sumon Chandra Barmon,1313,Narayanganj,NA113-A,01,1,10.83,9.82,90.65,10.76,10.23,95.07,10.76,10.03,93.22,11.20,8.08,72.17,8.51,6.60,77.54,8.51,7.10,83.35,7.82,7.65,97.82,8.11,7.37,90.86,0.00,0.00,0.00,0.00,0.00,0.00,0.00,0.00,0.00,0.00,0.00,0.00,76.50,66.87,87.41,2026
EM00012388,Md. Soharab Hossain,1318,Noakhali,NO143-C,01,1,8.00,6.24,78.01,7.97,6.80,85.40,7.97,6.74,84.57,8.65,7.74,89.39,8.50,7.11,83.64,8.50,6.91,81.35,7.93,7.66,96.52,7.76,7.85,101.25,0.00,0.00,0.00,0.00,0.00,0.00,0.00,0.00,0.00,0.00,0.00,0.00,65.28,57.06,87.40,2026
EM00010707,Md. Shamim Ahmed,1326,Barishal,BA023-A,01,1,5.61,5.13,91.47,5.57,4.60,82.59,5.57,4.55,81.76,6.29,5.04,80.21,6.29,4.99,79.29,6.29,5.01,79.70,5.44,5.77,106.06,5.40,5.51,101.89,0.00,0.00,0.00,0.00,0.00,0.00,0.00,0.00,0.00,0.00,0.00,0.00,46.46,40.60,87.40,2026
EM00015401,Md. Al-Amin,1332,B. Baria,BB042-A,01,1,8.02,6.79,84.62,7.97,6.99,87.74,6.83,6.03,88.30,7.24,5.73,79.14,7.13,5.90,82.72,7.13,5.25,73.58,7.05,7.16,101.56,6.95,7.12,102.52,0.00,0.00,0.00,0.00,0.00,0.00,0.00,0.00,0.00,0.00,0.00,0.00,58.33,50.97,87.40,2026
EM00016174,Md. Israfil,1318,Noakhali,NO124-B,01,1,0.00,0.00,0.00,0.00,0.00,0.00,0.00,0.00,0.00,0.00,0.00,0.00,5.59,2.89,51.71,5.59,4.68,83.71,5.17,5.36,103.58,5.13,5.84,113.89,0.00,0.00,0.00,0.00,0.00,0.00,0.00,0.00,0.00,0.00,0.00,0.00,21.47,18.76,87.37,2026
EM00010906,Md. Arifuzzaman .,1326,Barishal,BA030-V,04,2,26.00,21.21,81.56,26.00,20.50,78.83,26.59,19.48,73.26,28.37,27.05,95.36,28.37,26.57,93.65,30.73,30.30,98.60,31.90,27.60,86.53,33.77,29.71,87.97,0.00,0.00,0.00,0.00,0.00,0.00,0.00,0.00,0.00,0.00,0.00,0.00,231.73,202.42,87.35,2026
EM00016125,Md. Mazadul Islam,1320,Bogura,BO113-B,01,1,0.00,0.00,0.00,0.00,0.00,0.00,0.00,0.00,0.00,0.00,0.00,0.00,6.00,4.11,68.50,6.00,4.76,79.36,4.80,5.15,107.33,4.80,4.84,100.83,0.00,0.00,0.00,0.00,0.00,0.00,0.00,0.00,0.00,0.00,0.00,0.00,21.60,18.86,87.33,2026
EM00016412,Polash Chandra Shil,1317,Cumilla,CU013-A,01,1,0.00,0.00,0.00,0.00,0.00,0.00,0.00,0.00,0.00,0.00,0.00,0.00,0.00,0.00,0.00,0.00,0.00,0.00,3.57,3.03,84.95,3.52,3.16,89.74,0.00,0.00,0.00,0.00,0.00,0.00,0.00,0.00,0.00,0.00,0.00,0.00,7.08,6.19,87.33,2026
EM00011742,Md. Roman Shikder,1310,Paltan,PA172-A,01,1,10.00,10.01,100.07,9.33,8.87,95.02,9.33,6.91,74.11,10.97,7.19,65.60,10.56,7.69,72.83,10.56,8.86,83.86,8.70,10.05,115.57,9.00,8.92,99.15,0.00,0.00,0.00,0.00,0.00,0.00,0.00,0.00,0.00,0.00,0.00,0.00,78.45,68.51,87.33,2026
EM00001144,Mohammad Iqbal Hossain,1317,Cumilla,CU080-P,01,2,33.63,28.08,83.50,33.39,30.83,92.34,33.39,28.48,85.29,34.97,30.01,85.81,33.71,26.86,79.69,33.71,27.93,82.86,33.55,30.81,91.83,33.07,32.27,97.57,0.00,0.00,0.00,0.00,0.00,0.00,0.00,0.00,0.00,0.00,0.00,0.00,269.43,235.28,87.32,2026
EM00008020,Md. Safaitul Islam,1317,Cumilla,CU031-G,02,1,11.25,10.19,90.54,10.92,9.56,87.53,11.10,9.76,87.96,12.01,10.01,83.31,11.28,10.28,91.12,12.42,10.35,83.33,12.43,10.82,87.04,12.80,11.30,88.27,0.00,0.00,0.00,0.00,0.00,0.00,0.00,0.00,0.00,0.00,0.00,0.00,94.21,82.26,87.31,2026
EM00011589,Mohammad Kamrul Hasan,1315,Chattogram,CH122-A,01,1,8.92,6.50,72.88,8.42,8.64,102.60,8.42,8.40,99.80,8.61,6.69,77.65,8.31,6.73,81.01,8.31,6.56,78.97,7.89,6.73,85.33,7.47,7.67,102.62,0.00,0.00,0.00,0.00,0.00,0.00,0.00,0.00,0.00,0.00,0.00,0.00,66.36,57.93,87.30,2026
EM00003974,Md. Walid Hossain,1333,SYL+MLB,RV04006,04,4,130.46,113.60,87.08,130.46,100.93,77.37,133.42,92.97,69.68,142.31,144.95,101.86,142.31,122.41,86.02,154.17,146.58,95.08,160.10,146.42,91.45,171.96,149.30,86.82,0.00,0.00,0.00,0.00,0.00,0.00,0.00,0.00,0.00,0.00,0.00,0.00,1165.19,1017.16,87.30,2026
EM00011996,H.M. Shariar Tufan,1311,Dhanmondi,DH051-A,01,1,4.48,4.52,100.73,4.48,4.08,91.02,4.48,4.06,90.64,5.73,4.14,72.26,5.51,3.40,61.71,5.51,4.71,85.37,4.41,4.71,106.75,4.36,4.41,100.97,0.00,0.00,0.00,0.00,0.00,0.00,0.00,0.00,0.00,0.00,0.00,0.00,38.98,34.03,87.28,2026
EM00009058,Md. Younus Ali,1310,Paltan,PA280-P,01,2,29.58,26.69,90.23,29.37,25.04,85.25,29.37,30.32,103.26,38.09,26.48,69.52,36.69,25.70,70.03,36.69,36.59,99.71,31.56,30.93,98.01,32.47,28.50,87.78,0.00,0.00,0.00,0.00,0.00,0.00,0.00,0.00,0.00,0.00,0.00,0.00,263.81,230.25,87.28,2026
EM00015466,Asadul Islam,1313,Narayanganj,NA131-A,01,1,8.40,8.36,99.52,8.34,7.22,86.59,8.34,7.83,93.86,9.22,7.51,81.49,8.94,7.13,79.75,8.94,7.46,83.52,8.16,7.55,92.54,8.41,6.92,82.32,0.00,0.00,0.00,0.00,0.00,0.00,0.00,0.00,0.00,0.00,0.00,0.00,68.74,59.98,87.27,2026
EM00013210,Abul Gofur,1311,Dhanmondi,DH023-B,01,1,5.15,5.17,100.38,5.15,5.18,100.74,5.15,5.25,102.02,6.48,4.38,67.66,6.25,4.17,66.77,6.25,4.59,73.45,5.68,5.43,95.48,5.60,5.70,101.78,0.00,0.00,0.00,0.00,0.00,0.00,0.00,0.00,0.00,0.00,0.00,0.00,45.69,39.87,87.25,2026
EM00013186,Md. Shajjad Hossain,1311,Dhanmondi,DH104-A,01,1,7.45,6.22,83.42,7.45,6.77,90.92,7.45,6.51,87.41,8.32,6.65,79.88,8.01,6.78,84.63,8.01,6.88,85.95,6.86,6.67,97.21,6.86,6.22,90.76,0.00,0.00,0.00,0.00,0.00,0.00,0.00,0.00,0.00,0.00,0.00,0.00,60.41,52.70,87.24,2026
EM00005573,Mr. Babul Sarder,1321,Rajshahi,RA012-A,01,1,4.90,3.58,73.06,4.86,4.06,83.43,4.86,4.41,90.59,5.53,4.59,83.14,5.33,4.56,85.63,5.33,4.40,82.69,4.60,4.63,100.59,4.60,4.67,101.39,0.00,0.00,0.00,0.00,0.00,0.00,0.00,0.00,0.00,0.00,0.00,0.00,40.00,34.89,87.22,2026
EM00008096,Mr. Chinmoy Borcondag,1335,Kushtia,KU043-C,01,1,9.07,6.57,72.39,9.00,7.31,81.21,9.00,7.44,82.58,10.26,8.45,82.41,9.89,8.96,90.64,9.89,8.52,86.11,9.07,9.12,100.60,9.15,9.33,101.99,0.00,0.00,0.00,0.00,0.00,0.00,0.00,0.00,0.00,0.00,0.00,0.00,75.33,65.70,87.21,2026
EM00003201,Mr. Bikash Chandra Bir,1317,Cumilla,RP01023,01,4,322.84,283.26,87.74,320.53,298.01,92.97,320.53,296.97,92.65,340.53,279.17,81.98,328.13,256.98,78.32,328.13,273.20,83.26,324.40,298.98,92.16,319.76,285.18,89.19,0.00,0.00,0.00,0.00,0.00,0.00,0.00,0.00,0.00,0.00,0.00,0.00,2604.85,2271.75,87.21,2026
EM00013891,Md. Niyaj Morshed Nayan,1320,Bogura,BO082-A,01,1,8.08,6.81,84.30,8.02,6.11,76.21,8.02,6.84,85.29,5.46,4.94,90.62,5.45,4.34,79.59,5.45,4.77,87.51,4.50,4.76,105.84,4.50,4.57,101.48,0.00,0.00,0.00,0.00,0.00,0.00,0.00,0.00,0.00,0.00,0.00,0.00,49.47,43.14,87.20,2026
EM00009924,Md. Rokunnuzzaman,1322,Rangpur,RN021-V,04,1,6.70,5.61,83.72,6.70,4.89,72.99,6.85,4.86,70.93,7.08,7.45,105.21,6.91,6.41,92.81,7.48,7.01,93.71,7.57,6.21,82.03,7.98,7.49,93.89,0.00,0.00,0.00,0.00,0.00,0.00,0.00,0.00,0.00,0.00,0.00,0.00,57.27,49.93,87.19,2026
EM00009581,Sujan Paul,1319,Feni,FE014-V,04,1,5.14,4.31,83.79,5.14,4.57,89.01,5.26,4.16,79.03,5.62,5.42,96.49,5.62,5.02,89.34,6.09,5.74,94.28,6.60,5.55,84.14,7.09,5.81,81.91,0.00,0.00,0.00,0.00,0.00,0.00,0.00,0.00,0.00,0.00,0.00,0.00,46.56,40.58,87.17,2026
EM00005485,Md. Nabil Ahmed,1329,Tangail,TA010-V,04,2,26.83,22.65,84.41,26.83,21.61,80.54,27.44,20.75,75.63,29.26,29.34,100.29,29.26,24.85,84.92,31.70,28.65,90.38,32.92,29.93,90.93,35.36,31.05,87.82,0.00,0.00,0.00,0.00,0.00,0.00,0.00,0.00,0.00,0.00,0.00,0.00,239.60,208.84,87.16,2026
EM00002567,Md. Masud Rumi,1335,Kushtia,KU032-A,01,1,10.12,9.17,90.52,10.05,7.53,74.95,10.05,8.94,88.99,11.04,9.25,83.79,8.94,7.42,83.05,8.94,7.19,80.40,7.20,7.30,101.47,7.36,7.44,100.98,0.00,0.00,0.00,0.00,0.00,0.00,0.00,0.00,0.00,0.00,0.00,0.00,73.71,64.24,87.16,2026
EM00016435,Monirul Islam,1310,Paltan,PA036-G,02,1,0.00,0.00,0.00,0.00,0.00,0.00,0.00,0.00,0.00,0.00,0.00,0.00,0.00,0.00,0.00,0.00,0.00,0.00,0.00,0.00,0.00,3.00,2.61,87.14,0.00,0.00,0.00,0.00,0.00,0.00,0.00,0.00,0.00,0.00,0.00,0.00,3.00,2.61,87.14,2026
EM00009258,Md. Shabuj Ali,1324,Jashore,JA040-P,01,2,54.06,46.51,86.02,53.76,41.63,77.42,53.76,46.53,86.55,62.83,48.52,77.22,60.58,49.47,81.66,60.58,51.98,85.80,55.58,57.59,103.62,55.96,56.02,100.09,0.00,0.00,0.00,0.00,0.00,0.00,0.00,0.00,0.00,0.00,0.00,0.00,457.12,398.24,87.12,2026
EM00011225,Md. Dulal Hossain,1327,Faridpur,FA040-G,02,2,29.50,25.02,84.82,28.22,24.35,86.29,28.60,26.43,92.43,31.24,24.39,78.07,29.00,25.83,89.08,31.80,27.35,85.99,31.80,27.84,87.55,32.73,30.31,92.60,0.00,0.00,0.00,0.00,0.00,0.00,0.00,0.00,0.00,0.00,0.00,0.00,242.89,211.52,87.09,2026
EM00016528,Md. Ashraf Uddin,1333,Moulvibazar,MO043-B,01,1,0.00,0.00,0.00,0.00,0.00,0.00,0.00,0.00,0.00,0.00,0.00,0.00,0.00,0.00,0.00,0.00,0.00,0.00,0.00,0.00,0.00,9.64,8.40,87.08,0.00,0.00,0.00,0.00,0.00,0.00,0.00,0.00,0.00,0.00,0.00,0.00,9.64,8.40,87.08,2026
EM00014059,Tarek Mahmud,1323,Dinajpur,DI022-G,02,1,5.70,5.23,91.78,5.55,4.73,85.16,5.55,4.92,88.71,6.00,4.71,78.53,5.60,4.95,88.43,6.15,5.39,87.69,6.15,5.43,88.36,6.35,5.59,88.09,0.00,0.00,0.00,0.00,0.00,0.00,0.00,0.00,0.00,0.00,0.00,0.00,47.05,40.97,87.07,2026
EM00011359,Md. Ali Azam,1333,Moulvibazar,MO010-G,02,2,32.20,28.34,88.01,31.15,27.29,87.62,31.67,28.99,91.54,34.28,27.34,79.76,32.20,28.99,90.03,35.35,30.46,86.17,35.35,31.06,87.86,36.33,31.31,86.17,0.00,0.00,0.00,0.00,0.00,0.00,0.00,0.00,0.00,0.00,0.00,0.00,268.53,233.78,87.06,2026
EM00010754,Md. Abu Syed,1312,Uttara,UT102-A,01,1,7.68,6.91,90.03,7.58,6.38,84.12,7.58,5.73,75.59,8.19,6.46,78.86,8.00,6.70,83.73,8.00,6.58,82.28,6.55,7.28,111.22,6.65,6.37,95.86,0.00,0.00,0.00,0.00,0.00,0.00,0.00,0.00,0.00,0.00,0.00,0.00,60.23,52.42,87.03,2026
EM00016247,Md. Zohurul Islam,1311,Dhanmondi,DH082-B,01,1,0.00,0.00,0.00,0.00,0.00,0.00,0.00,0.00,0.00,0.00,0.00,0.00,0.00,0.00,0.00,6.70,3.83,57.19,6.37,6.72,105.55,6.17,6.18,100.23,0.00,0.00,0.00,0.00,0.00,0.00,0.00,0.00,0.00,0.00,0.00,0.00,19.24,16.74,87.00,2026
EM00008151,Mr. Al-Amin,1324,Jashore,JA020-P,01,2,39.27,32.35,82.39,38.98,31.20,80.03,38.98,32.02,82.12,44.41,35.42,79.77,42.41,35.58,83.88,42.41,38.11,89.86,37.91,37.83,99.79,37.59,37.61,100.04,0.00,0.00,0.00,0.00,0.00,0.00,0.00,0.00,0.00,0.00,0.00,0.00,321.98,280.12,87.00,2026
EM00015844,Md. Afsar Uddin,1332,B. Baria,BB041-A,01,1,0.00,0.00,0.00,0.00,0.00,0.00,6.52,6.18,94.81,7.36,6.40,86.86,7.09,5.24,73.87,7.09,7.13,100.47,7.07,6.07,85.92,6.96,5.60,80.46,0.00,0.00,0.00,0.00,0.00,0.00,0.00,0.00,0.00,0.00,0.00,0.00,42.10,36.61,86.98,2026
EM00012700,Md. Farhad Hossain,1311,Dhanmondi,DH162-A,01,1,6.39,6.41,100.35,6.39,6.44,100.79,6.39,6.07,95.00,7.17,6.70,93.42,6.83,4.87,71.35,6.83,5.94,87.02,6.18,4.75,76.88,6.09,4.27,70.08,0.00,0.00,0.00,0.00,0.00,0.00,0.00,0.00,0.00,0.00,0.00,0.00,52.24,45.43,86.97,2026
EM00011445,Md. Abdul Alim,1311,Dhanmondi,DH070-V,04,2,32.03,28.08,87.68,32.00,25.81,80.65,32.73,22.15,67.66,34.91,35.69,102.24,34.91,30.56,87.54,37.85,35.34,93.37,39.30,34.31,87.31,42.21,36.71,86.97,0.00,0.00,0.00,0.00,0.00,0.00,0.00,0.00,0.00,0.00,0.00,0.00,285.94,248.66,86.96,2026
EM00015335,Paritos Kumar Barman,1312,Uttara,UT035-V,04,1,7.24,5.85,80.75,7.34,5.92,80.65,7.51,4.75,63.30,8.02,7.53,93.83,8.05,6.16,76.49,8.72,8.81,101.05,9.06,9.15,100.98,9.73,8.94,91.90,0.00,0.00,0.00,0.00,0.00,0.00,0.00,0.00,0.00,0.00,0.00,0.00,65.67,57.11,86.96,2026
EM00007911,Md. Farjel Hosin,1323,Dinajpur,DI031-C,01,1,9.42,7.07,75.04,9.36,7.50,80.15,9.36,7.60,81.22,10.37,8.74,84.24,10.00,7.78,77.84,10.00,8.75,87.52,8.50,9.36,110.09,8.38,8.75,104.47,0.00,0.00,0.00,0.00,0.00,0.00,0.00,0.00,0.00,0.00,0.00,0.00,75.38,65.55,86.96,2026
EM00014556,Md. Mahfuz Hannan,1316,Sylhet,SY012-A,01,1,4.33,3.28,75.79,4.15,3.63,87.43,4.15,3.32,79.84,4.72,4.21,89.22,4.54,3.47,76.42,4.54,3.94,86.83,4.02,4.06,100.92,3.97,4.03,101.42,0.00,0.00,0.00,0.00,0.00,0.00,0.00,0.00,0.00,0.00,0.00,0.00,34.42,29.93,86.95,2026
EM00014621,Dharani Roy,1315,Chattogram,CH122-B,01,1,8.52,6.68,78.34,8.52,7.56,88.72,8.52,7.52,88.21,8.96,7.22,80.64,8.64,7.29,84.39,8.64,7.34,84.98,7.94,7.20,90.76,7.52,7.65,101.85,0.00,0.00,0.00,0.00,0.00,0.00,0.00,0.00,0.00,0.00,0.00,0.00,67.26,58.47,86.94,2026
EM00015767,Md. Sakib Al Hasan,1310,Paltan,PA041-V,04,1,0.00,0.00,0.00,7.10,5.04,71.04,7.26,5.65,77.86,7.75,7.29,94.09,7.75,6.80,87.73,8.40,8.41,100.15,8.71,7.23,83.05,9.36,8.53,91.10,0.00,0.00,0.00,0.00,0.00,0.00,0.00,0.00,0.00,0.00,0.00,0.00,56.33,48.96,86.92,2026
EM00015277,Mahabur Rahman,1332,B. Baria,BB015-G,02,1,5.88,5.22,88.69,5.70,4.93,86.44,5.80,5.01,86.38,6.30,4.86,77.15,5.92,5.33,90.04,6.50,5.64,86.76,6.50,5.96,91.63,10.00,8.77,87.71,0.00,0.00,0.00,0.00,0.00,0.00,0.00,0.00,0.00,0.00,0.00,0.00,52.60,45.71,86.90,2026
EM00012064,Md. Joynal Abden,1318,Noakhali,NO121-B,01,1,8.15,6.71,82.27,8.11,6.27,77.22,8.11,7.11,87.60,8.82,7.69,87.25,8.32,7.01,84.29,8.32,7.23,86.94,7.81,7.80,99.91,7.73,6.99,90.43,0.00,0.00,0.00,0.00,0.00,0.00,0.00,0.00,0.00,0.00,0.00,0.00,65.36,56.79,86.90,2026
EM00009592,Md. Rubel Rana,1311,Dhanmondi,DH080-G,02,2,35.25,31.63,89.73,34.10,26.08,76.49,34.67,28.84,83.18,37.54,32.15,85.63,35.25,31.14,88.33,38.70,31.38,81.08,38.70,36.53,94.39,39.86,37.79,94.81,0.00,0.00,0.00,0.00,0.00,0.00,0.00,0.00,0.00,0.00,0.00,0.00,294.07,255.53,86.89,2026
EM00012687,Md. Shohag Hossen,1310,Paltan,PA062-A,01,1,7.99,7.59,94.95,7.93,8.72,109.97,7.93,6.52,82.18,8.70,5.42,62.35,8.38,5.48,65.43,8.38,6.64,79.26,7.73,8.13,105.20,7.80,7.82,100.26,0.00,0.00,0.00,0.00,0.00,0.00,0.00,0.00,0.00,0.00,0.00,0.00,64.84,56.33,86.87,2026
EM00011438,Alamin Hossain,1310,Paltan,PA012-V,04,1,8.65,7.58,87.59,8.60,6.81,79.16,8.80,4.81,54.67,9.41,9.64,102.45,9.41,7.74,82.24,10.19,10.37,101.78,10.58,9.71,91.76,11.36,10.22,89.98,0.00,0.00,0.00,0.00,0.00,0.00,0.00,0.00,0.00,0.00,0.00,0.00,77.00,66.87,86.85,2026
EM00008186,Mr. Sarif Muhammad Kader,1313,Narayanganj,NA042-A,01,1,11.50,10.38,90.31,11.50,10.71,93.14,11.50,10.52,91.48,8.23,6.34,77.06,8.44,6.51,77.12,8.44,6.90,81.79,7.72,6.87,88.98,7.92,7.10,89.67,0.00,0.00,0.00,0.00,0.00,0.00,0.00,0.00,0.00,0.00,0.00,0.00,75.24,65.33,86.83,2026
EM00007850,Md. Maksudul Islam,1325,Khulna,KH041-A,01,1,5.06,4.16,82.11,5.02,4.53,90.08,5.02,4.15,82.62,5.66,4.40,77.88,5.66,4.45,78.65,5.66,4.45,78.61,5.20,5.52,106.08,5.20,5.22,100.38,0.00,0.00,0.00,0.00,0.00,0.00,0.00,0.00,0.00,0.00,0.00,0.00,42.48,36.87,86.79,2026
EM00014191,Md. Aminul Islam,1312,Uttara,UT101-A,01,1,5.48,5.30,96.75,5.30,4.00,75.45,5.30,4.47,84.28,5.75,4.72,82.09,5.60,4.54,80.99,5.60,4.01,71.64,4.68,4.98,106.44,4.70,4.79,101.89,0.00,0.00,0.00,0.00,0.00,0.00,0.00,0.00,0.00,0.00,0.00,0.00,42.41,36.80,86.78,2026
EM00009708,Md. Hasanur Rahman,1327,Faridpur,FA043-G,02,1,6.50,4.96,76.29,6.00,5.79,96.42,6.20,6.13,98.84,6.80,5.53,81.39,6.38,5.54,86.83,6.99,5.64,80.70,6.99,6.01,85.92,7.20,6.46,89.66,0.00,0.00,0.00,0.00,0.00,0.00,0.00,0.00,0.00,0.00,0.00,0.00,53.06,46.05,86.78,2026
EM00015340,Md. Al-Amin,1317,Cumilla,CU082-C,01,1,10.06,7.90,78.52,9.99,10.00,100.08,9.99,8.43,84.35,10.39,9.40,90.48,10.02,8.21,81.94,10.02,8.02,80.08,10.08,8.43,83.59,9.94,9.46,95.20,0.00,0.00,0.00,0.00,0.00,0.00,0.00,0.00,0.00,0.00,0.00,0.00,80.49,69.85,86.78,2026
EM00013268,Proshenjit Tikader,1327,Faridpur,FA051-B,01,1,7.94,5.97,75.14,7.89,5.93,75.26,7.89,7.12,90.30,9.04,7.81,86.37,8.84,7.96,90.07,8.84,7.39,83.63,8.11,7.70,95.01,7.81,7.68,98.39,0.00,0.00,0.00,0.00,0.00,0.00,0.00,0.00,0.00,0.00,0.00,0.00,66.35,57.57,86.77,2026
EM00010477,Md. Abdul Hei,1315,Chattogram,CH051-G,02,1,8.80,7.26,82.53,8.60,7.26,84.39,8.75,7.55,86.33,9.45,7.63,80.71,8.90,8.44,94.86,9.80,8.58,87.57,9.80,8.83,90.09,10.10,8.83,87.42,0.00,0.00,0.00,0.00,0.00,0.00,0.00,0.00,0.00,0.00,0.00,0.00,74.20,64.38,86.77,2026
EM00013664,Md. Motiur Rahman,1312,Uttara,UT061-B,01,1,9.37,7.34,78.36,9.30,7.49,80.56,9.30,8.63,92.83,11.04,8.43,76.36,10.64,8.50,79.89,10.64,8.81,82.75,9.89,10.71,108.32,9.89,9.57,96.68,0.00,0.00,0.00,0.00,0.00,0.00,0.00,0.00,0.00,0.00,0.00,0.00,80.08,69.49,86.77,2026
EM00005986,Md. Ayub Hossain,1312,Uttara,UT100-P,01,2,39.27,35.54,90.51,38.99,32.30,82.86,38.99,30.13,77.30,42.47,33.43,78.71,40.92,32.01,78.23,40.92,33.55,81.99,35.04,37.19,106.13,34.54,35.76,103.55,0.00,0.00,0.00,0.00,0.00,0.00,0.00,0.00,0.00,0.00,0.00,0.00,311.12,269.92,86.76,2026
EM00010267,Md. Manirul Islam,1315,Chattogram,CH070-P,01,2,9.29,9.31,100.19,9.22,9.27,100.52,9.22,9.55,103.56,34.39,26.30,76.47,33.18,26.04,78.48,33.18,27.15,81.81,31.38,28.70,91.48,29.89,28.25,94.52,0.00,0.00,0.00,0.00,0.00,0.00,0.00,0.00,0.00,0.00,0.00,0.00,189.75,164.56,86.73,2026
EM00005833,Md. Sadequr Rahman,1316,Sylhet,SY050-P,01,2,25.81,21.82,84.54,25.23,20.21,80.10,25.23,20.25,80.26,28.55,24.28,85.03,27.48,22.22,80.83,27.48,23.13,84.16,23.84,24.09,101.03,23.51,23.63,100.52,0.00,0.00,0.00,0.00,0.00,0.00,0.00,0.00,0.00,0.00,0.00,0.00,207.14,179.62,86.72,2026
EM00016300,Md. Mamun .,1317,Cumilla,CU052-C,01,1,0.00,0.00,0.00,0.00,0.00,0.00,0.00,0.00,0.00,0.00,0.00,0.00,0.00,0.00,0.00,10.85,6.63,61.08,10.09,10.13,100.33,9.95,10.03,100.84,0.00,0.00,0.00,0.00,0.00,0.00,0.00,0.00,0.00,0.00,0.00,0.00,30.89,26.78,86.71,2026
EM00016189,Anisur Rahman,1314,Mymensingh,MY112-B,01,1,0.00,0.00,0.00,0.00,0.00,0.00,0.00,0.00,0.00,0.00,0.00,0.00,0.00,0.00,0.00,4.36,2.36,54.21,3.67,4.10,111.67,3.61,3.63,100.43,0.00,0.00,0.00,0.00,0.00,0.00,0.00,0.00,0.00,0.00,0.00,0.00,11.64,10.09,86.66,2026
EM00013052,Md. Saiful Islam,1326,Barishal,BA172-B,01,1,7.56,5.69,75.31,7.50,5.83,77.72,7.50,6.28,83.78,8.53,8.69,101.80,8.12,7.10,87.47,8.12,6.28,77.29,6.94,6.65,95.77,6.81,6.41,94.12,0.00,0.00,0.00,0.00,0.00,0.00,0.00,0.00,0.00,0.00,0.00,0.00,61.08,52.92,86.65,2026
EM00016081,Mohammed Saiful Islam Saon,1310,Paltan,PA026-G,02,1,0.00,0.00,0.00,0.00,0.00,0.00,0.00,0.00,0.00,0.00,0.00,0.00,8.36,6.37,76.21,9.09,6.42,70.65,9.09,8.78,96.63,9.35,9.51,101.75,0.00,0.00,0.00,0.00,0.00,0.00,0.00,0.00,0.00,0.00,0.00,0.00,35.89,31.09,86.63,2026
EM00009899,Md. Akteruzzaman Khan,1316,Sylhet,SY071-A,01,1,9.75,9.21,94.45,9.68,8.53,88.09,9.68,7.90,81.61,10.38,8.62,83.10,9.99,7.86,78.65,9.99,7.70,77.07,8.83,8.94,101.20,8.71,7.93,91.06,0.00,0.00,0.00,0.00,0.00,0.00,0.00,0.00,0.00,0.00,0.00,0.00,77.00,66.68,86.59,2026
EM00008236,Mr. Al-Imran,1310,Paltan,PA020-V,04,2,32.35,27.19,84.05,32.15,26.11,81.21,32.88,24.52,74.59,35.07,35.14,100.19,35.07,30.29,86.38,37.99,32.50,85.56,39.46,34.36,87.07,42.38,38.70,91.33,0.00,0.00,0.00,0.00,0.00,0.00,0.00,0.00,0.00,0.00,0.00,0.00,287.35,248.82,86.59,2026
EM00009444,Md. Mashfique Raihan,1335,Kushtia,KU010-P,01,2,9.04,8.28,91.65,8.97,7.41,82.55,8.97,9.03,100.59,9.63,9.95,103.27,6.22,6.37,102.35,6.22,6.49,104.37,43.01,35.94,83.56,43.01,33.49,77.86,0.00,0.00,0.00,0.00,0.00,0.00,0.00,0.00,0.00,0.00,0.00,0.00,135.08,116.96,86.58,2026
EM00001712,Md. Golam Rashedin,1333,Moulvibazar,MO100-P,01,2,39.02,32.08,82.23,38.74,32.34,83.48,38.74,32.34,83.48,43.44,37.54,86.42,41.87,34.33,82.00,41.87,37.39,89.30,37.26,35.42,95.06,36.72,33.56,91.40,0.00,0.00,0.00,0.00,0.00,0.00,0.00,0.00,0.00,0.00,0.00,0.00,317.65,275.00,86.57,2026
EM00016527,Md. Nazmul Huda,1312,Uttara,UT044-B,01,1,0.00,0.00,0.00,0.00,0.00,0.00,0.00,0.00,0.00,0.00,0.00,0.00,0.00,0.00,0.00,0.00,0.00,0.00,0.00,0.00,0.00,6.95,6.02,86.56,0.00,0.00,0.00,0.00,0.00,0.00,0.00,0.00,0.00,0.00,0.00,0.00,6.95,6.02,86.56,2026
EM00010070,Md. Khairul Islam,1327,Faridpur,FA040-P,01,2,38.73,31.80,82.11,38.45,30.45,79.20,38.45,33.15,86.22,42.63,35.56,83.43,41.09,32.53,79.18,41.09,36.17,88.03,37.37,35.86,95.95,35.66,35.79,100.36,0.00,0.00,0.00,0.00,0.00,0.00,0.00,0.00,0.00,0.00,0.00,0.00,313.46,271.31,86.56,2026
EM00005171,Md. Saiful Islam,1313,Narayanganj,NA090-P,01,2,49.65,46.82,94.30,49.30,43.25,87.73,49.30,44.94,91.16,48.67,40.40,83.01,46.88,34.66,73.94,46.88,38.05,81.15,42.62,40.09,94.05,43.89,38.28,87.21,0.00,0.00,0.00,0.00,0.00,0.00,0.00,0.00,0.00,0.00,0.00,0.00,377.19,326.47,86.56,2026
EM00013183,Md. Mosiur Rahman,1323,Dinajpur,DI062-A,01,1,5.88,4.37,74.35,5.84,4.66,79.82,5.84,5.10,87.27,6.52,5.61,85.99,6.50,4.96,76.41,6.50,5.33,82.10,5.01,5.16,103.06,4.94,5.50,111.38,0.00,0.00,0.00,0.00,0.00,0.00,0.00,0.00,0.00,0.00,0.00,0.00,47.02,40.70,86.55,2026
EM00010546,Biswajit Mitra,1311,Dhanmondi,DH042-B,01,1,4.05,4.09,101.08,4.05,3.80,93.89,4.05,4.27,105.33,5.14,3.51,68.43,4.94,2.70,54.74,4.94,3.76,76.18,4.31,4.44,103.00,4.29,4.37,101.81,0.00,0.00,0.00,0.00,0.00,0.00,0.00,0.00,0.00,0.00,0.00,0.00,35.76,30.95,86.54,2026
EM00014817,Md. Jisan Ali,1323,Dinajpur,DI063-C,01,1,8.51,6.43,75.55,8.45,6.35,75.17,8.45,7.12,84.28,9.58,7.73,80.64,9.31,7.64,82.07,9.31,7.94,85.27,7.81,8.37,107.17,7.70,8.23,106.98,0.00,0.00,0.00,0.00,0.00,0.00,0.00,0.00,0.00,0.00,0.00,0.00,69.12,59.81,86.54,2026
EM00006666,Mr. Faruk Ho An,1324,Jashore,JA090-P,01,2,47.92,40.15,83.79,47.62,39.68,83.32,47.62,41.07,86.25,55.47,41.99,75.71,55.11,42.01,76.23,55.11,48.70,88.38,51.11,50.12,98.08,51.46,52.25,101.53,0.00,0.00,0.00,0.00,0.00,0.00,0.00,0.00,0.00,0.00,0.00,0.00,411.40,355.98,86.53,2026
EM00014532,Md. Sabbir Hossain,1321,Rajshahi,RA071-C,01,1,7.47,5.70,76.36,7.42,6.11,82.45,7.42,6.72,90.63,8.45,6.62,78.41,8.14,6.63,81.52,8.14,7.14,87.69,7.24,7.00,96.72,7.24,7.28,100.58,0.00,0.00,0.00,0.00,0.00,0.00,0.00,0.00,0.00,0.00,0.00,0.00,61.50,53.21,86.53,2026
EM00014450,Md. Rubel Ahmed,1314,Mymensingh,MY011-G,02,1,8.25,7.57,91.78,7.95,7.49,94.25,8.05,7.28,90.48,8.60,6.76,78.62,8.10,7.24,89.44,8.90,7.29,81.94,8.25,6.47,78.38,8.15,7.21,88.45,0.00,0.00,0.00,0.00,0.00,0.00,0.00,0.00,0.00,0.00,0.00,0.00,66.25,57.32,86.52,2026
EM00015530,Md. Aminul Islam,1329,Tangail,TA025-V,04,1,5.99,4.27,71.31,5.99,4.87,81.25,6.13,4.77,77.83,6.54,6.63,101.38,6.54,5.72,87.50,7.09,6.30,88.81,7.36,7.03,95.56,7.91,6.74,85.17,0.00,0.00,0.00,0.00,0.00,0.00,0.00,0.00,0.00,0.00,0.00,0.00,53.55,46.33,86.52,2026
EM00016106,Abdus Sabur Kalon,1327,Faridpur,FA023-G,02,1,0.00,0.00,0.00,0.00,0.00,0.00,0.00,0.00,0.00,0.00,0.00,0.00,0.00,0.00,0.00,6.85,5.68,82.90,6.85,5.96,86.96,6.90,6.19,89.66,0.00,0.00,0.00,0.00,0.00,0.00,0.00,0.00,0.00,0.00,0.00,0.00,20.60,17.82,86.52,2026
EM00014971,Proshanta Kumer Ray,1332,B. Baria,BB062-B,01,1,8.20,6.34,77.28,8.14,6.56,80.63,6.53,5.67,86.89,7.35,5.60,76.11,7.09,5.61,79.10,7.09,6.75,95.18,6.60,6.65,100.79,6.51,6.57,100.98,0.00,0.00,0.00,0.00,0.00,0.00,0.00,0.00,0.00,0.00,0.00,0.00,57.50,49.74,86.51,2026
EM00016322,Naimul Hasan,1318,Noakhali,NO064-C,01,1,0.00,0.00,0.00,0.00,0.00,0.00,0.00,0.00,0.00,0.00,0.00,0.00,0.00,0.00,0.00,5.23,3.00,57.41,4.83,4.99,103.17,4.72,4.80,101.67,0.00,0.00,0.00,0.00,0.00,0.00,0.00,0.00,0.00,0.00,0.00,0.00,14.79,12.79,86.50,2026
EM00014625,Md. Sujan Islam,1327,Faridpur,FA011-B,01,1,4.72,4.09,86.50,4.69,3.89,82.89,4.69,3.83,81.69,5.08,4.25,83.67,5.08,3.89,76.47,5.08,3.82,75.21,4.81,5.05,104.95,4.64,4.75,102.31,0.00,0.00,0.00,0.00,0.00,0.00,0.00,0.00,0.00,0.00,0.00,0.00,38.81,33.57,86.50,2026
EM00008693,Md. Razib Hossain,1312,Uttara,UT032-V,04,1,7.55,4.67,61.83,7.35,5.53,75.18,7.52,4.06,53.99,8.03,7.77,96.73,7.80,6.42,82.35,8.45,8.23,97.42,8.78,8.91,101.50,9.43,10.54,111.74,0.00,0.00,0.00,0.00,0.00,0.00,0.00,0.00,0.00,0.00,0.00,0.00,64.91,56.13,86.47,2026
EM00008226,Mr. Nirmal Chandra Sutradhar,1319,Feni,FE063-C,01,1,7.44,5.99,80.53,7.39,6.14,83.11,7.39,6.51,88.09,7.92,6.35,80.19,7.63,6.45,84.44,7.63,6.89,90.29,7.51,6.40,85.20,7.40,7.42,100.16,0.00,0.00,0.00,0.00,0.00,0.00,0.00,0.00,0.00,0.00,0.00,0.00,60.33,52.15,86.45,2026
EM00015015,Md. Shahinur Islam,1315,Chattogram,CH014-V,04,1,9.39,7.95,84.63,9.39,8.52,90.78,9.60,6.62,68.92,10.24,10.52,102.77,10.20,9.55,93.66,11.05,10.07,91.14,7.85,6.08,77.44,8.40,6.48,77.11,0.00,0.00,0.00,0.00,0.00,0.00,0.00,0.00,0.00,0.00,0.00,0.00,76.12,65.79,86.43,2026
EM00008132,Md. Manirul Islam,1313,Narayanganj,NA013-A,01,1,8.39,6.53,77.85,8.23,7.19,87.43,8.23,7.07,85.98,8.91,7.43,83.37,8.57,6.77,79.03,8.57,7.56,88.28,7.53,7.58,100.71,7.72,7.01,90.88,0.00,0.00,0.00,0.00,0.00,0.00,0.00,0.00,0.00,0.00,0.00,0.00,66.13,57.15,86.42,2026
EM00013542,Abu Nayem Md. Abdullah,1312,Uttara,UT021-V,04,1,8.25,7.48,90.68,8.25,6.84,82.93,8.44,6.70,79.43,9.00,8.55,95.00,9.00,7.62,84.71,9.75,8.83,90.52,10.13,9.24,91.23,10.88,8.42,77.42,0.00,0.00,0.00,0.00,0.00,0.00,0.00,0.00,0.00,0.00,0.00,0.00,73.70,63.69,86.42,2026
EM00016248,Md. Mostafizur Rahaman,1319,Feni,FE032-C,01,1,0.00,0.00,0.00,0.00,0.00,0.00,0.00,0.00,0.00,0.00,0.00,0.00,0.00,0.00,0.00,9.06,7.48,82.57,8.44,7.61,90.08,8.40,7.30,86.88,0.00,0.00,0.00,0.00,0.00,0.00,0.00,0.00,0.00,0.00,0.00,0.00,25.91,22.39,86.42,2026
EM00012116,Mithun Biswas .,1311,Dhanmondi,DH083-V,04,1,5.55,4.70,84.65,5.55,5.57,100.32,5.68,3.65,64.23,6.06,6.14,101.35,6.50,4.48,68.96,6.60,6.33,95.86,6.85,6.65,97.13,7.36,5.81,78.99,0.00,0.00,0.00,0.00,0.00,0.00,0.00,0.00,0.00,0.00,0.00,0.00,50.15,43.33,86.41,2026
EM00016352,Md. Abu Taher,1322,Rangpur,RN043-B,01,1,0.00,0.00,0.00,0.00,0.00,0.00,0.00,0.00,0.00,0.00,0.00,0.00,0.00,0.00,0.00,0.00,0.00,0.00,5.68,4.58,80.57,5.60,5.17,92.27,0.00,0.00,0.00,0.00,0.00,0.00,0.00,0.00,0.00,0.00,0.00,0.00,11.28,9.75,86.38,2026
EM00008241,Md. Runzu Hossain,1313,Narayanganj,NA123-A,01,1,9.41,9.03,95.97,9.34,8.44,90.34,9.34,8.47,90.64,10.05,6.90,68.69,9.68,6.97,71.97,9.68,7.89,81.53,8.85,8.80,99.42,9.12,8.68,95.18,0.00,0.00,0.00,0.00,0.00,0.00,0.00,0.00,0.00,0.00,0.00,0.00,75.48,65.18,86.36,2026
EM00009087,Askan Ali,1335,Kushtia,KU021-G,02,1,8.30,6.85,82.58,8.05,6.65,82.62,8.20,6.95,84.74,8.86,7.29,82.24,8.25,8.02,97.16,9.10,7.43,81.63,9.10,8.50,93.46,9.40,8.10,86.22,0.00,0.00,0.00,0.00,0.00,0.00,0.00,0.00,0.00,0.00,0.00,0.00,69.26,59.79,86.33,2026
EM00014631,Md. Roni Ahmed,1322,Rangpur,RN031-B,01,1,5.70,3.60,63.19,5.66,3.93,69.42,5.66,3.66,64.74,5.96,4.10,68.75,5.74,4.29,74.64,5.74,6.39,111.19,5.42,6.61,121.84,5.40,6.52,120.81,0.00,0.00,0.00,0.00,0.00,0.00,0.00,0.00,0.00,0.00,0.00,0.00,45.27,39.09,86.33,2026
EM00012055,Md. Sumon Mia,1333,Moulvibazar,MO082-A,01,1,8.62,7.79,90.31,8.56,7.74,90.38,8.56,7.80,91.04,9.20,7.42,80.64,9.09,7.20,79.18,9.09,7.30,80.37,8.21,7.40,90.16,8.09,7.29,90.08,0.00,0.00,0.00,0.00,0.00,0.00,0.00,0.00,0.00,0.00,0.00,0.00,69.43,59.93,86.32,2026
EM00007168,Mr. Pulok Kumar Deb Nath,1317,Cumilla,CU124-C,01,1,12.09,9.64,79.73,12.00,11.86,98.81,12.00,10.68,88.97,12.52,9.56,76.38,12.07,10.31,85.40,12.07,10.14,84.03,11.24,9.48,84.33,11.08,10.40,93.85,0.00,0.00,0.00,0.00,0.00,0.00,0.00,0.00,0.00,0.00,0.00,0.00,95.07,82.06,86.32,2026
EM00012795,Omor Faruk,1314,Mymensingh,MY024-V,04,1,6.92,5.54,80.03,6.92,4.41,63.78,7.08,5.58,78.85,7.54,7.01,93.02,7.54,6.42,85.21,8.16,7.44,91.16,8.47,8.57,101.21,9.10,8.30,91.22,0.00,0.00,0.00,0.00,0.00,0.00,0.00,0.00,0.00,0.00,0.00,0.00,61.73,53.28,86.32,2026
EM00005089,Mr. Dipak Kumar Singh,1333,Moulvibazar,MO032-C,01,1,8.77,7.73,88.13,8.68,7.59,87.40,8.68,7.27,83.75,9.45,7.71,81.56,9.11,6.88,75.44,9.11,6.85,75.17,8.21,8.29,100.98,8.10,8.21,101.35,0.00,0.00,0.00,0.00,0.00,0.00,0.00,0.00,0.00,0.00,0.00,0.00,70.13,60.53,86.31,2026
EM00016340,S.M. Asaduzzaman .,1330,Pabna,PB051-A,01,1,0.00,0.00,0.00,0.00,0.00,0.00,0.00,0.00,0.00,0.00,0.00,0.00,0.00,0.00,0.00,0.00,0.00,0.00,7.93,7.14,89.99,7.81,6.45,82.57,0.00,0.00,0.00,0.00,0.00,0.00,0.00,0.00,0.00,0.00,0.00,0.00,15.74,13.58,86.31,2026
EM00004814,Mr. Jamiur Rahman,1330,Pabna,PB073-C,01,1,9.83,7.63,77.59,9.76,7.75,79.39,9.76,8.16,83.57,10.93,9.05,82.78,10.93,8.05,73.69,10.93,9.98,91.30,10.18,10.20,100.17,10.03,10.25,102.20,0.00,0.00,0.00,0.00,0.00,0.00,0.00,0.00,0.00,0.00,0.00,0.00,82.35,71.06,86.29,2026
EM00016301,Kazi Md. Ismail Hossain,1315,Chattogram,CH244-C,01,1,0.00,0.00,0.00,0.00,0.00,0.00,0.00,0.00,0.00,0.00,0.00,0.00,0.00,0.00,0.00,4.90,3.64,74.19,5.01,4.25,84.98,4.74,4.75,100.17,0.00,0.00,0.00,0.00,0.00,0.00,0.00,0.00,0.00,0.00,0.00,0.00,14.65,12.64,86.28,2026
EM00011312,Md. Abdul Jalil,1315,Chattogram,CH060-G,02,2,29.40,23.92,81.35,28.35,24.20,85.36,28.80,24.92,86.53,31.20,25.91,83.05,29.30,26.00,88.72,32.16,28.10,87.37,32.16,28.69,89.22,33.17,29.26,88.21,0.00,0.00,0.00,0.00,0.00,0.00,0.00,0.00,0.00,0.00,0.00,0.00,244.54,210.99,86.28,2026
EM00002551,Md. Badsha Alam Chowdhury,1331,Chandpur,CA040-P,01,2,41.85,31.58,75.44,41.55,34.43,82.86,41.55,35.70,85.92,45.17,37.36,82.69,43.53,35.96,82.60,43.53,35.29,81.07,40.83,40.87,100.10,39.33,39.90,101.44,0.00,0.00,0.00,0.00,0.00,0.00,0.00,0.00,0.00,0.00,0.00,0.00,337.36,291.09,86.28,2026
EM00012868,Md. Poltu Mia,1313,Narayanganj,NA101-A,01,1,10.17,8.61,84.61,10.10,9.32,92.26,10.10,9.02,89.24,11.39,9.29,81.55,10.97,7.65,69.77,10.97,9.67,88.11,10.00,9.47,94.71,10.30,9.46,91.82,0.00,0.00,0.00,0.00,0.00,0.00,0.00,0.00,0.00,0.00,0.00,0.00,84.02,72.49,86.28,2026
EM00015710,Hasibul Hasan,1320,Bogura,BO013-G,02,1,0.00,0.00,0.00,4.44,2.59,58.33,4.45,3.21,72.24,4.80,3.70,77.09,4.27,3.86,90.46,4.70,4.04,85.96,4.30,4.38,101.85,4.40,5.27,119.74,0.00,0.00,0.00,0.00,0.00,0.00,0.00,0.00,0.00,0.00,0.00,0.00,31.36,27.06,86.28,2026
EM00011515,Md. Sharif Hossain,1328,Cox's Bazar,CO010-G,02,2,3.50,3.51,100.41,3.40,3.50,103.04,3.45,3.54,102.57,27.82,21.29,76.53,26.10,22.08,84.61,28.65,23.72,82.79,28.65,24.81,86.59,29.61,27.97,94.46,0.00,0.00,0.00,0.00,0.00,0.00,0.00,0.00,0.00,0.00,0.00,0.00,151.18,130.43,86.27,2026
EM00005186,Mr. Sujan Sarkar,1313,Narayanganj,NA030-P,01,2,48.83,44.57,91.27,48.83,44.25,90.62,48.83,42.58,87.20,50.49,39.85,78.94,48.59,36.88,75.90,48.59,39.09,80.45,44.02,42.15,95.76,45.16,41.33,91.53,0.00,0.00,0.00,0.00,0.00,0.00,0.00,0.00,0.00,0.00,0.00,0.00,383.34,330.72,86.27,2026
EM00005130,Saifur Rahman Md. Mahbubur Sharif,1334,Kishoreganj,KI053-C,01,1,9.82,9.18,93.45,9.90,9.22,93.17,9.90,8.44,85.24,11.05,9.99,90.46,10.70,7.62,71.21,10.70,9.31,87.04,10.52,9.14,86.89,10.38,8.67,83.52,0.00,0.00,0.00,0.00,0.00,0.00,0.00,0.00,0.00,0.00,0.00,0.00,82.96,71.57,86.27,2026
EM00014900,Yousup Ali,1333,Moulvibazar,MO013-C,01,1,10.45,8.06,77.14,10.38,8.99,86.64,10.38,9.59,92.38,11.73,9.97,84.99,11.27,9.71,86.14,11.27,8.92,79.17,10.23,9.49,92.76,10.09,9.29,92.05,0.00,0.00,0.00,0.00,0.00,0.00,0.00,0.00,0.00,0.00,0.00,0.00,85.78,74.01,86.27,2026
EM00005237,Md. Sadikul Islam,1315,Chattogram,CH212-C,01,1,9.47,8.57,90.50,9.40,7.66,81.46,9.40,7.81,83.04,10.23,9.24,90.28,9.86,8.06,81.74,9.86,8.39,85.12,9.31,8.25,88.59,8.99,8.05,89.48,0.00,0.00,0.00,0.00,0.00,0.00,0.00,0.00,0.00,0.00,0.00,0.00,76.53,66.02,86.27,2026
EM00014511,Md. Shadit Hasan,1330,Pabna,PB012-G,02,1,6.55,5.30,80.95,6.30,4.49,71.34,6.40,5.86,91.55,6.92,5.35,77.32,6.50,5.53,85.09,7.00,5.53,79.07,7.00,7.12,101.67,7.20,7.28,101.17,0.00,0.00,0.00,0.00,0.00,0.00,0.00,0.00,0.00,0.00,0.00,0.00,53.87,46.47,86.27,2026
EM00012063,Dipan Singh,1332,B. Baria,BB081-B,01,1,8.57,6.63,77.44,8.50,7.29,85.70,8.50,7.18,84.44,9.17,7.95,86.66,9.03,6.76,74.87,9.03,7.24,80.17,8.81,9.12,103.53,8.68,8.47,97.52,0.00,0.00,0.00,0.00,0.00,0.00,0.00,0.00,0.00,0.00,0.00,0.00,70.30,60.64,86.26,2026
EM00009933,Md. Muzammel Haque,1313,Narayanganj,NA091-B,01,1,6.54,6.11,93.44,6.50,5.47,84.24,6.50,5.75,88.58,7.33,6.16,84.01,7.06,4.87,69.06,7.06,6.01,85.11,6.48,6.31,97.28,6.67,6.01,90.05,0.00,0.00,0.00,0.00,0.00,0.00,0.00,0.00,0.00,0.00,0.00,0.00,54.13,46.69,86.25,2026
EM00006888,Md. Abdul Mazed,1324,Jashore,JA013-B,01,1,6.56,5.24,79.90,6.52,6.07,93.14,6.52,5.79,88.82,7.29,5.76,79.03,7.84,5.91,75.38,7.84,6.61,84.31,7.20,7.05,97.90,7.15,6.65,93.07,0.00,0.00,0.00,0.00,0.00,0.00,0.00,0.00,0.00,0.00,0.00,0.00,56.92,49.08,86.24,2026
EM00014932,Md. Abu Hossain Jony,1331,Chandpur,CA053-B,01,1,9.23,8.90,96.47,9.23,8.90,96.38,9.23,8.98,97.30,9.04,7.25,80.21,9.04,7.11,78.65,9.04,6.85,75.80,8.68,7.26,83.67,8.36,6.70,80.18,0.00,0.00,0.00,0.00,0.00,0.00,0.00,0.00,0.00,0.00,0.00,0.00,71.84,61.95,86.24,2026
EM00011491,Md. Khokan Mia,1328,Cox's Bazar,CO033-C,01,1,8.03,7.00,87.22,7.97,6.58,82.55,7.97,6.76,84.81,8.65,7.79,90.05,8.34,6.62,79.37,8.34,6.64,79.69,7.75,6.98,90.05,7.49,7.28,97.19,0.00,0.00,0.00,0.00,0.00,0.00,0.00,0.00,0.00,0.00,0.00,0.00,64.52,55.64,86.23,2026
EM00011852,Hafizul Islam,1333,Moulvibazar,MO020-V,04,2,24.64,19.78,80.27,24.76,20.24,81.73,25.32,18.90,74.66,27.03,27.66,102.32,27.03,20.77,76.83,29.40,26.47,90.03,30.53,29.12,95.40,33.28,28.44,85.44,0.00,0.00,0.00,0.00,0.00,0.00,0.00,0.00,0.00,0.00,0.00,0.00,221.99,191.37,86.21,2026
EM00012321,Md. Emran Hossen,1315,Chattogram,CH305-B,01,1,6.06,4.96,81.81,6.02,4.98,82.65,6.02,5.47,90.91,6.81,4.89,71.78,6.56,5.43,82.70,6.56,5.72,87.19,6.12,6.21,101.48,5.77,5.38,93.29,0.00,0.00,0.00,0.00,0.00,0.00,0.00,0.00,0.00,0.00,0.00,0.00,49.93,43.04,86.20,2026
EM00005668,Md. Ali Zulfikar,1327,Faridpur,FA035-V,04,1,4.64,4.19,90.32,4.64,4.12,88.81,4.75,4.32,90.90,5.07,3.60,70.98,5.00,4.34,86.72,5.42,4.81,88.81,5.63,4.69,83.25,6.04,5.44,90.04,0.00,0.00,0.00,0.00,0.00,0.00,0.00,0.00,0.00,0.00,0.00,0.00,41.19,35.50,86.19,2026
EM00011226,Nripendra Nath Saha,1318,Noakhali,NO024-V,04,1,8.44,6.74,79.90,8.44,7.20,85.35,8.63,8.17,94.68,9.20,9.31,101.17,9.20,7.91,86.00,9.97,9.38,94.13,10.35,8.44,81.55,11.12,7.76,69.76,0.00,0.00,0.00,0.00,0.00,0.00,0.00,0.00,0.00,0.00,0.00,0.00,75.35,64.92,86.16,2026
EM00016133,Md. Mahabur Rahman,1320,Bogura,BO114-B,01,1,0.00,0.00,0.00,0.00,0.00,0.00,0.00,0.00,0.00,0.00,0.00,0.00,5.20,3.32,63.93,5.20,4.02,77.40,4.10,4.44,108.25,4.10,4.24,103.33,0.00,0.00,0.00,0.00,0.00,0.00,0.00,0.00,0.00,0.00,0.00,0.00,18.60,16.02,86.15,2026
EM00011720,Md Kajol Hossain,1330,Pabna,PB023-A,01,1,7.70,5.82,75.57,7.64,6.51,85.20,7.64,6.52,85.28,8.37,6.83,81.54,8.14,6.55,80.41,8.14,6.62,81.35,7.69,7.74,100.68,7.48,7.52,100.56,0.00,0.00,0.00,0.00,0.00,0.00,0.00,0.00,0.00,0.00,0.00,0.00,62.79,54.09,86.15,2026
EM00011952,Md. Akramul Hoque,1316,Sylhet,SY153-C,01,1,8.89,8.03,90.26,8.83,8.06,91.24,8.83,7.55,85.46,9.58,6.97,72.72,9.23,7.20,78.05,9.23,7.16,77.56,8.35,8.38,100.37,8.23,7.98,96.87,0.00,0.00,0.00,0.00,0.00,0.00,0.00,0.00,0.00,0.00,0.00,0.00,71.18,61.32,86.14,2026
EM00008237,Myin Uddin,1329,Tangail,TA020-V,04,2,31.37,22.76,72.57,31.37,25.05,79.84,32.08,26.12,81.43,34.22,32.74,95.68,34.22,30.54,89.24,37.07,33.75,91.06,38.50,33.87,87.99,41.35,36.49,88.25,0.00,0.00,0.00,0.00,0.00,0.00,0.00,0.00,0.00,0.00,0.00,0.00,280.18,241.33,86.14,2026
EM00006774,Md. Shariful Alam,1311,PLT+DNM,RP01003,01,4,158.46,154.79,97.69,157.35,146.77,93.28,157.35,138.17,87.81,196.75,145.69,74.05,189.36,140.61,74.26,189.36,146.46,77.34,162.40,159.94,98.48,166.80,154.17,92.43,0.00,0.00,0.00,0.00,0.00,0.00,0.00,0.00,0.00,0.00,0.00,0.00,1377.83,1186.61,86.12,2026
EM00011129,Md. Milon Hosain,1335,Kushtia,KU022-C,01,1,9.59,7.28,75.90,9.52,7.61,79.97,9.52,8.23,86.49,10.75,8.04,74.78,10.40,8.48,81.51,10.40,9.53,91.59,9.31,9.36,100.52,9.39,9.40,100.09,0.00,0.00,0.00,0.00,0.00,0.00,0.00,0.00,0.00,0.00,0.00,0.00,78.88,67.92,86.11,2026
EM00005996,Md. Fayes Hossen,1325,Khulna,KH082-C,01,1,8.53,7.68,90.01,8.47,6.91,81.52,8.47,7.15,84.44,9.56,8.23,86.10,9.31,7.19,77.24,9.31,7.46,80.15,8.77,8.28,94.38,8.46,8.12,96.02,0.00,0.00,0.00,0.00,0.00,0.00,0.00,0.00,0.00,0.00,0.00,0.00,70.88,61.02,86.09,2026
EM00013079,Md. Sagor Mia,1318,Noakhali,NO024-C,01,1,10.11,9.28,91.82,10.03,8.07,80.40,10.03,8.94,89.11,10.63,8.94,84.12,10.25,7.79,75.98,10.25,8.49,82.81,9.72,8.95,92.01,9.54,8.91,93.34,0.00,0.00,0.00,0.00,0.00,0.00,0.00,0.00,0.00,0.00,0.00,0.00,80.57,69.36,86.09,2026
EM00012636,Swaron Kumar Paul,1310,Paltan,PA024-G,02,1,9.30,8.80,94.66,8.90,7.65,85.92,9.00,7.44,82.64,9.80,7.90,80.62,9.20,8.10,88.01,10.10,8.14,80.55,10.10,9.06,89.70,10.40,9.03,86.81,0.00,0.00,0.00,0.00,0.00,0.00,0.00,0.00,0.00,0.00,0.00,0.00,76.80,66.11,86.08,2026
EM00010037,Zahirul Islam,1312,Uttara,UT042-B,01,1,7.38,6.74,91.31,7.33,5.83,79.60,7.33,5.67,77.38,8.02,5.59,69.73,7.75,5.73,73.94,7.75,6.38,82.27,6.85,7.84,114.39,6.85,7.22,105.45,0.00,0.00,0.00,0.00,0.00,0.00,0.00,0.00,0.00,0.00,0.00,0.00,59.25,51.00,86.07,2026
EM00004917,Md. Abdul Hakim,1332,B. Baria,BB020-P,01,2,44.29,39.80,89.87,43.97,38.59,87.75,43.97,40.30,91.64,46.01,39.80,86.49,46.03,31.85,69.19,46.03,39.13,85.00,44.38,39.82,89.72,43.75,39.21,89.62,0.00,0.00,0.00,0.00,0.00,0.00,0.00,0.00,0.00,0.00,0.00,0.00,358.44,308.49,86.07,2026
EM00013178,Md. Rifat Hossain,1320,Bogura,BO083-C,01,1,4.95,3.71,75.06,4.91,3.56,72.44,4.91,4.02,81.80,5.66,4.60,81.29,5.50,4.03,73.27,5.50,5.17,94.06,4.65,5.03,108.14,4.65,4.93,106.01,0.00,0.00,0.00,0.00,0.00,0.00,0.00,0.00,0.00,0.00,0.00,0.00,40.73,35.05,86.06,2026
EM00008336,S. M. Tarikul Islam,1327,Faridpur,FA082-C,01,1,7.27,4.78,65.75,7.22,6.41,88.73,7.22,6.75,93.44,8.30,6.42,77.34,8.00,6.46,80.76,8.00,6.61,82.73,7.26,7.02,96.69,7.32,7.68,104.99,0.00,0.00,0.00,0.00,0.00,0.00,0.00,0.00,0.00,0.00,0.00,0.00,60.57,52.12,86.05,2026
EM00013849,Md. Shoriful Islam,1317,Cumilla,CU102-A,01,1,8.91,8.48,95.18,8.84,7.63,86.32,8.84,7.13,80.68,9.12,7.42,81.33,8.80,7.28,82.77,8.80,6.90,78.42,8.90,8.18,91.89,8.87,8.13,91.65,0.00,0.00,0.00,0.00,0.00,0.00,0.00,0.00,0.00,0.00,0.00,0.00,71.07,61.14,86.03,2026
EM00013994,Md. Razib Hossain,1324,Jashore,JA063-A,01,1,7.06,5.58,79.14,6.97,5.50,78.89,6.97,6.63,95.18,8.32,6.62,79.63,8.02,6.88,85.76,8.02,6.63,82.68,7.22,6.28,86.94,7.27,7.36,101.21,0.00,0.00,0.00,0.00,0.00,0.00,0.00,0.00,0.00,0.00,0.00,0.00,59.85,51.49,86.03,2026
EM00010849,Gobinda Kumar Biswas,1334,Kishoreganj,KI052-C,01,1,9.41,8.50,90.36,9.41,7.99,84.94,9.41,7.99,84.95,10.73,9.22,85.86,10.39,7.96,76.64,10.39,8.05,77.48,10.09,9.51,94.31,9.74,9.22,94.66,0.00,0.00,0.00,0.00,0.00,0.00,0.00,0.00,0.00,0.00,0.00,0.00,79.56,68.44,86.03,2026
EM00013533,Palash Hossain,1326,Barishal,BA041-B,01,1,9.36,7.82,83.55,9.36,7.86,83.95,9.36,8.12,86.69,10.77,8.36,77.54,10.77,8.78,81.52,10.77,9.04,83.90,7.80,7.86,100.80,7.79,7.54,96.79,0.00,0.00,0.00,0.00,0.00,0.00,0.00,0.00,0.00,0.00,0.00,0.00,76.00,65.38,86.02,2026
EM00000754,Mr. Tapan Kumar Debnath,1332,B. Baria,BB050-P,01,2,35.13,28.10,79.98,34.88,33.31,95.50,34.88,33.11,94.92,36.33,29.05,79.95,35.02,27.84,79.51,35.02,29.97,85.58,34.41,30.07,87.37,33.92,29.06,85.66,0.00,0.00,0.00,0.00,0.00,0.00,0.00,0.00,0.00,0.00,0.00,0.00,279.60,240.50,86.02,2026
EM00010274,Tufazzal Hosain,1316,Sylhet,SY031-A,01,1,8.40,6.94,82.71,8.34,6.74,80.80,8.34,7.65,91.73,9.16,8.32,90.86,8.83,7.46,84.53,8.83,7.13,80.71,8.31,7.58,91.19,8.19,6.98,85.29,0.00,0.00,0.00,0.00,0.00,0.00,0.00,0.00,0.00,0.00,0.00,0.00,68.38,58.80,85.98,2026
EM00010893,Sujan Acharjee,1319,Feni,FE042-C,01,1,9.13,7.34,80.41,8.34,7.53,90.36,8.34,6.99,83.86,8.97,7.31,81.56,8.91,6.77,76.05,8.91,6.85,76.96,8.40,8.42,100.26,8.28,8.32,100.56,0.00,0.00,0.00,0.00,0.00,0.00,0.00,0.00,0.00,0.00,0.00,0.00,69.25,59.55,85.98,2026
EM00014709,Md. Mashiur Rahman,1321,Rajshahi,RA064-A,01,1,5.50,4.15,75.55,5.46,4.62,84.68,5.46,4.82,88.36,6.18,5.25,84.91,5.96,4.80,80.54,5.96,5.05,84.84,5.15,4.64,90.13,5.08,5.12,100.84,0.00,0.00,0.00,0.00,0.00,0.00,0.00,0.00,0.00,0.00,0.00,0.00,44.74,38.46,85.97,2026
EM00014072,Rezaul Karim,1315,Chattogram,CH173-B,01,1,5.37,4.97,92.60,5.08,4.11,80.98,5.08,3.93,77.45,5.57,4.50,80.81,5.37,4.11,76.55,5.37,4.29,79.84,4.82,4.44,92.19,4.76,5.24,109.99,0.00,0.00,0.00,0.00,0.00,0.00,0.00,0.00,0.00,0.00,0.00,0.00,41.41,35.59,85.95,2026
EM00012704,Md. Manik Hossain,1317,Cumilla,CU102-B,01,1,9.25,8.87,95.91,9.18,8.01,87.29,9.18,7.87,85.69,9.45,8.00,84.65,9.12,7.76,85.13,9.12,7.04,77.17,9.24,8.26,89.41,9.00,7.39,82.08,0.00,0.00,0.00,0.00,0.00,0.00,0.00,0.00,0.00,0.00,0.00,0.00,73.54,63.20,85.94,2026
EM00015022,Md. Safi Mia,1322,Rangpur,RN024-G,02,1,6.40,5.50,85.91,6.20,5.08,82.01,6.25,5.45,87.26,6.80,5.40,79.37,6.00,5.53,92.16,6.60,5.54,83.97,6.60,5.69,86.15,6.80,6.20,91.13,0.00,0.00,0.00,0.00,0.00,0.00,0.00,0.00,0.00,0.00,0.00,0.00,51.65,44.39,85.94,2026
EM00015063,Taposh Kumar,1317,Cumilla,CU012-A,01,1,6.92,6.38,92.21,6.87,6.69,97.39,6.87,7.67,111.57,7.05,6.48,91.93,6.78,4.30,63.37,6.78,5.67,83.63,7.04,5.18,73.62,6.94,5.11,73.60,0.00,0.00,0.00,0.00,0.00,0.00,0.00,0.00,0.00,0.00,0.00,0.00,55.24,47.47,85.93,2026
EM00016334,Md. Abul Bashar,1323,Dinajpur,DI040-P,01,2,0.00,0.00,0.00,0.00,0.00,0.00,0.00,0.00,0.00,0.00,0.00,0.00,0.00,0.00,0.00,0.00,0.00,0.00,46.99,42.55,90.56,46.31,37.60,81.19,0.00,0.00,0.00,0.00,0.00,0.00,0.00,0.00,0.00,0.00,0.00,0.00,93.29,80.15,85.91,2026
EM00010531,Md. Joynal Abedin,1314,Mymensingh,MY010-G,02,2,29.65,25.36,85.54,28.70,25.38,88.44,29.15,25.43,87.25,31.51,24.82,78.78,29.60,26.04,87.98,32.45,26.60,81.98,32.45,28.36,87.40,33.40,30.11,90.14,0.00,0.00,0.00,0.00,0.00,0.00,0.00,0.00,0.00,0.00,0.00,0.00,246.91,212.11,85.91,2026
EM00013073,Md. Imran Hossain,1320,Bogura,BO012-A,01,1,4.24,3.53,83.15,4.24,3.43,80.87,4.24,3.60,84.90,4.96,3.83,77.23,4.83,3.79,78.52,4.83,4.15,85.81,4.18,4.18,99.81,3.98,3.98,100.03,0.00,0.00,0.00,0.00,0.00,0.00,0.00,0.00,0.00,0.00,0.00,0.00,35.52,30.50,85.85,2026
EM00009216,Md. Awal,1320,Bogura,BO093-C,01,1,7.14,5.23,73.19,7.09,5.40,76.09,7.09,5.47,77.14,7.97,6.65,83.45,7.70,6.54,84.94,7.70,6.53,84.75,6.60,7.04,106.62,6.60,6.85,103.74,0.00,0.00,0.00,0.00,0.00,0.00,0.00,0.00,0.00,0.00,0.00,0.00,57.89,49.69,85.83,2026
EM00011304,Krishna Pada Rajak,1327,Faridpur,FA073-B,01,1,8.34,6.38,76.51,8.28,6.72,81.19,8.28,7.30,88.11,9.33,7.23,77.53,9.00,7.06,78.49,9.00,7.41,82.38,8.50,8.75,102.91,8.12,8.21,101.13,0.00,0.00,0.00,0.00,0.00,0.00,0.00,0.00,0.00,0.00,0.00,0.00,68.85,59.07,85.79,2026
EM00006731,Mohammad Ariful Islam,1321,Rajshahi,RA072-B,01,1,7.54,5.69,75.43,7.48,5.56,74.25,7.48,6.63,88.60,8.72,7.14,81.88,8.41,6.68,79.41,8.41,7.31,87.01,6.85,7.07,103.15,6.95,6.98,100.38,0.00,0.00,0.00,0.00,0.00,0.00,0.00,0.00,0.00,0.00,0.00,0.00,61.84,53.05,85.78,2026
EM00016207,Golam Rasul,1313,Narayanganj,NA031-V,04,1,0.00,0.00,0.00,0.00,0.00,0.00,0.00,0.00,0.00,0.00,0.00,0.00,0.00,0.00,0.00,8.21,7.36,89.66,8.53,7.19,84.34,8.86,7.40,83.56,0.00,0.00,0.00,0.00,0.00,0.00,0.00,0.00,0.00,0.00,0.00,0.00,25.60,21.96,85.77,2026
EM00008506,Md. Shahi Emran,1311,Dhanmondi,DH180-P,01,2,30.63,25.44,83.06,29.83,23.98,80.39,29.83,24.05,80.63,35.97,29.58,82.23,34.63,28.79,83.15,34.63,28.25,81.59,31.18,31.18,99.99,30.74,29.49,95.93,0.00,0.00,0.00,0.00,0.00,0.00,0.00,0.00,0.00,0.00,0.00,0.00,257.42,220.75,85.75,2026
EM00008238,Anub Kumar Deb,1315,Chattogram,CH020-V,04,2,27.53,24.19,87.88,27.53,22.58,82.02,28.16,23.36,82.95,30.04,27.11,90.24,29.65,25.49,85.97,32.10,31.90,99.38,32.75,27.01,82.47,35.00,26.52,75.76,0.00,0.00,0.00,0.00,0.00,0.00,0.00,0.00,0.00,0.00,0.00,0.00,242.76,208.15,85.74,2026
EM00009710,Md. Arifur Rahman,1331,Chandpur,CA022-G,02,1,13.19,11.05,83.79,12.50,10.90,87.19,12.71,11.31,88.98,13.75,10.87,79.04,12.91,10.24,79.30,14.21,10.67,75.10,8.76,8.99,102.63,9.50,9.59,100.93,0.00,0.00,0.00,0.00,0.00,0.00,0.00,0.00,0.00,0.00,0.00,0.00,97.53,83.62,85.73,2026
EM00013219,Md. Khorshed Alam,1311,Dhanmondi,DH264-C,01,1,4.82,4.83,100.17,4.82,4.85,100.62,4.82,3.23,67.06,5.32,3.90,73.38,5.13,3.87,75.40,5.13,3.86,75.19,4.82,4.64,96.19,4.75,4.77,100.50,0.00,0.00,0.00,0.00,0.00,0.00,0.00,0.00,0.00,0.00,0.00,0.00,39.59,33.94,85.71,2026
EM00015828,Md. Abdul Momin,1310,Paltan,PA042-B,01,1,0.00,0.00,0.00,0.00,0.00,0.00,5.83,6.01,103.16,7.45,5.50,73.87,7.18,5.66,78.81,7.18,4.97,69.19,6.74,6.78,100.60,6.89,6.44,93.55,0.00,0.00,0.00,0.00,0.00,0.00,0.00,0.00,0.00,0.00,0.00,0.00,41.26,35.37,85.70,2026
EM00002504,Md. Abdullahel Kafi,1316,Sylhet,SY030-P,01,2,41.65,33.36,80.10,41.35,33.19,80.26,41.35,37.13,89.80,45.94,39.69,86.38,44.29,36.40,82.18,44.29,38.15,86.14,41.26,37.39,90.63,40.67,36.74,90.34,0.00,0.00,0.00,0.00,0.00,0.00,0.00,0.00,0.00,0.00,0.00,0.00,340.80,292.04,85.69,2026
EM00010466,Md. Nazmul Hossain,1321,Rajshahi,RA022-C,01,1,9.28,8.40,90.56,9.21,7.02,76.20,9.21,6.93,75.28,10.26,8.24,80.28,9.88,8.19,82.86,9.88,7.91,80.00,8.55,8.70,101.68,8.43,8.57,101.66,0.00,0.00,0.00,0.00,0.00,0.00,0.00,0.00,0.00,0.00,0.00,0.00,74.72,63.96,85.60,2026
EM00011472,Khalid Hossain,1326,Barishal,BA182-C,01,1,4.72,4.96,104.99,4.69,4.91,104.63,4.69,4.84,103.12,4.91,4.16,84.63,4.91,3.40,69.31,9.30,4.97,53.42,6.50,5.76,88.69,6.57,6.60,100.49,0.00,0.00,0.00,0.00,0.00,0.00,0.00,0.00,0.00,0.00,0.00,0.00,46.30,39.60,85.53,2026
EM00004753,Mr. Kazi Mohammad Golam Sadeque,1317,Cumilla,CU020-P,01,2,45.10,40.97,90.83,44.78,40.48,90.39,44.78,38.47,85.91,47.68,38.52,80.78,45.96,33.82,73.58,45.96,38.71,84.23,45.30,43.65,96.37,44.65,36.90,82.64,0.00,0.00,0.00,0.00,0.00,0.00,0.00,0.00,0.00,0.00,0.00,0.00,364.20,311.51,85.53,2026
EM00011669,Md. Hafizur Rahman,1316,Sylhet,SY033-C,01,1,7.78,6.52,83.84,7.72,6.32,81.83,7.72,6.49,83.99,8.42,7.11,84.46,8.11,6.21,76.59,8.11,7.31,90.07,7.86,7.22,91.92,7.75,7.09,91.53,0.00,0.00,0.00,0.00,0.00,0.00,0.00,0.00,0.00,0.00,0.00,0.00,63.47,54.27,85.50,2026
EM00013388,Ramjan Ali,1310,Paltan,PA242-A,01,1,5.78,5.42,93.86,6.46,5.30,82.04,6.46,5.36,83.03,7.06,5.64,79.82,6.92,5.34,77.24,6.92,5.24,75.76,5.93,5.78,97.56,5.93,5.88,99.26,0.00,0.00,0.00,0.00,0.00,0.00,0.00,0.00,0.00,0.00,0.00,0.00,51.44,43.96,85.47,2026
EM00010944,Nazrul Islam,1319,Feni,FE010-G,02,2,34.78,29.99,86.24,33.65,28.85,85.74,34.21,27.64,80.81,37.04,29.48,79.60,34.77,29.01,83.44,38.17,31.94,83.69,38.17,34.67,90.84,39.30,36.32,92.41,0.00,0.00,0.00,0.00,0.00,0.00,0.00,0.00,0.00,0.00,0.00,0.00,290.09,247.92,85.46,2026
EM00009013,Md. Delwar Hossen,1332,B. Baria,BB052-A,01,1,8.42,5.60,66.49,8.36,8.56,102.44,8.36,7.54,90.26,8.86,7.49,84.52,8.54,6.63,77.67,8.54,6.59,77.14,8.36,7.82,93.48,8.24,7.60,92.20,0.00,0.00,0.00,0.00,0.00,0.00,0.00,0.00,0.00,0.00,0.00,0.00,67.68,57.83,85.45,2026
EM00008905,Md. Alamgir,1315,Chattogram,CH044-C,01,1,8.82,8.02,90.93,8.76,7.11,81.14,8.76,7.02,80.11,9.68,8.78,90.75,9.59,8.23,85.89,9.59,7.12,74.32,9.19,8.39,91.36,8.76,7.81,89.17,0.00,0.00,0.00,0.00,0.00,0.00,0.00,0.00,0.00,0.00,0.00,0.00,73.13,62.49,85.45,2026
EM00012719,Md. Amanullah,1311,Dhanmondi,DH074-V,04,1,6.84,6.18,90.30,6.85,5.51,80.38,7.01,5.10,72.71,7.48,7.66,102.38,7.48,6.64,88.71,8.10,6.80,83.98,8.41,6.80,80.85,9.03,7.61,84.31,0.00,0.00,0.00,0.00,0.00,0.00,0.00,0.00,0.00,0.00,0.00,0.00,61.20,52.29,85.44,2026
EM00005325,Md. Ibrahim Hossain,1313,Narayanganj,NA060-P,01,2,58.43,52.90,90.53,58.43,50.52,86.46,58.43,49.32,84.40,62.08,48.78,78.59,59.82,47.19,78.89,59.82,49.65,83.00,54.01,50.46,93.43,55.43,49.69,89.65,0.00,0.00,0.00,0.00,0.00,0.00,0.00,0.00,0.00,0.00,0.00,0.00,466.43,398.50,85.44,2026
EM00007666,Md. Torikul Islam,1313,Narayanganj,NA073-A,01,1,7.82,7.20,92.02,7.82,7.05,90.15,7.82,6.47,82.76,8.07,6.42,79.47,7.95,5.79,72.87,7.95,6.58,82.81,6.90,6.51,94.28,7.08,6.45,91.12,0.00,0.00,0.00,0.00,0.00,0.00,0.00,0.00,0.00,0.00,0.00,0.00,61.43,52.48,85.43,2026
EM00008923,Alok Kumar Sarker,1313,Narayanganj,NA031-A,01,1,8.74,7.90,90.40,8.74,7.88,90.14,8.74,7.93,90.71,9.20,6.93,75.34,8.70,6.85,78.73,8.70,7.09,81.44,7.77,7.22,92.97,7.97,6.75,84.77,0.00,0.00,0.00,0.00,0.00,0.00,0.00,0.00,0.00,0.00,0.00,0.00,68.56,58.55,85.40,2026
EM00014332,Pankaz Kumer Biswas,1333,Moulvibazar,MO015-G,02,1,5.90,4.95,83.82,5.65,4.79,84.79,5.75,5.29,92.07,6.22,5.01,80.58,5.85,5.20,88.89,6.40,5.26,82.14,6.40,5.35,83.56,6.68,5.87,87.91,0.00,0.00,0.00,0.00,0.00,0.00,0.00,0.00,0.00,0.00,0.00,0.00,48.85,41.72,85.40,2026
EM00001761,Muhammad Azad Mia,1334,MYM+KSG,DSM13-P,01,6,194.91,169.54,86.98,808.03,660.26,81.71,808.03,693.21,85.79,950.52,744.09,78.28,915.87,708.94,77.41,915.87,762.74,83.28,839.87,822.36,97.92,827.85,785.06,94.83,0.00,0.00,0.00,0.00,0.00,0.00,0.00,0.00,0.00,0.00,0.00,0.00,6260.95,5346.21,85.39,2026
EM00012469,Md. Sohel Rana,1310,Paltan,PA011-V,04,1,6.90,5.66,81.97,6.90,5.36,77.62,7.06,4.91,69.52,7.54,7.72,102.40,7.54,6.24,82.78,8.17,7.13,87.26,8.48,7.82,92.25,9.11,7.85,86.14,0.00,0.00,0.00,0.00,0.00,0.00,0.00,0.00,0.00,0.00,0.00,0.00,61.70,52.68,85.38,2026
EM00011944,Md. Sohel Rana,1318,Noakhali,NO094-C,01,1,9.68,7.76,80.21,9.61,8.06,83.87,9.61,8.03,83.61,10.45,8.55,81.85,10.24,7.20,70.37,10.24,8.87,86.65,9.53,8.94,93.73,9.38,9.79,104.41,0.00,0.00,0.00,0.00,0.00,0.00,0.00,0.00,0.00,0.00,0.00,0.00,78.73,67.21,85.37,2026
EM00010357,Haripada Chandra Roy,1315,Chattogram,CH082-B,01,1,4.99,5.48,109.87,4.96,4.62,93.15,4.96,5.21,105.15,5.04,6.03,119.65,4.88,4.67,95.69,4.88,4.92,100.93,9.66,5.05,52.31,9.00,5.29,58.79,0.00,0.00,0.00,0.00,0.00,0.00,0.00,0.00,0.00,0.00,0.00,0.00,48.36,41.28,85.36,2026
EM00013663,Md. Harun .,1311,Dhanmondi,DH271-B,01,1,4.10,4.11,100.21,4.10,3.75,91.36,4.10,3.81,92.74,5.27,3.13,59.37,5.07,3.46,68.22,5.07,3.79,74.82,4.50,4.74,105.34,4.47,4.53,101.27,0.00,0.00,0.00,0.00,0.00,0.00,0.00,0.00,0.00,0.00,0.00,0.00,36.68,31.31,85.36,2026
EM00015882,Faridul Islam,1320,Bogura,BO111-B,01,1,0.00,0.00,0.00,0.00,0.00,0.00,0.00,0.00,0.00,7.96,6.38,80.16,7.60,4.85,63.87,7.60,6.16,81.01,6.00,6.42,106.93,5.80,6.03,103.98,0.00,0.00,0.00,0.00,0.00,0.00,0.00,0.00,0.00,0.00,0.00,0.00,34.96,29.84,85.35,2026
EM00010915,Md. Julhaque Alam,1314,Mymensingh,MY015-G,02,1,7.60,6.26,82.32,7.35,5.70,77.55,7.47,5.75,77.04,8.08,6.76,83.61,7.59,7.15,94.18,8.33,7.14,85.69,8.33,7.03,84.41,6.10,6.15,100.84,0.00,0.00,0.00,0.00,0.00,0.00,0.00,0.00,0.00,0.00,0.00,0.00,60.85,51.94,85.35,2026
EM00007757,Mr. Arup Kumar Ghose,1327,Faridpur,FA081-B,01,1,9.40,6.57,69.85,9.34,8.10,86.76,9.34,8.74,93.60,10.68,8.47,79.29,10.29,8.27,80.32,10.29,8.43,81.93,9.35,9.34,99.88,9.36,8.70,92.95,0.00,0.00,0.00,0.00,0.00,0.00,0.00,0.00,0.00,0.00,0.00,0.00,78.05,66.61,85.35,2026
EM00001969,Md. Omar Faruque,1314,Mymensingh,RP01016,01,4,280.83,214.04,76.22,278.83,230.38,82.62,278.83,240.76,86.35,344.38,273.13,79.31,330.89,258.64,78.16,330.89,279.80,84.56,297.10,298.07,100.33,292.85,282.81,96.57,0.00,0.00,0.00,0.00,0.00,0.00,0.00,0.00,0.00,0.00,0.00,0.00,2434.60,2077.62,85.34,2026
EM00004553,Mr. Kashem Ali,1327,Faridpur,FA071-B,01,1,6.63,5.45,82.19,6.58,5.93,90.02,6.58,6.01,91.23,7.07,5.68,80.44,6.77,5.77,85.23,6.77,6.43,95.08,6.03,6.35,105.33,8.55,5.30,61.95,0.00,0.00,0.00,0.00,0.00,0.00,0.00,0.00,0.00,0.00,0.00,0.00,54.97,46.91,85.34,2026
EM00012381,Md. Nur Islam,1323,Dinajpur,DI024-V,04,1,4.24,3.07,72.43,4.25,3.11,73.29,4.35,3.06,70.26,4.65,4.65,100.04,4.45,3.57,80.24,4.82,4.83,100.25,5.00,4.43,88.63,5.27,4.87,92.44,0.00,0.00,0.00,0.00,0.00,0.00,0.00,0.00,0.00,0.00,0.00,0.00,37.03,31.60,85.34,2026
EM00007706,Md. Jasim Uddin,1316,Sylhet,SY041-A,01,1,8.39,7.66,91.35,8.33,6.56,78.78,8.33,6.36,76.35,9.25,8.04,86.98,9.08,7.34,80.77,9.08,7.06,77.68,7.81,8.03,102.87,7.70,6.95,90.22,0.00,0.00,0.00,0.00,0.00,0.00,0.00,0.00,0.00,0.00,0.00,0.00,67.98,58.01,85.33,2026
EM00001849,Mohammad Farukh Zaman,1324,Jashore,RP01036,01,4,0.00,0.00,0.00,316.46,251.62,79.51,316.46,269.43,85.14,371.61,278.89,75.05,358.32,287.90,80.35,358.32,301.01,84.01,326.20,314.60,96.44,328.44,323.76,98.57,0.00,0.00,0.00,0.00,0.00,0.00,0.00,0.00,0.00,0.00,0.00,0.00,2375.81,2027.21,85.33,2026
EM00006128,Mr. Abu Sayed Md. Sajib,1332,B. Baria,BB080-P,01,2,39.56,32.21,81.43,39.27,33.30,84.80,37.77,34.80,92.14,40.69,34.51,84.81,39.22,29.48,75.16,39.22,33.25,84.77,38.20,34.92,91.40,37.65,33.30,88.44,0.00,0.00,0.00,0.00,0.00,0.00,0.00,0.00,0.00,0.00,0.00,0.00,311.58,265.76,85.30,2026
EM00002849,Md. Farhad Uddin,1318,Noakhali,NO080-P,01,2,31.01,23.20,74.80,30.80,25.30,82.13,30.80,26.05,84.59,34.57,31.34,90.66,33.48,30.98,92.54,33.48,28.22,84.30,32.10,28.45,88.64,31.53,26.29,83.39,0.00,0.00,0.00,0.00,0.00,0.00,0.00,0.00,0.00,0.00,0.00,0.00,257.76,219.83,85.29,2026
EM00013831,Jayonto Chandro,1326,Barishal,BA021-C,01,1,7.81,5.62,72.01,7.75,6.00,77.38,7.75,7.04,90.82,9.20,7.20,78.21,8.30,7.01,84.49,8.30,6.39,76.99,6.83,7.23,105.81,6.91,7.10,102.85,0.00,0.00,0.00,0.00,0.00,0.00,0.00,0.00,0.00,0.00,0.00,0.00,62.85,53.59,85.27,2026
EM00007527,Mr. Mehedi Hasan,1320,Bogura,BO100-P,01,2,37.79,30.83,81.58,37.52,27.96,74.51,37.52,30.64,81.66,42.74,34.86,81.58,41.28,31.04,75.19,41.28,36.18,87.64,33.50,34.98,104.40,33.30,33.49,100.58,0.00,0.00,0.00,0.00,0.00,0.00,0.00,0.00,0.00,0.00,0.00,0.00,304.93,259.98,85.26,2026
EM00011361,Suman Howlader,1327,Faridpur,FA093-B,01,1,9.20,7.41,80.58,9.13,6.91,75.63,9.13,8.04,88.01,10.44,7.80,74.69,10.07,7.60,75.48,10.07,8.83,87.65,9.12,8.90,97.56,9.13,9.56,104.67,0.00,0.00,0.00,0.00,0.00,0.00,0.00,0.00,0.00,0.00,0.00,0.00,76.30,65.04,85.24,2026
EM00006182,Md. Shahadat Hossain,1332,B. Baria,BB040-P,01,2,50.12,41.96,83.71,33.48,28.50,85.13,33.64,28.97,86.10,35.78,28.29,79.08,35.50,26.70,75.22,35.50,29.85,84.08,34.77,33.29,95.74,34.27,32.25,94.10,0.00,0.00,0.00,0.00,0.00,0.00,0.00,0.00,0.00,0.00,0.00,0.00,293.06,249.81,85.24,2026
EM00013276,Md Abdur Razzak,1322,Rangpur,RN021-B,01,1,5.64,5.70,101.05,5.53,4.15,74.92,5.53,3.43,61.95,6.47,5.30,81.91,6.26,4.81,76.92,6.26,4.99,79.80,5.10,5.60,109.68,5.08,5.13,100.81,0.00,0.00,0.00,0.00,0.00,0.00,0.00,0.00,0.00,0.00,0.00,0.00,45.89,39.11,85.23,2026
EM00006199,Md. Amanul Haque,1332,B. Baria,BB070-P,01,2,55.23,51.37,93.01,54.83,49.75,90.75,54.83,48.56,88.57,55.70,45.05,80.88,54.91,42.64,77.66,54.91,45.77,83.35,53.44,47.10,88.15,52.66,41.70,79.19,0.00,0.00,0.00,0.00,0.00,0.00,0.00,0.00,0.00,0.00,0.00,0.00,436.50,371.95,85.21,2026
EM00015126,Md. Shamim Reza,1314,Mymensingh,MY061-B,01,1,8.50,5.98,70.37,8.04,7.11,88.49,8.04,6.95,86.52,8.16,6.23,76.33,7.87,5.98,76.05,7.87,6.00,76.25,6.74,7.60,112.69,6.67,6.87,103.05,0.00,0.00,0.00,0.00,0.00,0.00,0.00,0.00,0.00,0.00,0.00,0.00,61.87,52.72,85.21,2026
EM00014770,Md. Mazibar Rahman,1314,Mymensingh,MY014-G,02,1,5.80,4.96,85.60,5.65,5.02,88.79,5.80,4.85,83.68,6.56,5.14,78.38,6.20,5.67,91.39,6.85,5.45,79.58,6.75,6.00,88.92,7.25,6.24,86.05,0.00,0.00,0.00,0.00,0.00,0.00,0.00,0.00,0.00,0.00,0.00,0.00,50.86,43.33,85.20,2026
EM00009034,Md. A. Awal,1313,Narayanganj,NA100-P,01,2,58.53,47.07,80.41,58.12,52.34,90.07,58.12,47.95,82.51,46.16,39.18,84.88,44.47,32.28,72.58,44.47,38.53,86.64,40.72,38.04,93.43,41.94,39.03,93.08,0.00,0.00,0.00,0.00,0.00,0.00,0.00,0.00,0.00,0.00,0.00,0.00,392.51,334.41,85.20,2026
EM00012067,Md. Morsed Morshalin,1320,Bogura,BO092-B,01,1,7.62,5.45,71.44,7.42,6.12,82.54,7.42,5.54,74.74,8.06,6.26,77.66,7.60,5.77,75.87,7.60,6.76,88.99,6.30,6.64,105.43,6.30,7.14,113.33,0.00,0.00,0.00,0.00,0.00,0.00,0.00,0.00,0.00,0.00,0.00,0.00,58.32,49.69,85.19,2026
EM00013077,Md. Mithu Ahmed,1324,Jashore,JA071-B,01,1,9.53,6.79,71.21,9.53,7.56,79.30,9.53,7.99,83.85,11.65,8.71,74.80,11.23,10.24,91.18,11.23,9.04,80.48,10.33,10.10,97.80,10.40,10.64,102.33,0.00,0.00,0.00,0.00,0.00,0.00,0.00,0.00,0.00,0.00,0.00,0.00,83.44,71.08,85.19,2026
EM00006718,Rashedul Alom,1316,Sylhet,SY020-V,04,2,32.67,31.57,96.62,32.82,26.58,80.97,33.57,21.02,62.61,35.81,35.89,100.22,35.81,28.26,78.92,38.86,35.02,90.13,40.35,33.80,83.77,42.22,36.58,86.63,0.00,0.00,0.00,0.00,0.00,0.00,0.00,0.00,0.00,0.00,0.00,0.00,292.11,248.71,85.14,2026
EM00016090,Md. Shadhin Ali,1319,Feni,FE021-G,02,1,0.00,0.00,0.00,0.00,0.00,0.00,0.00,0.00,0.00,0.00,0.00,0.00,5.28,4.49,85.09,7.52,6.56,87.20,7.52,5.52,73.34,7.70,7.29,94.62,0.00,0.00,0.00,0.00,0.00,0.00,0.00,0.00,0.00,0.00,0.00,0.00,28.02,23.85,85.12,2026
EM00005125,Md. Masud Rana,1316,Sylhet,SY080-P,01,2,39.51,33.69,85.28,38.65,31.59,81.73,38.65,29.42,76.12,42.03,37.42,89.04,40.49,32.59,80.49,40.49,33.13,81.84,37.80,37.14,98.26,37.26,33.02,88.62,0.00,0.00,0.00,0.00,0.00,0.00,0.00,0.00,0.00,0.00,0.00,0.00,314.86,268.00,85.12,2026
EM00014076,Md. Hashim Reza Emon,1336,Keraniganj,KE024-B,01,1,6.15,5.24,85.26,6.10,5.61,91.95,6.10,4.58,75.10,6.65,5.18,77.85,6.41,5.01,78.14,6.41,5.01,78.17,5.68,5.51,97.09,5.72,5.75,100.49,0.00,0.00,0.00,0.00,0.00,0.00,0.00,0.00,0.00,0.00,0.00,0.00,49.23,41.90,85.11,2026
EM00015539,Sarif Ahmed Bhuiyan,1315,Chattogram,CH032-V,04,1,10.49,9.13,87.06,10.49,7.91,75.43,10.73,6.59,61.40,11.44,9.45,82.60,11.30,8.94,79.12,12.20,12.29,100.76,11.95,10.97,91.82,12.80,12.50,97.67,0.00,0.00,0.00,0.00,0.00,0.00,0.00,0.00,0.00,0.00,0.00,0.00,91.40,77.79,85.11,2026
EM00010153,HD. Abdur Raouf,1314,Mymensingh,MY131-B,01,1,9.62,6.47,67.30,9.55,7.31,76.56,9.55,7.89,82.61,11.38,9.14,80.31,10.78,8.47,78.53,10.78,9.90,91.86,9.46,9.69,102.49,9.46,9.67,102.31,0.00,0.00,0.00,0.00,0.00,0.00,0.00,0.00,0.00,0.00,0.00,0.00,80.57,68.55,85.08,2026
EM00014543,Md. Jakaria Hossain,1331,Chandpur,CA013-C,01,1,8.88,6.82,76.81,8.81,7.32,83.10,8.81,7.43,84.26,9.36,7.67,81.97,9.15,7.76,84.82,9.15,7.73,84.48,8.70,7.47,85.83,8.40,8.42,100.26,0.00,0.00,0.00,0.00,0.00,0.00,0.00,0.00,0.00,0.00,0.00,0.00,71.25,60.61,85.07,2026
EM00015037,Md. Shahadat Hossain,1314,Mymensingh,MY051-A,01,1,4.74,3.30,69.61,4.71,3.93,83.50,4.71,3.65,77.46,5.06,4.24,83.75,4.90,3.95,80.56,4.90,3.98,81.27,4.40,4.65,105.64,4.36,4.43,101.72,0.00,0.00,0.00,0.00,0.00,0.00,0.00,0.00,0.00,0.00,0.00,0.00,37.78,32.13,85.05,2026
EM00015958,Md. Saifur Rahman,1315,Chattogram,CH025-G,02,1,0.00,0.00,0.00,0.00,0.00,0.00,0.00,0.00,0.00,3.43,1.89,55.11,3.22,2.08,64.66,3.50,3.20,91.54,3.50,3.73,106.69,3.60,3.76,104.46,0.00,0.00,0.00,0.00,0.00,0.00,0.00,0.00,0.00,0.00,0.00,0.00,17.25,14.67,85.05,2026
EM00013010,Md. Asadul Haque,1314,Mymensingh,MY091-B,01,1,7.84,5.70,72.74,7.78,5.67,72.88,7.78,5.90,75.87,7.63,6.28,82.32,7.24,6.31,87.17,7.24,5.91,81.57,6.83,8.08,118.21,6.75,6.41,94.89,0.00,0.00,0.00,0.00,0.00,0.00,0.00,0.00,0.00,0.00,0.00,0.00,59.09,50.25,85.04,2026
EM00004918,Md. Jalal Uddin,1313,Narayanganj,NA020-P,01,2,45.28,38.58,85.21,45.28,37.76,83.41,45.28,37.98,83.89,48.80,38.69,79.28,46.94,37.05,78.93,46.94,39.46,84.05,42.62,40.49,95.02,43.70,40.23,92.05,0.00,0.00,0.00,0.00,0.00,0.00,0.00,0.00,0.00,0.00,0.00,0.00,364.84,310.25,85.04,2026
EM00016349,Md. Sohag,1310,Paltan,PA063-G,02,1,0.00,0.00,0.00,0.00,0.00,0.00,0.00,0.00,0.00,0.00,0.00,0.00,0.00,0.00,0.00,0.00,0.00,0.00,6.80,5.77,84.81,7.00,5.97,85.25,0.00,0.00,0.00,0.00,0.00,0.00,0.00,0.00,0.00,0.00,0.00,0.00,13.80,11.73,85.03,2026
EM00001093,Md. Sayed Enam Ahmed,1315,Chattogram,RG02011,02,4,290.89,234.95,80.77,140.28,125.09,89.17,142.64,122.36,85.78,154.43,128.82,83.42,153.45,125.98,82.10,168.42,151.43,89.91,168.42,147.31,87.46,173.41,147.62,85.13,0.00,0.00,0.00,0.00,0.00,0.00,0.00,0.00,0.00,0.00,0.00,0.00,1391.94,1183.57,85.03,2026
EM00010389,Md. Robiul Islam,1322,Rangpur,RN030-P,01,2,33.68,22.35,66.37,33.44,24.02,71.82,33.44,24.37,72.87,31.30,22.60,72.23,30.16,23.28,77.20,30.16,29.60,98.17,27.70,32.70,118.06,27.50,31.40,114.18,0.00,0.00,0.00,0.00,0.00,0.00,0.00,0.00,0.00,0.00,0.00,0.00,247.37,210.34,85.03,2026
EM00011196,Arin Hassan Sabuj,1323,RNG+DNJ,RG02016,02,4,38.22,33.48,87.59,115.43,94.02,81.45,117.37,96.88,82.54,127.07,100.19,78.85,119.31,104.40,87.50,130.95,107.52,82.10,130.95,116.98,89.33,134.83,123.66,91.72,0.00,0.00,0.00,0.00,0.00,0.00,0.00,0.00,0.00,0.00,0.00,0.00,914.13,777.13,85.01,2026
EM00013908,Md. Mehedi Hasan,1329,Tangail,TA012-V,04,1,6.00,4.77,79.46,6.00,5.09,84.90,6.14,4.76,77.51,6.55,6.58,100.50,6.55,5.46,83.34,7.10,6.09,85.76,7.37,6.22,84.34,7.92,6.62,83.59,0.00,0.00,0.00,0.00,0.00,0.00,0.00,0.00,0.00,0.00,0.00,0.00,53.63,45.59,85.00,2026
EM00015523,Mehedi Hasan,1310,Paltan,PA024-V,04,1,8.50,6.77,79.60,8.50,6.59,77.55,8.69,6.72,77.34,9.26,9.43,101.86,9.26,7.65,82.59,10.03,8.49,84.68,10.42,9.03,86.67,11.19,9.78,87.44,0.00,0.00,0.00,0.00,0.00,0.00,0.00,0.00,0.00,0.00,0.00,0.00,75.85,64.47,84.99,2026
EM00002071,Mr. Komol Kumar Sinha,1314,Mymensingh,MY110-P,01,2,31.92,22.58,70.73,31.69,24.88,78.50,31.69,27.24,85.95,47.24,34.17,72.32,43.61,35.28,80.91,43.61,36.23,83.09,38.52,41.35,107.36,37.96,38.55,101.53,0.00,0.00,0.00,0.00,0.00,0.00,0.00,0.00,0.00,0.00,0.00,0.00,306.24,260.27,84.99,2026
EM00004417,Md. Jakir Hossain,1311,Dhanmondi,DH083-C,01,1,11.81,9.50,80.44,11.34,9.65,85.06,11.34,8.64,76.17,13.21,9.21,69.69,11.60,8.89,76.66,11.60,9.85,84.88,10.14,11.22,110.69,10.14,10.53,103.90,0.00,0.00,0.00,0.00,0.00,0.00,0.00,0.00,0.00,0.00,0.00,0.00,91.19,77.49,84.98,2026
EM00002673,Md. Assaduzzaman,1334,Kishoreganj,RP01018,01,4,323.88,261.71,80.81,321.57,270.29,84.05,321.57,278.16,86.50,360.80,285.42,79.11,348.53,271.10,77.78,348.53,298.54,85.66,334.87,313.16,93.51,330.08,307.27,93.09,0.00,0.00,0.00,0.00,0.00,0.00,0.00,0.00,0.00,0.00,0.00,0.00,2689.84,2285.64,84.97,2026
EM00015483,Md. Hasan Mahmud,1325,Khulna,KH013-A,01,1,4.93,3.85,78.08,4.93,4.04,82.09,4.93,4.04,82.06,5.72,4.37,76.44,4.92,4.58,93.09,4.92,4.19,85.25,4.56,4.24,92.92,4.41,4.08,92.45,0.00,0.00,0.00,0.00,0.00,0.00,0.00,0.00,0.00,0.00,0.00,0.00,39.31,33.39,84.95,2026
EM00013830,Naimudden .,1326,Barishal,BA072-C,01,1,8.14,6.72,82.55,8.08,6.85,84.79,8.08,7.89,97.64,9.31,7.99,85.87,9.30,6.87,73.91,9.30,8.01,86.11,8.03,7.54,93.94,8.12,6.18,76.13,0.00,0.00,0.00,0.00,0.00,0.00,0.00,0.00,0.00,0.00,0.00,0.00,68.34,58.05,84.94,2026
EM00004336,Mr. Animesh Chandra Mondol,1315,Chattogram,CH305-A,01,1,6.63,5.36,80.86,6.58,5.75,87.34,6.58,6.06,92.10,7.34,5.77,78.62,7.07,5.62,79.53,7.07,5.82,82.25,6.61,6.02,91.09,6.23,5.55,89.02,0.00,0.00,0.00,0.00,0.00,0.00,0.00,0.00,0.00,0.00,0.00,0.00,54.12,45.95,84.91,2026
EM00010388,Ebrahim Khalil,1327,Faridpur,FA084-C,01,1,10.63,8.17,76.84,10.56,8.25,78.14,10.56,9.64,91.29,12.08,9.89,81.88,11.58,9.95,85.85,11.58,10.26,88.54,10.36,9.20,88.77,10.28,9.05,88.04,0.00,0.00,0.00,0.00,0.00,0.00,0.00,0.00,0.00,0.00,0.00,0.00,87.64,74.40,84.89,2026
EM00008918,Mosharraf Hossain,1311,Dhanmondi,DH104-B,01,1,7.22,6.01,83.34,7.18,5.96,82.99,7.18,6.76,94.17,8.47,6.54,77.20,8.16,6.14,75.24,8.16,6.45,79.11,7.46,7.24,97.11,7.36,6.83,92.78,0.00,0.00,0.00,0.00,0.00,0.00,0.00,0.00,0.00,0.00,0.00,0.00,61.18,51.93,84.89,2026
EM00013827,Khalidur Rahman,1327,Faridpur,FA011-A,01,1,5.12,4.63,90.54,5.08,4.20,82.67,5.08,3.84,75.64,5.45,4.13,75.76,5.45,4.23,77.52,5.45,4.52,82.86,4.77,4.56,95.68,4.50,4.61,102.40,0.00,0.00,0.00,0.00,0.00,0.00,0.00,0.00,0.00,0.00,0.00,0.00,40.91,34.72,84.89,2026
EM00011854,Md. Ataur Rahman,1315,Chattogram,CH023-V,04,1,8.84,8.31,93.99,8.84,6.87,77.77,9.04,7.94,87.87,9.64,8.66,89.83,9.65,7.92,82.06,10.45,9.40,89.92,10.90,8.81,80.83,11.70,9.20,78.64,0.00,0.00,0.00,0.00,0.00,0.00,0.00,0.00,0.00,0.00,0.00,0.00,79.06,67.11,84.89,2026
EM00013772,Md. Salam Sordar,1326,Barishal,BA064-C,01,1,6.96,5.41,77.82,6.91,5.33,77.17,6.91,5.53,80.15,8.15,6.58,80.82,7.70,6.19,80.42,7.70,6.35,82.44,6.23,6.55,105.05,6.30,6.30,100.04,0.00,0.00,0.00,0.00,0.00,0.00,0.00,0.00,0.00,0.00,0.00,0.00,56.85,48.25,84.88,2026
EM00008524,Md. Shahinur Rahman,1321,Rajshahi,RA031-B,01,1,6.62,5.19,78.41,6.57,5.41,82.32,6.57,4.99,75.96,7.41,5.92,79.90,7.15,6.07,84.93,7.15,6.19,86.66,6.16,6.17,100.15,6.16,5.70,92.46,0.00,0.00,0.00,0.00,0.00,0.00,0.00,0.00,0.00,0.00,0.00,0.00,53.79,45.64,84.86,2026
EM00006943,Mr. Palash Kumar Sur,1322,Rangpur,RN091-A,01,1,9.59,7.00,73.01,9.52,7.03,73.86,9.52,7.44,78.13,7.91,6.28,79.46,7.62,6.47,84.80,7.62,6.95,91.10,6.84,7.30,106.85,6.81,7.04,103.38,0.00,0.00,0.00,0.00,0.00,0.00,0.00,0.00,0.00,0.00,0.00,0.00,65.42,55.50,84.84,2026
EM00011590,Md. Mojaffor Hossain,1311,Dhanmondi,DH022-A,01,1,4.87,4.55,93.47,4.87,4.44,91.10,4.87,4.43,90.97,6.33,4.10,64.87,6.10,3.90,63.95,6.10,4.61,75.64,5.07,5.57,109.85,4.99,5.03,100.77,0.00,0.00,0.00,0.00,0.00,0.00,0.00,0.00,0.00,0.00,0.00,0.00,43.20,36.64,84.81,2026
EM00008575,Md. Milton Ali,1324,Jashore,JA032-B,01,1,7.97,6.57,82.50,7.91,6.38,80.65,7.91,6.36,80.34,8.95,7.56,84.48,8.63,5.92,68.64,8.63,6.88,79.68,7.74,8.08,104.47,7.67,7.69,100.36,0.00,0.00,0.00,0.00,0.00,0.00,0.00,0.00,0.00,0.00,0.00,0.00,65.40,55.45,84.77,2026
EM00011521,Shaful Alam,1328,CHT+CXB,CH070-G,02,2,9.30,9.29,99.86,22.84,19.02,83.26,23.25,18.60,80.00,24.70,20.21,81.84,23.20,20.09,86.60,25.46,21.54,84.60,25.46,21.98,86.33,26.31,22.31,84.80,0.00,0.00,0.00,0.00,0.00,0.00,0.00,0.00,0.00,0.00,0.00,0.00,180.52,153.04,84.77,2026
EM00010328,Md. Anowar Hossain,1329,Tangail,TA033-B,01,1,8.96,6.77,75.63,8.89,7.81,87.85,8.89,7.55,84.87,10.07,8.19,81.36,9.70,8.19,84.47,9.70,7.36,75.88,8.79,8.29,94.29,8.66,8.28,95.58,0.00,0.00,0.00,0.00,0.00,0.00,0.00,0.00,0.00,0.00,0.00,0.00,73.66,62.45,84.77,2026
EM00014083,Md. Bappi Hossain,1314,Mymensingh,MY071-A,01,1,7.32,5.59,76.36,7.27,5.58,76.73,7.27,6.05,83.21,8.25,6.92,83.85,8.16,6.13,75.14,8.16,6.32,77.45,7.06,7.64,108.16,6.96,7.02,100.82,0.00,0.00,0.00,0.00,0.00,0.00,0.00,0.00,0.00,0.00,0.00,0.00,60.47,51.25,84.77,2026
EM00009725,Md. Shahiduzzaman,1311,Dhanmondi,DH084-C,01,1,10.49,8.54,81.39,10.49,8.39,80.01,10.49,8.45,80.54,12.35,9.41,76.21,10.70,7.83,73.18,10.70,9.02,84.30,9.49,9.93,104.63,9.49,9.77,102.91,0.00,0.00,0.00,0.00,0.00,0.00,0.00,0.00,0.00,0.00,0.00,0.00,84.19,71.33,84.72,2026
EM00014781,Md. Iqbal Hossen,1334,Kishoreganj,KI023-G,02,1,6.85,5.70,83.20,6.65,5.59,83.99,6.76,5.77,85.30,7.30,5.72,78.41,6.85,5.93,86.64,7.55,6.13,81.18,7.55,6.55,86.70,7.70,7.08,91.98,0.00,0.00,0.00,0.00,0.00,0.00,0.00,0.00,0.00,0.00,0.00,0.00,57.21,48.47,84.72,2026
EM00008134,Md. Sihab Hassan Rana,1310,Paltan,PA160-P,01,2,43.96,40.12,91.26,43.65,42.29,96.88,43.65,33.69,77.17,55.41,36.85,66.51,53.34,39.43,73.93,53.34,45.64,85.56,46.72,47.12,100.85,48.05,43.66,90.88,0.00,0.00,0.00,0.00,0.00,0.00,0.00,0.00,0.00,0.00,0.00,0.00,388.12,328.80,84.72,2026
EM00006620,Md. Lutfar Rahman,1329,Tangail,TA021-B,01,1,8.58,6.89,80.31,8.52,7.06,82.89,8.52,7.18,84.30,9.69,7.60,78.40,9.35,7.00,74.86,9.35,7.51,80.35,8.42,8.80,104.44,8.55,8.09,94.62,0.00,0.00,0.00,0.00,0.00,0.00,0.00,0.00,0.00,0.00,0.00,0.00,70.98,60.13,84.71,2026
EM00016067,Md. Habibur Rahman,1322,Rangpur,RN131-C,01,1,0.00,0.00,0.00,0.00,0.00,0.00,0.00,0.00,0.00,0.00,0.00,0.00,8.21,5.45,66.41,8.21,5.71,69.51,7.03,7.60,108.21,7.02,7.04,100.34,0.00,0.00,0.00,0.00,0.00,0.00,0.00,0.00,0.00,0.00,0.00,0.00,30.46,25.80,84.71,2026
EM00014794,Chandan Sutradhar,1313,Narayanganj,NA032-B,01,1,7.42,6.84,92.26,7.42,6.12,82.47,7.42,5.88,79.22,7.63,5.47,71.63,7.20,5.05,70.20,7.20,5.52,76.64,6.61,7.15,108.16,6.78,6.81,100.53,0.00,0.00,0.00,0.00,0.00,0.00,0.00,0.00,0.00,0.00,0.00,0.00,57.67,48.83,84.68,2026
EM00002558,Khandakar Motier Rahman,1333,Moulvibazar,MO093-A,01,1,7.53,5.44,72.17,7.48,6.01,80.32,7.48,6.37,85.19,8.70,7.20,82.72,8.37,6.62,79.16,8.37,6.90,82.47,7.40,7.17,96.94,7.30,7.32,100.31,0.00,0.00,0.00,0.00,0.00,0.00,0.00,0.00,0.00,0.00,0.00,0.00,62.63,53.03,84.68,2026
EM00012204,Arafat Hossain,1310,Paltan,PA052-G,02,1,10.00,9.06,90.59,9.00,7.92,87.98,9.15,8.63,94.30,9.95,8.68,87.28,9.25,7.89,85.33,10.14,7.77,76.61,10.14,8.23,81.16,10.00,7.56,75.56,0.00,0.00,0.00,0.00,0.00,0.00,0.00,0.00,0.00,0.00,0.00,0.00,77.63,65.74,84.68,2026
EM00015272,Pavel Hossain,1322,Rangpur,RN025-G,02,1,3.70,2.32,62.80,3.60,2.46,68.43,3.60,3.14,87.30,3.90,3.33,85.35,3.80,3.21,84.51,4.15,3.26,78.59,4.15,4.24,102.07,4.30,4.45,103.51,0.00,0.00,0.00,0.00,0.00,0.00,0.00,0.00,0.00,0.00,0.00,0.00,31.20,26.42,84.68,2026
EM00014012,Md. Imran Hussain,1316,Sylhet,SY144-B,01,1,8.13,6.69,82.34,8.07,6.01,74.47,8.07,6.14,76.15,9.01,7.19,79.83,8.68,7.08,81.59,8.68,6.52,75.06,7.86,8.38,106.63,7.75,8.07,104.16,0.00,0.00,0.00,0.00,0.00,0.00,0.00,0.00,0.00,0.00,0.00,0.00,66.24,56.08,84.67,2026
EM00004244,Md. Alamgir Hossain,1335,Kushtia,KU060-P,01,2,43.03,32.91,76.49,42.72,33.13,77.56,42.72,36.56,85.59,48.45,36.41,75.16,47.46,37.17,78.31,47.46,42.10,88.69,43.53,42.37,97.33,43.98,43.58,99.10,0.00,0.00,0.00,0.00,0.00,0.00,0.00,0.00,0.00,0.00,0.00,0.00,359.35,304.23,84.66,2026
EM00015083,Md. Shah Alam,1334,Kishoreganj,KI024-G,02,1,6.30,5.54,87.99,6.10,5.18,84.98,6.20,5.84,94.23,6.70,5.13,76.57,6.30,5.23,83.09,6.90,5.81,84.14,6.90,5.76,83.41,7.25,6.08,83.83,0.00,0.00,0.00,0.00,0.00,0.00,0.00,0.00,0.00,0.00,0.00,0.00,52.65,44.57,84.66,2026
EM00014162,Md. Robiullah .,1316,Sylhet,SY143-C,01,1,7.61,6.35,83.41,7.56,6.06,80.19,7.56,6.05,80.03,8.31,6.69,80.51,8.01,6.42,80.20,8.01,6.46,80.69,7.32,6.71,91.61,7.22,7.39,102.34,0.00,0.00,0.00,0.00,0.00,0.00,0.00,0.00,0.00,0.00,0.00,0.00,61.59,52.12,84.63,2026
EM00015987,Md. Sazzad Hossain,1313,Narayanganj,NA141-A,01,1,0.00,0.00,0.00,0.00,0.00,0.00,0.00,0.00,0.00,9.03,6.74,74.63,8.70,7.08,81.40,8.70,6.88,79.16,7.91,7.58,95.83,8.15,7.67,94.10,0.00,0.00,0.00,0.00,0.00,0.00,0.00,0.00,0.00,0.00,0.00,0.00,42.49,35.96,84.63,2026
EM00016394,Md. Azizur Mirdha,1310,Paltan,PA272-A,01,1,0.00,0.00,0.00,0.00,0.00,0.00,0.00,0.00,0.00,0.00,0.00,0.00,0.00,0.00,0.00,0.00,0.00,0.00,6.31,6.39,101.36,6.31,4.28,67.85,0.00,0.00,0.00,0.00,0.00,0.00,0.00,0.00,0.00,0.00,0.00,0.00,12.62,10.68,84.60,2026
EM00012985,Zhantu Chandra Kulu,1326,Barishal,BA123-A,01,1,9.21,7.26,78.87,9.14,7.38,80.71,9.14,8.27,90.50,10.68,8.52,79.76,10.40,8.65,83.14,10.40,7.33,70.51,8.99,8.65,96.17,8.09,8.28,102.25,0.00,0.00,0.00,0.00,0.00,0.00,0.00,0.00,0.00,0.00,0.00,0.00,76.06,64.34,84.59,2026
EM00016094,"Md, Mahamudul Hasan",1311,Dhanmondi,DH018-G,02,1,0.00,0.00,0.00,0.00,0.00,0.00,0.00,0.00,0.00,0.00,0.00,0.00,1.75,0.89,51.03,2.00,1.54,76.91,2.00,2.06,102.99,2.00,2.06,103.22,0.00,0.00,0.00,0.00,0.00,0.00,0.00,0.00,0.00,0.00,0.00,0.00,7.75,6.56,84.59,2026
EM00013761,Deepak Chandra Paul,1331,Chandpur,CA012-A,01,1,6.19,4.71,76.06,6.15,5.22,84.97,6.15,4.64,75.52,4.76,4.30,90.22,4.78,3.60,75.40,4.78,3.85,80.65,4.45,4.47,100.45,4.28,4.32,100.99,0.00,0.00,0.00,0.00,0.00,0.00,0.00,0.00,0.00,0.00,0.00,0.00,41.53,35.12,84.56,2026
EM00016444,Md. Kader Sheikh,1327,Faridpur,FA062-B,01,1,0.00,0.00,0.00,0.00,0.00,0.00,0.00,0.00,0.00,0.00,0.00,0.00,0.00,0.00,0.00,0.00,0.00,0.00,0.00,0.00,0.00,6.92,5.85,84.52,0.00,0.00,0.00,0.00,0.00,0.00,0.00,0.00,0.00,0.00,0.00,0.00,6.92,5.85,84.52,2026
EM00010360,Adhir Chandro Ray,1315,Chattogram,CH021-C,01,1,10.43,9.57,91.75,10.36,9.35,90.28,10.36,9.45,91.22,11.07,8.61,77.80,10.68,8.60,80.55,10.68,8.28,77.56,10.50,8.44,80.38,9.99,8.74,87.50,0.00,0.00,0.00,0.00,0.00,0.00,0.00,0.00,0.00,0.00,0.00,0.00,84.06,71.04,84.52,2026
EM00013319,Raju Ahmad,1311,Dhanmondi,DH022-B,01,1,4.66,4.42,94.76,4.66,4.27,91.66,4.66,3.79,81.30,6.13,3.36,54.87,5.91,3.84,64.99,5.91,4.55,76.95,4.95,5.50,111.10,4.88,5.56,114.04,0.00,0.00,0.00,0.00,0.00,0.00,0.00,0.00,0.00,0.00,0.00,0.00,41.76,35.29,84.51,2026
EM00014677,Md. Habibur Rahman,1312,Uttara,UT061-A,01,1,9.37,7.59,80.97,9.30,8.08,86.88,9.30,8.53,91.64,10.79,8.43,78.06,10.40,8.47,81.40,10.40,8.51,81.79,9.67,8.57,88.59,9.43,8.31,88.05,0.00,0.00,0.00,0.00,0.00,0.00,0.00,0.00,0.00,0.00,0.00,0.00,78.68,66.47,84.48,2026
EM00010390,Md. Mamun Hoque,1312,Uttara,UT112-C,01,1,11.79,10.20,86.46,11.71,10.57,90.31,11.71,10.29,87.91,13.27,10.93,82.31,12.79,9.26,72.40,12.79,8.36,65.34,11.90,11.08,93.11,11.73,11.83,100.89,0.00,0.00,0.00,0.00,0.00,0.00,0.00,0.00,0.00,0.00,0.00,0.00,97.69,82.52,84.47,2026
EM00007577,Md. Mahbubur Rahaman,1329,Tangail,TA013-V,04,1,8.54,7.11,83.23,8.54,6.83,79.95,8.73,6.70,76.70,9.31,8.87,95.23,9.31,7.83,84.09,10.08,8.45,83.88,10.47,9.14,87.28,11.24,9.46,84.12,0.00,0.00,0.00,0.00,0.00,0.00,0.00,0.00,0.00,0.00,0.00,0.00,76.22,64.37,84.46,2026
EM00008277,Md. Anwar Hossain,1313,Narayanganj,NA102-A,01,1,7.71,6.00,77.77,7.66,7.80,101.80,7.66,6.10,79.63,8.63,7.61,88.17,8.31,6.02,72.46,8.31,6.87,82.64,7.58,6.29,83.07,7.80,7.08,90.72,0.00,0.00,0.00,0.00,0.00,0.00,0.00,0.00,0.00,0.00,0.00,0.00,63.66,53.76,84.46,2026
EM00011144,Abu Hena Md. Eftekharul Alam Al Mah,1311,Dhanmondi,DH104-G,02,1,7.40,6.42,86.78,7.15,4.14,57.88,7.27,5.92,81.49,7.87,5.79,73.60,7.40,6.29,85.01,8.13,7.51,92.43,8.13,7.66,94.23,8.37,8.38,100.07,0.00,0.00,0.00,0.00,0.00,0.00,0.00,0.00,0.00,0.00,0.00,0.00,61.72,52.12,84.44,2026
EM00015543,Zakaria Islam,1314,Mymensingh,MY012-V,04,1,4.30,3.17,73.70,4.30,2.76,64.25,4.40,3.38,76.91,6.34,4.80,75.75,6.34,5.10,80.49,6.88,6.75,98.08,7.15,7.15,100.05,7.68,6.89,89.74,0.00,0.00,0.00,0.00,0.00,0.00,0.00,0.00,0.00,0.00,0.00,0.00,47.39,40.02,84.44,2026
EM00010550,Mohammad Ali Akkas Bakaul,1335,Kushtia,KU030-P,01,2,39.28,31.51,80.22,39.00,29.37,75.31,39.00,34.19,87.66,44.13,34.00,77.05,44.59,34.82,78.09,44.59,37.97,85.16,40.36,38.27,94.82,40.73,39.91,97.97,0.00,0.00,0.00,0.00,0.00,0.00,0.00,0.00,0.00,0.00,0.00,0.00,331.68,280.04,84.43,2026
EM00011403,Tarak Nath Datta,1325,Khulna,KH071-B,01,1,7.20,5.94,82.53,7.15,5.75,80.44,7.15,6.64,92.96,8.29,6.03,72.67,8.00,6.54,81.76,8.00,6.66,83.31,7.17,6.48,90.51,7.26,6.78,93.40,0.00,0.00,0.00,0.00,0.00,0.00,0.00,0.00,0.00,0.00,0.00,0.00,60.21,50.83,84.42,2026
EM00014201,Md. Lutfor Rahman,1320,Bogura,BO012-B,01,1,4.01,3.09,77.06,4.01,3.04,75.84,4.01,3.11,77.57,4.86,3.65,75.13,4.75,3.32,69.96,4.75,3.90,82.18,4.11,4.63,112.71,3.91,4.30,109.90,0.00,0.00,0.00,0.00,0.00,0.00,0.00,0.00,0.00,0.00,0.00,0.00,34.43,29.07,84.42,2026
EM00014713,Md. Abdur Rahim,1323,Dinajpur,DI032-A,01,1,5.16,4.14,80.13,5.13,3.42,66.64,5.13,3.58,69.91,5.60,4.21,75.18,5.21,4.26,81.75,5.21,4.74,91.02,4.15,4.82,116.24,4.09,4.32,105.65,0.00,0.00,0.00,0.00,0.00,0.00,0.00,0.00,0.00,0.00,0.00,0.00,39.68,33.50,84.42,2026
EM00014414,Sajib Kumar,1320,Bogura,BO071-C,01,1,8.30,6.68,80.38,8.28,6.63,80.11,8.28,6.65,80.30,9.86,7.49,75.96,9.59,7.52,78.39,9.59,7.55,78.72,8.08,8.48,104.99,8.08,8.15,100.86,0.00,0.00,0.00,0.00,0.00,0.00,0.00,0.00,0.00,0.00,0.00,0.00,70.06,59.14,84.42,2026
EM00002665,Mr. Ratan Sindhu Ray,1332,B. Baria,BB100-P,01,2,57.34,44.21,77.10,39.22,32.61,83.13,43.27,40.07,92.59,46.17,36.96,80.06,44.60,35.90,80.48,44.60,37.53,84.15,43.74,39.86,91.13,43.11,38.46,89.21,0.00,0.00,0.00,0.00,0.00,0.00,0.00,0.00,0.00,0.00,0.00,0.00,362.05,305.59,84.40,2026
EM00001595,Md. Abdul Baki Bhuyan,1313,Narayanganj,RP01015,01,4,339.09,296.99,87.58,336.68,300.09,89.13,336.68,295.50,87.77,380.84,294.68,77.38,366.90,271.36,73.96,366.90,293.54,80.00,335.95,314.22,93.53,346.00,303.93,87.84,0.00,0.00,0.00,0.00,0.00,0.00,0.00,0.00,0.00,0.00,0.00,0.00,2809.05,2370.31,84.38,2026
EM00005972,Md. Azizul Hoque,1315,Chattogram,CH133-B,01,1,8.42,6.69,79.42,8.36,7.13,85.22,8.36,7.29,87.12,9.58,7.31,76.28,9.23,7.68,83.21,9.23,7.58,82.13,8.64,7.89,91.38,8.14,7.48,91.82,0.00,0.00,0.00,0.00,0.00,0.00,0.00,0.00,0.00,0.00,0.00,0.00,69.97,59.04,84.38,2026
EM00002613,Mr. Ponir Hossain,1317,Cumilla,CU130-P,01,2,52.39,46.65,89.05,52.02,49.44,95.06,52.02,46.94,90.23,53.47,40.40,75.55,51.55,40.23,78.04,51.55,43.95,85.27,52.26,40.31,77.13,51.51,43.73,84.89,0.00,0.00,0.00,0.00,0.00,0.00,0.00,0.00,0.00,0.00,0.00,0.00,416.75,351.65,84.38,2026
EM00011315,Shajahan Hossen,1315,Chattogram,CH063-G,02,1,7.35,5.71,77.63,6.90,5.68,82.33,7.00,5.95,84.99,7.50,6.17,82.26,7.10,5.90,83.15,7.70,6.55,85.03,7.70,6.74,87.54,7.94,7.23,91.06,0.00,0.00,0.00,0.00,0.00,0.00,0.00,0.00,0.00,0.00,0.00,0.00,59.19,49.93,84.35,2026
EM00015699,Md. Monirujjaman,1314,Mymensingh,MY021-G,02,1,0.00,0.00,0.00,7.75,5.81,75.02,7.85,6.42,81.73,8.50,6.93,81.52,8.00,6.37,79.65,8.80,7.20,81.84,8.80,8.83,100.31,9.05,7.99,88.29,0.00,0.00,0.00,0.00,0.00,0.00,0.00,0.00,0.00,0.00,0.00,0.00,58.75,49.55,84.34,2026
EM00014923,Md. Obaydul Islam,1315,Chattogram,CH031-A,01,1,8.30,7.16,86.21,8.24,6.71,81.40,8.24,5.91,71.77,9.11,7.16,78.59,8.78,8.07,91.85,8.78,7.19,81.81,8.26,7.24,87.71,7.87,7.55,96.02,0.00,0.00,0.00,0.00,0.00,0.00,0.00,0.00,0.00,0.00,0.00,0.00,67.58,56.99,84.32,2026
EM00000756,Md. Shagadul Karim,1327,Faridpur,FA080-P,01,2,62.77,44.32,70.61,62.32,50.98,81.81,62.32,54.72,87.80,50.55,41.27,81.65,48.70,41.24,84.67,48.70,41.90,86.03,44.11,41.91,95.00,44.16,40.77,92.32,0.00,0.00,0.00,0.00,0.00,0.00,0.00,0.00,0.00,0.00,0.00,0.00,423.64,357.11,84.30,2026
EM00014279,Md. Rafiqul Islam,1311,Dhanmondi,DH061-B,01,1,1.86,1.47,78.95,1.86,1.42,76.68,1.86,1.53,82.18,2.57,1.71,66.80,2.47,1.78,72.15,2.47,2.07,84.06,2.19,2.37,108.41,2.18,2.34,107.44,0.00,0.00,0.00,0.00,0.00,0.00,0.00,0.00,0.00,0.00,0.00,0.00,17.44,14.70,84.29,2026
EM00011136,Sharif Ahammad,1332,B. Baria,BB052-B,01,1,8.12,6.86,84.43,8.06,6.71,83.30,8.06,7.11,88.25,8.58,7.20,83.90,8.27,6.62,80.10,8.27,6.77,81.94,8.15,7.34,90.03,8.03,6.62,82.46,0.00,0.00,0.00,0.00,0.00,0.00,0.00,0.00,0.00,0.00,0.00,0.00,65.54,55.24,84.29,2026
EM00004207,Mohammad Kamal Hosen,1314,Mymensingh,MY070-P,01,2,48.61,34.16,70.28,48.27,37.67,78.05,48.27,42.01,87.04,56.04,47.73,85.17,55.43,43.99,79.37,55.43,43.97,79.33,49.00,50.25,102.55,48.31,45.17,93.49,0.00,0.00,0.00,0.00,0.00,0.00,0.00,0.00,0.00,0.00,0.00,0.00,409.35,344.95,84.27,2026
EM00011782,Sagar Sinha,1315,Chattogram,CH041-V,04,1,7.85,6.90,87.86,7.85,6.37,81.16,8.03,5.05,62.83,8.56,8.74,102.04,8.50,7.04,82.86,9.20,8.92,96.93,9.50,6.73,70.89,10.20,8.98,88.01,0.00,0.00,0.00,0.00,0.00,0.00,0.00,0.00,0.00,0.00,0.00,0.00,69.69,58.72,84.26,2026
EM00011802,Md. Babu Howlader,1324,Jashore,JA072-B,01,1,8.66,6.51,75.22,8.66,6.83,78.95,8.66,7.75,89.59,10.33,7.90,76.48,9.96,8.14,81.76,9.96,7.48,75.18,9.06,8.85,97.69,9.12,9.20,100.91,0.00,0.00,0.00,0.00,0.00,0.00,0.00,0.00,0.00,0.00,0.00,0.00,74.38,62.67,84.26,2026
EM00010155,Md. Aslam Mia,1334,MYM+KSG,KI022-V,04,1,7.13,5.31,74.42,7.13,5.73,80.34,7.29,5.77,79.22,7.78,7.85,100.91,7.78,5.13,65.89,8.42,7.52,89.32,8.75,6.87,78.54,9.40,9.45,100.54,0.00,0.00,0.00,0.00,0.00,0.00,0.00,0.00,0.00,0.00,0.00,0.00,63.68,53.63,84.22,2026
EM00009339,Anisur Rahman,1334,Kishoreganj,KI031-A,01,1,6.86,5.14,74.93,6.81,5.68,83.48,6.81,6.04,88.70,8.01,6.58,82.17,7.76,6.04,77.87,7.76,6.40,82.51,7.17,6.64,92.61,7.08,6.53,92.23,0.00,0.00,0.00,0.00,0.00,0.00,0.00,0.00,0.00,0.00,0.00,0.00,58.25,49.06,84.22,2026
EM00013968,Md. Pabidul Islam,1325,Khulna,KH021-G,02,1,5.80,4.49,77.34,5.65,4.73,83.70,5.70,4.76,83.52,6.17,5.04,81.61,5.80,5.40,93.12,6.40,5.34,83.46,6.40,5.62,87.89,6.60,5.48,83.06,0.00,0.00,0.00,0.00,0.00,0.00,0.00,0.00,0.00,0.00,0.00,0.00,48.52,40.86,84.21,2026
EM00010654,Md. Bablur Rahaman,1325,Khulna,KH013-B,01,1,4.80,4.08,85.00,4.80,3.85,80.14,4.80,3.85,80.23,5.59,4.26,76.24,4.79,4.12,85.93,4.79,3.98,82.97,4.70,4.34,92.32,4.70,4.34,92.39,0.00,0.00,0.00,0.00,0.00,0.00,0.00,0.00,0.00,0.00,0.00,0.00,38.99,32.82,84.20,2026
EM00010066,Sajal Sarker,1315,Chattogram,CH033-A,01,1,10.50,8.07,76.90,10.42,8.64,82.87,10.42,10.48,100.59,7.10,5.02,70.77,6.85,4.99,72.85,6.85,5.64,82.37,7.03,5.82,82.81,6.70,6.78,101.20,0.00,0.00,0.00,0.00,0.00,0.00,0.00,0.00,0.00,0.00,0.00,0.00,65.86,55.44,84.19,2026
EM00010395,Md. Azizar Rahman,1329,Tangail,TA023-C,01,1,9.39,7.75,82.51,9.33,7.86,84.33,9.33,7.78,83.46,10.48,8.52,81.32,10.11,7.69,76.09,10.11,8.78,86.83,9.10,7.90,86.89,9.06,8.41,92.82,0.00,0.00,0.00,0.00,0.00,0.00,0.00,0.00,0.00,0.00,0.00,0.00,76.90,64.71,84.14,2026
EM00014803,Md. Sohan Sheike,1318,Noakhali,NO132-A,01,1,10.84,7.75,71.46,10.76,8.49,78.91,10.76,8.76,81.42,12.13,10.51,86.68,11.70,8.31,71.01,11.70,10.72,91.60,11.10,10.05,90.54,10.89,11.04,101.35,0.00,0.00,0.00,0.00,0.00,0.00,0.00,0.00,0.00,0.00,0.00,0.00,89.88,75.62,84.14,2026
EM00002068,Mr. Durlave Chandra Das,1334,Kishoreganj,KI020-P,01,2,36.66,29.63,80.81,36.40,31.09,85.41,36.40,33.52,92.09,43.77,33.12,75.68,42.15,32.73,77.65,42.15,37.20,88.25,40.60,35.49,87.43,40.08,34.84,86.91,0.00,0.00,0.00,0.00,0.00,0.00,0.00,0.00,0.00,0.00,0.00,0.00,318.20,267.61,84.10,2026
EM00016199,Mizanur Rahman,1310,Paltan,PA264-C,01,1,0.00,0.00,0.00,0.00,0.00,0.00,0.00,0.00,0.00,0.00,0.00,0.00,0.00,0.00,0.00,0.00,0.00,0.00,4.84,3.75,77.54,5.14,4.64,90.25,0.00,0.00,0.00,0.00,0.00,0.00,0.00,0.00,0.00,0.00,0.00,0.00,9.98,8.39,84.09,2026
EM00011127,Md. Khokon Mridha,1312,Uttara,UT113-A,01,1,10.05,9.18,91.36,9.97,8.60,86.25,9.97,8.73,87.51,11.30,9.03,79.89,10.87,7.99,73.53,10.87,7.08,65.14,10.16,9.82,96.66,9.88,9.42,95.35,0.00,0.00,0.00,0.00,0.00,0.00,0.00,0.00,0.00,0.00,0.00,0.00,83.08,69.86,84.08,2026
EM00005514,Md. Zakaria Fakir,1313,Narayanganj,NA140-P,01,2,68.35,57.82,84.59,67.86,59.73,88.02,67.86,58.99,86.92,53.37,39.92,74.81,51.44,40.38,78.51,51.44,39.00,75.82,47.01,44.95,95.61,48.43,42.40,87.56,0.00,0.00,0.00,0.00,0.00,0.00,0.00,0.00,0.00,0.00,0.00,0.00,455.76,383.20,84.08,2026
EM00013776,Md. Taleb Hossain,1326,Barishal,BA172-A,01,1,7.06,5.77,81.71,7.01,5.22,74.40,7.01,5.06,72.15,7.93,7.24,91.27,7.71,6.41,83.16,7.71,5.83,75.55,5.84,5.71,97.78,5.85,5.95,101.78,0.00,0.00,0.00,0.00,0.00,0.00,0.00,0.00,0.00,0.00,0.00,0.00,56.11,47.17,84.07,2026
EM00007660,Mr. Kazi Mosta Fizur Rahman,1327,Faridpur,FA093-A,01,1,8.90,7.30,82.00,8.84,7.33,82.90,8.84,8.36,94.63,9.88,8.14,82.39,9.53,7.36,77.28,9.53,9.00,94.43,8.64,6.97,80.65,8.16,6.33,77.64,0.00,0.00,0.00,0.00,0.00,0.00,0.00,0.00,0.00,0.00,0.00,0.00,72.32,60.80,84.07,2026
EM00010062,Md. Sumon Mia,1317,Cumilla,CU050-P,01,2,45.05,37.40,83.01,44.72,39.81,89.01,44.72,37.00,82.74,48.26,38.62,80.02,46.50,35.29,75.89,46.50,35.57,76.49,45.24,41.94,92.70,44.59,41.72,93.56,0.00,0.00,0.00,0.00,0.00,0.00,0.00,0.00,0.00,0.00,0.00,0.00,365.60,307.35,84.07,2026
EM00015264,Hridoy Chandra Saha,1328,Cox's Bazar,CO091-B,01,1,9.59,6.55,68.26,9.52,7.60,79.81,9.52,8.72,91.50,11.09,9.92,89.46,10.69,9.04,84.63,10.69,9.11,85.29,9.90,8.37,84.60,9.55,8.40,87.96,0.00,0.00,0.00,0.00,0.00,0.00,0.00,0.00,0.00,0.00,0.00,0.00,80.56,67.72,84.07,2026
EM00012458,Md. Rabiul Islam,1311,Dhanmondi,DH211-A,01,1,6.35,4.82,75.86,6.35,5.25,82.58,6.35,5.26,82.85,7.57,5.66,74.71,7.28,5.34,73.31,7.28,5.97,82.00,6.26,6.55,104.56,6.26,6.31,100.80,0.00,0.00,0.00,0.00,0.00,0.00,0.00,0.00,0.00,0.00,0.00,0.00,53.72,45.15,84.06,2026
EM00011426,Susanta Deb Nath,1326,Barishal,BA133-B,01,1,6.40,5.00,78.20,6.35,5.07,79.82,6.35,5.43,85.48,7.45,6.23,83.66,7.45,5.56,74.56,7.45,6.05,81.23,6.46,6.16,95.31,6.54,6.26,95.77,0.00,0.00,0.00,0.00,0.00,0.00,0.00,0.00,0.00,0.00,0.00,0.00,54.47,45.77,84.04,2026
EM00005614,Md. Hasan Ali,1315,Chattogram,CH064-C,01,1,9.85,7.36,74.74,9.78,8.55,87.42,9.78,8.63,88.21,11.14,8.55,76.72,10.64,8.71,81.86,10.64,9.12,85.70,9.99,8.84,88.43,9.53,8.62,90.42,0.00,0.00,0.00,0.00,0.00,0.00,0.00,0.00,0.00,0.00,0.00,0.00,81.35,68.36,84.04,2026
EM00006504,Md. Abu Shaheen,1321,Rajshahi,RA040-P,01,2,36.66,26.98,73.61,36.39,28.40,78.03,36.39,29.62,81.40,42.32,31.91,75.40,40.81,31.58,77.37,40.81,33.28,81.55,36.35,38.04,104.63,36.07,37.17,103.03,0.00,0.00,0.00,0.00,0.00,0.00,0.00,0.00,0.00,0.00,0.00,0.00,305.81,256.98,84.03,2026
EM00002804,Md. Akhtaruzzaman Reza,1327,Faridpur,FA021-A,01,1,6.07,4.49,73.92,6.02,4.07,67.49,6.02,4.81,79.79,7.02,5.39,76.76,6.47,5.41,83.65,6.47,5.59,86.43,5.88,6.26,106.62,5.60,5.62,100.34,0.00,0.00,0.00,0.00,0.00,0.00,0.00,0.00,0.00,0.00,0.00,0.00,49.55,41.64,84.02,2026
EM00014954,Md. Zahidul Islam,1318,Noakhali,NO111-B,01,1,7.82,5.49,70.18,7.59,5.66,74.50,7.59,5.45,71.83,8.67,7.94,91.59,8.30,6.64,80.03,8.30,6.86,82.66,7.61,7.68,100.83,7.43,7.48,100.65,0.00,0.00,0.00,0.00,0.00,0.00,0.00,0.00,0.00,0.00,0.00,0.00,63.31,53.19,84.02,2026
EM00002198,Md. Golam Rabbani,1321,Rajshahi,RA060-P,01,2,47.44,38.24,80.61,47.10,38.28,81.28,47.10,40.64,86.28,53.17,43.55,81.90,51.22,38.82,75.79,51.22,41.68,81.37,44.29,38.80,87.62,43.68,43.59,99.81,0.00,0.00,0.00,0.00,0.00,0.00,0.00,0.00,0.00,0.00,0.00,0.00,385.22,323.61,84.01,2026
EM00010059,Md. Tanvir Hayder,1324,Jashore,JA030-P,01,2,48.97,39.10,79.85,48.61,38.61,79.43,48.61,38.91,80.04,55.67,43.04,77.32,53.72,39.59,73.70,53.72,45.00,83.77,48.22,48.06,99.66,47.66,48.06,100.83,0.00,0.00,0.00,0.00,0.00,0.00,0.00,0.00,0.00,0.00,0.00,0.00,405.18,340.37,84.00,2026
EM00007422,Md. Kamrul Hassan,1319,Feni,FE070-P,01,2,57.68,46.29,80.26,57.26,48.22,84.20,57.26,48.37,84.48,61.56,49.64,80.64,59.41,46.88,78.90,59.41,49.15,82.72,55.25,49.65,89.86,54.45,50.11,92.02,0.00,0.00,0.00,0.00,0.00,0.00,0.00,0.00,0.00,0.00,0.00,0.00,462.29,388.30,84.00,2026
EM00012537,Md. Nasirul Islam,1316,Sylhet,SY112-C,01,1,8.55,7.05,82.40,8.49,7.44,87.62,8.49,6.91,81.40,9.46,7.53,79.65,9.10,6.61,72.64,9.10,7.72,84.83,8.53,7.78,91.14,8.42,7.87,93.47,0.00,0.00,0.00,0.00,0.00,0.00,0.00,0.00,0.00,0.00,0.00,0.00,70.14,58.90,83.98,2026
EM00015965,Md. Uzzal Hossain,1332,B. Baria,BB043-C,01,1,0.00,0.00,0.00,0.00,0.00,0.00,0.00,0.00,0.00,6.03,4.78,79.30,6.97,4.46,64.00,6.97,5.44,78.12,6.27,6.35,101.31,6.17,6.18,100.11,0.00,0.00,0.00,0.00,0.00,0.00,0.00,0.00,0.00,0.00,0.00,0.00,32.40,27.21,83.98,2026
EM00010148,Md. Ebadur Rahaman,1333,Moulvibazar,MO103-C,01,1,10.15,8.33,82.09,10.08,8.26,81.94,10.08,8.50,84.33,11.35,9.15,80.59,10.93,8.37,76.60,10.93,9.43,86.33,9.65,9.74,100.88,9.51,7.65,80.40,0.00,0.00,0.00,0.00,0.00,0.00,0.00,0.00,0.00,0.00,0.00,0.00,82.68,69.43,83.97,2026
EM00006470,Md. Mamun Rashedul Islam,1322,Rangpur,RN013-C,01,1,5.79,4.51,77.80,5.74,4.15,72.23,5.74,4.68,81.52,10.24,6.99,68.32,9.88,7.40,74.89,9.88,8.33,84.36,8.40,9.08,108.20,8.32,8.58,103.12,0.00,0.00,0.00,0.00,0.00,0.00,0.00,0.00,0.00,0.00,0.00,0.00,63.99,53.73,83.96,2026
EM00014305,Md. Alaumgir Hossain,1335,Kushtia,KU061-B,01,1,5.48,3.86,70.47,5.44,3.94,72.48,5.44,4.30,79.07,6.36,4.96,77.99,5.65,4.49,79.43,5.65,5.20,91.99,5.30,5.35,100.95,5.36,5.40,100.85,0.00,0.00,0.00,0.00,0.00,0.00,0.00,0.00,0.00,0.00,0.00,0.00,44.69,37.51,83.95,2026
EM00008254,Muhammad Bayzid,1325,Khulna,KH083-A,01,1,8.26,6.95,84.12,8.20,5.90,71.96,8.20,6.91,84.31,9.64,7.79,80.84,9.18,6.72,73.22,9.18,6.91,75.21,8.11,8.57,105.67,7.83,7.83,100.00,0.00,0.00,0.00,0.00,0.00,0.00,0.00,0.00,0.00,0.00,0.00,0.00,68.61,57.59,83.94,2026
EM00010793,Md. Mehedi Hasan Gazi,1326,Barishal,BA052-A,01,1,7.03,5.92,84.20,7.01,5.48,78.21,7.01,5.86,83.60,8.12,6.59,81.15,7.87,6.04,76.67,7.87,6.57,83.43,6.81,6.45,94.81,7.58,6.87,90.60,0.00,0.00,0.00,0.00,0.00,0.00,0.00,0.00,0.00,0.00,0.00,0.00,59.31,49.78,83.94,2026
EM00007891,Md. Manik Ali,1311,Dhanmondi,DH080-P,01,2,40.42,33.60,83.13,39.95,34.38,86.04,39.95,30.79,77.06,46.05,33.88,73.59,44.80,32.66,72.89,44.80,33.86,75.59,39.63,42.47,107.18,39.43,39.52,100.24,0.00,0.00,0.00,0.00,0.00,0.00,0.00,0.00,0.00,0.00,0.00,0.00,335.03,281.17,83.92,2026
EM00006026,Md. Sahadat Hossain,1325,Khulna,KH030-P,01,2,28.59,22.13,77.40,28.38,22.96,80.90,28.38,24.44,86.10,33.26,24.34,73.17,32.06,26.11,81.43,32.06,26.28,81.97,29.55,27.20,92.06,28.47,28.59,100.43,0.00,0.00,0.00,0.00,0.00,0.00,0.00,0.00,0.00,0.00,0.00,0.00,240.76,202.05,83.92,2026
EM00003931,Md. Fazlul Karim,1314,Mymensingh,MY080-P,01,2,52.06,40.48,77.76,51.68,40.86,79.06,51.68,44.47,86.05,42.61,32.28,75.75,40.97,31.44,76.74,40.97,33.21,81.06,35.06,36.06,102.84,34.56,34.59,100.07,0.00,0.00,0.00,0.00,0.00,0.00,0.00,0.00,0.00,0.00,0.00,0.00,349.60,293.39,83.92,2026
EM00001488,Mr. Parimal Kumar Nath,1315,Chattogram,CH120-P,01,2,46.08,35.75,77.58,45.58,39.85,87.42,45.58,39.58,86.84,47.99,37.33,77.77,46.31,37.03,79.95,46.31,39.10,84.42,43.24,36.97,85.51,40.93,38.20,93.35,0.00,0.00,0.00,0.00,0.00,0.00,0.00,0.00,0.00,0.00,0.00,0.00,362.03,303.80,83.92,2026
EM00015337,Md. Sakib Hossain,1332,B. Baria,BB015-V,04,1,5.54,5.00,90.28,5.65,4.78,84.54,5.78,4.83,83.62,6.38,6.45,101.12,6.40,4.93,77.07,6.93,5.06,72.99,7.20,5.74,79.70,7.10,5.98,84.20,0.00,0.00,0.00,0.00,0.00,0.00,0.00,0.00,0.00,0.00,0.00,0.00,50.98,42.77,83.89,2026
EM00007205,Md. Shah Jalal Ali,1324,Jashore,JA095-A,01,1,9.74,7.60,78.01,9.44,7.63,80.77,9.44,7.87,83.34,11.28,7.98,70.77,6.98,5.08,72.71,6.98,6.33,90.66,6.60,6.94,105.21,6.65,6.87,103.42,0.00,0.00,0.00,0.00,0.00,0.00,0.00,0.00,0.00,0.00,0.00,0.00,67.11,56.30,83.89,2026
EM00013516,Md. Abdul Hannan,1314,Mymensingh,MY064-C,01,1,8.33,5.34,64.15,8.67,6.70,77.29,8.67,6.81,78.58,10.25,8.37,81.70,9.87,7.76,78.55,9.87,8.06,81.66,8.54,9.45,110.61,8.44,8.45,100.03,0.00,0.00,0.00,0.00,0.00,0.00,0.00,0.00,0.00,0.00,0.00,0.00,72.66,60.95,83.88,2026
EM00009028,Md. Abul Kalam Azad,1316,Sylhet,SY170-P,01,2,31.25,24.25,77.59,31.03,26.09,84.07,31.03,28.71,92.52,34.30,28.52,83.15,33.04,27.72,83.91,33.04,26.84,81.25,30.86,26.38,85.50,30.42,25.34,83.31,0.00,0.00,0.00,0.00,0.00,0.00,0.00,0.00,0.00,0.00,0.00,0.00,254.96,213.85,83.88,2026
EM00015532,Tanvir Jubayer,1314,Mymensingh,MY011-V,04,1,5.80,3.69,63.59,5.80,4.32,74.56,5.93,4.61,77.70,6.34,7.04,111.08,6.34,4.60,72.57,6.88,6.23,90.51,7.15,6.00,83.87,7.68,7.05,91.78,0.00,0.00,0.00,0.00,0.00,0.00,0.00,0.00,0.00,0.00,0.00,0.00,51.92,43.54,83.85,2026
EM00009123,Md. Maruf Bin Hafiz,1316,Sylhet,SY130-P,01,2,18.55,15.81,85.24,17.92,14.44,80.58,17.92,14.10,78.67,20.29,15.90,78.34,19.52,15.18,77.76,19.52,16.21,83.04,17.28,16.53,95.69,17.03,15.92,93.48,0.00,0.00,0.00,0.00,0.00,0.00,0.00,0.00,0.00,0.00,0.00,0.00,148.02,124.08,83.83,2026
EM00011005,Md. Abdul Mannan,1310,Paltan,PA020-G,02,2,51.10,44.69,87.46,48.55,41.92,86.35,49.37,40.54,82.12,53.45,39.74,74.36,50.19,40.44,80.57,55.09,41.96,76.16,55.09,49.76,90.32,56.72,52.58,92.71,0.00,0.00,0.00,0.00,0.00,0.00,0.00,0.00,0.00,0.00,0.00,0.00,419.56,351.64,83.81,2026
EM00006122,Mr. Sonjoy Kumar Mondal,1324,Jashore,JA071-A,01,1,10.22,7.40,72.41,10.22,8.66,84.75,10.22,8.56,83.73,12.14,9.14,75.26,11.71,9.92,84.71,11.71,8.87,75.79,10.51,9.96,94.77,10.58,10.66,100.79,0.00,0.00,0.00,0.00,0.00,0.00,0.00,0.00,0.00,0.00,0.00,0.00,87.31,73.18,83.81,2026
EM00008170,Muhamed Jushef,1334,Kishoreganj,KI014-C,01,1,7.65,6.08,79.48,7.62,6.11,80.17,7.62,6.80,89.29,9.02,7.16,79.36,8.75,7.26,82.99,8.75,7.37,84.25,8.40,7.89,93.90,8.28,6.71,81.03,0.00,0.00,0.00,0.00,0.00,0.00,0.00,0.00,0.00,0.00,0.00,0.00,66.09,55.38,83.80,2026
EM00014608,Md. Farhan Sadik Abid,1316,Sylhet,SY042-A,01,1,7.20,5.65,78.38,7.15,7.27,101.67,7.15,5.63,78.78,7.72,7.79,100.94,7.61,5.44,71.45,7.61,6.05,79.47,6.94,5.43,78.27,6.84,5.53,80.82,0.00,0.00,0.00,0.00,0.00,0.00,0.00,0.00,0.00,0.00,0.00,0.00,58.22,48.79,83.79,2026
EM00013778,Sonjib Pal,1321,Rajshahi,RA053-A,01,1,6.91,4.96,71.72,6.86,4.84,70.55,6.86,5.92,86.29,8.15,6.82,83.69,7.85,5.64,71.88,7.85,6.85,87.34,6.78,6.82,100.57,6.69,6.70,100.16,0.00,0.00,0.00,0.00,0.00,0.00,0.00,0.00,0.00,0.00,0.00,0.00,57.95,48.55,83.79,2026
EM00013572,Md. Mehadi Hasan,1324,Jashore,JA042-G,02,1,8.45,7.31,86.45,8.20,7.60,92.65,8.30,6.49,78.21,9.00,7.61,84.52,8.50,6.90,81.16,9.32,7.04,75.50,9.32,7.83,84.04,9.60,8.45,88.03,0.00,0.00,0.00,0.00,0.00,0.00,0.00,0.00,0.00,0.00,0.00,0.00,70.69,59.22,83.78,2026
EM00013697,Md. Kamruzzaman .,1312,Uttara,UT111-A,01,1,6.65,5.75,86.41,6.60,5.64,85.36,6.60,5.11,77.37,7.58,5.60,73.82,7.31,5.95,81.49,7.31,4.72,64.60,6.79,7.06,103.96,6.79,6.78,99.79,0.00,0.00,0.00,0.00,0.00,0.00,0.00,0.00,0.00,0.00,0.00,0.00,55.63,46.60,83.76,2026
EM00009032,Md. Rostom Ali,1320,Bogura,BO102-B,01,1,6.35,4.68,73.77,6.27,4.62,73.64,6.27,4.63,73.89,6.55,5.51,84.17,6.35,4.41,69.39,6.35,5.59,88.07,5.30,5.86,110.54,5.30,5.52,104.06,0.00,0.00,0.00,0.00,0.00,0.00,0.00,0.00,0.00,0.00,0.00,0.00,48.73,40.82,83.75,2026
EM00005368,Md. Anamul Haque,1313,Narayanganj,NA110-P,01,2,52.03,47.00,90.34,51.66,46.71,90.42,51.66,45.77,88.61,58.79,44.04,74.90,56.63,41.34,73.00,56.63,44.67,78.87,52.21,47.83,91.62,53.77,45.58,84.78,0.00,0.00,0.00,0.00,0.00,0.00,0.00,0.00,0.00,0.00,0.00,0.00,433.38,362.95,83.75,2026
EM00013272,Md. Ripon Sardar,1323,Dinajpur,DI021-G,02,1,5.00,4.44,88.86,4.85,3.90,80.45,4.90,3.76,76.73,5.30,4.10,77.26,5.00,4.27,85.47,5.50,4.67,84.92,5.50,4.87,88.62,5.65,4.90,86.67,0.00,0.00,0.00,0.00,0.00,0.00,0.00,0.00,0.00,0.00,0.00,0.00,41.70,34.92,83.73,2026
EM00011889,Md. Rabiul Alam,1320,Bogura,BO041-B,01,1,8.78,5.96,67.84,8.78,5.97,67.94,8.78,7.11,80.99,10.72,8.28,77.24,10.34,8.14,78.73,10.34,8.35,80.75,8.57,9.89,115.43,8.57,9.00,105.04,0.00,0.00,0.00,0.00,0.00,0.00,0.00,0.00,0.00,0.00,0.00,0.00,74.89,62.70,83.73,2026
EM00003921,Md. Shahabul Islam,1317,Cumilla,CU140-P,01,2,54.76,46.65,85.19,54.37,47.64,87.63,54.37,45.75,84.16,57.47,45.56,79.28,55.41,40.49,73.06,55.41,46.46,83.84,54.77,49.58,90.54,53.98,46.71,86.53,0.00,0.00,0.00,0.00,0.00,0.00,0.00,0.00,0.00,0.00,0.00,0.00,440.53,368.84,83.73,2026
EM00014557,Md. Sazedul Islam,1316,Sylhet,SY131-A,01,1,5.09,4.66,91.55,4.75,3.64,76.67,4.75,3.78,79.57,5.31,4.40,82.87,5.11,3.86,75.59,5.11,4.66,91.24,4.52,3.91,86.38,4.46,3.82,85.65,0.00,0.00,0.00,0.00,0.00,0.00,0.00,0.00,0.00,0.00,0.00,0.00,39.10,32.73,83.71,2026
EM00014194,Md. Abdur Rafik,1325,Khulna,KH012-C,01,1,5.36,4.44,82.74,5.36,4.16,77.50,5.36,4.04,75.40,6.27,4.51,71.96,5.40,4.21,77.96,5.40,4.52,83.68,4.90,5.04,102.91,4.80,4.95,103.15,0.00,0.00,0.00,0.00,0.00,0.00,0.00,0.00,0.00,0.00,0.00,0.00,42.84,35.86,83.70,2026
EM00010987,Md. Salam .,1310,Paltan,PA052-B,01,1,8.04,8.09,100.56,7.99,8.07,101.02,7.99,6.47,80.96,9.65,7.29,75.48,9.30,6.32,67.90,9.30,6.48,69.64,8.14,7.46,91.60,8.36,7.40,88.50,0.00,0.00,0.00,0.00,0.00,0.00,0.00,0.00,0.00,0.00,0.00,0.00,68.78,57.57,83.69,2026
EM00008952,Md. Nasir Uddin,1314,Mymensingh,MY020-G,02,2,34.80,25.47,73.18,33.45,26.99,80.68,34.00,28.53,83.92,36.85,28.80,78.15,34.60,27.58,79.72,38.00,31.86,83.84,38.00,36.07,94.92,39.10,36.41,93.11,0.00,0.00,0.00,0.00,0.00,0.00,0.00,0.00,0.00,0.00,0.00,0.00,288.80,241.70,83.69,2026
EM00007652,Md. Habibur Rahman,1330,Pabna,PB010-P,01,2,33.81,25.12,74.30,33.56,26.22,78.12,33.56,28.40,84.61,38.62,30.97,80.20,37.99,29.01,76.36,37.99,30.07,79.14,35.05,33.73,96.24,34.54,35.10,101.59,0.00,0.00,0.00,0.00,0.00,0.00,0.00,0.00,0.00,0.00,0.00,0.00,285.13,238.62,83.69,2026
EM00007851,Md. Masud Rana Pk,1320,Bogura,BO072-A,01,1,8.58,6.47,75.44,8.58,6.53,76.17,8.58,7.38,86.09,10.20,8.44,82.74,9.81,8.15,83.01,9.81,7.87,80.22,8.29,7.93,95.66,8.29,7.58,91.49,0.00,0.00,0.00,0.00,0.00,0.00,0.00,0.00,0.00,0.00,0.00,0.00,72.13,60.35,83.67,2026
EM00011137,Md. Ajharul Kabir,1311,Dhanmondi,DH082-A,01,1,9.61,8.79,91.41,9.61,8.74,90.87,9.61,7.71,80.19,10.70,7.77,72.64,7.20,5.11,71.00,7.20,4.63,64.29,6.03,6.35,105.23,6.03,6.13,101.59,0.00,0.00,0.00,0.00,0.00,0.00,0.00,0.00,0.00,0.00,0.00,0.00,66.00,55.22,83.66,2026
EM00013457,Md. Nur Uddin,1312,Uttara,UT102-B,01,1,7.51,5.97,79.44,7.44,6.30,84.68,7.44,5.58,74.95,8.38,5.99,71.49,8.00,6.26,78.24,8.00,6.29,78.61,6.75,7.30,108.04,6.65,6.66,100.13,0.00,0.00,0.00,0.00,0.00,0.00,0.00,0.00,0.00,0.00,0.00,0.00,60.18,50.34,83.65,2026
EM00011632,Md. Golzar Hossain,1320,Bogura,BO112-C,01,1,8.71,6.58,75.54,8.64,5.65,65.38,8.64,6.84,79.07,8.94,7.22,80.73,8.40,6.89,82.06,8.40,7.04,83.78,7.00,7.59,108.36,7.00,7.18,102.57,0.00,0.00,0.00,0.00,0.00,0.00,0.00,0.00,0.00,0.00,0.00,0.00,65.74,54.98,83.64,2026
EM00008088,Md. Anowar Hossain,1315,Chattogram,CH333-A,01,1,8.60,6.92,80.47,8.60,7.07,82.23,8.60,7.24,84.16,9.09,7.62,83.83,8.76,6.81,77.72,8.76,6.34,72.35,8.20,7.44,90.76,7.77,7.74,99.63,0.00,0.00,0.00,0.00,0.00,0.00,0.00,0.00,0.00,0.00,0.00,0.00,68.38,57.18,83.62,2026
EM00004775,Abu Arif Md. Ashrafuzzaman,1322,Rangpur,RN090-P,01,2,47.03,32.08,68.20,46.69,32.78,70.21,46.69,36.58,78.34,67.57,49.94,73.90,65.16,55.58,85.29,65.16,53.45,82.04,55.39,58.62,105.84,54.87,56.02,102.10,0.00,0.00,0.00,0.00,0.00,0.00,0.00,0.00,0.00,0.00,0.00,0.00,448.55,375.04,83.61,2026
EM00007814,Md. Habibur Rahman,1320,Bogura,BO061-B,01,1,7.10,5.41,76.12,7.08,5.66,79.89,7.08,5.59,78.88,7.07,5.64,79.84,6.43,4.47,69.54,6.43,4.91,76.44,5.61,6.20,110.48,5.61,5.94,105.89,0.00,0.00,0.00,0.00,0.00,0.00,0.00,0.00,0.00,0.00,0.00,0.00,52.41,43.82,83.60,2026
EM00004407,Md. Shafikul Islam,1327,Faridpur,FA090-P,01,2,45.29,35.26,77.85,44.97,35.38,78.68,44.97,40.18,89.34,51.03,40.47,79.31,49.19,37.95,77.16,49.19,41.72,84.82,47.41,43.05,90.80,46.92,42.72,91.05,0.00,0.00,0.00,0.00,0.00,0.00,0.00,0.00,0.00,0.00,0.00,0.00,378.96,316.74,83.58,2026
EM00011926,Mydul Sarker Mamun,1311,Dhanmondi,DH202-B,01,1,9.20,7.25,78.75,9.14,8.12,88.88,9.14,7.47,81.79,10.63,7.22,67.91,9.50,6.49,68.31,9.50,7.42,78.06,8.60,9.07,105.49,8.58,9.03,105.20,0.00,0.00,0.00,0.00,0.00,0.00,0.00,0.00,0.00,0.00,0.00,0.00,74.29,62.06,83.55,2026
EM00009332,Palas Hossen Mridha,1333,Moulvibazar,MO022-V,04,1,6.15,3.87,62.99,6.18,5.27,85.25,6.32,4.89,77.38,7.03,7.22,102.69,7.03,4.29,61.08,7.65,6.87,89.81,7.94,8.03,101.17,8.75,7.20,82.29,0.00,0.00,0.00,0.00,0.00,0.00,0.00,0.00,0.00,0.00,0.00,0.00,57.05,47.65,83.52,2026
EM00011467,Md. Mazizul Islam,1329,Tangail,TA014-B,01,1,8.05,6.00,74.64,7.99,6.50,81.35,7.99,7.29,91.27,9.18,7.66,83.48,8.84,6.95,78.70,8.84,5.67,64.12,8.17,7.78,95.22,8.12,8.22,101.21,0.00,0.00,0.00,0.00,0.00,0.00,0.00,0.00,0.00,0.00,0.00,0.00,67.16,56.07,83.49,2026
EM00009828,Md. Eklasur Rahman,1326,Barishal,BA030-P,01,2,50.06,40.68,81.26,49.20,39.71,80.71,49.20,40.26,81.82,34.37,27.71,80.64,31.12,26.98,86.69,31.12,25.99,83.51,26.91,25.24,93.81,27.20,23.21,85.32,0.00,0.00,0.00,0.00,0.00,0.00,0.00,0.00,0.00,0.00,0.00,0.00,299.19,249.79,83.49,2026
EM00015325,Rashidul Islam,1331,Chandpur,CA041-A,01,1,6.68,4.54,67.99,6.63,5.50,83.00,6.63,5.49,82.86,7.33,6.13,83.55,7.00,5.26,75.11,7.00,5.02,71.77,6.36,6.73,105.81,6.05,6.13,101.37,0.00,0.00,0.00,0.00,0.00,0.00,0.00,0.00,0.00,0.00,0.00,0.00,53.67,44.80,83.47,2026
EM00012713,Kawsar Ahammad,1318,Noakhali,NO091-A,01,1,10.20,9.45,92.70,10.08,8.36,82.96,10.08,7.84,77.79,10.58,8.37,79.07,10.53,7.68,72.87,10.53,8.58,81.42,9.83,8.97,91.28,9.66,8.78,90.84,0.00,0.00,0.00,0.00,0.00,0.00,0.00,0.00,0.00,0.00,0.00,0.00,81.49,68.02,83.47,2026
EM00014058,Ripan Roy,1327,Faridpur,FA123-B,01,1,8.08,6.99,86.53,8.02,7.23,90.12,8.02,6.80,84.73,8.73,6.54,74.95,8.65,7.07,81.73,8.65,7.00,80.87,7.93,6.63,83.70,8.09,6.96,86.08,0.00,0.00,0.00,0.00,0.00,0.00,0.00,0.00,0.00,0.00,0.00,0.00,66.17,55.22,83.46,2026
EM00005312,Mr. Selim Reza,1311,Dhanmondi,DH080-V,04,2,20.35,15.55,76.40,20.35,18.05,88.69,20.81,13.53,65.01,22.20,21.19,95.47,22.20,17.10,77.02,24.05,22.46,93.38,24.97,22.87,91.59,26.82,20.92,78.02,0.00,0.00,0.00,0.00,0.00,0.00,0.00,0.00,0.00,0.00,0.00,0.00,181.75,151.67,83.45,2026
EM00015800,Zahidul Islam Sheikh,1324,Jashore,JA013-G,02,1,0.00,0.00,0.00,0.00,0.00,0.00,7.90,5.96,75.39,8.55,6.56,76.78,8.05,6.78,84.20,8.83,7.38,83.58,8.83,7.63,86.40,9.10,8.47,93.04,0.00,0.00,0.00,0.00,0.00,0.00,0.00,0.00,0.00,0.00,0.00,0.00,51.26,42.77,83.44,2026
EM00013779,Zibon Sarker,1322,Rangpur,RN042-B,01,1,7.26,5.94,81.75,7.21,4.76,66.06,7.21,5.89,81.74,9.01,6.41,71.16,7.74,5.30,68.46,7.74,6.30,81.44,6.78,7.50,110.53,6.69,7.64,114.22,0.00,0.00,0.00,0.00,0.00,0.00,0.00,0.00,0.00,0.00,0.00,0.00,59.63,49.73,83.40,2026
EM00004993,Md. Abu-Bokkor Siddik,1322,Rangpur,RN040-P,01,2,55.71,44.20,79.34,55.31,42.57,76.97,55.31,49.25,89.04,51.68,40.03,77.47,49.85,34.58,69.36,49.85,40.88,82.00,43.90,42.32,96.40,43.27,43.79,101.19,0.00,0.00,0.00,0.00,0.00,0.00,0.00,0.00,0.00,0.00,0.00,0.00,404.90,337.62,83.39,2026
EM00014006,Md. Abdur Rahim,1312,Uttara,UT071-A,01,1,8.17,7.41,90.68,8.11,7.14,88.05,8.11,6.20,76.38,9.15,6.77,73.98,8.81,7.47,84.76,8.81,7.38,83.75,8.15,7.46,91.47,7.94,6.26,78.87,0.00,0.00,0.00,0.00,0.00,0.00,0.00,0.00,0.00,0.00,0.00,0.00,67.25,56.08,83.38,2026
EM00014170,Mizanur Rahaman,1325,Khulna,KH024-B,01,1,7.41,6.79,91.67,7.38,5.62,76.16,7.38,6.65,90.02,8.79,6.64,75.46,7.88,5.61,71.19,7.88,6.72,85.32,6.60,5.60,84.87,6.60,6.33,95.98,0.00,0.00,0.00,0.00,0.00,0.00,0.00,0.00,0.00,0.00,0.00,0.00,59.92,49.96,83.37,2026
EM00016432,Md. Hamidur Rahman,1318,Noakhali,NO016-G,02,1,0.00,0.00,0.00,0.00,0.00,0.00,0.00,0.00,0.00,0.00,0.00,0.00,0.00,0.00,0.00,0.00,0.00,0.00,0.00,0.00,0.00,8.90,7.42,83.37,0.00,0.00,0.00,0.00,0.00,0.00,0.00,0.00,0.00,0.00,0.00,0.00,8.90,7.42,83.37,2026
EM00012811,Md. Al Amin Seikh,1311,Dhanmondi,DH263-B,01,1,8.40,8.19,97.51,8.40,8.14,96.99,8.40,6.92,82.46,9.45,7.24,76.54,9.31,6.02,64.64,9.31,6.79,72.99,8.99,7.82,86.96,8.87,8.16,92.04,0.00,0.00,0.00,0.00,0.00,0.00,0.00,0.00,0.00,0.00,0.00,0.00,71.12,59.29,83.36,2026
EM00009811,Md. Mominul Islam,1320,Bogura,BO113-A,01,1,8.55,6.45,75.36,8.49,6.41,75.43,8.49,6.98,82.23,6.03,4.93,81.75,5.85,4.55,77.71,5.85,4.73,80.90,4.80,5.16,107.49,4.80,4.86,101.28,0.00,0.00,0.00,0.00,0.00,0.00,0.00,0.00,0.00,0.00,0.00,0.00,52.87,44.07,83.35,2026
EM00012046,Samiwl Haque,1322,Rangpur,RN043-A,01,1,9.29,6.98,75.14,9.17,7.24,78.90,9.17,7.60,82.85,6.81,5.77,84.67,7.47,4.96,66.33,7.47,6.18,82.75,6.54,6.75,103.19,6.44,6.51,100.99,0.00,0.00,0.00,0.00,0.00,0.00,0.00,0.00,0.00,0.00,0.00,0.00,62.38,51.98,83.34,2026
EM00007282,Mr. Sakhawat Hossain,1313,Narayanganj,NA021-B,01,1,8.49,6.41,75.49,8.49,6.73,79.29,8.49,5.99,70.62,9.45,6.42,68.01,8.85,6.97,78.71,8.85,7.32,82.78,7.80,9.02,115.52,8.01,8.14,101.67,0.00,0.00,0.00,0.00,0.00,0.00,0.00,0.00,0.00,0.00,0.00,0.00,68.42,57.00,83.31,2026
EM00006279,Md. Mahbubul Haque,1316,Sylhet,SY060-P,01,2,3.72,3.91,105.11,3.69,3.79,102.70,3.69,3.73,100.99,3.71,3.72,100.37,3.57,3.58,100.38,3.57,3.63,101.80,47.72,38.46,80.58,47.02,36.39,77.38,0.00,0.00,0.00,0.00,0.00,0.00,0.00,0.00,0.00,0.00,0.00,0.00,116.70,97.21,83.31,2026
EM00008612,Mr. Sredham Chandra Mistiry,1312,Uttara,UT110-P,01,2,45.00,39.22,87.16,44.68,37.96,84.95,44.68,37.25,83.37,51.32,39.80,77.55,49.43,37.17,75.20,49.43,31.47,63.66,46.04,44.92,97.57,45.98,45.81,99.63,0.00,0.00,0.00,0.00,0.00,0.00,0.00,0.00,0.00,0.00,0.00,0.00,376.56,313.59,83.28,2026
EM00006573,Rakibul Islam,1311,Dhanmondi,DH010-V,04,2,26.82,21.33,79.53,26.82,21.13,78.79,27.43,18.68,68.11,29.25,27.04,92.44,29.25,23.42,80.08,31.62,27.04,85.51,32.84,29.01,88.32,35.26,31.62,89.67,0.00,0.00,0.00,0.00,0.00,0.00,0.00,0.00,0.00,0.00,0.00,0.00,239.29,199.27,83.27,2026
EM00015465,Ramjanul Islam,1311,Dhanmondi,DH081-C,01,1,8.51,6.78,79.65,8.51,7.60,89.35,8.51,5.99,70.41,9.79,7.50,76.59,8.60,6.82,79.26,8.60,6.54,76.01,7.60,8.25,108.56,7.60,6.91,90.99,0.00,0.00,0.00,0.00,0.00,0.00,0.00,0.00,0.00,0.00,0.00,0.00,67.71,56.38,83.27,2026
EM00007522,Md. Ruman Hossain,1326,Barishal,BA150-P,01,2,49.51,41.42,83.66,49.16,41.15,83.71,49.16,45.05,91.65,56.37,45.75,81.15,53.73,38.53,71.72,53.73,42.95,79.93,45.95,44.22,96.23,30.94,24.48,79.12,0.00,0.00,0.00,0.00,0.00,0.00,0.00,0.00,0.00,0.00,0.00,0.00,388.54,323.55,83.27,2026
EM00015481,Nur Saleman,1318,Noakhali,NO112-B,01,1,7.68,5.06,65.94,7.64,6.22,81.35,7.64,6.29,82.29,8.51,6.92,81.26,8.18,6.49,79.43,8.18,6.75,82.53,7.50,7.10,94.70,7.32,7.34,100.21,0.00,0.00,0.00,0.00,0.00,0.00,0.00,0.00,0.00,0.00,0.00,0.00,62.64,52.16,83.27,2026
EM00013543,Md. Atikur Rahman Arif,1318,Noakhali,NO142-C,01,1,9.70,7.14,73.61,9.65,7.80,80.76,9.65,8.80,91.20,10.71,8.30,77.43,10.47,8.38,80.00,10.47,8.46,80.81,9.71,8.94,92.13,9.48,8.66,91.30,0.00,0.00,0.00,0.00,0.00,0.00,0.00,0.00,0.00,0.00,0.00,0.00,79.85,66.47,83.25,2026
EM00002916,Md. Asraful Alam,1330,Pabna,PB040-P,01,2,49.63,37.09,74.73,49.28,40.17,81.52,49.28,43.22,87.71,54.95,42.06,76.54,54.02,43.93,81.32,54.02,44.21,81.84,50.16,46.74,93.18,49.43,44.48,90.00,0.00,0.00,0.00,0.00,0.00,0.00,0.00,0.00,0.00,0.00,0.00,0.00,410.75,341.90,83.24,2026
EM00007544,Md. Azad Ali,1314,Mymensingh,MY120-P,01,2,39.85,29.60,74.29,39.57,30.33,76.65,39.57,34.26,86.57,44.81,34.86,77.79,44.18,33.85,76.62,44.18,36.09,81.68,38.60,37.62,97.48,38.05,37.06,97.39,0.00,0.00,0.00,0.00,0.00,0.00,0.00,0.00,0.00,0.00,0.00,0.00,328.80,273.67,83.23,2026
EM00008620,Mr. Kangkon Gain,1326,Barishal,BA010-P,01,2,35.75,31.18,87.21,35.60,30.78,86.48,35.60,29.25,82.19,38.33,26.41,68.90,36.60,27.81,75.99,36.60,26.45,72.27,31.18,29.78,95.52,31.52,32.34,102.60,0.00,0.00,0.00,0.00,0.00,0.00,0.00,0.00,0.00,0.00,0.00,0.00,281.17,234.01,83.23,2026
EM00016085,Lingkon Bhowmik,1311,Dhanmondi,DH083-G,02,1,0.00,0.00,0.00,0.00,0.00,0.00,0.00,0.00,0.00,0.00,0.00,0.00,8.70,6.66,76.58,9.50,7.29,76.76,9.50,8.91,93.80,9.86,8.39,85.11,0.00,0.00,0.00,0.00,0.00,0.00,0.00,0.00,0.00,0.00,0.00,0.00,37.56,31.26,83.22,2026
EM00006939,Md. Dalim Hossain,1335,Kushtia,KU071-A,01,1,9.74,7.55,77.53,9.67,7.77,80.34,9.67,7.77,80.39,10.85,8.89,81.87,10.46,8.67,82.90,10.46,8.39,80.24,9.59,8.64,90.03,9.68,8.99,92.82,0.00,0.00,0.00,0.00,0.00,0.00,0.00,0.00,0.00,0.00,0.00,0.00,80.12,66.66,83.20,2026
EM00011425,Pronob Kumar Roy,1316,Sylhet,SY030-G,02,2,9.50,8.93,93.96,20.75,16.73,80.65,20.80,17.04,81.95,22.52,18.45,81.91,21.16,16.88,79.76,23.23,18.86,81.20,23.23,19.73,84.92,24.00,20.81,86.73,0.00,0.00,0.00,0.00,0.00,0.00,0.00,0.00,0.00,0.00,0.00,0.00,165.19,137.43,83.20,2026
EM00012010,Md. Gawus Biswas,1318,Noakhali,NO032-C,01,1,6.96,5.15,73.98,6.92,6.25,90.42,6.92,5.70,82.45,7.65,6.48,84.73,7.47,5.88,78.66,7.47,6.16,82.41,7.14,6.24,87.37,7.01,6.00,85.54,0.00,0.00,0.00,0.00,0.00,0.00,0.00,0.00,0.00,0.00,0.00,0.00,57.55,47.86,83.17,2026
EM00010837,Md. Enamul Haque,1318,Noakhali,NO140-P,01,2,36.97,28.50,77.09,36.77,29.16,79.31,36.77,29.77,80.96,40.60,32.68,80.50,38.39,31.52,82.11,38.39,31.94,83.20,35.69,32.89,92.15,34.87,31.73,91.02,0.00,0.00,0.00,0.00,0.00,0.00,0.00,0.00,0.00,0.00,0.00,0.00,298.43,248.19,83.17,2026
EM00005276,Mr. Abdul Aziz,1314,Mymensingh,MY130-P,01,2,38.17,28.07,73.53,37.90,31.37,82.79,37.90,32.85,86.68,48.40,34.26,70.79,44.84,33.86,75.51,44.84,38.47,85.78,40.47,39.17,96.78,40.01,38.48,96.16,0.00,0.00,0.00,0.00,0.00,0.00,0.00,0.00,0.00,0.00,0.00,0.00,332.53,276.52,83.16,2026
EM00016243,Md. Ferdous,1326,Barishal,BA162-A,01,1,0.00,0.00,0.00,0.00,0.00,0.00,0.00,0.00,0.00,0.00,0.00,0.00,0.00,0.00,0.00,9.40,7.13,75.85,7.80,6.75,86.60,7.70,6.82,88.58,0.00,0.00,0.00,0.00,0.00,0.00,0.00,0.00,0.00,0.00,0.00,0.00,24.90,20.71,83.15,2026
EM00005645,Md. Muzhar Ali,1332,B. Baria,BB011-A,01,1,7.89,6.46,81.84,7.83,6.80,86.87,7.83,6.94,88.56,8.32,7.10,85.29,8.01,6.36,79.44,8.01,6.05,75.56,7.82,6.89,88.05,7.71,6.13,79.46,0.00,0.00,0.00,0.00,0.00,0.00,0.00,0.00,0.00,0.00,0.00,0.00,63.43,52.73,83.12,2026
EM00016209,Md. Real Biswas,1316,Sylhet,SY023-V,04,1,0.00,0.00,0.00,0.00,0.00,0.00,0.00,0.00,0.00,0.00,0.00,0.00,0.00,0.00,0.00,8.13,7.43,91.42,8.44,6.46,76.48,8.85,7.24,81.81,0.00,0.00,0.00,0.00,0.00,0.00,0.00,0.00,0.00,0.00,0.00,0.00,25.42,21.13,83.12,2026
EM00014139,Chayan Gosh,1332,B. Baria,BB011-V,04,1,5.80,4.67,80.60,6.00,5.53,92.09,6.14,4.27,69.59,6.82,5.65,82.82,6.60,5.41,81.93,7.15,5.29,73.93,7.90,8.00,101.26,8.60,6.90,80.28,0.00,0.00,0.00,0.00,0.00,0.00,0.00,0.00,0.00,0.00,0.00,0.00,55.01,45.72,83.11,2026
EM00013054,Muhammad Sujon Sheikh,1317,Cumilla,CU143-C,01,1,9.42,8.26,87.73,9.35,8.43,90.12,9.35,7.54,80.61,9.70,7.74,79.77,9.35,6.97,74.57,9.35,7.94,84.95,9.29,7.67,82.55,9.15,7.75,84.65,0.00,0.00,0.00,0.00,0.00,0.00,0.00,0.00,0.00,0.00,0.00,0.00,74.96,62.29,83.10,2026
EM00015275,Md. Atikul Islam Rudro,1331,Chandpur,CA023-G,02,1,5.54,4.65,83.85,5.50,4.73,86.00,5.59,4.90,87.62,6.05,4.84,79.94,5.68,4.60,80.98,6.27,4.92,78.44,6.29,5.27,83.71,6.48,5.50,84.83,0.00,0.00,0.00,0.00,0.00,0.00,0.00,0.00,0.00,0.00,0.00,0.00,47.40,39.39,83.10,2026
EM00013277,Md. Anamul Haque,1314,Mymensingh,MY121-B,01,1,6.99,4.57,65.35,6.94,5.47,78.73,6.94,6.04,86.99,8.27,6.18,74.70,8.16,5.82,71.34,8.16,6.92,84.84,7.12,7.02,98.61,7.02,7.51,106.93,0.00,0.00,0.00,0.00,0.00,0.00,0.00,0.00,0.00,0.00,0.00,0.00,59.60,49.52,83.09,2026
EM00014057,Rayhan Miah,1313,Narayanganj,NA082-B,01,1,7.71,6.32,81.92,7.66,6.38,83.34,7.66,6.19,80.88,8.91,7.04,78.94,8.52,6.71,78.74,8.52,6.48,76.11,7.95,7.51,94.42,8.19,7.47,91.28,0.00,0.00,0.00,0.00,0.00,0.00,0.00,0.00,0.00,0.00,0.00,0.00,65.11,54.10,83.09,2026
EM00006667,Md. Fokrul Islam,1322,Rangpur,RN051-A,01,1,7.63,4.55,59.61,7.57,5.32,70.29,7.57,5.02,66.25,8.24,6.82,82.81,7.77,7.13,91.76,7.77,6.55,84.30,6.65,7.52,113.13,6.55,6.73,102.67,0.00,0.00,0.00,0.00,0.00,0.00,0.00,0.00,0.00,0.00,0.00,0.00,59.76,49.64,83.07,2026
EM00015572,Md. Al-Amin Molla,1311,Dhanmondi,DH085-G,02,1,7.25,5.29,72.91,7.00,5.78,82.64,7.17,5.94,82.83,7.80,6.75,86.54,7.30,7.01,95.97,7.90,5.77,73.00,7.90,6.74,85.27,8.15,6.96,85.37,0.00,0.00,0.00,0.00,0.00,0.00,0.00,0.00,0.00,0.00,0.00,0.00,60.47,50.23,83.06,2026
EM00015482,Md. Mahabob Alam,1314,Mymensingh,MY122-A,01,1,8.89,6.68,75.11,8.83,7.09,80.27,8.83,7.70,87.14,9.44,7.67,81.26,9.31,7.16,76.98,9.31,7.39,79.45,7.94,7.61,95.78,7.83,7.16,91.44,0.00,0.00,0.00,0.00,0.00,0.00,0.00,0.00,0.00,0.00,0.00,0.00,70.38,58.46,83.06,2026
EM00010855,Md. Shahin Mia,1315,Chattogram,CH042-C,01,1,8.61,6.31,73.27,8.55,7.57,88.52,8.55,8.59,100.42,10.10,8.66,85.69,9.72,8.03,82.56,9.72,7.63,78.43,9.16,7.18,78.33,9.04,7.06,78.04,0.00,0.00,0.00,0.00,0.00,0.00,0.00,0.00,0.00,0.00,0.00,0.00,73.47,61.01,83.04,2026
EM00006196,Mr. Idris Ali,1318,Noakhali,NO090-P,01,2,58.34,48.66,83.41,58.00,47.20,81.38,58.00,46.99,81.02,63.14,50.79,80.45,60.99,44.79,73.43,60.99,50.14,82.20,56.62,52.30,92.37,55.56,50.77,91.37,0.00,0.00,0.00,0.00,0.00,0.00,0.00,0.00,0.00,0.00,0.00,0.00,471.63,391.63,83.04,2026
EM00005518,Md. Borhan Uddin,1319,Feni,FE050-P,01,2,35.08,27.86,79.41,34.82,29.16,83.74,34.82,29.70,85.27,37.50,30.85,82.27,36.18,27.64,76.40,36.18,30.50,84.28,33.70,29.13,86.44,33.21,28.85,86.87,0.00,0.00,0.00,0.00,0.00,0.00,0.00,0.00,0.00,0.00,0.00,0.00,281.51,233.69,83.01,2026
EM00015075,A. T. M Fazle Rabbi,1316,Sylhet,SY014-G,02,1,4.75,3.79,79.87,4.51,3.21,71.20,4.63,4.02,86.86,5.00,4.21,84.20,4.70,4.00,85.07,5.15,4.22,81.97,5.15,4.78,92.76,5.35,4.34,81.09,0.00,0.00,0.00,0.00,0.00,0.00,0.00,0.00,0.00,0.00,0.00,0.00,39.24,32.57,83.00,2026
EM00010279,Md. Masud Miah,1323,Dinajpur,DI030-P,01,2,39.76,29.31,73.71,42.04,31.25,74.34,42.04,32.99,78.48,47.75,35.98,75.35,46.01,35.47,77.09,46.01,38.61,83.92,37.63,40.00,106.30,37.09,37.14,100.12,0.00,0.00,0.00,0.00,0.00,0.00,0.00,0.00,0.00,0.00,0.00,0.00,338.33,280.75,82.98,2026
EM00008502,Md. Habibur Rahman Mondal,1321,Rajshahi,RA013-A,01,1,7.18,5.35,74.61,7.13,5.50,77.18,7.13,5.72,80.27,8.26,6.27,75.89,7.96,6.58,82.62,7.96,6.72,84.38,6.88,6.23,90.63,6.78,6.81,100.39,0.00,0.00,0.00,0.00,0.00,0.00,0.00,0.00,0.00,0.00,0.00,0.00,59.27,49.18,82.97,2026
EM00008609,Md. Mansur,1334,Kishoreganj,KI070-P,01,2,39.50,29.19,73.89,39.22,31.98,81.54,39.22,31.29,79.79,29.26,24.42,83.48,47.79,36.41,76.20,47.79,41.10,86.01,45.56,40.33,88.52,45.00,41.80,92.89,0.00,0.00,0.00,0.00,0.00,0.00,0.00,0.00,0.00,0.00,0.00,0.00,333.33,276.53,82.96,2026
EM00010448,Kazi Golam Mostafa,1317,Cumilla,CU064-C,01,1,9.39,6.71,71.48,9.32,8.18,87.75,9.32,8.53,91.48,10.54,8.64,81.99,10.16,7.95,78.21,10.16,7.99,78.58,9.51,8.60,90.47,9.37,7.92,84.54,0.00,0.00,0.00,0.00,0.00,0.00,0.00,0.00,0.00,0.00,0.00,0.00,77.78,64.52,82.95,2026
EM00010340,Md. Saiful Islam,1330,Pabna,PB023-B,01,1,7.70,5.58,72.53,7.64,5.84,76.35,7.64,6.12,80.02,8.69,6.95,80.02,8.14,6.32,77.64,8.14,6.26,76.85,7.69,7.76,100.97,7.67,7.69,100.27,0.00,0.00,0.00,0.00,0.00,0.00,0.00,0.00,0.00,0.00,0.00,0.00,63.31,52.51,82.95,2026
EM00013270,Md. Kabirul Islam,1327,Faridpur,FA131-A,01,1,6.64,5.02,75.52,6.59,5.48,83.15,6.59,5.66,85.87,7.42,6.29,84.76,7.62,6.40,84.07,7.62,5.45,71.56,6.92,6.16,89.02,6.93,6.26,90.31,0.00,0.00,0.00,0.00,0.00,0.00,0.00,0.00,0.00,0.00,0.00,0.00,56.34,46.73,82.94,2026
EM00011229,Md. Monerul Islam,1330,Pabna,PB032-A,01,1,9.62,8.67,90.15,9.55,7.74,81.05,9.55,8.11,84.91,10.05,8.05,80.11,10.46,7.69,73.52,10.46,7.87,75.24,9.43,8.49,90.09,9.01,8.16,90.62,0.00,0.00,0.00,0.00,0.00,0.00,0.00,0.00,0.00,0.00,0.00,0.00,78.12,64.79,82.93,2026
EM00014280,Md. Enamul Haque,1322,Rangpur,RN111-B,01,1,4.64,2.89,62.35,4.60,3.24,70.31,4.60,3.30,71.58,4.47,3.25,72.78,4.30,2.80,65.10,4.30,4.10,95.26,4.20,4.82,114.53,4.29,4.97,116.04,0.00,0.00,0.00,0.00,0.00,0.00,0.00,0.00,0.00,0.00,0.00,0.00,35.40,29.36,82.93,2026
EM00013425,Md. Anwar Sadat,1316,Sylhet,SY081-A,01,1,7.97,6.65,83.38,7.72,6.39,82.70,7.72,5.68,73.49,8.41,7.06,83.98,8.11,6.87,84.75,8.11,6.79,83.78,7.41,6.75,91.10,7.30,5.85,80.11,0.00,0.00,0.00,0.00,0.00,0.00,0.00,0.00,0.00,0.00,0.00,0.00,62.74,52.03,82.92,2026
EM00016236,Md. Majaharul Islam,1314,Mymensingh,MY103-A,01,1,0.00,0.00,0.00,0.00,0.00,0.00,0.00,0.00,0.00,0.00,0.00,0.00,0.00,0.00,0.00,4.49,2.12,47.21,3.79,4.07,107.54,3.73,3.76,100.90,0.00,0.00,0.00,0.00,0.00,0.00,0.00,0.00,0.00,0.00,0.00,0.00,12.01,9.96,82.91,2026
EM00015721,Methun Saha,1311,Dhanmondi,RP01006,01,4,0.00,0.00,0.00,0.00,0.00,0.00,193.53,153.56,79.35,229.46,177.56,77.38,221.03,172.24,77.93,221.03,161.46,73.05,198.58,200.43,100.93,195.74,178.83,91.36,0.00,0.00,0.00,0.00,0.00,0.00,0.00,0.00,0.00,0.00,0.00,0.00,1259.36,1044.09,82.91,2026
EM00005650,Md. Shariful Islam,1326,Barishal,BA181-A,01,1,9.07,6.79,74.91,8.99,6.87,76.35,8.99,8.62,95.87,6.41,5.25,82.03,6.41,5.19,81.08,6.41,5.18,80.92,5.54,4.69,84.64,5.60,5.00,89.14,0.00,0.00,0.00,0.00,0.00,0.00,0.00,0.00,0.00,0.00,0.00,0.00,57.42,47.60,82.90,2026
EM00015811,Samim Hossain,1324,Jashore,JA011-A,01,1,0.00,0.00,0.00,0.00,0.00,0.00,8.41,5.80,68.95,10.75,6.88,64.05,10.14,7.85,77.40,10.14,9.47,93.41,9.12,8.42,92.37,9.02,9.29,102.95,0.00,0.00,0.00,0.00,0.00,0.00,0.00,0.00,0.00,0.00,0.00,0.00,57.57,47.70,82.87,2026
EM00014522,Md. Abdur Rahim Moral,1311,Dhanmondi,DH221-B,01,1,6.65,5.97,89.73,6.61,6.19,93.62,6.61,5.18,78.45,8.46,6.14,72.60,8.14,5.90,72.45,8.14,6.00,73.64,7.65,7.11,92.93,7.85,7.33,93.29,0.00,0.00,0.00,0.00,0.00,0.00,0.00,0.00,0.00,0.00,0.00,0.00,60.12,49.81,82.86,2026
EM00011223,Muzahidul Islam,1319,Feni,FE014-C,01,1,7.88,6.19,78.59,7.82,6.40,81.77,7.82,6.02,76.97,8.52,6.53,76.69,8.40,5.41,64.45,8.40,6.84,81.46,7.83,7.99,102.03,7.71,7.96,103.14,0.00,0.00,0.00,0.00,0.00,0.00,0.00,0.00,0.00,0.00,0.00,0.00,64.37,53.33,82.85,2026
EM00012345,Md. Abdur Rahaman,1310,Paltan,PA243-B,01,1,7.42,6.96,93.80,7.42,6.00,80.79,7.42,5.32,71.67,8.14,5.93,72.89,7.95,5.63,70.79,7.95,6.43,80.92,6.98,7.07,101.25,6.98,6.59,94.42,0.00,0.00,0.00,0.00,0.00,0.00,0.00,0.00,0.00,0.00,0.00,0.00,60.27,49.93,82.85,2026
EM00004209,Md. Monirul Islam,1330,Pabna,PB051-B,01,1,9.57,7.19,75.15,9.50,6.80,71.55,9.50,6.84,72.05,9.88,7.52,76.13,8.85,7.25,81.96,8.85,8.16,92.25,8.13,8.25,101.44,8.06,7.91,98.10,0.00,0.00,0.00,0.00,0.00,0.00,0.00,0.00,0.00,0.00,0.00,0.00,72.33,59.92,82.84,2026
EM00006679,Md. Abul Kalam Azad,1336,Keraniganj,KE021-A,01,1,7.97,6.80,85.31,7.91,7.14,90.29,7.91,6.36,80.38,8.55,6.25,73.10,8.28,6.14,74.19,8.28,6.21,74.98,7.43,7.12,95.78,7.50,6.86,91.50,0.00,0.00,0.00,0.00,0.00,0.00,0.00,0.00,0.00,0.00,0.00,0.00,63.83,52.88,82.84,2026
EM00010687,Pintu Biswas,1315,Chattogram,CH052-B,01,1,7.73,7.77,100.52,7.68,5.46,71.11,7.68,5.59,72.85,8.45,6.87,81.34,8.15,6.01,73.78,8.15,6.32,77.52,7.83,7.18,91.79,7.66,7.24,94.58,0.00,0.00,0.00,0.00,0.00,0.00,0.00,0.00,0.00,0.00,0.00,0.00,63.31,52.45,82.84,2026
EM00012267,Rabitosh Chandra Barman,1311,Dhanmondi,DH103-G,02,1,8.40,7.08,84.23,8.10,6.28,77.50,8.23,6.55,79.62,8.92,7.27,81.51,8.37,7.32,87.51,9.18,7.10,77.40,9.18,8.06,87.84,9.44,8.17,86.55,0.00,0.00,0.00,0.00,0.00,0.00,0.00,0.00,0.00,0.00,0.00,0.00,69.82,57.84,82.84,2026
EM00014602,Md. Abdul Alim,1330,Pabna,PB062-A,01,1,9.00,7.23,80.41,8.93,7.19,80.48,8.93,8.10,90.65,9.66,7.39,76.52,9.65,7.23,74.92,9.65,7.57,78.41,8.80,7.98,90.73,8.62,7.98,92.56,0.00,0.00,0.00,0.00,0.00,0.00,0.00,0.00,0.00,0.00,0.00,0.00,73.24,60.67,82.84,2026
EM00013416,Md. Rakibullislam,1316,Sylhet,SY011-G,02,1,7.90,6.79,85.94,7.10,5.68,79.96,7.22,6.62,91.74,7.82,6.52,83.39,7.35,6.20,84.33,8.00,6.49,81.18,8.00,6.82,85.28,8.60,6.22,72.34,0.00,0.00,0.00,0.00,0.00,0.00,0.00,0.00,0.00,0.00,0.00,0.00,61.99,51.35,82.83,2026
EM00016077,Md. Abubakar Siddique,1325,Khulna,KH011-G,02,1,0.00,0.00,0.00,0.00,0.00,0.00,0.00,0.00,0.00,0.00,0.00,0.00,5.50,5.10,92.66,6.06,3.84,63.36,6.06,5.34,88.13,6.26,5.50,87.86,0.00,0.00,0.00,0.00,0.00,0.00,0.00,0.00,0.00,0.00,0.00,0.00,23.88,19.78,82.82,2026
EM00012834,Tonmoy Kumar Roy,1331,Chandpur,CA041-B,01,1,6.80,4.86,71.40,6.76,4.91,72.73,6.76,5.30,78.39,7.64,5.86,76.63,7.14,5.61,78.57,7.14,5.02,70.30,6.50,7.31,112.35,6.27,6.70,106.84,0.00,0.00,0.00,0.00,0.00,0.00,0.00,0.00,0.00,0.00,0.00,0.00,55.01,45.56,82.82,2026
EM00016188,Md. Shuhas Mujahid,1320,Bogura,RP01042,01,4,0.00,0.00,0.00,0.00,0.00,0.00,0.00,0.00,0.00,0.00,0.00,0.00,0.00,0.00,0.00,348.06,245.82,70.62,294.00,264.75,90.05,289.79,260.90,90.03,0.00,0.00,0.00,0.00,0.00,0.00,0.00,0.00,0.00,0.00,0.00,0.00,931.85,771.47,82.79,2026
EM00016440,Md. Mehedi Hasan,1312,Uttara,UT036-G,02,1,0.00,0.00,0.00,0.00,0.00,0.00,0.00,0.00,0.00,0.00,0.00,0.00,0.00,0.00,0.00,0.00,0.00,0.00,0.00,0.00,0.00,4.05,3.35,82.78,0.00,0.00,0.00,0.00,0.00,0.00,0.00,0.00,0.00,0.00,0.00,0.00,4.05,3.35,82.78,2026
EM00015528,Nazmul Huda,1311,Dhanmondi,DH043-V,04,1,7.46,6.75,90.42,7.46,7.89,105.76,7.63,6.55,85.80,8.14,7.09,87.10,7.64,5.14,67.29,7.76,6.45,83.13,8.05,5.71,70.89,8.65,6.40,74.04,0.00,0.00,0.00,0.00,0.00,0.00,0.00,0.00,0.00,0.00,0.00,0.00,62.79,51.97,82.77,2026
EM00006472,Md. Toufiq Hasan,1327,Faridpur,FA062-A,01,1,11.92,9.59,80.51,11.83,9.51,80.42,11.83,10.32,87.19,8.14,6.51,79.99,8.05,5.83,72.46,8.05,6.23,77.42,7.36,6.32,85.85,7.02,7.10,101.04,0.00,0.00,0.00,0.00,0.00,0.00,0.00,0.00,0.00,0.00,0.00,0.00,74.20,61.41,82.77,2026
EM00015339,Md. Sagor Ali,1316,Sylhet,SY016-V,04,1,4.05,3.73,92.02,4.08,2.63,64.49,4.17,3.11,74.54,4.44,4.52,101.86,4.44,3.04,68.46,4.81,4.62,95.98,5.00,4.23,84.65,5.50,4.32,78.60,0.00,0.00,0.00,0.00,0.00,0.00,0.00,0.00,0.00,0.00,0.00,0.00,36.49,30.20,82.76,2026
EM00006233,Md. Kalim Ullah,1328,Cox's Bazar,CO060-P,01,2,5.66,5.85,103.33,5.66,4.47,78.86,5.66,5.82,102.81,5.68,5.25,92.50,5.48,5.63,102.73,5.48,5.71,104.11,38.01,26.24,69.05,36.70,30.69,83.62,0.00,0.00,0.00,0.00,0.00,0.00,0.00,0.00,0.00,0.00,0.00,0.00,108.33,89.66,82.76,2026
EM00008915,Md. Palash Hossain,1336,Keraniganj,KE033-C,01,1,11.54,9.41,81.52,11.46,9.98,87.07,11.46,10.15,88.60,12.80,10.48,81.89,12.38,10.40,84.04,12.38,9.64,77.90,11.29,9.16,81.11,11.38,9.13,80.23,0.00,0.00,0.00,0.00,0.00,0.00,0.00,0.00,0.00,0.00,0.00,0.00,94.68,78.35,82.75,2026
EM00009211,Md. Al Mamun,1330,Pabna,PB041-B,01,1,10.16,6.50,63.91,10.09,8.09,80.18,10.09,8.77,86.94,11.50,8.45,73.46,11.01,8.89,80.77,11.01,8.82,80.07,10.26,10.04,97.85,10.15,10.18,100.27,0.00,0.00,0.00,0.00,0.00,0.00,0.00,0.00,0.00,0.00,0.00,0.00,84.28,69.73,82.74,2026
EM00010875,Md. Monowarul Islam,1315,Chattogram,CH050-G,02,2,57.90,44.20,76.35,56.05,45.98,82.04,57.00,46.93,82.34,61.70,48.39,78.42,57.93,49.66,85.72,63.59,52.66,82.81,63.59,55.63,87.48,65.58,56.43,86.05,0.00,0.00,0.00,0.00,0.00,0.00,0.00,0.00,0.00,0.00,0.00,0.00,483.34,399.88,82.73,2026
EM00014331,Md. Mehedi Hasan,1332,B. Baria,BB023-G,02,1,9.40,8.41,89.48,9.10,7.83,86.07,9.25,7.94,85.83,10.00,7.84,78.40,9.40,7.70,81.93,10.30,8.92,86.58,4.30,3.15,73.29,4.42,2.95,66.65,0.00,0.00,0.00,0.00,0.00,0.00,0.00,0.00,0.00,0.00,0.00,0.00,66.17,54.74,82.73,2026
EM00010560,Amran Kumar Ghosh,1325,Khulna,KH052-B,01,1,7.31,5.57,76.17,7.26,5.83,80.34,7.26,5.86,80.63,8.57,6.36,74.20,8.57,6.41,74.80,8.57,6.41,74.82,7.52,7.68,102.13,7.46,7.60,101.92,0.00,0.00,0.00,0.00,0.00,0.00,0.00,0.00,0.00,0.00,0.00,0.00,62.54,51.73,82.72,2026
EM00015814,Md. Kaium Howlader,1310,Paltan,PA163-B,01,1,0.00,0.00,0.00,0.00,0.00,0.00,4.54,3.00,66.07,6.05,3.92,64.81,5.80,3.88,66.96,5.80,5.15,88.86,4.94,5.51,111.45,4.99,5.10,102.30,0.00,0.00,0.00,0.00,0.00,0.00,0.00,0.00,0.00,0.00,0.00,0.00,32.11,26.56,82.72,2026
EM00010526,Sumon Adhikary,1324,Jashore,JA151-B,01,1,6.26,5.13,81.86,6.22,5.16,83.01,6.22,4.81,77.39,7.02,5.18,73.82,6.77,5.20,76.85,6.77,5.24,77.46,6.41,5.80,90.50,6.27,6.43,102.50,0.00,0.00,0.00,0.00,0.00,0.00,0.00,0.00,0.00,0.00,0.00,0.00,51.95,42.96,82.71,2026
EM00014550,Sazib Kumar Kormokar,1311,Dhanmondi,DH222-A,01,1,5.87,6.28,107.03,5.83,5.54,94.99,5.83,5.97,102.41,7.30,4.59,62.84,7.01,4.86,69.37,7.01,4.95,70.66,5.76,4.98,86.46,5.91,4.60,77.88,0.00,0.00,0.00,0.00,0.00,0.00,0.00,0.00,0.00,0.00,0.00,0.00,50.50,41.76,82.70,2026
EM00011346,Md. Sahin Alam,1321,Rajshahi,RA013-B,01,1,7.22,5.22,72.29,7.17,5.61,78.30,7.17,5.54,77.36,8.35,6.31,75.53,8.05,6.33,78.71,8.05,6.48,80.54,6.94,6.96,100.21,6.84,6.98,101.96,0.00,0.00,0.00,0.00,0.00,0.00,0.00,0.00,0.00,0.00,0.00,0.00,59.77,49.43,82.69,2026
EM00009260,Md. Ruhul Amin,1311,Dhanmondi,DH171-B,01,1,6.15,5.10,82.92,6.15,4.96,80.67,6.15,4.60,74.74,7.54,5.73,76.01,7.26,5.00,68.80,7.26,5.14,70.76,6.43,7.12,110.60,6.34,6.42,101.26,0.00,0.00,0.00,0.00,0.00,0.00,0.00,0.00,0.00,0.00,0.00,0.00,53.30,44.07,82.68,2026
EM00013945,Md. Hasanul Karim,1328,Cox's Bazar,CO012-B,01,1,7.30,5.87,80.41,7.25,5.98,82.41,7.25,5.88,81.06,8.09,6.02,74.36,7.80,5.75,73.69,7.80,6.65,85.26,7.65,7.21,94.26,7.39,6.69,90.61,0.00,0.00,0.00,0.00,0.00,0.00,0.00,0.00,0.00,0.00,0.00,0.00,60.54,50.05,82.67,2026
EM00013656,Md. Jakir Ali,1330,Pabna,PB011-A,01,1,8.51,6.37,74.84,8.45,6.19,73.26,8.45,7.04,83.34,9.03,7.68,84.98,9.24,6.79,73.48,9.24,6.62,71.64,8.38,8.45,100.78,8.23,8.35,101.40,0.00,0.00,0.00,0.00,0.00,0.00,0.00,0.00,0.00,0.00,0.00,0.00,69.52,57.47,82.66,2026
EM00014013,Md. Newaz Sharif,1329,Tangail,TA062-B,01,1,4.62,3.23,69.88,4.59,3.48,75.81,4.59,3.69,80.45,5.51,4.07,73.98,5.31,3.85,72.45,5.31,4.09,77.06,4.82,5.35,111.00,5.06,5.13,101.35,0.00,0.00,0.00,0.00,0.00,0.00,0.00,0.00,0.00,0.00,0.00,0.00,39.80,32.89,82.64,2026
EM00014408,Md. Ferdous Kawsar,1335,Kushtia,KU012-A,01,1,7.71,5.79,75.04,7.75,6.24,80.49,7.75,6.36,82.09,8.75,7.23,82.55,8.31,6.94,83.59,8.31,6.22,74.85,6.81,6.32,92.85,6.87,6.35,92.40,0.00,0.00,0.00,0.00,0.00,0.00,0.00,0.00,0.00,0.00,0.00,0.00,62.26,51.44,82.63,2026
EM00002498,A.K.M. Nazmul Hasan,1318,Noakhali,RP01027,01,4,326.31,257.80,79.01,323.98,256.30,79.11,323.98,262.83,81.12,367.29,299.72,81.60,353.87,270.79,76.52,353.87,294.73,83.29,327.60,296.21,90.42,319.90,290.03,90.66,0.00,0.00,0.00,0.00,0.00,0.00,0.00,0.00,0.00,0.00,0.00,0.00,2696.79,2228.41,82.63,2026
EM00015093,Md. Ariful Alam,1331,Chandpur,CA022-C,01,1,9.83,7.47,76.04,9.76,7.59,77.80,9.76,7.95,81.47,10.72,7.99,74.60,10.21,7.65,74.91,10.21,8.86,86.80,9.57,8.77,91.66,9.15,9.15,100.00,0.00,0.00,0.00,0.00,0.00,0.00,0.00,0.00,0.00,0.00,0.00,0.00,79.20,65.44,82.63,2026
EM00014892,Md. Bayazid Hossain,1331,Chandpur,CA023-C,01,1,9.15,6.45,70.42,9.09,7.05,77.58,9.09,7.49,82.44,10.16,6.86,67.51,9.83,7.40,75.27,9.83,8.47,86.19,9.19,9.27,100.82,8.72,9.02,103.40,0.00,0.00,0.00,0.00,0.00,0.00,0.00,0.00,0.00,0.00,0.00,0.00,75.07,62.01,82.60,2026
EM00006322,Md. Ashraful Islam,1311,Dhanmondi,DH131-B,01,1,7.52,7.54,100.25,7.52,7.20,95.69,7.52,5.86,77.89,8.57,5.46,63.69,8.24,5.93,71.98,8.24,6.26,76.00,8.36,6.93,82.82,8.25,7.87,95.44,0.00,0.00,0.00,0.00,0.00,0.00,0.00,0.00,0.00,0.00,0.00,0.00,64.23,53.05,82.59,2026
EM00010640,Md. Salim Reza,1330,Pabna,PB071-A,01,1,9.66,7.73,79.99,9.59,7.40,77.15,9.59,7.89,82.23,10.67,8.71,81.68,10.67,7.85,73.59,10.67,9.15,85.83,9.70,8.80,90.73,9.56,8.61,90.03,0.00,0.00,0.00,0.00,0.00,0.00,0.00,0.00,0.00,0.00,0.00,0.00,80.11,66.14,82.57,2026
EM00014364,Md. Tofazzal Hossen,1314,Mymensingh,MY122-B,01,1,8.89,6.82,76.66,8.83,6.67,75.58,8.83,7.47,84.59,9.56,7.27,76.09,9.43,7.23,76.74,9.43,6.94,73.67,8.27,8.46,102.40,8.15,8.06,98.87,0.00,0.00,0.00,0.00,0.00,0.00,0.00,0.00,0.00,0.00,0.00,0.00,71.38,58.94,82.56,2026
EM00013995,Abdullah Al Mamun,1326,Barishal,BA052-B,01,1,6.68,6.41,95.82,6.69,5.14,76.87,6.69,5.55,83.01,7.62,5.69,74.63,7.87,5.48,69.64,7.87,6.24,79.19,6.81,6.42,94.31,7.58,6.81,89.80,0.00,0.00,0.00,0.00,0.00,0.00,0.00,0.00,0.00,0.00,0.00,0.00,57.82,47.73,82.55,2026
EM00009671,Md. Farook Hossain,1318,Noakhali,NO093-B,01,1,9.55,7.40,77.50,9.54,7.96,83.46,9.54,7.70,80.75,10.52,8.26,78.50,10.05,7.19,71.55,10.05,8.19,81.49,9.31,9.07,97.38,9.18,8.40,91.56,0.00,0.00,0.00,0.00,0.00,0.00,0.00,0.00,0.00,0.00,0.00,0.00,77.73,64.17,82.55,2026
EM00013805,Md. Touhid Hossain,1328,Cox's Bazar,CO051-A,01,1,8.43,6.60,78.34,8.37,6.96,83.10,8.37,7.82,93.39,9.31,7.83,84.08,8.96,6.90,76.95,8.96,6.74,75.19,8.36,7.00,83.69,8.08,6.97,86.29,0.00,0.00,0.00,0.00,0.00,0.00,0.00,0.00,0.00,0.00,0.00,0.00,68.84,56.81,82.52,2026
EM00009485,Plaban Dash,1327,Faridpur,FA121-B,01,1,9.60,6.94,72.25,9.53,7.53,78.98,9.53,8.03,84.24,11.03,8.50,77.10,10.50,7.64,72.69,10.50,8.90,84.75,9.50,8.52,89.72,9.51,9.68,101.81,0.00,0.00,0.00,0.00,0.00,0.00,0.00,0.00,0.00,0.00,0.00,0.00,79.71,65.74,82.47,2026
EM00011235,Momen Khan,1331,Chandpur,CA020-P,01,2,55.57,42.01,75.60,55.17,45.68,82.80,55.17,46.64,84.54,59.82,46.00,76.89,57.65,45.07,78.18,57.65,49.10,85.17,54.05,48.18,89.14,52.06,46.08,88.51,0.00,0.00,0.00,0.00,0.00,0.00,0.00,0.00,0.00,0.00,0.00,0.00,447.15,368.77,82.47,2026
EM00015531,Kawser Ali,1313,Narayanganj,NA014-V,04,1,10.29,8.18,79.49,10.29,7.78,75.62,10.52,8.71,82.75,11.22,10.51,93.67,11.22,9.59,85.51,12.16,10.51,86.43,12.62,10.14,80.38,13.50,10.30,76.28,0.00,0.00,0.00,0.00,0.00,0.00,0.00,0.00,0.00,0.00,0.00,0.00,91.82,75.72,82.47,2026
EM00005828,Mr. Sagar Chandra Howlader,1312,Uttara,UT070-P,01,2,43.08,36.62,85.01,42.77,35.45,82.87,42.77,33.20,77.62,49.72,34.79,69.98,47.92,37.37,77.99,47.92,37.44,78.12,44.54,44.63,100.19,44.05,39.62,89.93,0.00,0.00,0.00,0.00,0.00,0.00,0.00,0.00,0.00,0.00,0.00,0.00,362.79,299.12,82.45,2026
EM00009937,Md. Mahmudur Rahman,1320,Bogura,BO021-B,01,1,5.98,6.01,100.57,5.97,3.97,66.52,5.97,4.61,77.14,6.44,4.70,73.00,6.48,4.21,64.92,6.48,4.42,68.22,5.61,6.11,108.84,5.61,6.00,106.87,0.00,0.00,0.00,0.00,0.00,0.00,0.00,0.00,0.00,0.00,0.00,0.00,48.55,40.03,82.44,2026
EM00014579,Abu Ehsan Md. Azmul Huda,1311,Dhanmondi,DH063-A,01,1,3.84,3.66,95.31,3.84,3.51,91.54,3.84,4.42,115.10,4.95,3.18,64.34,4.75,3.33,70.11,4.75,3.43,72.06,4.21,3.32,78.83,4.11,3.42,83.18,0.00,0.00,0.00,0.00,0.00,0.00,0.00,0.00,0.00,0.00,0.00,0.00,34.28,28.26,82.44,2026
EM00015111,Md. Shameul Islam Meron,1323,Dinajpur,DI023-G,02,1,6.00,5.07,84.53,5.80,4.71,81.29,5.86,5.06,86.27,6.35,4.90,77.17,7.00,5.69,81.35,7.70,6.29,81.70,7.70,6.48,84.12,8.00,6.64,83.03,0.00,0.00,0.00,0.00,0.00,0.00,0.00,0.00,0.00,0.00,0.00,0.00,54.41,44.85,82.43,2026
EM00007564,Mr. Subrata Kumar,1314,Mymensingh,MY090-P,01,2,44.76,32.96,73.65,44.43,34.25,77.08,44.43,36.15,81.35,49.98,39.87,79.77,49.18,39.31,79.93,49.18,38.08,77.42,42.89,43.71,101.94,42.27,38.23,90.45,0.00,0.00,0.00,0.00,0.00,0.00,0.00,0.00,0.00,0.00,0.00,0.00,367.11,302.57,82.42,2026
EM00016212,Al- Amin,1315,Chattogram,CH021-V,04,1,0.00,0.00,0.00,0.00,0.00,0.00,0.00,0.00,0.00,0.00,0.00,0.00,0.00,0.00,0.00,6.70,5.83,87.03,7.00,5.90,84.24,7.50,5.74,76.49,0.00,0.00,0.00,0.00,0.00,0.00,0.00,0.00,0.00,0.00,0.00,0.00,21.20,17.46,82.38,2026
EM00002934,Md. Ruhul Amin,1319,Feni,FE080-P,01,2,41.20,33.54,81.40,40.91,33.18,81.10,40.91,32.78,80.14,44.29,34.56,78.04,42.69,34.47,80.74,42.69,34.10,79.88,39.91,36.13,90.52,39.35,34.67,88.10,0.00,0.00,0.00,0.00,0.00,0.00,0.00,0.00,0.00,0.00,0.00,0.00,331.94,273.42,82.37,2026
EM00011806,Md. Matinur Rahman,1326,Barishal,BA082-B,01,1,6.57,4.47,68.05,6.53,4.74,72.65,6.53,5.25,80.38,7.71,5.71,74.02,7.46,6.09,81.64,7.46,6.56,87.94,7.03,6.38,90.74,6.65,6.88,103.34,0.00,0.00,0.00,0.00,0.00,0.00,0.00,0.00,0.00,0.00,0.00,0.00,55.95,46.08,82.36,2026
EM00013771,Md. Saiful Islam,1327,Faridpur,FA101-B,01,1,3.70,2.56,69.10,3.67,2.94,80.19,3.67,3.01,82.09,3.20,2.46,76.98,3.11,2.64,84.87,3.11,3.26,104.84,3.74,3.43,91.80,7.20,5.55,77.12,0.00,0.00,0.00,0.00,0.00,0.00,0.00,0.00,0.00,0.00,0.00,0.00,31.39,25.85,82.36,2026
EM00006940,Md. Ataur Rashid,1336,Keraniganj,KE034-B,01,1,10.10,8.12,80.42,10.03,9.24,92.09,10.03,8.18,81.57,10.99,8.75,79.64,10.75,8.15,75.75,10.75,8.37,77.81,10.10,8.67,85.84,10.18,8.83,86.74,0.00,0.00,0.00,0.00,0.00,0.00,0.00,0.00,0.00,0.00,0.00,0.00,82.93,68.30,82.36,2026
EM00013126,Md. Ariful Islam,1331,Chandpur,CA033-C,01,1,9.88,6.97,70.55,9.81,7.95,81.03,9.81,8.86,90.36,10.81,8.48,78.43,9.99,8.62,86.34,9.99,7.84,78.47,9.35,8.48,90.69,8.98,7.54,84.01,0.00,0.00,0.00,0.00,0.00,0.00,0.00,0.00,0.00,0.00,0.00,0.00,78.61,64.74,82.36,2026
EM00005116,Md. Humayun Kabir,1322,Rangpur,RN092-B,01,1,9.02,5.74,63.65,8.96,6.16,68.84,8.96,6.84,76.39,10.29,8.09,78.58,9.93,8.87,89.38,9.93,7.26,73.17,8.63,9.37,108.56,8.51,8.77,103.10,0.00,0.00,0.00,0.00,0.00,0.00,0.00,0.00,0.00,0.00,0.00,0.00,74.22,61.12,82.35,2026
EM00012544,Md. Riaj,1328,Cox's Bazar,CO101-B,01,1,8.81,6.79,76.98,8.75,6.72,76.74,8.75,7.22,82.45,9.45,7.95,84.17,9.10,7.70,84.61,9.10,7.67,84.29,8.54,6.93,81.14,8.25,7.29,88.32,0.00,0.00,0.00,0.00,0.00,0.00,0.00,0.00,0.00,0.00,0.00,0.00,70.76,58.26,82.33,2026
EM00015821,Md. Abu Sayem .,1315,Chattogram,CH091-A,01,1,0.00,0.00,0.00,0.00,0.00,0.00,5.19,3.95,76.07,5.42,3.91,72.15,5.21,4.38,84.09,5.21,4.19,80.36,5.21,4.26,81.71,5.10,5.11,100.35,0.00,0.00,0.00,0.00,0.00,0.00,0.00,0.00,0.00,0.00,0.00,0.00,31.34,25.80,82.33,2026
EM00009665,Md. Ibrahim Molla,1311,Dhanmondi,DH201-B,01,1,5.86,4.50,76.75,5.82,4.46,76.56,5.82,4.42,75.95,7.00,4.50,64.24,6.10,4.87,79.78,6.10,5.02,82.34,5.60,5.99,106.99,5.58,5.66,101.51,0.00,0.00,0.00,0.00,0.00,0.00,0.00,0.00,0.00,0.00,0.00,0.00,47.89,39.42,82.32,2026
EM00012174,Md. Masud Rana,1332,B. Baria,BB073-A,01,1,7.73,6.69,86.60,7.67,6.79,88.53,7.67,6.33,82.50,7.98,6.53,81.93,7.90,5.95,75.30,7.90,6.20,78.47,7.68,6.62,86.30,7.56,5.98,79.12,0.00,0.00,0.00,0.00,0.00,0.00,0.00,0.00,0.00,0.00,0.00,0.00,62.09,51.11,82.31,2026
EM00009685,Md. Rasel Hossen,1314,Mymensingh,MY102-A,01,1,10.74,7.50,69.84,10.66,8.79,82.46,10.66,8.94,83.81,8.22,6.07,73.85,8.13,5.68,69.93,8.13,6.52,80.26,7.40,7.70,104.14,7.29,7.41,101.74,0.00,0.00,0.00,0.00,0.00,0.00,0.00,0.00,0.00,0.00,0.00,0.00,71.22,58.62,82.31,2026
EM00016223,Abhishak Ghosh,1328,Cox's Bazar,CO011-A,01,1,0.00,0.00,0.00,0.00,0.00,0.00,0.00,0.00,0.00,0.00,0.00,0.00,0.00,0.00,0.00,8.21,5.59,68.16,7.21,6.37,88.40,6.96,6.45,92.67,0.00,0.00,0.00,0.00,0.00,0.00,0.00,0.00,0.00,0.00,0.00,0.00,22.38,18.42,82.31,2026
EM00012919,Md. Aklaqul Islam,1325,JSR+KHL,KH011-N,03,1,3.80,5.56,146.34,3.80,2.21,58.08,3.80,2.16,56.81,3.80,2.85,74.92,3.90,3.11,79.77,3.90,3.36,86.09,4.50,3.40,75.54,4.50,3.69,82.01,0.00,0.00,0.00,0.00,0.00,0.00,0.00,0.00,0.00,0.00,0.00,0.00,32.00,26.33,82.29,2026
EM00007406,Mr. Ananda Mohon Roy,1316,Sylhet,SY171-C,01,1,7.22,5.62,77.87,7.17,5.82,81.25,7.17,6.32,88.27,7.97,6.44,80.74,7.68,6.41,83.51,7.68,6.38,83.12,7.28,5.88,80.80,7.18,5.95,82.81,0.00,0.00,0.00,0.00,0.00,0.00,0.00,0.00,0.00,0.00,0.00,0.00,59.34,48.83,82.29,2026
EM00009030,Emamul Hossain,1327,Faridpur,FA023-C,01,1,8.64,6.33,73.29,8.58,6.96,81.09,8.58,6.88,80.20,9.68,7.24,74.75,8.89,6.37,71.63,8.89,7.08,79.66,8.10,8.06,99.54,7.73,7.92,102.46,0.00,0.00,0.00,0.00,0.00,0.00,0.00,0.00,0.00,0.00,0.00,0.00,69.10,56.85,82.27,2026
EM00016161,Md. Hamid,1324,Jashore,JA124-C,01,1,0.00,0.00,0.00,0.00,0.00,0.00,0.00,0.00,0.00,0.00,0.00,0.00,4.00,1.66,41.51,4.00,3.18,79.55,4.01,4.30,107.11,3.93,3.97,101.15,0.00,0.00,0.00,0.00,0.00,0.00,0.00,0.00,0.00,0.00,0.00,0.00,15.94,13.11,82.27,2026
EM00005966,Md. Jamal Uddin,1324,Jashore,JA074-C,01,1,8.58,6.94,80.90,8.48,6.63,78.25,8.48,6.83,80.59,9.98,7.84,78.49,9.63,7.26,75.40,9.63,7.63,79.23,8.63,8.16,94.49,8.69,8.03,92.35,0.00,0.00,0.00,0.00,0.00,0.00,0.00,0.00,0.00,0.00,0.00,0.00,72.11,59.32,82.27,2026
EM00012646,Md. Shamem Talukdar,1311,Dhanmondi,DH091-A,01,1,7.69,6.26,81.44,7.63,6.79,88.99,7.63,5.84,76.49,8.99,6.56,72.95,8.29,5.85,70.62,8.29,6.98,84.20,7.04,6.54,92.93,6.94,6.59,94.93,0.00,0.00,0.00,0.00,0.00,0.00,0.00,0.00,0.00,0.00,0.00,0.00,62.51,51.42,82.26,2026
EM00005834,Md. Ayub Ali,1327,Faridpur,FA123-A,01,1,8.62,7.28,84.37,8.56,7.06,82.49,8.56,6.91,80.74,9.53,7.34,77.00,8.98,7.31,81.32,8.98,7.35,81.78,8.16,7.05,86.38,8.02,6.82,85.02,0.00,0.00,0.00,0.00,0.00,0.00,0.00,0.00,0.00,0.00,0.00,0.00,69.43,57.11,82.26,2026
EM00015285,Md. Ridoy Ali,1326,Barishal,BA032-V,04,1,6.60,5.19,78.68,6.60,4.94,74.87,6.75,4.85,71.86,7.20,6.30,87.51,7.20,6.30,87.54,7.80,7.57,97.05,8.10,6.77,83.60,8.45,6.35,75.19,0.00,0.00,0.00,0.00,0.00,0.00,0.00,0.00,0.00,0.00,0.00,0.00,58.70,48.28,82.26,2026
EM00014418,Md. Dulal Hossin,1320,Bogura,BO013-B,01,1,3.61,3.37,93.26,3.61,2.55,70.66,3.61,2.78,77.14,4.23,2.99,70.80,4.06,2.55,62.99,4.06,3.45,85.02,3.59,3.55,99.10,3.39,3.54,104.51,0.00,0.00,0.00,0.00,0.00,0.00,0.00,0.00,0.00,0.00,0.00,0.00,30.14,24.79,82.25,2026
EM00006585,Mr. H.M. Moniruzzaman,1327,Faridpur,FA092-C,01,1,9.60,7.83,81.58,9.53,7.11,74.62,9.53,8.10,85.01,10.87,8.30,76.32,10.43,8.04,77.16,10.43,8.73,83.77,9.38,8.47,90.25,9.39,8.52,90.72,0.00,0.00,0.00,0.00,0.00,0.00,0.00,0.00,0.00,0.00,0.00,0.00,79.15,65.10,82.25,2026
EM00016215,Sandip Goyali,1318,Noakhali,NO023-V,04,1,0.00,0.00,0.00,0.00,0.00,0.00,0.00,0.00,0.00,0.00,0.00,0.00,0.00,0.00,0.00,0.00,0.00,0.00,10.45,8.46,80.92,11.22,9.37,83.48,0.00,0.00,0.00,0.00,0.00,0.00,0.00,0.00,0.00,0.00,0.00,0.00,21.67,17.82,82.25,2026
EM00005357,Md. Milan,1321,Rajshahi,RA070-P,01,2,41.86,30.82,73.64,41.56,31.18,75.01,41.56,35.36,85.07,48.61,38.96,80.14,46.82,37.82,80.78,46.82,38.19,81.58,41.68,38.03,91.24,41.09,37.51,91.28,0.00,0.00,0.00,0.00,0.00,0.00,0.00,0.00,0.00,0.00,0.00,0.00,350.00,287.87,82.25,2026
EM00013357,Md. Rashidul Amin,1335,Kushtia,KU063-A,01,1,10.36,7.60,73.33,10.29,7.57,73.63,10.29,8.36,81.24,11.88,8.51,71.66,11.00,8.57,77.95,11.00,9.16,83.25,9.70,9.73,100.33,9.80,9.83,100.35,0.00,0.00,0.00,0.00,0.00,0.00,0.00,0.00,0.00,0.00,0.00,0.00,84.32,69.34,82.24,2026
EM00008934,Md. Abdus Satter,1315,Chattogram,CH060-P,01,2,46.01,37.00,80.42,45.68,37.75,82.63,45.68,39.09,85.57,51.69,40.56,78.47,49.83,39.95,80.17,49.83,40.28,80.83,46.90,39.58,84.40,44.70,38.56,86.28,0.00,0.00,0.00,0.00,0.00,0.00,0.00,0.00,0.00,0.00,0.00,0.00,380.33,312.78,82.24,2026
EM00012158,Md. Saiful Islam,1332,B. Baria,BB015-C,01,1,10.45,8.17,78.22,10.37,10.54,101.56,10.37,8.77,84.53,10.65,7.84,73.60,10.27,8.36,81.40,10.27,8.38,81.61,9.99,7.80,78.09,9.85,7.76,78.83,0.00,0.00,0.00,0.00,0.00,0.00,0.00,0.00,0.00,0.00,0.00,0.00,82.23,67.62,82.24,2026
EM00006770,Mr. Razib Chakroborty,1333,Moulvibazar,MO071-A,01,1,8.40,7.42,88.36,8.34,7.53,90.33,8.34,7.90,94.78,9.01,7.64,84.88,8.98,5.93,66.06,8.98,6.82,75.90,8.11,6.36,78.51,7.99,6.42,80.37,0.00,0.00,0.00,0.00,0.00,0.00,0.00,0.00,0.00,0.00,0.00,0.00,68.14,56.04,82.24,2026
EM00003545,Md. Abdul Jabbar,1321,Rajshahi,RA020-P,01,2,46.57,37.21,79.90,46.24,34.47,74.55,46.24,35.76,77.33,53.24,41.49,77.95,51.31,39.27,76.54,51.31,39.65,77.27,44.28,43.52,98.28,43.75,43.55,99.54,0.00,0.00,0.00,0.00,0.00,0.00,0.00,0.00,0.00,0.00,0.00,0.00,382.93,314.91,82.24,2026
EM00015953,Md. Mohaimenul Islam,1313,Narayanganj,NA083-B,01,1,0.00,0.00,0.00,0.00,0.00,0.00,0.00,0.00,0.00,8.07,6.40,79.29,7.63,5.09,66.82,7.63,6.11,80.12,7.06,6.67,94.44,7.27,6.68,91.88,0.00,0.00,0.00,0.00,0.00,0.00,0.00,0.00,0.00,0.00,0.00,0.00,37.65,30.95,82.20,2026
EM00007895,Md. Amirul Islam,1326,Barishal,BA061-A,01,1,6.10,5.51,90.22,6.12,4.94,80.65,6.12,5.56,90.90,6.94,5.33,76.78,6.70,5.33,79.58,6.70,3.66,54.65,5.78,5.52,95.61,5.84,5.50,94.08,0.00,0.00,0.00,0.00,0.00,0.00,0.00,0.00,0.00,0.00,0.00,0.00,50.30,41.35,82.20,2026
EM00008152,Md. Ashraful Islam,1329,Tangail,TA024-C,01,1,9.31,7.44,79.94,9.24,7.92,85.70,9.24,7.75,83.84,10.34,8.05,77.88,9.98,7.86,78.78,9.98,7.94,79.55,8.98,7.86,87.59,8.90,7.61,85.58,0.00,0.00,0.00,0.00,0.00,0.00,0.00,0.00,0.00,0.00,0.00,0.00,75.95,62.43,82.20,2026
EM00010377,Md. Aushan Kaber,1324,Jashore,JA072-A,01,1,9.16,6.83,74.56,9.16,6.84,74.64,9.16,7.75,84.59,11.05,8.33,75.35,10.65,8.47,79.49,10.65,7.84,73.60,9.65,9.19,95.25,9.72,9.86,101.48,0.00,0.00,0.00,0.00,0.00,0.00,0.00,0.00,0.00,0.00,0.00,0.00,79.20,65.10,82.19,2026
EM00009809,Md. Hasibul Islam,1326,Barishal,BA093-C,01,1,8.73,6.04,69.13,8.67,6.82,78.70,8.67,7.26,83.68,10.00,8.05,80.46,9.65,7.45,77.14,9.65,7.54,78.15,7.60,7.27,95.62,7.46,7.47,100.13,0.00,0.00,0.00,0.00,0.00,0.00,0.00,0.00,0.00,0.00,0.00,0.00,70.44,57.89,82.18,2026
EM00013185,Md. Selim Reza,1311,Dhanmondi,DH214-A,01,1,3.77,2.99,79.21,3.77,3.15,83.43,3.77,3.31,87.82,4.87,3.53,72.54,4.94,3.46,70.03,4.94,3.56,72.12,4.34,4.05,93.41,4.34,4.49,103.63,0.00,0.00,0.00,0.00,0.00,0.00,0.00,0.00,0.00,0.00,0.00,0.00,34.72,28.54,82.18,2026
EM00016414,Md. Asraful Islam,1332,B. Baria,BB063-C,01,1,0.00,0.00,0.00,0.00,0.00,0.00,0.00,0.00,0.00,0.00,0.00,0.00,0.00,0.00,0.00,0.00,0.00,0.00,6.08,4.75,78.16,5.99,5.17,86.21,0.00,0.00,0.00,0.00,0.00,0.00,0.00,0.00,0.00,0.00,0.00,0.00,12.07,9.92,82.16,2026
EM00006286,Mr. Liban Proshad,1317,Cumilla,CU123-C,01,1,12.23,10.09,82.52,12.14,10.72,88.31,12.14,10.41,85.73,12.86,9.78,76.06,12.39,8.67,69.98,12.39,10.09,81.43,11.37,10.05,88.39,11.20,9.65,86.13,0.00,0.00,0.00,0.00,0.00,0.00,0.00,0.00,0.00,0.00,0.00,0.00,96.72,79.46,82.15,2026
EM00006766,Mr. Koushik Ray,1322,Rangpur,RN033-C,01,1,8.98,7.25,80.69,8.94,6.61,73.93,8.94,7.04,78.66,10.30,6.69,65.00,9.94,7.53,75.82,9.94,8.18,82.28,8.48,8.94,105.42,8.36,8.45,101.11,0.00,0.00,0.00,0.00,0.00,0.00,0.00,0.00,0.00,0.00,0.00,0.00,73.88,60.69,82.14,2026
EM00009683,Md. Joshemuddin,1335,Kushtia,KU073-C,01,1,11.82,9.29,78.59,11.73,8.86,75.50,11.73,8.92,76.00,13.31,10.58,79.51,12.83,11.07,86.30,12.83,10.36,80.77,11.75,10.63,90.47,11.86,10.67,90.01,0.00,0.00,0.00,0.00,0.00,0.00,0.00,0.00,0.00,0.00,0.00,0.00,97.86,80.38,82.14,2026
EM00012306,Nayan Krishna Saha,1324,Jashore,JA122-B,01,1,8.22,6.15,74.73,8.16,6.59,80.78,8.16,6.50,79.64,9.47,7.55,79.77,8.92,7.21,80.86,8.92,6.83,76.53,8.21,7.68,93.57,7.93,7.34,92.54,0.00,0.00,0.00,0.00,0.00,0.00,0.00,0.00,0.00,0.00,0.00,0.00,67.99,55.85,82.14,2026
EM00015169,Md. Ataur Rahman,1310,Paltan,PA072-B,01,1,7.55,6.23,82.44,7.50,6.62,88.23,7.50,5.73,76.45,9.01,6.75,74.94,8.69,6.24,71.77,8.69,7.51,86.40,8.47,7.64,90.14,8.74,7.62,87.14,0.00,0.00,0.00,0.00,0.00,0.00,0.00,0.00,0.00,0.00,0.00,0.00,66.16,54.33,82.12,2026
EM00013751,Md. Sujon Ali,1313,Narayanganj,NA052-C,01,1,9.85,7.92,80.41,9.85,8.10,82.23,9.85,8.03,81.59,10.52,8.06,76.61,10.13,7.41,73.11,10.13,8.54,84.29,9.17,8.62,93.93,9.41,8.12,86.25,0.00,0.00,0.00,0.00,0.00,0.00,0.00,0.00,0.00,0.00,0.00,0.00,78.92,64.80,82.11,2026
EM00005241,Md. Nur Alam Siddik,1312,Uttara,UT093-B,01,1,8.68,6.84,78.71,8.62,7.21,83.60,8.62,7.93,91.95,10.18,7.12,69.91,9.82,6.96,70.87,9.82,7.76,79.03,9.11,8.63,94.72,9.12,8.30,91.03,0.00,0.00,0.00,0.00,0.00,0.00,0.00,0.00,0.00,0.00,0.00,0.00,73.97,60.73,82.10,2026
EM00015966,Md. Musleh Uddin,1318,Noakhali,NO111-A,01,1,0.00,0.00,0.00,0.00,0.00,0.00,0.00,0.00,0.00,9.04,6.91,76.36,8.45,6.27,74.19,8.45,6.90,81.67,7.70,6.76,87.87,7.52,6.94,92.34,0.00,0.00,0.00,0.00,0.00,0.00,0.00,0.00,0.00,0.00,0.00,0.00,41.17,33.79,82.07,2026
EM00012100,Sanjoy Datta,1313,Narayanganj,NA133-C,01,1,9.78,7.75,79.23,9.71,8.61,88.67,9.71,8.67,89.23,10.77,7.86,72.92,10.27,7.25,70.58,10.27,8.18,79.68,9.23,8.63,93.48,9.51,8.11,85.24,0.00,0.00,0.00,0.00,0.00,0.00,0.00,0.00,0.00,0.00,0.00,0.00,79.26,65.05,82.07,2026
EM00015064,Md. Sojibur Rahman,1317,Cumilla,CU051-B,01,1,11.33,9.44,83.34,11.24,9.47,84.18,11.24,9.14,81.27,12.27,10.00,81.47,11.82,9.28,78.51,11.82,9.38,79.36,11.49,9.96,86.74,11.32,9.28,81.98,0.00,0.00,0.00,0.00,0.00,0.00,0.00,0.00,0.00,0.00,0.00,0.00,92.53,75.94,82.07,2026
EM00015742,Apon Biswas,1318,Noakhali,NO013-V,04,1,0.00,0.00,0.00,10.80,7.74,71.66,11.05,7.33,66.37,11.79,11.89,100.81,11.79,8.65,73.41,12.77,12.05,94.34,13.26,11.18,84.32,14.24,11.48,80.62,0.00,0.00,0.00,0.00,0.00,0.00,0.00,0.00,0.00,0.00,0.00,0.00,85.70,70.32,82.05,2026
EM00013084,Md. Sulaiman,1334,Kishoreganj,KI012-B,01,1,8.67,7.06,81.40,8.61,7.31,84.83,8.61,7.51,87.22,9.85,7.27,73.83,9.54,7.14,74.76,9.54,7.13,74.70,9.28,8.20,88.33,9.17,8.51,92.82,0.00,0.00,0.00,0.00,0.00,0.00,0.00,0.00,0.00,0.00,0.00,0.00,73.29,60.12,82.04,2026
EM00006115,Mr. Monirul Islam,1324,Jashore,JA070-P,01,2,54.41,40.01,73.52,54.06,41.65,77.05,54.06,45.59,84.32,65.30,48.72,74.61,62.96,49.97,79.36,62.96,47.91,76.10,56.96,53.62,94.14,57.35,56.43,98.40,0.00,0.00,0.00,0.00,0.00,0.00,0.00,0.00,0.00,0.00,0.00,0.00,468.07,383.91,82.02,2026
EM00014149,Md. Abdullah Al Hadi,1319,PLT+DNM+FEN,DH012-N,03,1,5.90,5.92,100.32,5.90,6.13,103.86,5.80,4.05,69.78,5.90,5.91,100.15,6.00,5.42,90.37,6.00,3.37,56.14,6.50,4.96,76.32,6.50,4.02,61.88,0.00,0.00,0.00,0.00,0.00,0.00,0.00,0.00,0.00,0.00,0.00,0.00,48.50,39.78,82.01,2026
EM00011187,Saidul Islam,1334,Kishoreganj,KI074-A,01,1,8.99,7.14,79.39,8.99,7.31,81.36,8.99,6.92,76.98,9.89,7.33,74.06,9.59,7.43,77.46,9.59,8.61,89.79,9.11,7.83,85.87,9.00,8.24,91.60,0.00,0.00,0.00,0.00,0.00,0.00,0.00,0.00,0.00,0.00,0.00,0.00,74.16,60.81,82.00,2026
EM00013896,Masud Akon,1310,Paltan,PA054-V,04,1,11.59,10.50,90.64,11.42,9.95,87.16,11.68,8.20,70.24,12.46,12.12,97.30,12.46,10.29,82.56,13.50,9.97,73.86,14.02,11.52,82.17,15.06,11.23,74.58,0.00,0.00,0.00,0.00,0.00,0.00,0.00,0.00,0.00,0.00,0.00,0.00,102.19,83.80,82.00,2026
EM00013215,Md. Shakib Hossain,1316,Sylhet,SY011-B,01,1,4.41,3.31,75.15,4.23,3.40,80.43,4.23,3.03,71.65,4.90,3.38,69.04,4.71,3.34,70.86,4.71,3.84,81.50,4.17,4.51,108.05,4.11,4.27,103.71,0.00,0.00,0.00,0.00,0.00,0.00,0.00,0.00,0.00,0.00,0.00,0.00,35.47,29.07,81.98,2026
EM00016452,Md. Tamijul Islam Bondhon,1310,Paltan,PA064-G,02,1,0.00,0.00,0.00,0.00,0.00,0.00,0.00,0.00,0.00,0.00,0.00,0.00,0.00,0.00,0.00,0.00,0.00,0.00,0.00,0.00,0.00,7.00,5.74,81.94,0.00,0.00,0.00,0.00,0.00,0.00,0.00,0.00,0.00,0.00,0.00,0.00,7.00,5.74,81.94,2026
EM00014597,Ariful Islam,1335,Kushtia,KU023-C,01,1,8.85,6.96,78.67,8.79,7.05,80.26,8.79,7.09,80.67,9.87,7.63,77.27,9.41,7.56,80.34,9.41,8.31,88.39,8.88,7.39,83.24,8.96,7.78,86.79,0.00,0.00,0.00,0.00,0.00,0.00,0.00,0.00,0.00,0.00,0.00,0.00,72.95,59.77,81.94,2026
EM00012723,Md. Abdur Razzak,1314,Mymensingh,MY051-B,01,1,5.06,3.16,62.55,5.02,3.95,78.60,5.02,3.82,76.05,5.35,3.91,73.07,4.99,3.90,78.08,4.99,4.13,82.86,4.52,4.79,105.91,4.49,4.65,103.73,0.00,0.00,0.00,0.00,0.00,0.00,0.00,0.00,0.00,0.00,0.00,0.00,39.43,32.30,81.93,2026
EM00016123,Md. Rakibul Alam Rakib,1313,Narayanganj,NA112-B,01,1,0.00,0.00,0.00,0.00,0.00,0.00,0.00,0.00,0.00,0.00,0.00,0.00,8.39,5.75,68.61,8.39,6.68,79.65,7.83,7.22,92.23,8.01,7.06,88.18,0.00,0.00,0.00,0.00,0.00,0.00,0.00,0.00,0.00,0.00,0.00,0.00,32.61,26.72,81.93,2026
EM00016178,Md. Khairul Islam,1314,Mymensingh,MY101-A,01,1,0.00,0.00,0.00,0.00,0.00,0.00,0.00,0.00,0.00,0.00,0.00,0.00,4.91,2.80,57.01,4.91,3.55,72.34,4.04,4.29,106.21,3.96,3.96,99.89,0.00,0.00,0.00,0.00,0.00,0.00,0.00,0.00,0.00,0.00,0.00,0.00,17.83,14.60,81.92,2026
EM00012083,Md. Al-Amin .,1314,Mymensingh,MY061-A,01,1,8.59,6.45,75.13,8.13,6.78,83.39,8.13,6.69,82.24,8.13,6.47,79.57,7.84,5.74,73.30,7.84,5.64,71.92,6.39,6.71,105.06,6.32,5.78,91.55,0.00,0.00,0.00,0.00,0.00,0.00,0.00,0.00,0.00,0.00,0.00,0.00,61.36,50.26,81.92,2026
EM00015817,Md. Mizanur Rahman,1318,Noakhali,NO112-A,01,1,0.00,0.00,0.00,0.00,0.00,0.00,7.29,5.22,71.63,8.21,6.22,75.74,7.82,5.55,70.94,7.82,6.28,80.36,7.12,6.72,94.41,6.95,7.04,101.31,0.00,0.00,0.00,0.00,0.00,0.00,0.00,0.00,0.00,0.00,0.00,0.00,45.20,37.03,81.92,2026
EM00013539,Md. Arif Hossain,1331,Chandpur,CA042-B,01,1,6.72,4.59,68.38,6.67,5.24,78.52,6.67,4.88,73.16,7.47,5.81,77.87,7.36,5.23,71.08,7.36,6.04,82.11,6.71,6.89,102.71,6.46,6.70,103.71,0.00,0.00,0.00,0.00,0.00,0.00,0.00,0.00,0.00,0.00,0.00,0.00,55.42,45.40,81.91,2026
EM00008272,Md. Abdar Ali,1310,Paltan,PA162-A,01,1,6.46,7.15,110.66,6.68,6.17,92.43,6.68,4.59,68.71,8.23,5.06,61.50,7.93,5.51,69.45,7.93,5.48,69.06,6.60,6.54,99.05,6.66,6.33,95.00,0.00,0.00,0.00,0.00,0.00,0.00,0.00,0.00,0.00,0.00,0.00,0.00,57.18,46.83,81.90,2026
EM00014882,Md. Polasah Uddin,1321,Rajshahi,RA043-C,01,1,8.66,6.21,71.77,8.59,6.79,78.99,8.59,6.50,75.68,9.95,7.13,71.60,9.60,7.52,78.34,9.60,7.37,76.78,8.26,8.52,103.20,8.12,8.41,103.51,0.00,0.00,0.00,0.00,0.00,0.00,0.00,0.00,0.00,0.00,0.00,0.00,71.38,58.45,81.89,2026
EM00003474,Md. Rezaul Karim,1331,Chandpur,CA010-P,01,2,38.65,28.59,73.97,38.37,29.15,75.96,38.37,29.18,76.05,42.59,34.15,80.20,41.03,33.57,81.81,41.03,33.70,82.15,38.51,35.19,91.38,37.10,34.88,94.02,0.00,0.00,0.00,0.00,0.00,0.00,0.00,0.00,0.00,0.00,0.00,0.00,315.64,258.40,81.87,2026
EM00014884,Md. Mohiuddin .,1336,Keraniganj,KE024-A,01,1,5.92,4.99,84.22,5.88,5.23,88.92,5.88,4.55,77.41,6.42,4.67,72.67,6.19,4.84,78.18,6.19,4.53,73.27,5.51,4.53,82.26,5.55,5.57,100.33,0.00,0.00,0.00,0.00,0.00,0.00,0.00,0.00,0.00,0.00,0.00,0.00,47.55,38.91,81.84,2026
EM00015901,Arindom Majumder,1331,Chandpur,CA011-A,01,1,0.00,0.00,0.00,0.00,0.00,0.00,0.00,0.00,0.00,8.30,6.48,78.06,7.80,5.98,76.69,7.80,6.26,80.29,7.25,6.60,91.15,7.00,5.89,84.10,0.00,0.00,0.00,0.00,0.00,0.00,0.00,0.00,0.00,0.00,0.00,0.00,38.15,31.22,81.83,2026
EM00013499,Shah Muhammad Nur-E- Emran,1314,Mymensingh,RP01017,01,4,209.12,147.23,70.40,207.63,159.59,76.86,207.63,174.30,83.95,245.34,185.55,75.63,236.45,179.21,75.79,236.45,184.40,77.99,207.90,211.14,101.56,204.92,194.98,95.15,0.00,0.00,0.00,0.00,0.00,0.00,0.00,0.00,0.00,0.00,0.00,0.00,1755.44,1436.40,81.83,2026
EM00010458,Montu Rahman Biswas,1311,Dhanmondi,DH133-A,01,1,7.85,7.33,93.36,7.85,6.31,80.42,7.85,6.40,81.52,9.29,6.44,69.26,8.95,6.73,75.26,8.95,7.04,78.70,7.91,6.93,87.62,7.79,7.18,92.13,0.00,0.00,0.00,0.00,0.00,0.00,0.00,0.00,0.00,0.00,0.00,0.00,66.44,54.36,81.82,2026
EM00015039,Soleman Mia,1310,Paltan,PA263-A,01,1,5.63,5.05,89.59,5.60,5.18,92.49,5.60,4.80,85.80,6.97,5.20,74.60,6.71,4.81,71.73,6.71,4.67,69.64,5.40,4.78,88.45,5.55,4.91,88.56,0.00,0.00,0.00,0.00,0.00,0.00,0.00,0.00,0.00,0.00,0.00,0.00,48.16,39.40,81.80,2026
EM00015854,Md. Zalal Uddin,1320,Bogura,BO023-A,01,1,0.00,0.00,0.00,0.00,0.00,0.00,5.10,3.71,72.89,6.04,4.09,67.76,5.81,4.13,71.05,5.81,4.08,70.15,4.45,4.78,107.43,4.45,5.10,114.69,0.00,0.00,0.00,0.00,0.00,0.00,0.00,0.00,0.00,0.00,0.00,0.00,31.65,25.89,81.79,2026
EM00015508,Ashraful Islam,1331,Chandpur,CA016-G,02,1,6.50,4.72,72.67,6.30,4.88,77.38,6.41,5.34,83.28,6.93,5.13,73.97,6.51,5.52,84.80,7.18,5.83,81.20,7.19,6.54,90.98,7.40,6.55,88.50,0.00,0.00,0.00,0.00,0.00,0.00,0.00,0.00,0.00,0.00,0.00,0.00,54.42,44.50,81.78,2026
EM00009093,Md. Atiqur Rahman,1310,Paltan,PA170-P,01,2,42.06,38.38,91.23,41.76,37.94,90.85,41.76,29.14,69.78,54.08,35.57,65.77,52.11,37.03,71.05,52.11,38.93,74.71,43.40,45.07,103.84,44.65,42.11,94.32,0.00,0.00,0.00,0.00,0.00,0.00,0.00,0.00,0.00,0.00,0.00,0.00,371.94,304.17,81.78,2026
EM00014774,Md. Shakil Shaikh,1314,Mymensingh,MY023-G,02,1,7.75,5.83,75.18,7.50,6.15,82.05,7.65,6.22,81.25,8.30,6.37,76.79,7.80,6.27,80.41,8.55,6.75,78.89,8.55,7.72,90.25,8.80,7.77,88.31,0.00,0.00,0.00,0.00,0.00,0.00,0.00,0.00,0.00,0.00,0.00,0.00,64.90,53.07,81.78,2026
EM00002527,Mohammad Shwokat Ali Khan,1313,PLT+DNM+NRG,DSM05-P,01,6,1402.97,1186.38,84.56,1075.46,937.15,87.14,1075.46,896.42,83.35,1250.25,902.08,72.15,1204.07,859.37,71.37,1204.07,933.92,77.56,1062.55,984.46,92.65,1092.20,957.86,87.70,0.00,0.00,0.00,0.00,0.00,0.00,0.00,0.00,0.00,0.00,0.00,0.00,9367.03,7657.61,81.75,2026
EM00007255,Md. Noman Hossion,1328,Cox's Bazar,CO020-P,01,2,22.40,18.68,83.38,22.24,18.98,85.35,22.24,17.03,76.60,24.39,18.37,75.32,23.48,18.29,77.88,23.48,19.12,81.42,21.68,18.61,85.87,20.95,18.77,89.57,0.00,0.00,0.00,0.00,0.00,0.00,0.00,0.00,0.00,0.00,0.00,0.00,180.86,147.85,81.75,2026
EM00010681,Md. Abdul Hye,1312,Uttara,UT071-B,01,1,8.14,7.32,89.85,8.09,6.21,76.75,8.09,6.25,77.31,9.42,6.45,68.52,9.08,6.86,75.58,9.08,6.34,69.80,8.48,9.09,107.11,8.51,7.79,91.54,0.00,0.00,0.00,0.00,0.00,0.00,0.00,0.00,0.00,0.00,0.00,0.00,68.89,56.30,81.74,2026
EM00010028,Md. Rubel,1311,Dhanmondi,DH116-G,02,1,12.40,11.73,94.58,12.00,9.57,79.79,12.24,9.46,77.25,13.25,10.24,77.26,10.30,7.87,76.41,11.31,8.80,77.78,11.31,9.57,84.64,11.65,9.96,85.48,0.00,0.00,0.00,0.00,0.00,0.00,0.00,0.00,0.00,0.00,0.00,0.00,94.46,77.19,81.72,2026
EM00002252,Muhammad Jakir Hussain,1319,CML+FEN,DSM06-P,01,6,1044.95,854.79,81.80,1037.44,898.98,86.65,1037.44,869.90,83.85,1117.68,861.66,77.09,1077.49,795.27,73.81,1077.49,853.85,79.24,1040.20,899.23,86.45,1025.31,878.16,85.65,0.00,0.00,0.00,0.00,0.00,0.00,0.00,0.00,0.00,0.00,0.00,0.00,8457.99,6911.84,81.72,2026
EM00011756,Tushar Mozumdar,1311,Dhanmondi,DH231-A,01,1,6.11,5.55,90.74,6.11,5.52,90.30,6.11,4.89,80.07,8.08,5.57,68.98,7.65,5.36,70.08,7.65,5.30,69.23,6.22,6.44,103.53,6.12,5.55,90.61,0.00,0.00,0.00,0.00,0.00,0.00,0.00,0.00,0.00,0.00,0.00,0.00,54.06,44.18,81.72,2026
EM00010341,Rasel Howlader,1313,Narayanganj,NA111-B,01,1,10.95,9.88,90.29,10.87,9.40,86.50,10.87,9.15,84.16,11.93,8.40,70.41,11.26,7.79,69.15,11.26,9.29,82.54,10.30,9.21,89.43,10.61,8.82,83.16,0.00,0.00,0.00,0.00,0.00,0.00,0.00,0.00,0.00,0.00,0.00,0.00,88.03,71.94,81.72,2026
EM00012976,Shamim Sheikh,1324,Jashore,JA091-A,01,1,7.20,5.57,77.35,7.20,5.76,80.00,7.20,5.95,82.64,8.49,6.24,73.50,7.78,5.68,72.95,7.78,6.56,84.25,7.00,6.52,93.10,7.05,6.51,92.39,0.00,0.00,0.00,0.00,0.00,0.00,0.00,0.00,0.00,0.00,0.00,0.00,59.70,48.78,81.71,2026
EM00014840,Md. Nur Nabi,1328,Cox's Bazar,CO041-A,01,1,9.31,6.59,70.76,9.24,5.91,63.91,9.24,7.00,75.73,10.62,6.99,65.86,8.75,6.10,69.68,8.75,6.40,73.12,8.13,11.64,143.08,8.00,8.23,102.92,0.00,0.00,0.00,0.00,0.00,0.00,0.00,0.00,0.00,0.00,0.00,0.00,72.05,58.85,81.69,2026
EM00014636,Md. Alamin Mollik,1310,Paltan,PA022-V,04,1,8.00,6.31,78.86,8.00,6.51,81.34,8.18,6.10,74.52,8.76,8.40,95.93,8.76,7.25,82.81,9.49,7.99,84.24,9.86,7.75,78.57,10.59,8.21,77.51,0.00,0.00,0.00,0.00,0.00,0.00,0.00,0.00,0.00,0.00,0.00,0.00,71.64,58.52,81.68,2026
EM00003095,Muhammad Shahin Hossen,1325,Khulna,KH040-P,01,2,36.25,28.66,79.05,35.99,28.85,80.17,35.99,27.58,76.64,42.06,29.08,69.15,40.54,30.20,74.48,40.54,32.00,78.93,37.03,35.66,96.30,36.33,36.88,101.49,0.00,0.00,0.00,0.00,0.00,0.00,0.00,0.00,0.00,0.00,0.00,0.00,304.74,248.91,81.68,2026
EM00003723,Md. Miraz Uddin Ahmed,1310,Paltan,RP01002,01,4,248.28,213.82,86.12,246.51,221.81,89.98,246.51,199.45,80.91,289.36,208.47,72.05,278.84,194.41,69.72,278.84,212.36,76.16,242.20,223.49,92.27,244.26,220.66,90.34,0.00,0.00,0.00,0.00,0.00,0.00,0.00,0.00,0.00,0.00,0.00,0.00,2074.81,1694.48,81.67,2026
EM00014498,Md. Mohidul Islam,1315,Chattogram,CH052-G,02,1,5.50,4.62,83.94,5.30,4.39,82.83,5.40,4.56,84.42,6.20,5.24,84.56,6.00,4.21,70.14,6.80,6.17,90.71,6.80,5.81,85.38,7.00,5.02,71.77,0.00,0.00,0.00,0.00,0.00,0.00,0.00,0.00,0.00,0.00,0.00,0.00,49.00,40.01,81.66,2026
EM00011095,Md. Atiqur Rahman,1330,Pabna,PB062-B,01,1,9.08,7.27,80.07,9.01,6.55,72.65,9.01,8.24,91.43,9.66,7.12,73.70,9.65,6.99,72.45,9.65,7.65,79.29,8.80,7.99,90.76,8.67,8.24,95.05,0.00,0.00,0.00,0.00,0.00,0.00,0.00,0.00,0.00,0.00,0.00,0.00,73.53,60.04,81.66,2026
EM00002188,Mohammad Jasim Uddin,1315,Chattogram,CH311-C,01,1,9.83,7.02,71.41,9.76,8.36,85.60,9.76,8.66,88.74,11.20,8.45,75.46,10.81,7.79,72.13,10.81,8.08,74.73,9.87,9.69,98.26,9.29,8.35,89.89,0.00,0.00,0.00,0.00,0.00,0.00,0.00,0.00,0.00,0.00,0.00,0.00,81.32,66.41,81.66,2026
EM00013498,Goutom Chandra Saha,1327,Faridpur,RP01039,01,4,289.30,217.48,75.18,287.24,228.93,79.70,287.24,244.99,85.29,330.19,255.94,77.51,318.16,249.16,78.31,318.16,253.38,79.64,287.00,257.52,89.73,287.33,256.01,89.10,0.00,0.00,0.00,0.00,0.00,0.00,0.00,0.00,0.00,0.00,0.00,0.00,2404.61,1963.41,81.65,2026
EM00013747,Md. Razu Ahamed,1336,Keraniganj,KE012-A,01,1,15.83,11.94,75.44,15.71,12.91,82.15,15.71,10.25,65.25,8.91,6.69,75.00,8.68,7.18,82.74,8.68,7.22,83.14,7.78,8.59,110.50,7.84,8.00,102.07,0.00,0.00,0.00,0.00,0.00,0.00,0.00,0.00,0.00,0.00,0.00,0.00,89.14,72.78,81.65,2026
EM00016180,Md. Mizanur Rahman,1329,Tangail,TA061-A,01,1,0.00,0.00,0.00,0.00,0.00,0.00,0.00,0.00,0.00,0.00,0.00,0.00,7.32,5.35,73.13,7.32,5.64,77.12,5.88,4.94,84.05,5.25,5.09,97.05,0.00,0.00,0.00,0.00,0.00,0.00,0.00,0.00,0.00,0.00,0.00,0.00,25.76,21.03,81.63,2026
EM00012186,Md. Abdul Hannan,1331,Chandpur,CA072-C,01,1,9.26,7.01,75.68,9.19,7.95,86.46,9.19,8.03,87.30,9.85,7.60,77.10,9.56,7.62,79.79,9.56,7.38,77.27,9.31,7.45,79.99,8.97,8.09,90.15,0.00,0.00,0.00,0.00,0.00,0.00,0.00,0.00,0.00,0.00,0.00,0.00,74.90,61.13,81.61,2026
EM00015941,Md. Wahed Ali,1322,Rangpur,RN101-A,01,1,0.00,0.00,0.00,0.00,0.00,0.00,0.00,0.00,0.00,8.88,5.89,66.39,8.56,6.48,75.70,8.56,6.55,76.55,6.93,6.71,96.79,6.79,6.78,99.82,0.00,0.00,0.00,0.00,0.00,0.00,0.00,0.00,0.00,0.00,0.00,0.00,39.72,32.41,81.61,2026
EM00015188,Chayan Chandra Barmon,1315,Chattogram,CH063-B,01,1,6.00,4.60,76.64,5.96,4.90,82.27,5.96,4.96,83.16,6.79,5.51,81.07,6.65,5.27,79.34,6.65,5.26,79.09,6.29,5.44,86.51,6.00,5.10,85.12,0.00,0.00,0.00,0.00,0.00,0.00,0.00,0.00,0.00,0.00,0.00,0.00,50.30,41.05,81.60,2026
EM00007800,Md. Abul Kalam Azad,1318,Noakhali,NO042-A,01,1,9.30,7.76,83.40,9.27,7.85,84.73,9.27,7.83,84.55,9.94,8.42,84.67,10.20,7.46,73.12,10.20,8.44,82.73,9.37,7.10,75.81,8.99,7.58,84.22,0.00,0.00,0.00,0.00,0.00,0.00,0.00,0.00,0.00,0.00,0.00,0.00,76.53,62.43,81.57,2026
EM00016167,Md. Shahadot Hossain,1320,Bogura,BO013-A,01,1,0.00,0.00,0.00,0.00,0.00,0.00,0.00,0.00,0.00,0.00,0.00,0.00,4.10,3.16,77.13,4.10,3.18,77.57,3.62,3.18,87.87,3.42,2.91,85.00,0.00,0.00,0.00,0.00,0.00,0.00,0.00,0.00,0.00,0.00,0.00,0.00,15.26,12.44,81.56,2026
EM00013438,Faruque Ali,1315,Chattogram,CH263-C,01,1,7.79,6.23,80.00,7.79,6.57,84.32,7.79,6.00,77.06,8.25,6.19,75.07,7.95,6.89,86.69,7.95,6.20,77.91,7.60,6.42,84.45,7.21,6.33,87.87,0.00,0.00,0.00,0.00,0.00,0.00,0.00,0.00,0.00,0.00,0.00,0.00,62.32,50.83,81.56,2026
EM00007328,Md. Rubel Hossain,1336,Keraniganj,KE020-P,01,2,50.95,44.49,87.34,50.59,43.34,85.67,50.59,38.52,76.13,55.62,40.14,72.17,53.51,38.36,71.68,53.51,40.35,75.40,47.67,44.78,93.94,48.05,44.77,93.17,0.00,0.00,0.00,0.00,0.00,0.00,0.00,0.00,0.00,0.00,0.00,0.00,410.49,334.75,81.55,2026
EM00012248,Md. Anwar Jahid,1317,Cumilla,CU111-B,01,1,8.09,6.54,80.82,8.03,7.43,92.51,8.03,6.92,86.20,8.46,6.41,75.76,8.15,6.03,73.93,8.15,6.21,76.26,8.10,6.84,84.37,8.09,6.71,82.93,0.00,0.00,0.00,0.00,0.00,0.00,0.00,0.00,0.00,0.00,0.00,0.00,65.10,53.08,81.54,2026
EM00010514,Md. Abdul Mannan,1330,Pabna,PB020-P,01,2,34.61,24.44,70.62,34.36,25.80,75.09,34.36,27.62,80.39,39.97,30.32,75.86,38.00,27.73,72.97,38.00,28.63,75.34,35.05,35.25,100.56,34.54,35.76,103.52,0.00,0.00,0.00,0.00,0.00,0.00,0.00,0.00,0.00,0.00,0.00,0.00,288.87,235.54,81.54,2026
EM00005845,Mr. Zahidul Islam,1326,Barishal,BA063-C,01,1,8.40,6.43,76.51,8.34,6.29,75.47,8.34,6.64,79.62,9.92,7.91,79.73,9.35,7.61,81.37,9.35,7.83,83.76,7.45,6.65,89.19,7.54,6.65,88.18,0.00,0.00,0.00,0.00,0.00,0.00,0.00,0.00,0.00,0.00,0.00,0.00,68.70,56.01,81.53,2026
EM00006390,Md. Shohel Rana,1316,Sylhet,SY040-P,01,2,30.78,23.98,77.90,30.56,26.21,85.76,30.56,22.01,72.01,34.51,30.51,88.42,33.24,23.83,71.68,33.24,23.96,72.10,29.34,27.66,94.29,28.92,26.54,91.77,0.00,0.00,0.00,0.00,0.00,0.00,0.00,0.00,0.00,0.00,0.00,0.00,251.14,204.70,81.51,2026
EM00012352,Md. Masum Babu,1321,Rajshahi,RA042-A,01,1,5.12,3.85,75.07,5.09,3.89,76.52,5.09,4.44,87.25,5.91,4.28,72.45,5.69,3.92,68.79,5.69,4.19,73.58,4.91,4.97,101.19,4.91,5.04,102.59,0.00,0.00,0.00,0.00,0.00,0.00,0.00,0.00,0.00,0.00,0.00,0.00,42.41,34.57,81.50,2026
EM00013933,Md. Tajmul Islam,1336,Keraniganj,KE051-A,01,1,8.07,6.37,78.88,8.02,7.09,88.49,8.02,6.30,78.53,8.87,6.37,71.78,8.54,6.36,74.50,8.54,6.48,75.89,7.83,6.64,84.83,7.89,7.97,101.05,0.00,0.00,0.00,0.00,0.00,0.00,0.00,0.00,0.00,0.00,0.00,0.00,65.77,53.58,81.46,2026
EM00011839,Md. Mamun Shake,1320,Bogura,BO081-B,01,1,7.57,4.96,65.49,7.51,4.72,62.83,7.51,5.19,69.04,8.36,6.68,79.82,7.80,5.66,72.50,7.80,6.67,85.57,6.30,7.54,119.74,6.30,6.78,107.56,0.00,0.00,0.00,0.00,0.00,0.00,0.00,0.00,0.00,0.00,0.00,0.00,59.16,48.19,81.46,2026
EM00013746,Biplob Hossain,1311,Dhanmondi,DH151-A,01,1,5.14,4.64,90.13,5.04,3.86,76.47,5.04,3.70,73.44,6.08,4.91,80.71,5.47,3.46,63.29,5.47,4.50,82.41,5.08,4.84,95.30,5.00,4.57,91.29,0.00,0.00,0.00,0.00,0.00,0.00,0.00,0.00,0.00,0.00,0.00,0.00,42.33,34.48,81.45,2026
EM00012009,Md. Kazol Ali,1324,Jashore,JA123-A,01,1,8.13,6.70,82.44,8.07,5.98,74.15,8.07,6.53,80.96,9.29,7.55,81.26,9.45,7.35,77.75,9.45,7.24,76.61,8.66,7.66,88.47,8.47,7.67,90.48,0.00,0.00,0.00,0.00,0.00,0.00,0.00,0.00,0.00,0.00,0.00,0.00,69.59,56.68,81.45,2026
EM00008030,Md. Bakul Hossain,1322,Rangpur,RN100-P,01,2,27.69,20.56,74.25,27.49,21.88,79.60,27.49,20.94,76.17,32.56,22.72,69.79,31.37,23.43,74.69,31.37,26.43,84.27,27.05,26.85,99.24,26.67,25.87,97.00,0.00,0.00,0.00,0.00,0.00,0.00,0.00,0.00,0.00,0.00,0.00,0.00,231.68,188.68,81.44,2026
EM00014299,Md. Pavel Hassan,1326,Barishal,BA053-C,01,1,6.65,4.80,72.09,6.66,5.34,80.18,6.66,5.58,83.88,8.31,6.50,78.22,8.31,5.09,61.30,8.31,7.89,94.95,7.22,7.01,97.17,7.29,6.17,84.54,0.00,0.00,0.00,0.00,0.00,0.00,0.00,0.00,0.00,0.00,0.00,0.00,59.40,48.38,81.44,2026
EM00010471,Ruhul Amin,1334,Kishoreganj,KI055-C,01,1,8.31,6.25,75.30,8.31,6.46,77.72,8.31,6.52,78.50,8.62,6.85,79.50,8.36,6.39,76.51,8.36,6.70,80.22,8.21,7.65,93.16,7.89,7.21,91.31,0.00,0.00,0.00,0.00,0.00,0.00,0.00,0.00,0.00,0.00,0.00,0.00,66.35,54.03,81.44,2026
EM00003604,Mr. Syed Ziaur Rahman,1324,Jashore,JA051-A,01,1,9.35,7.24,77.43,9.28,7.47,80.46,9.28,7.58,81.65,10.69,7.74,72.40,10.31,7.91,76.79,10.31,8.58,83.24,9.11,8.05,88.42,8.91,8.31,93.28,0.00,0.00,0.00,0.00,0.00,0.00,0.00,0.00,0.00,0.00,0.00,0.00,77.22,62.87,81.42,2026
EM00016092,Ripon Chandra Roy,1327,Faridpur,FA044-G,02,1,0.00,0.00,0.00,0.00,0.00,0.00,0.00,0.00,0.00,0.00,0.00,0.00,6.09,5.37,88.22,6.68,5.32,79.64,6.68,5.10,76.36,6.87,5.64,82.03,0.00,0.00,0.00,0.00,0.00,0.00,0.00,0.00,0.00,0.00,0.00,0.00,26.32,21.43,81.42,2026
EM00008049,Md. Uzzal,1333,Moulvibazar,MO080-P,01,2,34.15,27.48,80.47,33.90,27.27,80.44,33.90,29.44,86.83,38.43,29.33,76.31,37.03,26.20,70.76,37.03,27.16,73.34,32.98,31.44,95.31,32.51,29.57,90.95,0.00,0.00,0.00,0.00,0.00,0.00,0.00,0.00,0.00,0.00,0.00,0.00,279.94,227.88,81.40,2026
EM00006977,Mr. Samir Chandra Das,1317,Cumilla,CU110-P,01,2,58.25,47.02,80.73,57.83,54.72,94.63,57.83,48.49,83.85,60.65,47.01,77.51,58.43,41.02,70.21,58.43,45.08,77.15,58.18,48.51,83.39,57.35,48.23,84.09,0.00,0.00,0.00,0.00,0.00,0.00,0.00,0.00,0.00,0.00,0.00,0.00,466.94,380.08,81.40,2026
EM00012058,Md. Shohag Hossain,1311,Dhanmondi,DH141-A,01,1,5.39,4.26,79.03,5.09,4.32,84.97,5.09,3.69,72.49,6.11,4.54,74.18,5.89,3.81,64.79,5.89,3.58,60.88,5.26,6.25,118.79,5.19,5.28,101.79,0.00,0.00,0.00,0.00,0.00,0.00,0.00,0.00,0.00,0.00,0.00,0.00,43.89,35.72,81.40,2026
EM00013731,Md. Abdul Malek,1320,Bogura,BO010-P,01,2,22.79,19.31,84.70,22.63,16.94,74.84,22.63,17.57,77.62,26.84,20.10,74.89,25.94,18.60,71.69,25.94,20.80,80.19,22.73,21.52,94.69,21.53,20.67,95.97,0.00,0.00,0.00,0.00,0.00,0.00,0.00,0.00,0.00,0.00,0.00,0.00,191.05,155.51,81.40,2026
EM00016158,Md. Alim Sekh,1326,Barishal,BA071-B,01,1,0.00,0.00,0.00,0.00,0.00,0.00,0.00,0.00,0.00,0.00,0.00,0.00,9.45,6.55,69.29,9.45,7.40,78.32,8.03,8.08,100.57,8.12,6.50,80.09,0.00,0.00,0.00,0.00,0.00,0.00,0.00,0.00,0.00,0.00,0.00,0.00,35.05,28.52,81.39,2026
EM00011586,Mohammad Anhar Ahmed Chowdhury,1316,Sylhet,SY172-B,01,1,8.25,5.93,71.83,8.19,6.80,82.99,8.19,7.28,88.90,9.20,7.83,85.05,8.88,7.12,80.26,8.88,6.50,73.24,8.15,7.19,88.28,8.03,6.51,81.01,0.00,0.00,0.00,0.00,0.00,0.00,0.00,0.00,0.00,0.00,0.00,0.00,67.78,55.16,81.39,2026
EM00014832,Sagor Sheikh,1311,Dhanmondi,DH192-A,01,1,5.80,5.37,92.70,5.80,4.51,77.82,5.80,3.75,64.68,6.84,4.48,65.59,6.58,4.77,72.41,6.58,4.72,71.68,5.63,6.25,111.10,5.25,5.43,103.43,0.00,0.00,0.00,0.00,0.00,0.00,0.00,0.00,0.00,0.00,0.00,0.00,48.27,39.28,81.39,2026
EM00000842,Mohammad Osman Gani Khan,1331,Chandpur,CA030-P,01,2,46.59,35.13,75.39,46.26,38.44,83.09,46.26,40.77,88.13,50.19,40.69,81.06,48.42,39.31,81.18,48.42,37.28,76.99,45.41,38.64,85.10,43.74,35.17,80.40,0.00,0.00,0.00,0.00,0.00,0.00,0.00,0.00,0.00,0.00,0.00,0.00,375.30,305.41,81.38,2026
EM00010735,Md. Shazahan Ali,1328,Cox's Bazar,CO083-B,01,1,6.38,3.59,56.24,6.33,5.28,83.44,6.33,5.32,84.02,7.45,5.79,77.70,7.18,6.33,88.13,7.18,6.42,89.39,7.03,6.24,88.83,6.78,5.50,81.13,0.00,0.00,0.00,0.00,0.00,0.00,0.00,0.00,0.00,0.00,0.00,0.00,54.67,44.47,81.36,2026
EM00009806,Md. Emon Ahamed,1326,Barishal,BA142-C,01,1,7.04,4.77,67.75,6.99,5.17,74.00,6.99,4.93,70.45,8.20,6.73,82.06,7.70,6.14,79.73,7.70,6.33,82.21,6.50,6.26,96.25,6.41,6.48,101.08,0.00,0.00,0.00,0.00,0.00,0.00,0.00,0.00,0.00,0.00,0.00,0.00,57.53,46.80,81.35,2026
EM00016420,Rezaul Karim,1319,Feni,FE082-C,01,1,0.00,0.00,0.00,0.00,0.00,0.00,0.00,0.00,0.00,0.00,0.00,0.00,0.00,0.00,0.00,0.00,0.00,0.00,8.50,6.83,80.35,8.38,6.90,82.30,0.00,0.00,0.00,0.00,0.00,0.00,0.00,0.00,0.00,0.00,0.00,0.00,16.88,13.73,81.32,2026
EM00015326,Md. Julfikar Ahmed,1310,Paltan,PA023-V,04,1,7.35,5.42,73.80,7.15,4.99,69.79,7.31,4.63,63.38,7.74,7.81,100.95,7.74,6.52,84.23,8.39,6.34,75.61,8.71,8.38,96.19,9.35,7.73,82.65,0.00,0.00,0.00,0.00,0.00,0.00,0.00,0.00,0.00,0.00,0.00,0.00,63.74,51.83,81.32,2026
EM00009678,Muksadur Rahaman,1315,Chattogram,CH262-B,01,1,8.50,5.93,69.70,7.50,6.52,86.95,7.50,6.04,80.52,8.19,6.15,75.07,7.89,6.31,79.95,7.89,6.63,84.02,7.64,6.57,85.97,7.24,6.56,90.57,0.00,0.00,0.00,0.00,0.00,0.00,0.00,0.00,0.00,0.00,0.00,0.00,62.34,50.69,81.31,2026
EM00015883,Md. Morshed Alam,1320,Bogura,BO022-B,01,1,0.00,0.00,0.00,0.00,0.00,0.00,0.00,0.00,0.00,5.30,3.71,69.94,5.29,3.69,69.63,5.29,4.32,81.61,4.75,4.42,93.04,4.75,4.51,94.92,0.00,0.00,0.00,0.00,0.00,0.00,0.00,0.00,0.00,0.00,0.00,0.00,25.39,20.64,81.30,2026
EM00006965,Mr. A.H.M. Moniruzzaman Asif,1320,Bogura,BO140-P,01,2,33.40,22.47,67.28,33.16,23.86,71.95,33.16,25.35,76.46,37.62,29.27,77.80,36.15,28.19,77.99,36.15,29.41,81.34,29.20,29.47,100.92,28.79,29.55,102.63,0.00,0.00,0.00,0.00,0.00,0.00,0.00,0.00,0.00,0.00,0.00,0.00,267.62,217.57,81.30,2026
EM00013114,Md. Masud Rana,1315,Chattogram,CH080-P,01,2,9.20,9.27,100.78,9.13,9.15,100.18,9.13,7.89,86.40,9.13,9.33,102.24,8.81,8.29,94.13,8.81,9.16,104.03,8.61,8.74,101.44,35.97,18.47,51.34,0.00,0.00,0.00,0.00,0.00,0.00,0.00,0.00,0.00,0.00,0.00,0.00,98.78,80.29,81.28,2026
EM00016198,Md. Mamun Hossain,1311,Dhanmondi,DH153-C,01,1,0.00,0.00,0.00,0.00,0.00,0.00,0.00,0.00,0.00,0.00,0.00,0.00,0.00,0.00,0.00,4.06,2.44,60.14,3.87,3.62,93.49,3.82,3.49,91.35,0.00,0.00,0.00,0.00,0.00,0.00,0.00,0.00,0.00,0.00,0.00,0.00,11.75,9.55,81.28,2026
EM00010329,Abu Sadek Md.Tanim,1315,Chattogram,CH230-P,01,2,45.01,34.22,76.03,44.59,35.14,78.81,44.59,37.50,84.09,51.26,38.66,75.43,49.39,40.04,81.07,49.39,38.66,78.27,46.18,41.35,89.54,44.39,39.02,87.90,0.00,0.00,0.00,0.00,0.00,0.00,0.00,0.00,0.00,0.00,0.00,0.00,374.81,304.59,81.27,2026
EM00013189,Md. Shahidul Islam,1316,Sylhet,SY031-B,01,1,8.24,6.51,79.03,8.18,6.46,78.93,8.18,6.95,84.93,9.20,7.61,82.72,8.86,6.80,76.69,8.86,6.81,76.79,8.18,6.96,85.04,8.06,6.98,86.61,0.00,0.00,0.00,0.00,0.00,0.00,0.00,0.00,0.00,0.00,0.00,0.00,67.77,55.07,81.26,2026
EM00006532,Mohammad Muzahidul Islam,1316,Sylhet,SY010-P,01,2,21.43,16.17,75.46,20.72,16.83,81.23,20.72,15.64,75.46,24.14,18.61,77.07,23.24,16.27,70.00,23.24,18.20,78.30,20.59,19.98,97.04,20.30,20.00,98.52,0.00,0.00,0.00,0.00,0.00,0.00,0.00,0.00,0.00,0.00,0.00,0.00,174.39,141.70,81.25,2026
EM00016332,Mrinal Ray,1310,Paltan,PA054-G,02,1,0.00,0.00,0.00,0.00,0.00,0.00,0.00,0.00,0.00,0.00,0.00,0.00,0.00,0.00,0.00,0.00,0.00,0.00,10.53,7.98,75.80,10.40,9.02,86.75,0.00,0.00,0.00,0.00,0.00,0.00,0.00,0.00,0.00,0.00,0.00,0.00,20.93,17.00,81.24,2026
EM00016190,Shamim Ahmmed,1314,Mymensingh,MY103-B,01,1,0.00,0.00,0.00,0.00,0.00,0.00,0.00,0.00,0.00,0.00,0.00,0.00,0.00,0.00,0.00,4.27,1.97,46.14,3.79,3.80,100.37,3.73,3.80,101.90,0.00,0.00,0.00,0.00,0.00,0.00,0.00,0.00,0.00,0.00,0.00,0.00,11.79,9.57,81.22,2026
EM00006477,Mr. Achintya Kumar Sarkar,1321,Rajshahi,RA084-C,01,1,9.43,6.51,69.04,9.36,6.64,70.93,9.36,8.31,88.76,11.18,8.21,73.38,10.78,8.76,81.27,10.78,7.87,73.02,9.30,8.95,96.25,9.17,9.20,100.35,0.00,0.00,0.00,0.00,0.00,0.00,0.00,0.00,0.00,0.00,0.00,0.00,79.37,64.45,81.21,2026
EM00006634,Md. Babul Hossain,1318,Noakhali,NO130-P,01,2,51.62,37.78,73.19,51.25,40.29,78.63,51.25,40.80,79.62,57.67,46.69,80.96,55.63,40.71,73.19,55.63,46.50,83.59,52.87,46.95,88.80,51.89,47.64,91.81,0.00,0.00,0.00,0.00,0.00,0.00,0.00,0.00,0.00,0.00,0.00,0.00,427.79,347.36,81.20,2026
EM00009117,Md. Mehedi Hasan,1311,Dhanmondi,DH020-P,01,2,27.84,25.48,91.53,27.84,25.40,91.23,27.84,25.58,91.89,36.53,22.89,62.67,35.22,22.72,64.51,35.22,24.30,69.01,29.23,27.35,93.58,28.79,28.02,97.30,0.00,0.00,0.00,0.00,0.00,0.00,0.00,0.00,0.00,0.00,0.00,0.00,248.50,201.75,81.19,2026
EM00013121,Habibur Rahman,1311,Dhanmondi,DH223-B,01,1,4.44,4.01,90.21,4.41,3.72,84.34,4.41,3.12,70.84,5.81,3.76,64.73,5.60,3.73,66.73,5.60,4.15,74.22,5.16,5.54,107.40,5.29,5.01,94.72,0.00,0.00,0.00,0.00,0.00,0.00,0.00,0.00,0.00,0.00,0.00,0.00,40.72,33.06,81.18,2026
EM00007837,Mr. Muktar Hossain,1332,B. Baria,BB082-B,01,1,10.72,8.11,75.66,10.64,8.29,77.94,9.89,9.27,93.67,11.04,8.73,79.09,10.45,7.28,69.68,10.45,8.51,81.46,10.17,8.80,86.51,10.02,8.64,86.21,0.00,0.00,0.00,0.00,0.00,0.00,0.00,0.00,0.00,0.00,0.00,0.00,83.38,67.63,81.11,2026
EM00014497,Md. Lemon Ali,1315,Chattogram,CH034-G,02,1,7.00,5.45,77.84,6.80,4.46,65.57,6.80,4.61,67.74,7.30,4.83,66.13,6.85,5.17,75.50,7.52,11.10,147.59,7.52,5.58,74.27,7.76,5.48,70.63,0.00,0.00,0.00,0.00,0.00,0.00,0.00,0.00,0.00,0.00,0.00,0.00,57.55,46.68,81.11,2026
EM00008516,Mr. Abdul Latif,1322,Rangpur,RN020-P,01,2,39.42,32.04,81.29,39.14,27.94,71.38,39.14,29.39,75.08,31.25,21.82,69.83,30.10,22.35,74.25,30.10,24.21,80.44,25.41,27.03,106.38,25.31,25.97,102.63,0.00,0.00,0.00,0.00,0.00,0.00,0.00,0.00,0.00,0.00,0.00,0.00,259.88,210.77,81.10,2026
EM00010275,Amran Hossen,1316,Sylhet,SY100-P,01,2,50.67,38.29,75.56,49.66,40.07,80.69,49.66,41.48,83.52,55.78,45.69,81.91,53.71,38.95,72.52,53.71,44.22,82.34,50.20,45.15,89.94,49.49,41.00,82.84,0.00,0.00,0.00,0.00,0.00,0.00,0.00,0.00,0.00,0.00,0.00,0.00,412.88,334.85,81.10,2026
EM00013421,Md. Sazzad Hossen,1311,Dhanmondi,DH201-A,01,1,5.68,4.38,77.15,5.64,5.66,100.20,5.64,3.48,61.68,6.37,4.36,68.32,5.99,4.36,72.82,5.99,4.61,76.90,5.25,5.10,97.14,5.05,5.05,99.92,0.00,0.00,0.00,0.00,0.00,0.00,0.00,0.00,0.00,0.00,0.00,0.00,45.63,36.99,81.07,2026
EM00013221,Nimai Chandra,1313,Narayanganj,NA063-A,01,1,11.33,9.43,83.21,11.33,8.86,78.24,11.33,7.31,64.56,9.56,7.99,83.62,9.17,6.99,76.21,9.17,7.12,77.73,7.77,7.99,102.79,7.98,7.23,90.65,0.00,0.00,0.00,0.00,0.00,0.00,0.00,0.00,0.00,0.00,0.00,0.00,77.63,62.93,81.06,2026
EM00014411,Md. Alamin,1327,Faridpur,FA112-B,01,1,5.79,4.20,72.56,5.75,4.47,77.72,5.75,5.14,89.45,6.71,5.20,77.50,6.47,5.29,81.80,6.47,4.82,74.55,5.90,6.30,106.81,5.91,4.08,69.13,0.00,0.00,0.00,0.00,0.00,0.00,0.00,0.00,0.00,0.00,0.00,0.00,48.75,39.52,81.06,2026
EM00014169,Md. Maruf Hossain,1322,Rangpur,RN022-A,01,1,4.14,3.42,82.53,4.11,3.15,76.62,4.11,3.36,81.78,4.89,2.77,56.69,4.65,3.39,72.92,4.65,3.42,73.52,4.01,4.24,105.75,4.00,4.27,106.68,0.00,0.00,0.00,0.00,0.00,0.00,0.00,0.00,0.00,0.00,0.00,0.00,34.56,28.01,81.06,2026
EM00014670,Mehedi Hasan Limon,1330,Pabna,PB022-B,01,1,8.93,6.44,72.13,8.87,6.69,75.41,8.87,7.19,81.09,5.45,4.30,78.77,5.23,3.85,73.64,5.23,4.07,77.86,4.95,4.95,100.08,4.85,4.96,102.36,0.00,0.00,0.00,0.00,0.00,0.00,0.00,0.00,0.00,0.00,0.00,0.00,52.38,42.46,81.06,2026
EM00015544,Nari Gopal Saha,1320,Bogura,BO054-V,04,1,4.54,3.17,69.84,4.54,2.94,64.70,4.44,2.79,62.93,4.73,4.88,103.11,4.73,3.82,80.68,4.80,4.38,91.32,4.98,4.17,83.76,5.35,4.74,88.57,0.00,0.00,0.00,0.00,0.00,0.00,0.00,0.00,0.00,0.00,0.00,0.00,38.11,30.89,81.05,2026
EM00016391,Md. Towkir Ahmed,1310,Paltan,PA011-A,01,1,0.00,0.00,0.00,0.00,0.00,0.00,0.00,0.00,0.00,0.00,0.00,0.00,0.00,0.00,0.00,0.00,0.00,0.00,6.20,4.83,77.89,6.25,5.26,84.18,0.00,0.00,0.00,0.00,0.00,0.00,0.00,0.00,0.00,0.00,0.00,0.00,12.45,10.09,81.05,2026
EM00006741,Md. Bellal Hossain,1326,Barishal,BA111-A,01,1,10.10,6.84,67.70,10.03,7.77,77.44,10.03,8.23,82.09,11.69,10.03,85.78,11.33,10.02,88.51,11.33,10.96,96.81,6.68,4.37,65.38,6.52,4.74,72.74,0.00,0.00,0.00,0.00,0.00,0.00,0.00,0.00,0.00,0.00,0.00,0.00,77.71,62.97,81.03,2026
EM00013094,Md. Jahid Rana,1318,Noakhali,NO041-A,01,1,9.18,7.90,86.00,9.15,7.51,82.16,9.15,7.86,85.96,9.80,7.98,81.37,9.80,7.27,74.19,9.80,8.26,84.29,9.07,6.54,72.17,8.85,7.28,82.21,0.00,0.00,0.00,0.00,0.00,0.00,0.00,0.00,0.00,0.00,0.00,0.00,74.79,60.60,81.02,2026
EM00014593,Md. Golam Mostafa,1328,Cox's Bazar,CO041-B,01,1,9.42,6.94,73.68,9.35,6.68,71.39,9.35,7.58,81.03,10.33,7.32,70.88,8.75,6.47,73.90,8.75,7.08,80.93,8.13,8.72,107.22,8.00,7.62,95.27,0.00,0.00,0.00,0.00,0.00,0.00,0.00,0.00,0.00,0.00,0.00,0.00,72.09,58.41,81.02,2026
EM00010594,Md. Saiful Islam,1311,Dhanmondi,DH100-P,01,2,54.62,44.74,81.92,54.44,43.31,79.56,54.44,43.47,79.86,63.97,41.49,64.85,61.61,42.24,68.56,61.61,47.90,77.75,54.54,56.24,103.13,54.14,52.73,97.40,0.00,0.00,0.00,0.00,0.00,0.00,0.00,0.00,0.00,0.00,0.00,0.00,459.34,372.11,81.01,2026
EM00006290,Md. Tuhin Hassan,1320,Bogura,BO060-P,01,2,48.57,35.89,73.88,48.23,36.30,75.27,48.23,39.94,82.80,38.17,29.19,76.48,35.89,26.18,72.93,35.89,26.90,74.95,30.56,30.75,100.60,30.06,30.45,101.29,0.00,0.00,0.00,0.00,0.00,0.00,0.00,0.00,0.00,0.00,0.00,0.00,315.63,255.61,80.98,2026
EM00015141,Abu Sayed .,1324,Jashore,JA041-A,01,1,8.91,7.33,82.29,8.91,5.70,63.92,8.91,6.81,76.35,10.86,7.18,66.11,10.17,7.15,70.25,10.17,8.04,79.00,9.17,9.87,107.59,9.24,9.76,105.68,0.00,0.00,0.00,0.00,0.00,0.00,0.00,0.00,0.00,0.00,0.00,0.00,76.35,61.82,80.98,2026
EM00015318,Md. Shihabur Rahman,1330,Pabna,PB021-A,01,1,5.20,3.48,66.86,5.17,3.62,70.16,5.17,4.24,82.10,5.90,4.74,80.37,5.63,4.11,73.04,5.63,4.36,77.43,4.99,5.00,100.11,4.89,4.91,100.45,0.00,0.00,0.00,0.00,0.00,0.00,0.00,0.00,0.00,0.00,0.00,0.00,42.58,34.47,80.95,2026
EM00015665,Md. Mahabubul Islam,1310,Paltan,PA025-G,02,1,0.00,0.00,0.00,7.65,6.39,83.52,7.80,5.60,71.83,8.35,5.54,66.31,7.84,6.65,84.78,8.80,6.25,71.05,8.80,7.50,85.24,9.06,9.26,102.25,0.00,0.00,0.00,0.00,0.00,0.00,0.00,0.00,0.00,0.00,0.00,0.00,58.30,47.19,80.95,2026
EM00005572,Mr. Mahmood Hossain,1329,Tangail,TA040-P,01,2,40.08,30.24,75.45,39.79,30.33,76.22,39.79,33.01,82.95,46.31,36.18,78.12,44.61,36.96,82.85,44.61,35.79,80.23,40.49,34.42,85.01,39.91,34.68,86.90,0.00,0.00,0.00,0.00,0.00,0.00,0.00,0.00,0.00,0.00,0.00,0.00,335.59,271.61,80.93,2026
EM00010672,Biplab Hosain,1335,Kushtia,KU024-C,01,1,10.14,7.02,69.23,10.07,7.40,73.50,10.07,9.06,89.97,11.76,9.05,76.93,10.61,8.41,79.28,10.61,9.18,86.48,10.10,8.93,88.35,10.00,8.42,84.28,0.00,0.00,0.00,0.00,0.00,0.00,0.00,0.00,0.00,0.00,0.00,0.00,83.37,67.47,80.93,2026
EM00010407,Md. Kabir Hossen,1327,Faridpur,FA122-B,01,1,9.34,6.84,73.18,9.28,7.01,75.51,9.28,8.14,87.75,10.81,8.13,75.19,10.48,7.80,74.50,10.48,8.43,80.52,9.51,8.60,90.40,9.53,8.74,91.73,0.00,0.00,0.00,0.00,0.00,0.00,0.00,0.00,0.00,0.00,0.00,0.00,78.70,63.69,80.93,2026
EM00011865,Md. Ariful Islam,1329,Tangail,TA023-V,04,1,7.19,4.78,66.43,7.19,5.42,75.32,7.35,5.33,72.47,7.84,7.11,90.66,7.84,6.46,82.38,8.49,7.69,90.55,8.82,7.40,83.94,9.47,7.77,82.04,0.00,0.00,0.00,0.00,0.00,0.00,0.00,0.00,0.00,0.00,0.00,0.00,64.19,51.95,80.92,2026
EM00016179,Md. Nahidul Islam,1322,Rangpur,RN010-P,01,2,0.00,0.00,0.00,0.00,0.00,0.00,0.00,0.00,0.00,0.00,0.00,0.00,30.46,17.23,56.57,30.46,21.58,70.84,24.53,25.32,103.20,24.43,24.77,101.39,0.00,0.00,0.00,0.00,0.00,0.00,0.00,0.00,0.00,0.00,0.00,0.00,109.88,88.90,80.91,2026
EM00011624,Md. Amzad Hossen,1319,Feni,FE091-A,01,1,8.28,6.68,80.63,8.22,7.23,87.95,8.22,6.52,79.37,8.76,7.09,80.95,8.59,6.56,76.39,8.59,6.30,73.36,8.01,6.71,83.83,7.89,6.75,85.54,0.00,0.00,0.00,0.00,0.00,0.00,0.00,0.00,0.00,0.00,0.00,0.00,66.56,53.85,80.90,2026
EM00010332,Md. Rakibul Hasan,1312,Uttara,UT072-A,01,1,9.75,7.62,78.18,9.68,8.15,84.23,9.68,7.68,79.35,11.38,8.23,72.33,10.98,8.65,78.79,10.98,8.87,80.76,10.19,9.10,89.29,9.79,8.38,85.54,0.00,0.00,0.00,0.00,0.00,0.00,0.00,0.00,0.00,0.00,0.00,0.00,82.42,66.67,80.89,2026
EM00014797,Babla Sarker,1334,Kishoreganj,KI062-B,01,1,5.82,4.84,83.09,5.78,4.79,82.82,5.78,4.66,80.64,6.79,5.12,75.43,6.59,4.59,69.64,6.59,4.89,74.25,6.36,5.80,91.15,6.29,5.76,91.60,0.00,0.00,0.00,0.00,0.00,0.00,0.00,0.00,0.00,0.00,0.00,0.00,50.00,40.45,80.89,2026
EM00006648,Md. Mazaharul Islam,1320,Bogura,BO090-P,01,2,37.91,27.10,71.48,37.65,28.90,76.76,37.65,28.34,75.28,41.64,31.05,74.57,40.14,29.62,73.79,40.14,33.44,83.30,32.50,31.60,97.24,32.10,32.41,100.96,0.00,0.00,0.00,0.00,0.00,0.00,0.00,0.00,0.00,0.00,0.00,0.00,299.73,242.46,80.89,2026
EM00011644,Sk. Md. Zohir Arafat,1315,Chattogram,CH332-A,01,1,8.50,6.00,70.64,8.50,6.42,75.58,8.50,7.53,88.64,9.41,8.13,86.44,9.07,6.43,70.88,9.07,7.04,77.67,8.50,7.03,82.73,7.95,7.61,95.72,0.00,0.00,0.00,0.00,0.00,0.00,0.00,0.00,0.00,0.00,0.00,0.00,69.50,56.21,80.88,2026
EM00012341,Md. Yusuf,1319,Feni,FE083-B,01,1,8.99,6.82,75.91,8.93,6.57,73.62,8.93,6.76,75.74,10.01,7.01,69.98,9.46,7.69,81.26,9.46,7.48,79.08,9.10,9.10,99.97,8.97,8.29,92.46,0.00,0.00,0.00,0.00,0.00,0.00,0.00,0.00,0.00,0.00,0.00,0.00,73.85,59.72,80.87,2026
EM00011052,Md. Hashmot Ali,1310,Paltan,PA230-P,01,2,28.40,25.79,90.83,28.20,24.64,87.37,28.20,22.89,81.16,34.37,24.51,71.32,33.06,22.14,66.98,33.06,23.66,71.57,27.13,25.93,95.59,27.85,24.74,88.83,0.00,0.00,0.00,0.00,0.00,0.00,0.00,0.00,0.00,0.00,0.00,0.00,240.26,194.30,80.87,2026
EM00008173,Md. Faruq Hossain,1330,Pabna,PB052-B,01,1,9.50,7.73,81.34,9.43,6.83,72.46,9.43,6.82,72.32,6.73,5.01,74.42,6.50,4.80,73.81,6.50,5.29,81.45,5.87,5.88,100.23,5.91,6.05,102.39,0.00,0.00,0.00,0.00,0.00,0.00,0.00,0.00,0.00,0.00,0.00,0.00,59.87,48.42,80.87,2026
EM00015224,Noor Mohammad,1317,Cumilla,CU112-A,01,1,10.41,8.86,85.12,10.33,9.91,95.90,10.33,9.22,89.26,10.66,8.42,78.92,10.27,7.09,68.99,10.27,7.97,77.53,10.46,7.90,75.51,10.22,7.73,75.63,0.00,0.00,0.00,0.00,0.00,0.00,0.00,0.00,0.00,0.00,0.00,0.00,82.96,67.09,80.86,2026
EM00016305,Ifaran Hosen,1319,Feni,FE052-A,01,1,0.00,0.00,0.00,0.00,0.00,0.00,0.00,0.00,0.00,0.00,0.00,0.00,0.00,0.00,0.00,6.50,5.41,83.25,5.90,4.45,75.48,5.71,4.78,83.69,0.00,0.00,0.00,0.00,0.00,0.00,0.00,0.00,0.00,0.00,0.00,0.00,18.11,14.64,80.86,2026
EM00014704,Md. Sonia Parvez,1318,Noakhali,NO071-A,01,1,7.58,5.64,74.45,7.53,7.03,93.39,7.53,6.47,85.94,8.22,6.27,76.35,8.03,6.22,77.45,8.03,6.45,80.40,7.62,6.05,79.37,7.62,6.12,80.23,0.00,0.00,0.00,0.00,0.00,0.00,0.00,0.00,0.00,0.00,0.00,0.00,62.15,50.25,80.85,2026
EM00013156,Md. Nazmul Hasan Piplu,1316,Sylhet,SY021-V,04,1,6.10,5.24,85.85,6.13,4.57,74.58,6.27,3.62,57.79,6.69,6.82,101.93,6.69,5.11,76.44,7.25,5.79,79.81,7.53,6.07,80.55,7.50,6.57,87.63,0.00,0.00,0.00,0.00,0.00,0.00,0.00,0.00,0.00,0.00,0.00,0.00,54.16,43.79,80.85,2026
EM00002669,Mr. T. M. Mobasher Hossen,1326,Barishal,BA050-P,01,2,46.83,37.51,80.09,46.50,38.04,81.81,46.50,39.73,85.45,55.31,42.46,76.77,53.15,40.32,75.86,53.15,39.14,73.64,40.84,37.95,92.93,44.39,37.43,84.32,0.00,0.00,0.00,0.00,0.00,0.00,0.00,0.00,0.00,0.00,0.00,0.00,386.67,312.58,80.84,2026
EM00008818,Sk. Al-Amin,1332,B. Baria,BB010-P,01,2,60.64,47.89,78.97,60.20,53.75,89.28,59.20,48.73,82.31,63.08,49.67,78.75,60.78,47.69,78.46,60.78,47.14,77.56,59.21,49.05,82.84,58.36,45.92,78.68,0.00,0.00,0.00,0.00,0.00,0.00,0.00,0.00,0.00,0.00,0.00,0.00,482.26,389.84,80.84,2026
EM00015679,Md. Enamul Haque,1323,Dinajpur,DI011-G,02,1,0.00,0.00,0.00,4.20,3.34,79.43,4.20,3.53,83.96,4.55,3.24,71.24,5.10,4.45,87.17,5.60,4.36,77.85,5.60,4.70,83.98,5.75,4.68,81.39,0.00,0.00,0.00,0.00,0.00,0.00,0.00,0.00,0.00,0.00,0.00,0.00,35.00,28.29,80.83,2026
EM00013662,Md. Torikul Islam,1330,Pabna,PB041-A,01,1,10.05,6.91,68.74,9.98,7.98,79.92,9.98,9.04,90.58,11.33,8.50,74.99,11.01,8.73,79.28,11.01,8.87,80.60,10.06,9.08,90.22,9.90,8.25,83.30,0.00,0.00,0.00,0.00,0.00,0.00,0.00,0.00,0.00,0.00,0.00,0.00,83.33,67.35,80.83,2026
EM00003552,Md. Ferdaus Molla,1324,Jashore,JA160-P,01,2,34.91,25.59,73.29,34.66,25.48,73.51,34.66,26.68,76.98,41.17,33.31,80.91,39.72,29.36,73.93,39.72,32.43,81.65,35.36,33.89,95.87,34.58,31.50,91.08,0.00,0.00,0.00,0.00,0.00,0.00,0.00,0.00,0.00,0.00,0.00,0.00,294.78,238.25,80.82,2026
EM00014306,Md. Mitun Miah,1334,Kishoreganj,KI084-C,01,1,8.78,6.82,77.77,8.71,7.24,83.07,8.71,7.04,80.82,10.33,7.83,75.84,9.99,7.20,72.08,9.99,8.28,82.83,9.75,8.21,84.13,9.63,8.72,90.50,0.00,0.00,0.00,0.00,0.00,0.00,0.00,0.00,0.00,0.00,0.00,0.00,75.90,61.34,80.82,2026
EM00011197,Md. Alamgir Hossain,1326,Barishal,BA140-P,01,2,32.63,22.83,69.96,32.39,24.41,75.36,32.39,24.36,75.19,37.65,28.54,75.79,35.76,29.34,82.06,35.76,30.95,86.54,33.26,29.92,89.96,32.31,29.55,91.46,0.00,0.00,0.00,0.00,0.00,0.00,0.00,0.00,0.00,0.00,0.00,0.00,272.16,219.90,80.80,2026
EM00010552,Md. Babul Aktar,1320,Bogura,BO080-P,01,2,28.31,20.43,72.17,28.11,19.46,69.21,28.11,21.81,77.57,33.26,25.81,77.60,32.10,22.59,70.38,32.10,26.24,81.75,26.20,26.84,102.45,25.90,25.93,100.12,0.00,0.00,0.00,0.00,0.00,0.00,0.00,0.00,0.00,0.00,0.00,0.00,234.09,189.11,80.78,2026
EM00008517,Mr. Borhan Uddin,1311,Dhanmondi,DH210-P,01,2,40.95,31.74,77.49,40.95,31.32,76.47,40.95,31.95,78.01,49.30,36.89,74.83,47.41,33.99,71.69,47.41,36.11,76.16,42.16,40.76,96.69,41.86,40.76,97.35,0.00,0.00,0.00,0.00,0.00,0.00,0.00,0.00,0.00,0.00,0.00,0.00,351.02,283.52,80.77,2026
EM00016333,Md. Deloar Hossain,1329,Tangail,TA010-P,01,2,0.00,0.00,0.00,0.00,0.00,0.00,0.00,0.00,0.00,0.00,0.00,0.00,0.00,0.00,0.00,0.00,0.00,0.00,54.26,43.27,79.75,52.54,42.99,81.82,0.00,0.00,0.00,0.00,0.00,0.00,0.00,0.00,0.00,0.00,0.00,0.00,106.80,86.26,80.77,2026
EM00015834,Md. Anwar Hossen,1313,Narayanganj,NA113-B,01,1,0.00,0.00,0.00,0.00,0.00,0.00,8.72,7.12,81.70,9.70,7.90,81.46,8.48,6.33,74.64,8.48,6.42,75.66,7.93,7.16,90.36,8.11,6.59,81.25,0.00,0.00,0.00,0.00,0.00,0.00,0.00,0.00,0.00,0.00,0.00,0.00,51.42,41.52,80.76,2026
EM00009182,Md. Hasanuzzaman,1331,Chandpur,CA071-B,01,1,10.48,8.54,81.45,10.40,8.93,85.79,10.40,8.35,80.28,11.00,8.64,78.54,10.61,7.75,73.04,10.61,8.68,81.78,10.21,8.34,81.70,9.85,8.25,83.80,0.00,0.00,0.00,0.00,0.00,0.00,0.00,0.00,0.00,0.00,0.00,0.00,83.58,67.48,80.74,2026
EM00011686,Md. Firoz Hossain,1321,Rajshahi,RA051-C,01,1,6.37,4.23,66.31,6.33,4.78,75.49,6.33,5.29,83.65,7.52,5.51,73.19,7.25,5.05,69.65,7.25,5.80,80.02,6.27,6.29,100.39,6.18,6.25,101.14,0.00,0.00,0.00,0.00,0.00,0.00,0.00,0.00,0.00,0.00,0.00,0.00,53.49,43.19,80.74,2026
EM00015074,Mehedi Hasan Hridoy,1316,Sylhet,SY034-G,02,1,5.15,3.82,74.25,4.60,3.77,82.01,4.65,3.69,79.34,5.17,4.31,83.33,4.85,3.63,74.75,5.28,4.57,86.53,5.28,4.27,80.87,5.30,4.46,84.14,0.00,0.00,0.00,0.00,0.00,0.00,0.00,0.00,0.00,0.00,0.00,0.00,40.28,32.52,80.73,2026
EM00013877,Md. Jamirul Islam,1324,Jashore,JA091-B,01,1,7.00,5.30,75.64,7.00,5.19,74.12,7.00,5.67,81.00,8.51,6.03,70.93,7.81,5.41,69.24,7.81,6.29,80.61,7.00,6.87,98.19,7.05,7.01,99.39,0.00,0.00,0.00,0.00,0.00,0.00,0.00,0.00,0.00,0.00,0.00,0.00,59.19,47.78,80.72,2026
EM00014553,Ratnakar Sikder,1312,Uttara,UT093-A,01,1,8.45,6.69,79.19,8.39,7.09,84.51,8.39,7.76,92.48,9.84,7.31,74.32,9.49,7.08,74.61,9.49,7.47,78.74,8.81,7.44,84.45,8.58,6.81,79.42,0.00,0.00,0.00,0.00,0.00,0.00,0.00,0.00,0.00,0.00,0.00,0.00,71.44,57.66,80.71,2026
EM00014917,Md. Imran Talukdar,1311,Dhanmondi,DH161-A,01,1,8.78,7.89,89.94,8.78,7.29,83.05,8.78,7.02,79.96,10.40,6.92,66.47,9.97,7.43,74.47,9.97,7.31,73.28,8.51,7.86,92.36,8.39,7.66,91.36,0.00,0.00,0.00,0.00,0.00,0.00,0.00,0.00,0.00,0.00,0.00,0.00,73.57,59.37,80.69,2026
EM00016454,Rezwanul Haque,1317,Cumilla,CU022-G,02,1,0.00,0.00,0.00,0.00,0.00,0.00,0.00,0.00,0.00,0.00,0.00,0.00,0.00,0.00,0.00,0.00,0.00,0.00,0.00,0.00,0.00,5.12,4.13,80.69,0.00,0.00,0.00,0.00,0.00,0.00,0.00,0.00,0.00,0.00,0.00,0.00,5.12,4.13,80.69,2026
EM00012619,Md. Yousuf Ali,1313,Narayanganj,NA062-B,01,1,11.23,9.52,84.82,11.23,9.36,83.38,11.23,8.54,76.03,10.99,8.50,77.31,10.46,7.17,68.50,10.46,7.61,72.75,9.84,8.76,89.08,10.10,9.55,94.59,0.00,0.00,0.00,0.00,0.00,0.00,0.00,0.00,0.00,0.00,0.00,0.00,85.53,69.01,80.68,2026
EM00015127,Ferdous Jaman,1312,Uttara,UT103-A,01,1,6.44,5.62,87.21,6.39,5.32,83.23,6.39,4.44,69.41,6.97,5.08,72.87,6.80,4.39,64.51,6.80,5.69,83.74,5.80,5.46,94.20,5.59,5.29,94.64,0.00,0.00,0.00,0.00,0.00,0.00,0.00,0.00,0.00,0.00,0.00,0.00,51.18,41.28,80.67,2026
EM00015208,Md. Najmul Hoque,1314,Mymensingh,MY114-A,01,1,9.45,6.80,71.99,9.38,7.40,78.93,9.38,8.37,89.29,6.26,4.55,72.78,6.04,4.07,67.50,6.04,4.40,72.90,5.14,5.53,107.60,5.07,4.63,91.38,0.00,0.00,0.00,0.00,0.00,0.00,0.00,0.00,0.00,0.00,0.00,0.00,56.75,45.77,80.66,2026
EM00012916,Rana Ahmed,1324,Jashore,JA152-A,01,1,7.69,5.43,70.61,7.64,6.39,83.69,7.64,6.34,83.00,8.96,6.31,70.34,8.63,7.19,83.28,8.63,7.13,82.57,7.70,6.42,83.34,7.54,6.77,89.81,0.00,0.00,0.00,0.00,0.00,0.00,0.00,0.00,0.00,0.00,0.00,0.00,64.43,51.97,80.66,2026
EM00013845,Md. Mehade Hasan,1316,Sylhet,SY051-B,01,1,4.28,3.30,77.24,4.25,3.00,70.71,4.25,2.78,65.51,5.02,3.79,75.52,4.83,3.40,70.47,4.83,3.76,77.91,4.33,4.58,105.70,4.27,4.45,104.20,0.00,0.00,0.00,0.00,0.00,0.00,0.00,0.00,0.00,0.00,0.00,0.00,36.04,29.07,80.64,2026
EM00010646,Md. Jahidul Islam,1313,Narayanganj,NA041-B,01,1,11.82,9.52,80.58,11.82,9.59,81.11,11.82,9.60,81.22,10.87,7.85,72.21,10.12,7.17,70.82,10.12,7.84,77.52,9.28,8.52,91.78,9.52,8.76,91.95,0.00,0.00,0.00,0.00,0.00,0.00,0.00,0.00,0.00,0.00,0.00,0.00,85.36,68.83,80.64,2026
EM00014893,Sourov Adhjkary,1326,Barishal,BA013-A,01,1,4.00,3.39,84.67,4.08,3.35,82.27,4.08,3.08,75.46,4.67,3.07,65.78,4.67,3.40,72.91,4.67,3.45,73.80,3.94,3.79,96.25,3.78,3.79,100.29,0.00,0.00,0.00,0.00,0.00,0.00,0.00,0.00,0.00,0.00,0.00,0.00,33.88,27.33,80.64,2026
EM00004785,Md. Abdul Baten Mia,1326,Barishal,RP01040,01,4,388.57,314.12,80.84,385.79,309.65,80.26,385.79,322.83,83.68,441.08,331.40,75.13,425.12,312.76,73.57,425.12,322.91,75.96,382.20,341.50,89.35,386.40,341.61,88.41,0.00,0.00,0.00,0.00,0.00,0.00,0.00,0.00,0.00,0.00,0.00,0.00,3220.07,2596.78,80.64,2026
EM00010056,Md. Biddut Hossen,1310,Paltan,PA010-P,01,2,40.62,32.45,79.87,40.33,34.36,85.20,40.33,33.21,82.34,48.44,35.95,74.21,46.68,31.40,67.26,46.68,32.83,70.33,39.75,38.39,96.59,40.08,37.94,94.66,0.00,0.00,0.00,0.00,0.00,0.00,0.00,0.00,0.00,0.00,0.00,0.00,342.92,276.54,80.64,2026
EM00004015,Mohammad Miraz Mahmud,1327,Faridpur,FA120-P,01,2,47.54,38.41,80.79,47.21,39.76,84.23,47.21,41.79,88.52,60.78,44.85,73.78,58.37,43.22,74.03,58.37,46.17,79.09,52.90,43.60,82.41,52.96,45.18,85.31,0.00,0.00,0.00,0.00,0.00,0.00,0.00,0.00,0.00,0.00,0.00,0.00,425.36,342.97,80.63,2026
EM00014318,Anis Howlader,1311,Dhanmondi,DSM08-P,01,6,916.87,789.54,86.11,910.42,775.17,85.14,910.42,735.51,80.79,1105.94,776.00,70.17,1064.80,740.78,69.57,1064.80,771.90,72.49,953.06,891.39,93.53,939.42,860.47,91.60,0.00,0.00,0.00,0.00,0.00,0.00,0.00,0.00,0.00,0.00,0.00,0.00,7865.72,6340.75,80.61,2026
EM00002638,Mr. Shah Kamruzzaman,1335,JSR+KHL+KST,DSM15-P,01,6,318.75,262.70,82.42,1334.78,1010.48,75.70,1334.78,1063.73,79.69,1568.95,1133.62,72.25,1512.81,1137.19,75.17,1512.81,1195.82,79.05,1365.00,1239.55,90.81,1349.29,1257.64,93.21,0.00,0.00,0.00,0.00,0.00,0.00,0.00,0.00,0.00,0.00,0.00,0.00,10297.17,8300.73,80.61,2026
EM00013993,Rasel Sarkar,1324,Jashore,JA163-C,01,1,7.65,5.76,75.26,7.60,5.43,71.41,7.60,6.32,83.23,9.03,7.15,79.19,8.71,6.11,70.07,8.71,7.27,83.42,8.11,7.51,92.60,7.93,7.12,89.77,0.00,0.00,0.00,0.00,0.00,0.00,0.00,0.00,0.00,0.00,0.00,0.00,65.34,52.66,80.59,2026
EM00001577,Muhammad Shakhawat Hossain,1331,NKL+CHP,DSM10-P,01,6,989.12,760.24,76.86,982.04,785.59,80.00,982.04,803.29,81.80,1087.87,854.86,78.58,1048.45,800.97,76.40,1048.45,836.04,79.74,984.20,845.19,85.88,958.29,825.32,86.12,0.00,0.00,0.00,0.00,0.00,0.00,0.00,0.00,0.00,0.00,0.00,0.00,8080.45,6511.50,80.58,2026
EM00003206,Md. Saidul Islam,1335,Kushtia,KU032-B,01,1,9.98,8.02,80.41,9.90,7.68,77.55,9.90,8.55,86.36,11.18,8.22,73.56,8.74,6.32,72.26,8.74,6.30,72.06,7.35,7.09,96.46,7.57,6.92,91.42,0.00,0.00,0.00,0.00,0.00,0.00,0.00,0.00,0.00,0.00,0.00,0.00,73.36,59.10,80.56,2026
EM00015648,Md. Usman Goni,1320,Bogura,BO111-A,01,1,7.25,4.73,65.20,7.27,4.95,68.15,7.27,4.96,68.21,7.74,6.70,86.54,7.50,5.97,79.65,7.50,6.21,82.80,6.00,5.85,97.52,5.60,5.84,104.21,0.00,0.00,0.00,0.00,0.00,0.00,0.00,0.00,0.00,0.00,0.00,0.00,56.12,45.20,80.54,2026
EM00012831,Sabuj Hossain,1326,Barishal,BA081-B,01,1,6.29,4.28,68.01,6.25,4.48,71.70,6.25,5.47,87.52,7.37,5.52,74.83,7.14,5.07,70.95,7.14,6.25,87.53,6.54,5.37,82.09,6.20,6.40,103.23,0.00,0.00,0.00,0.00,0.00,0.00,0.00,0.00,0.00,0.00,0.00,0.00,53.18,42.83,80.54,2026
EM00001984,Md. Azim Uddin,1330,Pabna,RP01044,01,4,309.73,228.97,73.93,307.52,230.76,75.04,307.52,250.04,81.31,352.88,260.11,73.71,339.99,252.87,74.38,339.99,268.78,79.05,309.42,289.61,93.60,304.99,289.95,95.07,0.00,0.00,0.00,0.00,0.00,0.00,0.00,0.00,0.00,0.00,0.00,0.00,2572.03,2071.09,80.52,2026
EM00001495,Md. Mustafizur Rahman,1327,BRS+FRD,DSM11-P,01,6,368.83,308.30,83.59,1233.68,949.29,76.95,1233.68,1011.60,82.00,1429.35,1073.31,75.09,1377.63,1031.17,74.85,1377.63,1076.53,78.14,1233.40,1092.08,88.54,1217.45,1082.05,88.88,0.00,0.00,0.00,0.00,0.00,0.00,0.00,0.00,0.00,0.00,0.00,0.00,9471.64,7624.33,80.50,2026
EM00004920,Dipak Podder,1311,Dhanmondi,DH073-V,04,1,7.64,6.23,81.57,7.60,5.96,78.43,7.77,4.82,62.04,8.30,7.57,91.20,8.30,6.61,79.68,9.00,7.88,87.53,9.35,7.49,80.10,10.04,8.17,81.40,0.00,0.00,0.00,0.00,0.00,0.00,0.00,0.00,0.00,0.00,0.00,0.00,68.00,54.74,80.50,2026
EM00010620,Md. Sohel Rana,1311,Dhanmondi,DH071-B,01,1,7.83,5.77,73.71,7.83,6.43,82.11,7.83,6.32,80.73,9.32,6.83,73.25,8.98,5.70,63.42,8.98,6.71,74.66,7.98,7.95,99.60,7.98,8.01,100.34,0.00,0.00,0.00,0.00,0.00,0.00,0.00,0.00,0.00,0.00,0.00,0.00,66.73,53.70,80.48,2026
EM00014562,Krishna Kumer Shill,1327,Faridpur,FA142-B,01,1,8.99,6.12,68.12,8.92,7.36,82.44,8.92,7.59,85.05,10.60,7.85,74.04,10.27,8.11,78.94,10.27,7.64,74.40,9.28,8.05,86.82,9.29,8.88,95.59,0.00,0.00,0.00,0.00,0.00,0.00,0.00,0.00,0.00,0.00,0.00,0.00,76.54,61.59,80.48,2026
EM00013417,Yasin Hossain,1310,Paltan,PA013-B,01,1,5.21,4.02,77.18,5.17,4.23,81.77,5.17,4.40,85.09,6.30,4.30,68.16,6.07,3.50,57.71,6.07,4.69,77.34,5.31,5.71,107.45,5.36,5.08,94.90,0.00,0.00,0.00,0.00,0.00,0.00,0.00,0.00,0.00,0.00,0.00,0.00,44.66,35.93,80.46,2026
EM00014931,Md. Abdul High,1318,Noakhali,NO092-C,01,1,9.95,7.92,79.54,9.88,7.64,77.32,9.88,7.82,79.14,10.97,8.76,79.88,10.34,7.97,77.12,10.34,8.05,77.81,9.58,8.77,91.55,9.36,7.68,82.08,0.00,0.00,0.00,0.00,0.00,0.00,0.00,0.00,0.00,0.00,0.00,0.00,80.32,64.62,80.46,2026
EM00012302,Shambhu Nath Das,1311,Dhanmondi,DH142-A,01,1,5.45,3.12,57.19,4.82,4.26,88.45,4.82,4.84,100.39,6.12,3.59,58.63,5.89,5.01,84.95,5.89,4.17,70.74,5.43,5.33,98.13,5.36,4.91,91.69,0.00,0.00,0.00,0.00,0.00,0.00,0.00,0.00,0.00,0.00,0.00,0.00,43.78,35.22,80.45,2026
EM00010723,Shofiqul Islam,1316,Sylhet,SY152-C,01,1,10.13,7.35,72.53,10.06,8.26,82.14,10.06,8.38,83.31,11.65,9.14,78.47,11.21,7.94,70.88,11.21,8.51,75.89,9.92,9.94,100.18,9.78,8.07,82.48,0.00,0.00,0.00,0.00,0.00,0.00,0.00,0.00,0.00,0.00,0.00,0.00,84.01,67.58,80.45,2026
EM00005875,Mr. Sapan Sarder,1313,Narayanganj,NA120-P,01,2,54.68,47.56,86.97,54.29,46.72,86.05,54.29,46.12,84.95,61.50,40.90,66.50,59.27,40.33,68.04,59.27,44.77,75.53,54.20,49.55,91.41,55.83,48.67,87.17,0.00,0.00,0.00,0.00,0.00,0.00,0.00,0.00,0.00,0.00,0.00,0.00,453.35,364.61,80.43,2026
EM00013522,Ariful Islam,1325,Khulna,KH131-B,01,1,6.63,5.22,78.66,6.59,5.06,76.78,6.59,5.17,78.54,7.76,5.58,71.83,7.49,5.33,71.21,7.49,5.79,77.40,6.63,6.00,90.52,6.38,6.52,102.25,0.00,0.00,0.00,0.00,0.00,0.00,0.00,0.00,0.00,0.00,0.00,0.00,55.54,44.67,80.42,2026
EM00015062,Monerujjaman Munna,1333,Moulvibazar,MO012-B,01,1,6.78,5.04,74.43,6.73,5.11,76.01,6.73,5.26,78.14,7.84,5.90,75.20,7.56,5.94,78.56,7.56,5.81,76.94,6.81,6.32,92.76,6.72,6.23,92.72,0.00,0.00,0.00,0.00,0.00,0.00,0.00,0.00,0.00,0.00,0.00,0.00,56.72,45.61,80.42,2026
EM00009186,Md. Shamim Hossain,1318,Noakhali,NO131-B,01,1,10.30,7.26,70.41,10.23,7.57,74.03,10.23,8.10,79.14,11.71,9.13,77.96,11.29,7.97,70.58,11.29,9.07,80.32,10.75,10.38,96.57,10.55,9.97,94.44,0.00,0.00,0.00,0.00,0.00,0.00,0.00,0.00,0.00,0.00,0.00,0.00,86.35,69.43,80.41,2026
EM00013790,Md. Faruk Mia,1314,Mymensingh,MY081-A,01,1,8.48,5.71,67.31,8.42,6.22,73.89,8.42,6.70,79.64,9.30,6.99,75.15,8.75,6.70,76.59,8.75,6.94,79.33,7.25,7.06,97.43,7.14,7.15,100.07,0.00,0.00,0.00,0.00,0.00,0.00,0.00,0.00,0.00,0.00,0.00,0.00,66.51,53.48,80.41,2026
EM00012252,Md. Yunus .,1328,CHT+CXB,CH012-N,03,1,6.20,5.72,92.33,6.20,4.33,69.88,6.10,4.68,76.79,6.20,6.24,100.73,6.35,3.90,61.44,6.35,5.74,90.34,6.55,3.39,51.81,6.55,6.59,100.54,0.00,0.00,0.00,0.00,0.00,0.00,0.00,0.00,0.00,0.00,0.00,0.00,50.50,40.60,80.40,2026
EM00002401,Md. Ismail Hossain,1311,Dhanmondi,RP01010,01,4,275.73,247.72,89.84,273.78,242.74,88.66,273.78,219.58,80.20,324.60,229.11,70.58,312.67,218.40,69.85,312.67,228.32,73.02,295.58,253.05,85.61,291.35,258.66,88.78,0.00,0.00,0.00,0.00,0.00,0.00,0.00,0.00,0.00,0.00,0.00,0.00,2360.15,1897.57,80.40,2026
EM00012182,Subroto Kumar Day,1327,Faridpur,FA052-B,01,1,10.56,10.68,101.13,9.90,6.24,62.99,9.90,7.60,76.75,12.05,7.00,58.13,11.16,7.64,68.52,11.16,8.42,75.52,10.11,10.47,103.55,9.64,9.85,102.22,0.00,0.00,0.00,0.00,0.00,0.00,0.00,0.00,0.00,0.00,0.00,0.00,84.46,67.90,80.39,2026
EM00008935,Md. Ruhul Amin,1320,Bogura,BO020-P,01,2,6.47,7.25,112.02,28.55,20.79,72.81,28.55,22.86,80.06,36.43,24.61,67.56,35.32,24.00,67.95,35.32,25.66,72.63,29.73,29.53,99.33,29.73,30.22,101.64,0.00,0.00,0.00,0.00,0.00,0.00,0.00,0.00,0.00,0.00,0.00,0.00,230.11,184.92,80.36,2026
EM00012278,Md. Shohag Hossain,1315,Chattogram,CH057-G,02,1,9.10,7.24,79.59,8.90,7.29,81.86,9.05,7.64,84.43,9.70,7.72,79.60,9.10,7.36,80.90,9.95,7.53,75.66,9.95,7.90,79.41,10.25,8.39,81.83,0.00,0.00,0.00,0.00,0.00,0.00,0.00,0.00,0.00,0.00,0.00,0.00,76.00,61.07,80.35,2026
EM00012112,Md. Ala Uddin .,1333,Moulvibazar,MO022-A,01,1,9.26,7.41,80.01,9.20,7.24,78.77,9.20,8.09,87.99,10.50,8.66,82.45,10.51,7.74,73.67,10.51,7.50,71.33,9.45,8.30,87.91,9.31,7.67,82.35,0.00,0.00,0.00,0.00,0.00,0.00,0.00,0.00,0.00,0.00,0.00,0.00,77.93,62.61,80.35,2026
EM00002033,Md. Shahidul Islam,1317,Cumilla,CU132-A,01,1,11.08,9.30,83.99,11.00,9.50,86.44,11.00,9.15,83.24,11.66,8.71,74.64,11.24,8.34,74.16,11.24,9.05,80.49,10.96,8.43,76.89,10.80,9.00,83.30,0.00,0.00,0.00,0.00,0.00,0.00,0.00,0.00,0.00,0.00,0.00,0.00,88.97,71.47,80.33,2026
EM00009464,Md. Alamgir Hossain,1312,Uttara,UT062-A,01,1,8.70,6.37,73.15,8.64,8.73,101.04,8.64,7.21,83.48,9.86,7.10,72.05,9.50,6.89,72.53,9.50,7.38,77.65,8.83,6.95,78.79,8.74,7.53,86.15,0.00,0.00,0.00,0.00,0.00,0.00,0.00,0.00,0.00,0.00,0.00,0.00,72.42,58.17,80.33,2026
EM00006967,Mr. Aktaruzzaman,1316,Sylhet,SY093-C,01,1,11.56,9.38,81.14,11.48,9.28,80.88,11.48,8.97,78.13,12.59,9.58,76.06,12.16,8.97,73.76,12.16,9.89,81.33,11.26,9.73,86.34,11.10,9.53,85.90,0.00,0.00,0.00,0.00,0.00,0.00,0.00,0.00,0.00,0.00,0.00,0.00,93.79,75.32,80.31,2026
EM00011188,Md. Omar Faruq,1332,B. Baria,BB023-A,01,1,10.85,7.47,68.81,10.78,8.82,81.83,10.78,9.57,88.81,12.05,9.39,77.92,11.29,7.62,67.53,11.29,9.02,79.92,10.60,9.34,88.11,10.45,9.50,90.89,0.00,0.00,0.00,0.00,0.00,0.00,0.00,0.00,0.00,0.00,0.00,0.00,88.08,70.72,80.30,2026
EM00013705,Sk. Hafizur Rahman,1328,Cox's Bazar,CO082-C,01,1,9.58,7.84,81.85,9.51,8.46,88.93,9.51,7.07,74.28,10.31,7.58,73.48,9.93,7.74,77.95,9.93,8.47,85.33,9.38,8.14,86.84,9.05,6.69,73.88,0.00,0.00,0.00,0.00,0.00,0.00,0.00,0.00,0.00,0.00,0.00,0.00,77.21,61.99,80.29,2026
EM00008605,Mr. Jalak Saha,1333,Moulvibazar,MO030-P,01,2,32.57,28.11,86.29,32.34,27.10,83.78,32.34,26.90,83.19,35.95,27.97,77.80,34.64,25.68,74.12,34.64,23.47,67.76,30.83,25.93,84.11,30.39,26.56,87.38,0.00,0.00,0.00,0.00,0.00,0.00,0.00,0.00,0.00,0.00,0.00,0.00,263.71,211.72,80.28,2026
EM00014122,Md. Farazul Islam,1311,Dhanmondi,DH023-V,04,1,7.14,6.26,87.71,7.14,5.37,75.23,7.30,2.46,33.67,7.79,5.47,70.19,7.79,7.90,101.37,8.63,5.20,60.25,8.96,9.12,101.74,9.62,9.90,102.94,0.00,0.00,0.00,0.00,0.00,0.00,0.00,0.00,0.00,0.00,0.00,0.00,64.37,51.68,80.28,2026
EM00013059,Md. Najmul Islam,1326,Barishal,BA132-B,01,1,8.22,6.19,75.33,8.16,6.68,81.80,8.16,6.77,82.96,9.61,6.85,71.23,9.61,6.83,71.10,9.61,7.28,75.71,6.50,6.00,92.30,6.47,6.67,103.03,0.00,0.00,0.00,0.00,0.00,0.00,0.00,0.00,0.00,0.00,0.00,0.00,66.35,53.27,80.28,2026
EM00016530,Md. Mushfiqur Rahman,1332,B. Baria,BB033-C,01,1,0.00,0.00,0.00,0.00,0.00,0.00,0.00,0.00,0.00,0.00,0.00,0.00,0.00,0.00,0.00,0.00,0.00,0.00,0.00,0.00,0.00,4.80,3.85,80.26,0.00,0.00,0.00,0.00,0.00,0.00,0.00,0.00,0.00,0.00,0.00,0.00,4.80,3.85,80.26,2026
EM00014839,Md. Faruq Hossain,1331,Chandpur,CA021-B,01,1,9.92,6.88,69.35,9.85,8.02,81.43,9.85,8.24,83.63,10.90,7.85,72.01,10.44,7.98,76.45,10.44,8.51,81.56,9.80,8.83,90.14,9.56,8.50,88.93,0.00,0.00,0.00,0.00,0.00,0.00,0.00,0.00,0.00,0.00,0.00,0.00,80.75,64.81,80.26,2026
EM00010846,Rafikuzzaman Rana,1321,Rajshahi,RA073-A,01,1,7.09,5.13,72.31,7.04,4.94,70.12,7.04,5.92,84.07,8.38,7.06,84.23,8.06,7.01,86.99,8.06,6.28,77.94,7.20,5.45,75.68,6.90,6.19,89.65,0.00,0.00,0.00,0.00,0.00,0.00,0.00,0.00,0.00,0.00,0.00,0.00,59.77,47.97,80.26,2026
EM00012895,Md. Azam Khan,1320,Bogura,BO114-A,01,1,4.78,3.14,65.78,4.74,3.60,75.96,4.74,3.43,72.36,5.32,3.88,73.01,5.05,3.81,75.39,5.05,4.13,81.76,4.10,4.18,101.89,4.00,4.15,103.66,0.00,0.00,0.00,0.00,0.00,0.00,0.00,0.00,0.00,0.00,0.00,0.00,37.78,30.32,80.25,2026
EM00002560,Md. Mostak Ahmed,1317,Cumilla,CU060-P,01,2,51.34,38.49,74.97,50.97,43.31,84.97,50.97,44.47,87.25,57.02,43.56,76.40,54.93,39.91,72.65,54.93,41.59,75.70,52.05,45.03,86.51,51.30,43.49,84.76,0.00,0.00,0.00,0.00,0.00,0.00,0.00,0.00,0.00,0.00,0.00,0.00,423.51,339.84,80.24,2026
EM00011820,Md. Enamul Haque,1311,Dhanmondi,DH270-P,01,2,24.68,23.10,93.58,24.33,19.15,78.68,24.33,19.53,80.25,32.52,19.79,60.85,31.28,19.69,62.95,31.28,22.13,70.76,26.23,27.33,104.21,25.85,26.20,101.34,0.00,0.00,0.00,0.00,0.00,0.00,0.00,0.00,0.00,0.00,0.00,0.00,220.51,176.92,80.23,2026
EM00013978,Md. Fysal Ali,1314,Mymensingh,MY041-B,01,1,6.19,4.08,65.94,6.15,5.02,81.74,6.15,4.99,81.12,7.27,4.86,66.87,6.48,4.69,72.45,6.48,4.71,72.70,5.87,6.20,105.66,5.80,5.86,101.01,0.00,0.00,0.00,0.00,0.00,0.00,0.00,0.00,0.00,0.00,0.00,0.00,50.38,40.42,80.23,2026
EM00014065,Raihan Hosen,1314,Mymensingh,MY073-C,01,1,8.03,5.34,66.51,7.97,5.92,74.32,7.97,6.65,83.40,9.31,8.20,88.06,9.22,7.47,81.05,9.22,7.16,77.64,8.37,7.22,86.27,8.25,6.84,82.93,0.00,0.00,0.00,0.00,0.00,0.00,0.00,0.00,0.00,0.00,0.00,0.00,68.34,54.81,80.19,2026
EM00007931,Mr. Amran Hossen,1315,Chattogram,CH200-P,01,2,24.91,22.67,91.00,25.33,20.56,81.18,25.33,20.01,79.01,27.48,21.81,79.37,26.48,21.82,82.40,26.48,22.10,83.47,55.27,43.18,78.13,53.15,39.86,75.00,0.00,0.00,0.00,0.00,0.00,0.00,0.00,0.00,0.00,0.00,0.00,0.00,264.44,212.02,80.18,2026
EM00012347,Md. Meraz Hossain,1313,Narayanganj,NA093-A,01,1,10.82,9.14,84.54,10.74,9.35,87.05,10.74,8.68,80.83,11.96,9.01,75.38,11.52,8.05,69.90,11.52,8.82,76.57,10.37,9.24,89.17,10.68,8.51,79.73,0.00,0.00,0.00,0.00,0.00,0.00,0.00,0.00,0.00,0.00,0.00,0.00,88.34,70.82,80.17,2026
EM00013209,Md. Ariful Islam,1323,Dinajpur,DI062-B,01,1,6.50,4.69,72.15,6.45,4.63,71.81,6.45,4.97,76.94,7.49,4.90,65.45,7.18,5.13,71.45,7.18,5.38,75.00,5.35,6.14,114.79,5.35,5.79,108.37,0.00,0.00,0.00,0.00,0.00,0.00,0.00,0.00,0.00,0.00,0.00,0.00,51.95,41.64,80.16,2026
EM00009969,Nasirul Islam,1312,Uttara,UT072-B,01,1,9.74,7.61,78.14,9.67,7.81,80.77,9.67,7.02,72.59,11.54,7.34,63.64,11.13,8.11,72.87,11.13,8.40,75.51,10.33,11.15,107.94,10.46,9.60,91.85,0.00,0.00,0.00,0.00,0.00,0.00,0.00,0.00,0.00,0.00,0.00,0.00,83.67,67.05,80.14,2026
EM00001865,Mohammad Selim Bhuiyan,1318,Noakhali,RP01026,01,4,320.84,244.46,76.19,318.55,255.21,80.12,318.55,259.25,81.38,348.85,274.50,78.69,336.24,260.39,77.44,336.24,267.27,79.49,320.60,271.58,84.71,314.74,262.79,83.50,0.00,0.00,0.00,0.00,0.00,0.00,0.00,0.00,0.00,0.00,0.00,0.00,2614.61,2095.44,80.14,2026
EM00016176,Shafiqul Islam,1313,Narayanganj,NA130-P,01,2,0.00,0.00,0.00,0.00,0.00,0.00,0.00,0.00,0.00,0.00,0.00,0.00,47.74,34.82,72.94,47.74,37.32,78.17,43.14,39.01,90.43,44.44,35.54,79.97,0.00,0.00,0.00,0.00,0.00,0.00,0.00,0.00,0.00,0.00,0.00,0.00,183.06,146.69,80.13,2026
EM00016445,Md. Sohanur Rahman,1333,Moulvibazar,MO024-G,02,1,0.00,0.00,0.00,0.00,0.00,0.00,0.00,0.00,0.00,0.00,0.00,0.00,0.00,0.00,0.00,0.00,0.00,0.00,0.00,0.00,0.00,4.70,3.77,80.13,0.00,0.00,0.00,0.00,0.00,0.00,0.00,0.00,0.00,0.00,0.00,0.00,4.70,3.77,80.13,2026
EM00013128,Robiul Islam Ripon,1314,Mymensingh,MY101-B,01,1,6.57,3.65,55.52,6.52,4.58,70.18,6.52,5.03,77.15,5.44,4.46,82.01,4.94,3.92,79.22,4.94,4.15,84.03,4.47,4.67,104.47,4.43,4.67,105.37,0.00,0.00,0.00,0.00,0.00,0.00,0.00,0.00,0.00,0.00,0.00,0.00,43.84,35.12,80.12,2026
EM00014925,Syed Esa,1316,Sylhet,SY024-V,04,1,6.05,6.07,100.33,6.08,4.61,75.79,6.22,4.10,65.89,6.63,5.55,83.73,6.63,5.32,80.23,7.20,5.82,80.86,7.48,5.82,77.75,7.55,5.85,77.53,0.00,0.00,0.00,0.00,0.00,0.00,0.00,0.00,0.00,0.00,0.00,0.00,53.84,43.14,80.12,2026
EM00014860,Ripon .,1316,Sylhet,SY032-G,02,1,4.30,3.14,73.10,4.20,3.24,77.21,4.20,3.43,81.70,4.55,3.50,76.89,4.26,3.60,84.50,4.75,3.86,81.18,4.75,3.94,83.05,5.00,4.13,82.66,0.00,0.00,0.00,0.00,0.00,0.00,0.00,0.00,0.00,0.00,0.00,0.00,36.01,28.85,80.12,2026
EM00007941,Md. Mosaraf Hossain,1316,Sylhet,SY172-A,01,1,8.23,5.77,70.09,8.17,6.55,80.19,8.17,7.23,88.49,9.29,7.39,79.54,8.95,7.16,79.99,8.95,6.77,75.64,8.19,7.10,86.66,8.08,6.53,80.85,0.00,0.00,0.00,0.00,0.00,0.00,0.00,0.00,0.00,0.00,0.00,0.00,68.05,54.51,80.11,2026
EM00014909,Sk. Rakibul Islam,1311,Dhanmondi,DH034-V,04,1,8.09,6.76,83.62,7.60,5.90,77.66,7.77,5.44,69.97,8.29,6.89,83.07,8.29,7.05,85.10,8.95,7.54,84.24,9.29,7.81,84.12,9.98,7.28,72.95,0.00,0.00,0.00,0.00,0.00,0.00,0.00,0.00,0.00,0.00,0.00,0.00,68.26,54.68,80.11,2026
EM00010467,Debdas Gain,1324,Jashore,JA061-B,01,1,8.08,5.99,74.04,8.08,5.62,69.55,8.08,6.43,79.50,10.03,6.37,63.49,9.67,7.60,78.59,9.67,8.54,88.28,9.07,8.15,89.79,9.13,8.84,96.82,0.00,0.00,0.00,0.00,0.00,0.00,0.00,0.00,0.00,0.00,0.00,0.00,71.83,57.53,80.09,2026
EM00015728,Md. Anamul Hoque,1336,Keraniganj,KE023-A,01,1,0.00,0.00,0.00,7.26,5.37,73.95,7.26,5.50,75.68,8.34,5.66,67.87,8.05,5.52,68.63,8.05,6.16,76.54,7.31,7.23,98.85,7.36,7.51,102.01,0.00,0.00,0.00,0.00,0.00,0.00,0.00,0.00,0.00,0.00,0.00,0.00,53.62,42.94,80.08,2026
EM00015956,Md. Mizanur Rahman,1327,Faridpur,FA094-C,01,1,0.00,0.00,0.00,0.00,0.00,0.00,0.00,0.00,0.00,3.06,2.66,86.77,3.05,2.20,72.12,3.05,2.02,66.02,3.62,2.83,78.28,5.21,4.70,90.15,0.00,0.00,0.00,0.00,0.00,0.00,0.00,0.00,0.00,0.00,0.00,0.00,18.00,14.40,80.04,2026
EM00008875,Debbrota Chakrabarti,1325,Khulna,KH044-C,01,1,7.04,5.40,76.70,6.99,5.57,79.72,6.99,5.58,79.77,8.21,5.85,71.22,7.81,5.75,73.70,7.81,6.01,77.01,7.03,6.50,92.39,7.03,6.48,92.10,0.00,0.00,0.00,0.00,0.00,0.00,0.00,0.00,0.00,0.00,0.00,0.00,58.91,47.13,80.01,2026
EM00015550,Mohammad Rafiqul Islam,1332,B. Baria,RP01024,01,4,441.63,351.98,79.70,438.45,364.06,83.03,438.45,370.67,84.54,474.16,353.53,74.56,456.99,328.76,71.94,456.99,363.49,79.54,445.20,377.12,84.71,438.83,363.35,82.80,0.00,0.00,0.00,0.00,0.00,0.00,0.00,0.00,0.00,0.00,0.00,0.00,3590.69,2872.95,80.01,2026
EM00003953,Mr. Hafizur Rahman,1320,Bogura,BO110-P,01,2,40.97,27.68,67.57,40.67,27.15,66.75,40.67,29.50,72.53,47.60,36.42,76.52,45.60,33.51,73.48,45.60,37.05,81.25,36.80,38.78,105.38,36.10,37.13,102.86,0.00,0.00,0.00,0.00,0.00,0.00,0.00,0.00,0.00,0.00,0.00,0.00,334.01,267.22,80.00,2026
EM00002246,A.F.M. Ruhullah Monsur,1326,Barishal,BA040-P,01,2,45.56,36.45,80.00,45.24,36.39,80.45,45.24,38.00,84.01,53.98,40.47,74.98,53.14,38.86,73.12,53.14,41.73,78.53,36.86,30.92,83.88,35.38,32.01,90.46,0.00,0.00,0.00,0.00,0.00,0.00,0.00,0.00,0.00,0.00,0.00,0.00,368.55,294.84,80.00,2026
EM00008601,Md. Nurnabi,1320,Bogura,BO070-P,01,2,44.78,33.74,75.35,44.46,33.50,75.34,44.46,36.90,83.00,44.93,33.24,73.98,43.23,31.57,73.03,43.23,32.12,74.30,36.49,35.24,96.57,36.49,34.15,93.57,0.00,0.00,0.00,0.00,0.00,0.00,0.00,0.00,0.00,0.00,0.00,0.00,338.09,270.47,80.00,2026
EM00015321,Md. Faruk Mia,1320,Bogura,BO163-C,01,1,7.37,5.33,72.28,7.18,5.22,72.66,7.18,6.37,88.76,7.76,7.15,92.16,7.51,5.75,76.53,7.51,5.22,69.52,6.37,5.73,90.00,6.37,5.02,78.79,0.00,0.00,0.00,0.00,0.00,0.00,0.00,0.00,0.00,0.00,0.00,0.00,57.24,45.78,79.98,2026
EM00015931,Md. Takiur Molla,1329,Tangail,TA011-G,02,1,0.00,0.00,0.00,0.00,0.00,0.00,0.00,0.00,0.00,7.15,4.16,58.17,6.50,4.31,66.29,7.10,5.42,76.34,7.00,6.63,94.73,7.20,7.43,103.16,0.00,0.00,0.00,0.00,0.00,0.00,0.00,0.00,0.00,0.00,0.00,0.00,34.95,27.95,79.96,2026
EM00015873,Md. Shamim Hossain,1324,Jashore,JA033-A,01,1,0.00,0.00,0.00,0.00,0.00,0.00,0.00,0.00,0.00,8.75,5.83,66.70,8.44,5.76,68.21,8.44,6.67,79.01,7.68,6.81,88.63,7.51,7.57,100.79,0.00,0.00,0.00,0.00,0.00,0.00,0.00,0.00,0.00,0.00,0.00,0.00,40.81,32.64,79.96,2026
EM00002438,Md. Abdur Razzaque Shaikh,1325,Khulna,RP01034,01,4,327.55,255.42,77.98,325.20,248.95,76.55,325.20,259.16,79.69,384.50,275.99,71.78,370.66,274.06,73.94,370.66,286.81,77.38,333.20,297.80,89.38,321.54,307.37,95.59,0.00,0.00,0.00,0.00,0.00,0.00,0.00,0.00,0.00,0.00,0.00,0.00,2758.50,2205.55,79.95,2026
EM00016311,Md. Maruf Hossain,1326,Barishal,BA073-B,01,1,0.00,0.00,0.00,0.00,0.00,0.00,0.00,0.00,0.00,0.00,0.00,0.00,0.00,0.00,0.00,8.55,6.16,72.00,7.40,6.42,86.73,7.48,6.16,82.31,0.00,0.00,0.00,0.00,0.00,0.00,0.00,0.00,0.00,0.00,0.00,0.00,23.43,18.73,79.94,2026
EM00013169,Md. Shamim Rahman,1311,Dhanmondi,DH102-B,01,1,5.98,4.66,77.98,6.00,4.53,75.56,6.00,4.79,79.92,7.21,4.21,58.31,6.95,4.67,67.22,6.95,5.23,75.22,6.44,6.81,105.66,6.44,6.64,103.10,0.00,0.00,0.00,0.00,0.00,0.00,0.00,0.00,0.00,0.00,0.00,0.00,51.98,41.55,79.94,2026
EM00011537,Md. Abdul Karim Mia,1318,Noakhali,NO110-P,01,2,39.48,27.08,68.60,38.78,28.43,73.31,38.78,28.74,74.11,44.24,35.44,80.11,42.14,31.55,74.88,42.14,33.91,80.48,38.48,35.63,92.58,37.23,36.02,96.76,0.00,0.00,0.00,0.00,0.00,0.00,0.00,0.00,0.00,0.00,0.00,0.00,321.27,256.80,79.94,2026
EM00014671,Md. Shajedul Islam,1322,Rangpur,RN093-C,01,1,9.79,6.11,62.39,9.72,6.84,70.33,9.72,7.63,78.45,11.35,8.53,75.18,10.95,8.90,81.36,10.95,8.53,77.91,8.58,9.64,112.36,8.46,7.38,87.26,0.00,0.00,0.00,0.00,0.00,0.00,0.00,0.00,0.00,0.00,0.00,0.00,79.52,63.56,79.93,2026
EM00005915,Mr. Ariful Islam,1311,Dhanmondi,RP01009,01,4,192.54,175.91,91.36,191.21,165.33,86.47,191.21,169.05,88.41,253.08,165.69,65.47,243.43,156.27,64.19,243.43,168.47,69.21,204.10,192.59,94.36,201.18,181.53,90.23,0.00,0.00,0.00,0.00,0.00,0.00,0.00,0.00,0.00,0.00,0.00,0.00,1720.18,1374.83,79.92,2026
EM00001324,Mr. Fazlul Haque,1329,Tangail,TA030-P,01,2,50.37,37.13,73.71,50.01,40.98,81.93,50.01,42.18,84.33,57.93,43.75,75.52,55.82,40.87,73.21,55.82,43.00,77.02,50.50,45.18,89.46,49.78,42.79,85.95,0.00,0.00,0.00,0.00,0.00,0.00,0.00,0.00,0.00,0.00,0.00,0.00,420.27,335.87,79.92,2026
EM00005648,Mr. Emdadul Hoque,1333,Moulvibazar,MO040-P,01,2,55.29,40.16,72.63,54.89,44.17,80.47,54.89,44.94,81.88,63.60,47.39,74.51,61.26,40.45,66.03,61.26,46.18,75.38,54.63,49.51,90.63,53.85,54.53,101.25,0.00,0.00,0.00,0.00,0.00,0.00,0.00,0.00,0.00,0.00,0.00,0.00,459.68,367.33,79.91,2026
EM00003879,Md. Shahin Islam,1335,Kushtia,RP01037,01,4,293.78,218.80,74.48,291.68,215.90,74.02,291.68,232.08,79.57,336.01,247.76,73.74,323.87,249.30,76.98,323.87,260.02,80.28,294.00,266.86,90.77,296.70,268.26,90.41,0.00,0.00,0.00,0.00,0.00,0.00,0.00,0.00,0.00,0.00,0.00,0.00,2451.59,1958.98,79.91,2026
EM00009015,Md. Mazharul Islam,1317,Cumilla,CU122-B,01,1,9.90,7.61,76.81,9.83,8.18,83.20,9.83,7.79,79.19,10.76,7.71,71.65,10.36,7.26,70.09,10.36,8.31,80.25,9.95,8.91,89.51,9.81,8.77,89.38,0.00,0.00,0.00,0.00,0.00,0.00,0.00,0.00,0.00,0.00,0.00,0.00,80.80,64.53,79.86,2026
EM00002292,Md. Kasim Uddin,1316,Sylhet,RP01019,01,4,329.25,257.40,78.18,326.89,255.48,78.15,326.89,259.13,79.27,366.47,287.20,78.37,353.19,263.60,74.63,353.19,279.64,79.17,329.31,288.57,87.63,324.59,272.84,84.06,0.00,0.00,0.00,0.00,0.00,0.00,0.00,0.00,0.00,0.00,0.00,0.00,2709.79,2163.85,79.85,2026
EM00014044,Md. Mostofa Kamal,1334,Kishoreganj,KI031-B,01,1,7.07,5.11,72.23,6.96,5.48,78.74,6.96,6.05,87.01,8.45,7.02,83.02,8.20,6.15,74.98,8.20,6.67,81.40,7.88,6.13,77.80,7.78,6.49,83.48,0.00,0.00,0.00,0.00,0.00,0.00,0.00,0.00,0.00,0.00,0.00,0.00,61.49,49.10,79.85,2026
EM00008692,Nikunja Kumar Das,1333,Moulvibazar,MO022-B,01,1,8.97,6.10,68.02,8.91,7.23,81.14,8.91,7.11,79.86,10.44,7.52,72.06,10.33,7.24,70.12,10.33,6.79,65.76,9.07,9.13,100.69,8.93,9.45,105.83,0.00,0.00,0.00,0.00,0.00,0.00,0.00,0.00,0.00,0.00,0.00,0.00,75.88,60.58,79.84,2026
EM00010880,Mamudul Al Hasan,1312,Uttara,UT050-P,01,2,35.35,29.14,82.43,35.10,30.26,86.21,35.10,28.76,81.94,40.82,27.14,66.48,39.32,27.43,69.77,39.32,28.00,71.22,36.60,33.85,92.48,36.08,33.08,91.69,0.00,0.00,0.00,0.00,0.00,0.00,0.00,0.00,0.00,0.00,0.00,0.00,297.69,237.66,79.84,2026
EM00009680,Nasirullah .,1318,Noakhali,NO034-B,01,1,7.24,5.56,76.89,7.18,5.50,76.50,7.18,5.92,82.34,8.04,5.95,73.99,7.75,5.92,76.37,7.75,6.66,85.93,7.38,6.40,86.67,7.25,5.82,80.28,0.00,0.00,0.00,0.00,0.00,0.00,0.00,0.00,0.00,0.00,0.00,0.00,59.78,47.72,79.83,2026
EM00006871,Md. Kawsar Ali,1322,Rangpur,RN133-A,01,1,7.49,4.90,65.35,7.44,5.25,70.62,7.44,5.22,70.27,6.59,5.11,77.62,6.35,4.91,77.20,6.35,5.26,82.74,5.76,6.03,104.79,5.68,5.70,100.41,0.00,0.00,0.00,0.00,0.00,0.00,0.00,0.00,0.00,0.00,0.00,0.00,53.09,42.38,79.83,2026
EM00015849,Md. Joynal Abedin,1312,Uttara,UT041-G,02,1,0.00,0.00,0.00,0.00,0.00,0.00,8.60,6.45,75.01,9.30,6.90,74.17,8.60,7.17,83.33,9.40,6.99,74.34,8.63,7.36,85.29,8.85,7.74,87.46,0.00,0.00,0.00,0.00,0.00,0.00,0.00,0.00,0.00,0.00,0.00,0.00,53.38,42.60,79.81,2026
EM00006689,Muhammad Ali Hossain,1329,Tangail,TA025-C,01,1,9.89,7.63,77.19,9.82,7.39,75.23,9.82,7.81,79.50,11.44,8.02,70.09,11.43,7.64,66.85,11.13,8.81,79.15,10.07,10.38,103.09,9.92,8.98,90.51,0.00,0.00,0.00,0.00,0.00,0.00,0.00,0.00,0.00,0.00,0.00,0.00,83.51,66.65,79.81,2026
EM00009131,Md. Atikur Rahman,1320,Bogura,BO062-A,01,1,6.20,4.65,75.11,6.17,4.79,77.60,6.17,5.26,85.15,7.42,5.63,75.91,7.10,4.98,70.12,7.10,5.08,71.58,6.03,5.32,88.26,5.53,5.56,100.56,0.00,0.00,0.00,0.00,0.00,0.00,0.00,0.00,0.00,0.00,0.00,0.00,51.72,41.28,79.80,2026
EM00010156,Md. Asad Ali,1319,Feni,FE041-A,01,1,5.94,4.33,72.93,7.28,6.42,88.30,7.28,5.96,81.94,8.36,6.53,78.13,8.30,5.56,66.98,8.30,6.26,75.45,7.73,6.83,88.31,7.62,6.62,86.88,0.00,0.00,0.00,0.00,0.00,0.00,0.00,0.00,0.00,0.00,0.00,0.00,60.80,48.52,79.80,2026
EM00009549,Md. Mosharof Hossain,1318,Noakhali,NO060-P,01,2,38.27,26.53,69.32,37.99,28.66,75.43,37.99,30.59,80.52,50.72,42.35,83.51,48.61,34.37,70.71,48.61,37.33,76.80,44.44,40.07,90.16,43.18,39.23,90.87,0.00,0.00,0.00,0.00,0.00,0.00,0.00,0.00,0.00,0.00,0.00,0.00,349.81,279.14,79.80,2026
EM00014901,Md. Arifur Rahman,1320,Bogura,BO132-A,01,1,6.53,4.47,68.48,6.48,4.51,69.57,6.48,4.75,73.28,7.44,5.84,78.59,7.30,4.92,67.33,7.30,5.79,79.35,5.80,5.98,103.02,5.55,5.93,106.86,0.00,0.00,0.00,0.00,0.00,0.00,0.00,0.00,0.00,0.00,0.00,0.00,52.87,42.18,79.78,2026
EM00011332,San Chandra Baishnab,1333,Moulvibazar,MO043-A,01,1,9.77,7.41,75.84,9.70,7.33,75.64,9.70,7.91,81.60,11.27,7.63,67.66,10.87,6.86,63.17,10.87,8.12,74.76,8.50,8.84,104.05,8.38,8.94,106.76,0.00,0.00,0.00,0.00,0.00,0.00,0.00,0.00,0.00,0.00,0.00,0.00,79.04,63.06,79.78,2026
EM00006931,Md. Selim Reza,1318,Noakhali,NO020-P,01,2,50.15,42.64,85.01,49.79,38.38,77.09,49.79,39.28,78.90,50.11,40.53,80.87,48.35,36.55,75.59,48.35,34.35,71.05,45.91,39.15,85.28,45.05,38.25,84.90,0.00,0.00,0.00,0.00,0.00,0.00,0.00,0.00,0.00,0.00,0.00,0.00,387.49,309.13,79.78,2026
EM00002131,Mr. Mostak Ahmed,1326,Barishal,BA060-P,01,2,40.37,32.48,80.46,40.08,30.71,76.62,40.08,29.96,74.76,45.18,31.59,69.92,43.23,33.29,77.00,43.23,32.14,74.36,35.17,33.50,95.24,35.56,33.91,95.34,0.00,0.00,0.00,0.00,0.00,0.00,0.00,0.00,0.00,0.00,0.00,0.00,322.90,257.58,79.77,2026
EM00013793,Md. Hafijur Rahman,1328,Cox's Bazar,CO101-A,01,1,8.79,6.17,70.17,8.73,6.68,76.52,8.73,6.65,76.18,9.60,8.43,87.85,9.25,7.22,78.01,9.25,7.43,80.36,8.54,6.85,80.20,8.25,7.32,88.68,0.00,0.00,0.00,0.00,0.00,0.00,0.00,0.00,0.00,0.00,0.00,0.00,71.15,56.75,79.77,2026
EM00014589,Jiban Das,1333,Moulvibazar,MO081-A,01,1,8.61,6.42,74.62,8.54,6.73,78.77,8.54,7.27,85.08,9.88,7.52,76.13,9.31,6.51,69.95,9.31,6.20,66.61,8.29,8.30,100.17,8.17,7.39,90.50,0.00,0.00,0.00,0.00,0.00,0.00,0.00,0.00,0.00,0.00,0.00,0.00,70.64,56.34,79.76,2026
EM00009169,Md. Mahmudul Hasan,1312,Uttara,UT081-B,01,1,8.22,7.48,91.04,8.16,7.12,87.29,8.16,6.33,77.62,9.23,6.20,67.21,8.88,6.41,72.24,8.88,6.48,73.04,8.67,7.46,86.01,8.65,7.41,85.65,0.00,0.00,0.00,0.00,0.00,0.00,0.00,0.00,0.00,0.00,0.00,0.00,68.85,54.91,79.76,2026
EM00014291,Uttam Kumar Majumdar,1336,Keraniganj,KE063-A,01,1,7.33,5.76,78.60,7.27,5.74,78.93,7.27,6.34,87.11,8.23,5.81,70.52,7.93,6.00,75.68,7.93,6.18,77.90,6.81,5.91,86.82,6.87,5.84,84.99,0.00,0.00,0.00,0.00,0.00,0.00,0.00,0.00,0.00,0.00,0.00,0.00,59.66,47.58,79.75,2026
EM00013736,Md. Tazmul Haque,1321,Rajshahi,RP01045,01,4,352.07,250.85,71.25,349.55,255.42,73.07,349.55,276.36,79.06,413.94,309.27,74.71,398.94,292.53,73.33,398.94,310.73,77.89,344.40,325.89,94.62,339.47,328.57,96.79,0.00,0.00,0.00,0.00,0.00,0.00,0.00,0.00,0.00,0.00,0.00,0.00,2946.86,2349.61,79.73,2026
EM00011495,Md. Sirajul Islam,1330,Pabna,PB053-C,01,1,9.56,7.46,78.02,9.49,6.38,67.27,9.49,7.13,75.13,10.95,8.23,75.19,10.60,7.09,66.88,10.60,8.69,81.97,9.54,9.57,100.31,9.35,8.88,95.01,0.00,0.00,0.00,0.00,0.00,0.00,0.00,0.00,0.00,0.00,0.00,0.00,79.58,63.44,79.71,2026
EM00007162,Mr. Uzir Ali,1317,Cumilla,CU113-B,01,1,10.46,8.51,81.36,10.38,9.45,91.00,10.38,8.45,81.35,10.97,8.57,78.17,10.56,7.30,69.14,10.56,8.16,77.28,10.50,8.59,81.78,10.35,8.07,77.91,0.00,0.00,0.00,0.00,0.00,0.00,0.00,0.00,0.00,0.00,0.00,0.00,84.16,67.09,79.71,2026
EM00006299,Md. Shamim Al Mamun,1329,Tangail,TA020-P,01,2,56.47,43.74,77.44,56.07,45.26,80.72,56.07,47.03,83.89,64.21,48.70,75.84,61.92,44.41,71.72,61.92,47.35,76.47,55.85,49.72,89.03,55.04,46.44,84.38,0.00,0.00,0.00,0.00,0.00,0.00,0.00,0.00,0.00,0.00,0.00,0.00,467.56,372.65,79.70,2026
EM00004472,Md. Shamim Hossain,1315,Chattogram,CH310-P,01,2,62.25,47.43,76.20,61.80,51.26,82.95,61.80,53.73,86.95,70.54,53.59,75.96,68.05,49.87,73.29,68.05,49.82,73.21,62.08,51.72,83.32,57.83,50.95,88.10,0.00,0.00,0.00,0.00,0.00,0.00,0.00,0.00,0.00,0.00,0.00,0.00,512.38,408.37,79.70,2026
EM00014547,Md. Abu Raihan,1310,Paltan,PA243-A,01,1,7.42,6.18,83.38,7.42,5.64,76.11,7.42,5.08,68.45,8.46,6.08,71.83,7.96,5.66,71.18,7.96,6.60,82.96,6.61,6.56,99.26,6.61,5.89,89.06,0.00,0.00,0.00,0.00,0.00,0.00,0.00,0.00,0.00,0.00,0.00,0.00,59.84,47.70,79.70,2026
EM00010638,Md. Robel Miah,1312,Uttara,UT063-B,01,1,9.17,7.31,79.67,9.11,7.03,77.22,9.11,7.53,82.64,10.34,7.53,72.78,9.96,7.14,71.66,9.96,7.43,74.64,9.28,8.87,95.57,9.41,8.00,85.10,0.00,0.00,0.00,0.00,0.00,0.00,0.00,0.00,0.00,0.00,0.00,0.00,76.33,60.83,79.70,2026
EM00013347,Jubayer Al Mahmud Khan,1316,Sylhet,SY071-B,01,1,8.97,7.62,84.95,8.90,7.00,78.64,8.90,6.50,72.98,10.05,7.02,69.85,9.69,6.99,72.19,9.69,7.34,75.77,8.54,8.60,100.72,8.41,7.23,85.90,0.00,0.00,0.00,0.00,0.00,0.00,0.00,0.00,0.00,0.00,0.00,0.00,73.14,58.29,79.69,2026
EM00015852,Mehedi Hasan,1310,Paltan,PA203-B,01,1,0.00,0.00,0.00,0.00,0.00,0.00,3.45,1.64,47.56,4.64,3.31,71.34,4.47,3.21,71.91,4.47,3.13,70.10,3.90,4.14,106.21,4.04,4.45,110.35,0.00,0.00,0.00,0.00,0.00,0.00,0.00,0.00,0.00,0.00,0.00,0.00,24.96,19.89,79.69,2026
EM00010400,Md. Syful Islam,1331,Chandpur,CA050-P,01,2,52.24,42.87,82.07,51.86,43.27,83.44,51.86,45.46,87.67,56.03,42.73,76.26,54.01,40.90,75.73,54.01,41.57,76.96,50.68,38.85,76.66,48.82,38.54,78.96,0.00,0.00,0.00,0.00,0.00,0.00,0.00,0.00,0.00,0.00,0.00,0.00,419.50,334.20,79.67,2026
EM00016306,Md. Mahmudul Hasan Arif,1317,Cumilla,CU142-B,01,1,0.00,0.00,0.00,0.00,0.00,0.00,0.00,0.00,0.00,0.00,0.00,0.00,0.00,0.00,0.00,8.95,5.94,66.37,7.98,7.09,88.87,7.86,6.72,85.46,0.00,0.00,0.00,0.00,0.00,0.00,0.00,0.00,0.00,0.00,0.00,0.00,24.80,19.75,79.66,2026
EM00015369,Rony Kumar,1316,Sylhet,SY154-C,01,1,8.24,5.72,69.37,8.18,6.77,82.79,8.18,6.75,82.54,9.51,7.31,76.87,9.17,7.10,77.40,9.17,7.07,77.13,7.88,7.10,90.16,7.77,6.42,82.71,0.00,0.00,0.00,0.00,0.00,0.00,0.00,0.00,0.00,0.00,0.00,0.00,68.10,54.25,79.66,2026
EM00015557,Md. Tarim,1311,Dhanmondi,DH014-V,04,1,5.84,4.02,68.79,5.84,3.91,67.04,5.97,4.15,69.45,6.37,5.08,79.71,6.37,5.67,88.97,6.90,5.58,80.85,7.17,5.42,75.66,7.70,7.70,100.04,0.00,0.00,0.00,0.00,0.00,0.00,0.00,0.00,0.00,0.00,0.00,0.00,52.16,41.53,79.62,2026
EM00015198,Md. Imran Khan,1311,Dhanmondi,DH015-V,04,1,5.04,4.15,82.30,5.04,4.20,83.41,5.16,3.03,58.80,5.50,4.65,84.48,5.50,3.66,66.55,5.90,4.93,83.49,6.13,5.06,82.54,6.56,6.01,91.65,0.00,0.00,0.00,0.00,0.00,0.00,0.00,0.00,0.00,0.00,0.00,0.00,44.83,35.69,79.61,2026
EM00001708,Mr. Uday Kumar Shaha,1324,Jashore,JA103-C,01,1,9.20,7.37,80.08,9.20,7.19,78.10,9.20,7.82,84.95,10.93,7.72,70.64,10.43,8.09,77.59,10.43,8.19,78.53,9.63,8.56,88.84,9.70,7.71,79.54,0.00,0.00,0.00,0.00,0.00,0.00,0.00,0.00,0.00,0.00,0.00,0.00,78.73,62.65,79.58,2026
EM00005882,Md. Abaidullah,1312,Uttara,UT060-P,01,2,53.32,40.36,75.68,52.94,44.85,84.72,52.94,45.77,86.46,62.61,45.04,71.93,60.33,44.41,73.61,60.33,45.42,75.27,56.12,47.87,85.30,55.43,47.58,85.83,0.00,0.00,0.00,0.00,0.00,0.00,0.00,0.00,0.00,0.00,0.00,0.00,454.03,361.29,79.57,2026
EM00011172,Rabindra Nath Poddar,1330,BGR+RJS+PAB,DSM16-P,01,6,232.44,169.01,72.71,1182.70,857.74,72.52,1182.70,924.50,78.17,1398.00,1019.26,72.91,1347.00,966.97,71.79,1347.00,1035.62,76.88,1157.82,1092.95,94.40,1141.24,1086.60,95.21,0.00,0.00,0.00,0.00,0.00,0.00,0.00,0.00,0.00,0.00,0.00,0.00,8988.91,7152.64,79.57,2026
EM00011274,Md. Emdhadul Haque,1311,Dhanmondi,DH103-B,01,1,9.25,7.20,77.87,9.25,6.60,71.36,9.25,6.55,70.85,11.21,6.58,58.68,10.79,6.27,58.12,10.79,8.61,79.73,9.58,10.96,114.42,9.58,10.65,111.17,0.00,0.00,0.00,0.00,0.00,0.00,0.00,0.00,0.00,0.00,0.00,0.00,79.71,63.43,79.57,2026
EM00015964,Debbroto Kumar Voumik,1325,Khulna,KH053-C,01,1,0.00,0.00,0.00,0.00,0.00,0.00,0.00,0.00,0.00,7.68,4.23,55.05,7.50,5.35,71.33,7.50,5.65,75.27,6.40,6.60,103.05,6.38,6.39,100.22,0.00,0.00,0.00,0.00,0.00,0.00,0.00,0.00,0.00,0.00,0.00,0.00,35.46,28.21,79.56,2026
EM00014811,Md. Golam Rabbani,1324,Jashore,JA154-C,01,1,6.87,4.27,62.17,6.25,4.88,77.98,6.25,6.30,100.71,7.60,8.08,106.26,7.33,4.97,67.75,7.33,4.79,65.34,6.95,5.36,77.06,6.80,5.43,79.85,0.00,0.00,0.00,0.00,0.00,0.00,0.00,0.00,0.00,0.00,0.00,0.00,55.39,44.07,79.56,2026
EM00012651,Md. Omer Faruk,1319,Feni,FE052-B,01,1,5.64,4.36,77.30,5.59,4.17,74.60,5.59,4.51,80.63,6.24,4.53,72.55,6.00,4.24,70.64,6.00,4.84,80.62,5.68,5.15,90.71,5.68,5.14,90.45,0.00,0.00,0.00,0.00,0.00,0.00,0.00,0.00,0.00,0.00,0.00,0.00,46.43,36.94,79.55,2026
EM00000902,Mohammed Abdul Aziz,1315,Chattogram,CH041-C,01,1,8.57,6.30,73.53,8.51,6.56,77.14,8.51,6.96,81.88,9.90,8.52,86.02,9.67,8.12,83.99,9.67,7.65,79.09,9.32,7.01,75.14,9.04,7.10,78.50,0.00,0.00,0.00,0.00,0.00,0.00,0.00,0.00,0.00,0.00,0.00,0.00,73.19,58.22,79.55,2026
EM00015696,Sukumar Chandra Dash,1323,Dinajpur,DI024-G,02,1,0.00,0.00,0.00,4.36,3.17,72.65,4.36,3.60,82.52,4.70,3.55,75.47,4.40,3.94,89.50,4.80,3.78,78.70,4.80,3.77,78.47,5.00,3.99,79.87,0.00,0.00,0.00,0.00,0.00,0.00,0.00,0.00,0.00,0.00,0.00,0.00,32.42,25.79,79.54,2026
EM00015094,Anik Mondol,1326,Barishal,BA102-B,01,1,7.90,5.63,71.29,7.84,5.23,66.66,7.84,5.71,72.78,8.33,6.21,74.47,7.79,6.11,78.47,7.79,6.45,82.83,6.81,6.46,94.87,6.44,6.52,101.23,0.00,0.00,0.00,0.00,0.00,0.00,0.00,0.00,0.00,0.00,0.00,0.00,60.73,48.31,79.54,2026
EM00015829,Md. Hafizur Rahman,1313,Narayanganj,NA035-V,04,1,0.00,0.00,0.00,0.00,0.00,0.00,6.79,4.82,71.03,7.24,6.03,83.28,7.24,5.39,74.48,7.85,6.87,87.54,8.15,6.51,79.91,8.46,6.74,79.65,0.00,0.00,0.00,0.00,0.00,0.00,0.00,0.00,0.00,0.00,0.00,0.00,45.73,36.37,79.53,2026
EM00010060,Md. Shamim Mia,1316,Sylhet,SY122-A,01,1,7.47,5.29,70.73,7.10,5.79,81.55,7.10,5.93,83.53,8.05,6.28,78.05,7.76,5.77,74.42,7.76,5.89,75.88,7.30,6.08,83.21,7.20,6.46,89.80,0.00,0.00,0.00,0.00,0.00,0.00,0.00,0.00,0.00,0.00,0.00,0.00,59.73,47.48,79.49,2026
EM00010926,Md. Nuruzzaman Zento,1328,CHT+CXB,RG02019,02,4,27.29,17.40,63.75,141.14,110.08,77.99,143.51,107.69,75.04,155.37,118.12,76.03,137.43,115.75,84.22,150.84,120.74,80.05,150.84,122.43,81.17,155.31,131.63,84.75,0.00,0.00,0.00,0.00,0.00,0.00,0.00,0.00,0.00,0.00,0.00,0.00,1061.73,843.83,79.48,2026
EM00014351,Md. Shoriful Islam,1311,Dhanmondi,DH260-P,01,2,51.25,49.40,96.39,51.25,46.99,91.69,51.25,38.59,75.31,58.68,38.71,65.97,56.55,39.60,70.02,56.55,40.65,71.88,53.37,45.56,85.36,52.60,43.38,82.47,0.00,0.00,0.00,0.00,0.00,0.00,0.00,0.00,0.00,0.00,0.00,0.00,431.50,342.87,79.46,2026
EM00013559,Prosanjit Kumar Das,1324,Jashore,JA015-G,02,1,9.30,8.21,88.27,7.35,5.49,74.70,7.46,5.91,79.29,8.08,5.84,72.28,7.52,6.17,82.04,8.25,5.85,70.87,8.25,6.70,81.25,8.47,7.21,85.17,0.00,0.00,0.00,0.00,0.00,0.00,0.00,0.00,0.00,0.00,0.00,0.00,64.68,51.39,79.45,2026
EM00010483,Md. Shahidul Islam,1310,Paltan,PA052-A,01,1,8.56,8.08,94.48,8.50,8.43,99.27,8.50,6.33,74.52,10.15,6.94,68.39,9.78,6.25,63.92,9.78,6.67,68.16,7.66,6.71,87.61,7.87,6.82,86.64,0.00,0.00,0.00,0.00,0.00,0.00,0.00,0.00,0.00,0.00,0.00,0.00,70.79,56.24,79.44,2026
EM00016052,Md. Shojib Hossain,1310,Paltan,PA013-D,11,1,0.00,0.00,0.00,0.00,0.00,0.00,0.00,0.00,0.00,5.61,3.47,61.82,5.16,3.45,66.89,5.16,4.15,80.43,5.47,4.71,86.02,4.96,5.16,104.05,0.00,0.00,0.00,0.00,0.00,0.00,0.00,0.00,0.00,0.00,0.00,0.00,26.36,20.94,79.43,2026
EM00013397,Md. Ariful Islam,1321,Rajshahi,RA064-B,01,1,5.29,3.42,64.70,5.25,4.25,80.88,5.25,3.91,74.54,6.18,4.74,76.72,5.96,4.26,71.46,5.96,4.68,78.66,5.14,4.66,90.61,5.07,5.10,100.50,0.00,0.00,0.00,0.00,0.00,0.00,0.00,0.00,0.00,0.00,0.00,0.00,44.09,35.02,79.42,2026
EM00016139,Md. Zaminur Rahman,1322,Rangpur,RN051-B,01,1,0.00,0.00,0.00,0.00,0.00,0.00,0.00,0.00,0.00,0.00,0.00,0.00,7.74,4.89,63.10,7.74,4.83,62.32,6.62,6.37,96.20,6.52,6.66,102.09,0.00,0.00,0.00,0.00,0.00,0.00,0.00,0.00,0.00,0.00,0.00,0.00,28.63,22.74,79.42,2026
EM00009693,Md. Joynal Abadin,1322,Rangpur,RN122-A,01,1,6.75,4.85,71.76,6.75,4.69,69.41,6.75,5.64,83.42,8.56,6.19,72.36,8.25,5.93,71.91,8.25,5.96,72.27,6.93,6.53,94.33,6.83,7.12,104.26,0.00,0.00,0.00,0.00,0.00,0.00,0.00,0.00,0.00,0.00,0.00,0.00,59.08,46.91,79.41,2026
EM00002103,Mr. Arun Ch. Sarkar,1324,Jashore,JA010-P,01,2,46.15,31.81,68.93,45.81,34.16,74.57,45.81,34.53,75.37,54.71,37.32,68.21,53.19,39.61,74.47,53.19,44.23,83.15,47.69,46.27,97.02,47.14,44.69,94.80,0.00,0.00,0.00,0.00,0.00,0.00,0.00,0.00,0.00,0.00,0.00,0.00,393.71,312.63,79.41,2026
EM00005515,Mr. Krishno Pada Mondol,1334,Kishoreganj,KI050-P,01,2,42.83,33.66,78.59,42.52,33.90,79.72,42.52,32.79,77.12,51.01,39.10,76.66,49.45,33.93,68.60,49.45,36.63,74.06,47.49,43.87,92.37,46.47,41.28,88.83,0.00,0.00,0.00,0.00,0.00,0.00,0.00,0.00,0.00,0.00,0.00,0.00,371.74,295.15,79.40,2026
EM00010856,Md. Uzzal Hossain,1315,Chattogram,CH062-B,01,1,6.80,5.27,77.56,6.75,5.14,76.14,6.75,5.41,80.25,7.88,5.92,75.11,7.60,5.73,75.44,7.60,6.17,81.18,7.25,6.08,83.95,6.91,5.93,85.91,0.00,0.00,0.00,0.00,0.00,0.00,0.00,0.00,0.00,0.00,0.00,0.00,57.53,45.67,79.38,2026
EM00004554,Md. Sirajul Islam,1335,Kushtia,KU020-P,01,2,40.09,29.36,73.23,39.80,30.95,77.77,39.80,32.56,81.81,45.57,33.26,72.98,42.52,31.63,74.39,42.52,34.78,81.78,38.45,33.70,87.65,38.60,33.58,86.99,0.00,0.00,0.00,0.00,0.00,0.00,0.00,0.00,0.00,0.00,0.00,0.00,327.37,259.82,79.37,2026
EM00013975,Md. Rejaul Karim,1312,Uttara,UT081-A,01,1,8.18,7.49,91.58,8.12,7.03,86.65,8.12,6.18,76.09,9.18,6.25,68.13,8.83,6.64,75.21,8.83,6.50,73.62,8.47,6.81,80.40,8.25,7.02,85.09,0.00,0.00,0.00,0.00,0.00,0.00,0.00,0.00,0.00,0.00,0.00,0.00,67.99,53.94,79.33,2026
EM00012156,Mostafa Kamal,1320,Bogura,RP01043,01,4,234.18,160.81,68.67,232.51,160.77,69.15,232.51,171.05,73.57,269.79,202.46,75.04,260.02,186.64,71.78,260.02,210.30,80.88,210.00,212.70,101.29,206.99,207.18,100.08,0.00,0.00,0.00,0.00,0.00,0.00,0.00,0.00,0.00,0.00,0.00,0.00,1906.02,1511.91,79.32,2026
EM00014428,Anjon Kumar Das,1326,Barishal,BA031-V,04,1,6.60,4.98,75.40,6.60,4.68,70.95,6.75,4.20,62.22,7.20,6.08,84.48,7.20,5.18,71.96,7.80,7.89,101.12,8.10,6.24,77.02,8.45,7.31,86.51,0.00,0.00,0.00,0.00,0.00,0.00,0.00,0.00,0.00,0.00,0.00,0.00,58.70,46.56,79.32,2026
EM00005501,Mr. Mridul Kanti Deb,1328,Cox's Bazar,CO010-P,01,2,47.41,35.59,75.07,47.07,37.18,78.99,47.07,36.54,77.63,52.50,39.69,75.61,50.57,36.85,72.87,50.57,40.38,79.85,30.03,27.60,91.90,29.01,27.11,93.46,0.00,0.00,0.00,0.00,0.00,0.00,0.00,0.00,0.00,0.00,0.00,0.00,354.23,280.95,79.31,2026
EM00013137,Raton Kumar Sarkar,1320,Bogura,BO053-C,01,1,7.30,4.94,67.69,7.34,5.77,78.66,7.34,5.95,81.05,8.97,6.89,76.84,8.64,5.91,68.43,8.64,6.01,69.61,7.49,7.09,94.69,7.49,7.54,100.61,0.00,0.00,0.00,0.00,0.00,0.00,0.00,0.00,0.00,0.00,0.00,0.00,63.20,50.10,79.28,2026
EM00014133,Mohammad Jewel Hossain,1323,RNG+DNJ,RN011-N,03,1,4.90,4.09,83.38,4.90,2.95,60.11,4.80,4.04,84.11,4.90,4.44,90.63,5.05,4.09,80.98,5.05,4.13,81.69,5.45,3.79,69.57,5.45,4.59,84.25,0.00,0.00,0.00,0.00,0.00,0.00,0.00,0.00,0.00,0.00,0.00,0.00,40.50,32.11,79.28,2026
EM00013701,Anwar Hossain,1314,Mymensingh,MY063-A,01,1,8.34,5.60,67.12,8.68,7.31,84.19,8.68,7.32,84.30,7.34,5.01,68.27,7.07,4.96,70.13,7.07,4.42,62.53,5.87,6.23,106.14,5.82,5.83,100.14,0.00,0.00,0.00,0.00,0.00,0.00,0.00,0.00,0.00,0.00,0.00,0.00,58.88,46.68,79.28,2026
EM00013955,Md. Rashel Ahmed,1323,Dinajpur,DI053-C,01,1,7.47,4.76,63.72,7.42,4.89,65.92,7.42,5.54,74.73,8.79,6.64,75.57,8.63,6.91,80.05,8.63,7.36,85.22,7.56,7.36,97.31,7.45,6.78,90.96,0.00,0.00,0.00,0.00,0.00,0.00,0.00,0.00,0.00,0.00,0.00,0.00,63.37,50.24,79.27,2026
EM00008775,Md. Arif Hossain,1335,Kushtia,KU062-C,01,1,10.89,7.70,70.75,10.81,7.98,73.76,10.81,8.75,80.95,12.56,8.15,64.85,7.76,6.69,86.17,7.76,6.74,86.83,7.31,6.67,91.22,7.38,7.01,94.95,0.00,0.00,0.00,0.00,0.00,0.00,0.00,0.00,0.00,0.00,0.00,0.00,75.29,59.69,79.27,2026
EM00015307,Md. Salman Farsy,1311,Dhanmondi,DH121-B,01,1,8.52,10.02,117.55,8.83,8.32,94.23,8.83,6.88,77.96,10.94,7.74,70.70,10.50,7.23,68.88,10.50,6.47,61.57,9.65,6.40,66.30,9.52,8.21,86.27,0.00,0.00,0.00,0.00,0.00,0.00,0.00,0.00,0.00,0.00,0.00,0.00,77.31,61.28,79.26,2026
EM00008304,Mr. Suman Chandra Das,1319,Feni,FE031-A,01,1,9.31,5.95,63.91,9.24,8.06,87.21,9.24,7.59,82.12,10.30,7.18,69.72,9.94,7.19,72.30,9.94,8.17,82.22,9.05,8.26,91.26,9.03,7.87,87.09,0.00,0.00,0.00,0.00,0.00,0.00,0.00,0.00,0.00,0.00,0.00,0.00,76.07,60.28,79.24,2026
EM00014168,Md. Tarikul Islam,1324,Jashore,JA101-B,01,1,6.68,4.74,70.92,6.48,4.86,74.92,6.48,4.81,74.21,7.92,4.95,62.45,7.43,5.80,78.00,7.43,5.06,68.00,6.63,7.00,105.50,6.76,7.02,103.80,0.00,0.00,0.00,0.00,0.00,0.00,0.00,0.00,0.00,0.00,0.00,0.00,55.84,44.23,79.21,2026
EM00015387,Md. Twaha Imamul Haque,1334,DNM+UTR+MYM+SYL+CML+FEN+BGR+RJS+RNG,AGM02-P,01,9,6928.72,5336.90,77.03,6879.27,5425.10,78.86,6879.27,5497.95,79.92,7992.41,5805.12,72.63,7701.04,5507.72,71.52,7701.04,5847.65,75.93,6926.29,6284.54,90.73,6827.13,6095.43,89.28,0.00,0.00,0.00,0.00,0.00,0.00,0.00,0.00,0.00,0.00,0.00,0.00,57835.17,45800.42,79.19,2026
EM00014002,Md. Masud Rana,1335,Kushtia,KU031-B,01,1,9.55,6.53,68.36,9.49,6.71,70.74,9.49,7.98,84.16,11.23,7.99,71.16,9.80,7.64,77.94,9.80,7.96,81.27,9.40,8.35,88.79,9.29,8.64,93.02,0.00,0.00,0.00,0.00,0.00,0.00,0.00,0.00,0.00,0.00,0.00,0.00,78.05,61.81,79.19,2026
EM00016317,Abdul Gani,1318,Noakhali,NO122-A,01,1,0.00,0.00,0.00,0.00,0.00,0.00,0.00,0.00,0.00,0.00,0.00,0.00,0.00,0.00,0.00,0.00,0.00,0.00,9.21,6.92,75.13,8.99,7.50,83.34,0.00,0.00,0.00,0.00,0.00,0.00,0.00,0.00,0.00,0.00,0.00,0.00,18.21,14.42,79.19,2026
EM00015571,Md. Ashraf Ali,1332,B. Baria,BB051-B,01,1,8.56,6.38,74.54,8.50,7.91,93.09,8.50,7.61,89.51,9.07,6.59,72.65,8.74,6.56,75.09,8.74,7.07,80.90,8.61,6.50,75.48,8.49,6.18,72.76,0.00,0.00,0.00,0.00,0.00,0.00,0.00,0.00,0.00,0.00,0.00,0.00,69.20,54.79,79.18,2026
EM00014061,Md. Zahurul Haque,1311,Dhanmondi,DH111-A,01,1,6.61,6.13,92.76,6.61,5.34,80.75,6.61,6.09,92.08,7.82,5.68,72.68,7.54,5.20,68.98,7.54,5.23,69.42,6.71,5.29,78.81,6.61,5.42,81.91,0.00,0.00,0.00,0.00,0.00,0.00,0.00,0.00,0.00,0.00,0.00,0.00,56.05,44.38,79.17,2026
EM00014611,Md. Mamun Hossain,1333,Moulvibazar,MO042-B,01,1,8.36,6.15,73.55,8.30,6.55,78.97,8.30,5.97,71.93,9.63,7.23,75.08,9.28,5.68,61.26,9.28,6.95,74.91,8.49,8.49,99.98,8.37,8.40,100.36,0.00,0.00,0.00,0.00,0.00,0.00,0.00,0.00,0.00,0.00,0.00,0.00,70.00,55.42,79.17,2026
EM00012960,Sree Apurbo Das,1316,Sylhet,SY032-C,01,1,8.13,5.68,69.81,8.08,5.44,67.33,8.08,6.97,86.25,9.49,7.41,78.06,9.15,6.31,68.95,9.15,7.40,80.83,8.21,7.33,89.21,8.09,7.61,94.03,0.00,0.00,0.00,0.00,0.00,0.00,0.00,0.00,0.00,0.00,0.00,0.00,68.38,54.13,79.16,2026
EM00001180,Mr. S. M. Aminur Rahman,1311,Dhanmondi,RP01007,01,4,253.69,196.37,77.40,251.90,203.89,80.94,251.90,193.32,76.75,298.79,203.64,68.15,287.68,193.87,67.39,287.68,213.64,74.26,254.80,245.33,96.28,251.15,241.45,96.14,0.00,0.00,0.00,0.00,0.00,0.00,0.00,0.00,0.00,0.00,0.00,0.00,2137.59,1691.51,79.13,2026
EM00011553,Muhammad Safikul Islam,1325,Khulna,KH081-A,01,1,8.37,5.33,63.69,8.31,5.71,68.76,8.31,6.58,79.25,10.36,7.84,75.68,9.90,7.55,76.28,9.90,8.11,81.90,8.48,8.17,96.42,8.18,7.51,91.80,0.00,0.00,0.00,0.00,0.00,0.00,0.00,0.00,0.00,0.00,0.00,0.00,71.79,56.80,79.12,2026
EM00012833,Md. Imran Hossain,1311,Dhanmondi,DH123-B,01,1,6.81,5.55,81.45,6.76,5.79,85.71,6.76,5.20,76.92,8.17,6.41,78.44,7.88,5.30,67.24,7.88,5.97,75.84,7.76,6.87,88.51,7.65,6.11,79.85,0.00,0.00,0.00,0.00,0.00,0.00,0.00,0.00,0.00,0.00,0.00,0.00,59.65,47.18,79.10,2026
EM00013537,Md. Rajib Hossain,1324,Jashore,JA063-B,01,1,6.67,4.90,73.48,6.57,4.84,73.65,6.57,4.99,75.95,8.05,5.70,70.72,7.77,5.62,72.34,7.77,6.06,77.93,7.17,6.27,87.38,7.22,7.31,101.17,0.00,0.00,0.00,0.00,0.00,0.00,0.00,0.00,0.00,0.00,0.00,0.00,57.80,45.67,79.02,2026
EM00007669,Md. Motiar Rahman,1317,Cumilla,CU120-P,01,2,63.68,49.57,77.84,63.22,53.91,85.28,63.22,51.62,81.64,68.60,49.42,72.05,66.09,45.22,68.41,66.09,52.48,79.40,62.06,51.96,83.73,61.17,52.10,85.17,0.00,0.00,0.00,0.00,0.00,0.00,0.00,0.00,0.00,0.00,0.00,0.00,514.14,406.28,79.02,2026
EM00015970,Md. Mejarul Islam,1330,Pabna,PB033-A,01,1,0.00,0.00,0.00,0.00,0.00,0.00,0.00,0.00,0.00,7.23,4.75,65.69,6.96,4.68,67.28,6.96,5.27,75.69,6.01,5.49,91.37,5.82,5.87,100.87,0.00,0.00,0.00,0.00,0.00,0.00,0.00,0.00,0.00,0.00,0.00,0.00,32.97,26.05,79.02,2026
EM00014054,Md. Abul Kalam Azad,1324,Jashore,JA052-A,01,1,7.75,5.83,75.20,7.69,6.30,81.89,7.69,6.13,79.73,8.85,6.07,68.54,8.53,5.98,70.06,8.53,6.96,81.58,7.82,6.80,87.02,7.65,6.91,90.34,0.00,0.00,0.00,0.00,0.00,0.00,0.00,0.00,0.00,0.00,0.00,0.00,64.52,50.98,79.02,2026
EM00002159,Mohammad Faruq Hossain,1331,Chandpur,RP01025,01,4,341.97,257.97,75.44,339.51,274.08,80.73,339.51,281.22,82.83,371.73,280.64,75.50,358.34,269.80,75.29,358.34,274.05,76.48,336.00,277.40,82.56,323.65,272.49,84.19,0.00,0.00,0.00,0.00,0.00,0.00,0.00,0.00,0.00,0.00,0.00,0.00,2769.05,2187.65,79.00,2026
EM00012429,Mohammad Zahirul Islam,1332,B. Baria,BB014-C,01,1,10.10,8.43,83.47,10.03,8.96,89.38,10.03,8.35,83.24,10.56,7.42,70.24,10.19,7.27,71.35,10.19,7.99,78.46,9.91,8.07,81.47,9.76,7.30,74.82,0.00,0.00,0.00,0.00,0.00,0.00,0.00,0.00,0.00,0.00,0.00,0.00,80.76,63.80,78.99,2026
EM00015113,Md Monabbirul Hosen,1310,Paltan,PA232-A,01,1,5.26,5.49,104.36,5.23,4.79,91.60,5.23,5.23,100.05,6.14,4.26,69.41,5.91,3.49,59.09,5.91,4.22,71.47,4.49,3.47,77.32,4.61,2.83,61.31,0.00,0.00,0.00,0.00,0.00,0.00,0.00,0.00,0.00,0.00,0.00,0.00,42.77,33.78,78.98,2026
EM00016341,Md. Mosharaf Hossain,1317,Cumilla,CU016-G,02,1,0.00,0.00,0.00,0.00,0.00,0.00,0.00,0.00,0.00,0.00,0.00,0.00,0.00,0.00,0.00,0.00,0.00,0.00,3.01,2.30,76.48,3.30,2.68,81.26,0.00,0.00,0.00,0.00,0.00,0.00,0.00,0.00,0.00,0.00,0.00,0.00,6.31,4.98,78.98,2026
EM00014423,Md. Sohel Rana,1311,Dhanmondi,DH011-V,04,1,5.25,4.39,83.71,5.25,3.81,72.50,5.37,3.57,66.55,5.73,5.37,93.74,5.73,4.44,77.49,6.14,4.87,79.35,6.38,5.29,82.89,6.85,5.13,74.88,0.00,0.00,0.00,0.00,0.00,0.00,0.00,0.00,0.00,0.00,0.00,0.00,46.70,36.88,78.96,2026
EM00005732,Md. Mazedul Islam,1319,Feni,FE090-P,01,2,34.52,26.97,78.15,34.27,28.58,83.42,34.27,27.65,80.70,37.30,28.21,75.64,35.97,26.95,74.93,35.97,27.02,75.11,33.56,27.52,82.00,33.08,27.32,82.58,0.00,0.00,0.00,0.00,0.00,0.00,0.00,0.00,0.00,0.00,0.00,0.00,278.92,220.22,78.95,2026
EM00003693,Md. Osman Gani,1320,Bogura,BO073-A,01,1,6.35,4.93,77.65,6.36,4.83,75.95,6.36,5.26,82.69,7.63,5.45,71.41,7.41,4.98,67.14,7.41,5.70,76.86,6.06,5.64,93.04,6.06,5.57,91.89,0.00,0.00,0.00,0.00,0.00,0.00,0.00,0.00,0.00,0.00,0.00,0.00,53.65,42.35,78.95,2026
EM00006334,Mr. Bilash Roy,1313,Narayanganj,RP01014,01,4,0.00,0.00,0.00,0.00,0.00,0.00,366.21,295.90,80.80,393.72,287.40,73.00,379.14,269.92,71.19,379.14,291.02,76.76,343.00,302.76,88.27,351.90,300.02,85.26,0.00,0.00,0.00,0.00,0.00,0.00,0.00,0.00,0.00,0.00,0.00,0.00,2213.12,1747.03,78.94,2026
EM00003555,Mr. Shankar Kumar Sutradhar,1312,Uttara,UT031-A,01,1,9.23,7.74,83.88,9.16,7.36,80.36,9.16,7.40,80.76,10.14,7.59,74.78,10.01,7.34,73.33,10.01,7.42,74.07,8.52,7.32,85.96,8.39,6.73,80.26,0.00,0.00,0.00,0.00,0.00,0.00,0.00,0.00,0.00,0.00,0.00,0.00,74.63,58.90,78.93,2026
EM00010924,Md. Nizam Uddin,1316,Sylhet,SY031-G,02,1,5.00,3.95,78.97,4.70,3.25,69.21,4.75,3.17,66.81,5.10,3.88,76.04,4.00,3.44,86.09,6.70,4.82,71.91,6.70,5.90,88.13,7.00,6.27,89.55,0.00,0.00,0.00,0.00,0.00,0.00,0.00,0.00,0.00,0.00,0.00,0.00,43.95,34.69,78.92,2026
EM00014454,Mizanur Rahman,1336,Keraniganj,KE013-B,01,1,6.56,4.97,75.72,6.51,5.21,80.06,6.51,4.72,72.49,7.48,4.87,65.09,7.44,5.07,68.09,7.44,5.35,71.93,6.72,6.69,99.49,6.78,6.88,101.57,0.00,0.00,0.00,0.00,0.00,0.00,0.00,0.00,0.00,0.00,0.00,0.00,55.45,43.76,78.92,2026
EM00012052,Md. Arifur Rahman,1319,Feni,FE012-A,01,1,8.10,6.57,81.12,8.05,6.52,81.03,8.05,6.77,84.15,8.64,6.07,70.33,8.52,6.59,77.37,8.52,6.48,76.02,7.93,6.43,81.09,7.82,6.35,81.22,0.00,0.00,0.00,0.00,0.00,0.00,0.00,0.00,0.00,0.00,0.00,0.00,65.63,51.79,78.92,2026
EM00013923,Jahid Uddin Chowdhury,1398,PLT+DNM+NRG+CHT+NKL+JSR+KHL+BRS+FRD,AGM01-P,01,9,7071.34,5527.57,78.17,7020.79,5569.65,79.33,7020.79,5618.37,80.02,8092.25,5888.31,72.76,7798.97,5679.16,72.82,7798.97,5974.93,76.61,7074.16,6123.95,86.57,6972.88,6058.80,86.89,0.00,0.00,0.00,0.00,0.00,0.00,0.00,0.00,0.00,0.00,0.00,0.00,58850.14,46440.73,78.91,2026
EM00012877,Md. Faruq Miah,1320,Bogura,BO101-C,01,1,7.50,5.30,70.61,7.45,4.85,65.12,7.45,5.32,71.46,8.05,5.50,68.27,7.41,5.33,71.95,7.41,6.43,86.85,6.10,6.27,102.71,6.00,6.27,104.50,0.00,0.00,0.00,0.00,0.00,0.00,0.00,0.00,0.00,0.00,0.00,0.00,57.36,45.26,78.91,2026
EM00011204,Md. Ashraful Islam,1313,Narayanganj,NA041-A,01,1,11.98,9.87,82.39,11.98,9.85,82.28,11.98,9.64,80.51,10.93,8.10,74.11,10.19,7.26,71.22,10.19,7.58,74.38,9.36,7.69,82.18,9.61,8.03,83.61,0.00,0.00,0.00,0.00,0.00,0.00,0.00,0.00,0.00,0.00,0.00,0.00,86.21,68.03,78.91,2026
EM00008051,Mr. Farid Ahmmed,1319,Feni,FE092-C,01,1,9.96,7.81,78.44,9.89,7.97,80.54,9.89,7.92,80.04,10.87,8.50,78.22,10.48,8.28,78.95,10.48,7.56,72.12,9.79,7.90,80.69,9.65,7.98,82.69,0.00,0.00,0.00,0.00,0.00,0.00,0.00,0.00,0.00,0.00,0.00,0.00,81.03,63.93,78.89,2026
EM00006697,Md. Al-Amin,1333,Moulvibazar,MO101-B,01,1,9.25,7.11,76.90,9.18,7.05,76.82,9.18,7.37,80.23,10.63,7.93,74.60,10.24,7.45,72.73,10.24,7.92,77.35,9.12,8.30,91.01,8.99,7.48,83.17,0.00,0.00,0.00,0.00,0.00,0.00,0.00,0.00,0.00,0.00,0.00,0.00,76.84,60.61,78.88,2026
EM00003533,Md. Abdul Gaffar,1327,Faridpur,FA073-A,01,1,8.32,6.04,72.66,8.26,6.03,73.01,8.26,7.08,85.68,9.54,7.07,74.09,9.19,7.16,77.95,9.19,7.06,76.84,8.56,7.36,85.99,8.17,7.00,85.75,0.00,0.00,0.00,0.00,0.00,0.00,0.00,0.00,0.00,0.00,0.00,0.00,69.47,54.80,78.88,2026
EM00010524,Md. Tariqujjaman,1330,Pabna,PB050-P,01,2,46.25,35.82,77.45,45.91,32.29,70.32,45.91,34.00,74.06,52.83,38.21,72.31,51.13,36.41,71.22,51.13,40.89,79.97,45.84,42.63,93.01,45.18,42.74,94.59,0.00,0.00,0.00,0.00,0.00,0.00,0.00,0.00,0.00,0.00,0.00,0.00,384.18,302.98,78.86,2026
EM00015173,Md. Abdus Salam,1313,Narayanganj,NA093-B,01,1,10.80,9.18,84.93,10.73,9.18,85.54,10.73,8.81,82.14,11.98,9.17,76.55,11.55,7.78,67.37,11.55,8.66,75.00,10.39,8.64,83.13,10.71,8.32,77.73,0.00,0.00,0.00,0.00,0.00,0.00,0.00,0.00,0.00,0.00,0.00,0.00,88.43,69.73,78.86,2026
EM00011435,Md. Shakil Hossain,1312,Uttara,UT022-V,04,1,8.75,6.23,71.25,8.75,6.81,77.77,8.95,5.42,60.57,9.55,7.77,81.37,9.45,7.36,77.93,10.24,7.81,76.32,10.62,8.29,78.03,11.41,11.59,101.57,0.00,0.00,0.00,0.00,0.00,0.00,0.00,0.00,0.00,0.00,0.00,0.00,77.72,61.29,78.86,2026
EM00014036,Md. Monirul Islam,1315,Chattogram,CH315-C,01,1,8.95,6.73,75.17,8.88,7.00,78.76,8.88,7.50,84.48,10.30,7.77,75.40,9.94,7.74,77.90,9.94,7.64,76.91,9.05,7.30,80.69,8.31,6.87,82.66,0.00,0.00,0.00,0.00,0.00,0.00,0.00,0.00,0.00,0.00,0.00,0.00,74.25,58.55,78.85,2026
EM00014626,Sk. Mobarak Hossain,1327,Faridpur,FA132-B,01,1,7.17,5.05,70.44,7.12,5.45,76.58,7.12,6.11,85.84,8.43,6.02,71.37,8.46,6.35,75.08,8.46,6.57,77.57,7.69,6.51,84.71,7.85,7.06,89.96,0.00,0.00,0.00,0.00,0.00,0.00,0.00,0.00,0.00,0.00,0.00,0.00,62.30,49.12,78.85,2026
EM00013870,Uttam Ray,1310,Paltan,PA152-B,01,1,5.87,5.31,90.50,5.83,4.36,74.79,5.83,4.86,83.41,7.44,4.54,61.04,7.13,4.57,64.03,7.13,4.99,69.92,6.00,6.02,100.30,6.25,5.94,95.12,0.00,0.00,0.00,0.00,0.00,0.00,0.00,0.00,0.00,0.00,0.00,0.00,51.48,40.59,78.85,2026
EM00016362,Md. Suzon Hossen,1319,Feni,FE071-A,01,1,0.00,0.00,0.00,0.00,0.00,0.00,0.00,0.00,0.00,0.00,0.00,0.00,0.00,0.00,0.00,0.00,0.00,0.00,9.72,7.51,77.23,9.58,7.71,80.47,0.00,0.00,0.00,0.00,0.00,0.00,0.00,0.00,0.00,0.00,0.00,0.00,19.31,15.22,78.84,2026
EM00002141,Mohammad Abdul Ghani,1334,Kishoreganj,KI030-P,01,2,48.24,35.99,74.60,47.89,37.60,78.52,47.89,39.65,82.80,58.31,43.65,74.86,37.15,27.50,74.03,37.15,29.08,78.28,35.38,30.44,86.04,34.95,29.53,84.48,0.00,0.00,0.00,0.00,0.00,0.00,0.00,0.00,0.00,0.00,0.00,0.00,346.97,273.45,78.81,2026
EM00013584,Md. Shahabuddin,1325,Khulna,KH023-B,01,1,6.01,4.77,79.47,5.96,4.38,73.40,5.96,4.79,80.31,7.06,4.82,68.36,6.84,4.78,69.87,6.84,5.09,74.39,6.21,5.24,84.44,6.21,6.39,102.89,0.00,0.00,0.00,0.00,0.00,0.00,0.00,0.00,0.00,0.00,0.00,0.00,51.08,40.25,78.81,2026
EM00016138,Sajjat Mia,1334,Kishoreganj,KI054-B,01,1,0.00,0.00,0.00,0.00,0.00,0.00,0.00,0.00,0.00,0.00,0.00,0.00,5.41,3.01,55.61,5.41,3.09,57.15,4.94,5.13,103.82,4.88,5.04,103.16,0.00,0.00,0.00,0.00,0.00,0.00,0.00,0.00,0.00,0.00,0.00,0.00,20.64,16.26,78.80,2026
EM00015033,Md. Sohel Rana Polash,1311,Dhanmondi,DH062-A,01,1,1.85,1.53,82.45,1.85,1.15,62.15,1.85,1.54,83.35,2.62,1.97,75.11,2.52,1.57,62.32,2.52,1.82,72.45,2.11,1.99,94.46,2.09,2.14,102.59,0.00,0.00,0.00,0.00,0.00,0.00,0.00,0.00,0.00,0.00,0.00,0.00,17.40,13.71,78.80,2026
EM00015553,Md. Anisar Rahman,1322,Rangpur,RP01047,01,4,212.60,141.47,66.54,211.07,146.75,69.53,211.07,148.18,70.20,283.72,192.48,67.84,273.51,200.13,73.17,273.51,219.15,80.13,234.47,241.05,102.81,231.12,232.33,100.52,0.00,0.00,0.00,0.00,0.00,0.00,0.00,0.00,0.00,0.00,0.00,0.00,1931.06,1521.55,78.79,2026
EM00011348,Imrul Kayes,1324,Jashore,JA022-B,01,1,6.94,5.27,75.91,6.90,4.75,68.83,6.90,5.08,73.70,8.24,5.46,66.18,7.74,5.80,74.94,7.74,6.19,80.05,6.56,6.12,93.22,6.53,6.67,102.23,0.00,0.00,0.00,0.00,0.00,0.00,0.00,0.00,0.00,0.00,0.00,0.00,57.55,45.34,78.79,2026
EM00013382,Rafiqul Islam,1317,Cumilla,CU061-A,01,1,8.43,5.96,70.66,8.37,7.28,87.00,8.37,7.56,90.35,9.38,6.99,74.54,9.04,6.56,72.60,9.04,6.58,72.84,8.55,6.87,80.34,8.42,7.03,83.43,0.00,0.00,0.00,0.00,0.00,0.00,0.00,0.00,0.00,0.00,0.00,0.00,69.61,54.84,78.79,2026
EM00013649,Samrat Das,1331,Chandpur,CA011-B,01,1,8.70,6.23,71.59,8.63,5.29,61.29,8.63,6.16,71.34,8.74,6.23,71.32,7.70,6.26,81.35,7.70,6.16,79.99,7.26,7.26,99.97,7.00,7.12,101.65,0.00,0.00,0.00,0.00,0.00,0.00,0.00,0.00,0.00,0.00,0.00,0.00,64.37,50.72,78.78,2026
EM00013722,Md. A. Kuddus Sajwal,1318,Noakhali,NO012-B,01,1,9.10,7.39,81.24,9.04,6.48,71.68,9.04,7.69,85.13,10.27,7.50,73.03,9.70,7.38,76.07,9.70,7.28,75.00,9.25,8.09,87.48,9.08,7.41,81.56,0.00,0.00,0.00,0.00,0.00,0.00,0.00,0.00,0.00,0.00,0.00,0.00,75.19,59.23,78.77,2026
EM00011816,Md. Manik Mia,1327,Faridpur,FA141-A,01,1,10.88,8.23,75.59,10.81,8.42,77.88,10.81,8.69,80.39,12.41,9.82,79.13,12.51,8.79,70.30,12.51,9.25,73.96,11.34,9.89,87.22,11.15,9.71,87.06,0.00,0.00,0.00,0.00,0.00,0.00,0.00,0.00,0.00,0.00,0.00,0.00,92.41,72.79,78.77,2026
EM00005456,Md. Aslam Hossain,1322,Rangpur,RN060-P,01,2,49.07,34.39,70.08,48.72,35.10,72.04,48.72,35.49,72.85,46.52,31.61,67.95,44.86,31.84,70.97,44.86,35.95,80.14,37.92,39.79,104.92,37.38,37.84,101.24,0.00,0.00,0.00,0.00,0.00,0.00,0.00,0.00,0.00,0.00,0.00,0.00,358.04,282.00,78.76,2026
EM00006889,Mr. Uzzal Kumar Paul,1326,Barishal,BA080-P,01,2,24.84,16.12,64.90,24.67,17.86,72.41,24.67,20.53,83.20,29.32,21.78,74.30,28.37,21.18,74.67,28.37,24.50,86.37,26.08,20.89,80.11,24.70,23.33,94.43,0.00,0.00,0.00,0.00,0.00,0.00,0.00,0.00,0.00,0.00,0.00,0.00,211.02,166.20,78.76,2026
EM00010536,Md. Ashraful Islam,1310,Paltan,PA171-B,01,1,6.25,5.84,93.37,6.50,6.10,93.83,6.50,4.96,76.38,8.25,5.20,62.99,7.95,5.21,65.57,7.95,4.95,62.27,6.40,5.92,92.57,6.53,6.17,94.56,0.00,0.00,0.00,0.00,0.00,0.00,0.00,0.00,0.00,0.00,0.00,0.00,56.32,44.36,78.75,2026
EM00015535,Md. Rafiqul Islam,1332,B. Baria,BB013-V,04,1,5.75,4.16,72.41,5.40,3.80,70.31,5.52,3.51,63.62,5.47,5.50,100.54,5.60,4.14,74.02,6.07,5.28,87.07,6.30,4.90,77.82,6.76,5.60,82.91,0.00,0.00,0.00,0.00,0.00,0.00,0.00,0.00,0.00,0.00,0.00,0.00,46.87,36.91,78.75,2026
EM00010691,Mahmudur Rahman Khan,1328,Cox's Bazar,CO092-C,01,1,8.97,6.37,70.99,8.90,7.69,86.34,8.90,7.13,80.06,10.04,7.76,77.26,9.68,7.75,80.12,9.68,7.51,77.63,9.50,7.50,78.88,9.17,7.23,78.83,0.00,0.00,0.00,0.00,0.00,0.00,0.00,0.00,0.00,0.00,0.00,0.00,74.84,58.93,78.74,2026
EM00016482,Md. Azim Rana,1321,Rajshahi,RA063-A,01,1,0.00,0.00,0.00,0.00,0.00,0.00,0.00,0.00,0.00,0.00,0.00,0.00,0.00,0.00,0.00,0.00,0.00,0.00,0.00,0.00,0.00,6.32,4.97,78.73,0.00,0.00,0.00,0.00,0.00,0.00,0.00,0.00,0.00,0.00,0.00,0.00,6.32,4.97,78.73,2026
EM00005831,Md. Aminul Islam,1321,Rajshahi,RA080-P,01,2,57.30,36.31,63.37,56.89,38.59,67.83,56.89,43.03,75.64,70.04,49.23,70.29,67.51,49.89,73.90,67.51,53.08,78.63,56.26,56.40,100.25,55.96,57.91,103.46,0.00,0.00,0.00,0.00,0.00,0.00,0.00,0.00,0.00,0.00,0.00,0.00,488.37,384.45,78.72,2026
EM00016082,Amritto Roy,1311,Dhanmondi,DH014-G,02,1,0.00,0.00,0.00,0.00,0.00,0.00,0.00,0.00,0.00,0.00,0.00,0.00,2.80,1.29,46.19,3.00,2.18,72.64,2.80,2.69,96.13,2.70,2.73,101.16,0.00,0.00,0.00,0.00,0.00,0.00,0.00,0.00,0.00,0.00,0.00,0.00,11.30,8.90,78.72,2026
EM00011808,Md. Nur E Alam,1330,Pabna,PB043-A,01,1,9.80,7.63,77.88,9.73,7.47,76.85,9.73,8.14,83.68,10.85,7.85,72.36,11.01,8.11,73.64,11.01,8.29,75.32,10.16,9.19,90.46,10.04,8.11,80.73,0.00,0.00,0.00,0.00,0.00,0.00,0.00,0.00,0.00,0.00,0.00,0.00,82.32,64.79,78.71,2026
EM00009985,Akhtarul Haque,1333,Moulvibazar,MO042-A,01,1,9.43,7.15,75.83,9.36,7.06,75.42,9.36,7.18,76.66,10.89,7.43,68.26,10.50,7.32,69.78,10.50,7.89,75.16,9.41,8.61,91.54,9.27,9.30,100.32,0.00,0.00,0.00,0.00,0.00,0.00,0.00,0.00,0.00,0.00,0.00,0.00,78.72,61.95,78.70,2026
EM00014941,Md. Abdullah Hel Kafi,1336,Keraniganj,KE042-C,01,1,7.63,6.53,85.68,7.57,6.96,91.89,7.57,5.72,75.49,8.16,6.24,76.41,7.91,5.64,71.31,7.91,5.66,71.63,7.03,5.83,82.86,7.55,5.68,75.28,0.00,0.00,0.00,0.00,0.00,0.00,0.00,0.00,0.00,0.00,0.00,0.00,61.33,48.26,78.69,2026
EM00008723,Md.Shafiqul Islam,1326,Barishal,BA183-B,01,1,7.67,5.64,73.56,7.62,5.19,68.19,7.62,5.78,75.86,8.92,6.74,75.52,8.60,6.59,76.70,8.60,6.60,76.82,7.46,6.97,93.38,7.54,6.85,90.80,0.00,0.00,0.00,0.00,0.00,0.00,0.00,0.00,0.00,0.00,0.00,0.00,64.03,50.37,78.67,2026
EM00013259,Md. Tariqul Islam,1313,Narayanganj,NA084-B,01,1,8.10,6.66,82.21,8.05,6.35,78.89,8.05,6.47,80.45,9.49,6.80,71.66,9.14,6.19,67.72,9.14,6.34,69.43,8.48,8.08,95.26,8.73,7.52,86.07,0.00,0.00,0.00,0.00,0.00,0.00,0.00,0.00,0.00,0.00,0.00,0.00,69.17,54.41,78.66,2026
EM00016436,Sadik Rahman,1310,Paltan,PA044-G,02,1,0.00,0.00,0.00,0.00,0.00,0.00,0.00,0.00,0.00,0.00,0.00,0.00,0.00,0.00,0.00,0.00,0.00,0.00,0.00,0.00,0.00,5.13,4.03,78.65,0.00,0.00,0.00,0.00,0.00,0.00,0.00,0.00,0.00,0.00,0.00,0.00,5.13,4.03,78.65,2026
EM00013179,Joynal Abedin,1319,Feni,FE064-C,01,1,10.12,7.80,77.07,10.05,7.54,75.08,10.05,7.89,78.54,11.39,7.04,61.81,10.65,7.83,73.53,10.65,8.46,79.45,9.07,8.67,95.57,8.94,8.39,93.85,0.00,0.00,0.00,0.00,0.00,0.00,0.00,0.00,0.00,0.00,0.00,0.00,80.94,63.64,78.63,2026
EM00012899,Mithun Kumar Golder,1311,Dhanmondi,DH073-A,01,1,8.61,6.49,75.35,8.61,7.19,83.44,8.61,6.94,80.61,10.19,6.82,66.90,9.81,6.47,65.92,9.81,7.26,73.97,8.57,7.30,85.15,8.57,8.76,102.22,0.00,0.00,0.00,0.00,0.00,0.00,0.00,0.00,0.00,0.00,0.00,0.00,72.79,57.22,78.61,2026
EM00014663,Md. Ashadul Habib,1324,Jashore,JA122-A,01,1,7.89,5.97,75.65,7.83,5.77,73.66,7.83,5.81,74.19,9.19,6.91,75.18,8.51,6.73,79.10,8.51,6.48,76.13,7.87,6.74,85.62,7.60,6.87,90.39,0.00,0.00,0.00,0.00,0.00,0.00,0.00,0.00,0.00,0.00,0.00,0.00,65.25,51.29,78.60,2026
EM00014415,Md. Sheikh Sadi Mia,1320,Bogura,BO052-C,01,1,7.28,4.80,65.94,7.28,5.52,75.92,7.28,6.22,85.49,8.99,6.80,75.63,8.66,6.28,72.52,8.66,6.37,73.49,7.51,7.23,96.30,7.51,6.42,85.43,0.00,0.00,0.00,0.00,0.00,0.00,0.00,0.00,0.00,0.00,0.00,0.00,63.18,49.65,78.59,2026
EM00015187,Rakibul Islam,1315,Chattogram,CH332-B,01,1,8.10,5.85,72.17,8.10,6.33,78.09,8.10,7.05,86.99,8.87,7.07,79.71,8.55,6.35,74.22,8.55,6.50,75.96,8.00,6.63,82.91,7.68,6.06,78.97,0.00,0.00,0.00,0.00,0.00,0.00,0.00,0.00,0.00,0.00,0.00,0.00,65.95,51.83,78.58,2026
EM00002806,Mr. S. M. Shofiqul Islam,1329,Tangail,RP01013,01,4,281.90,214.77,76.19,279.88,219.54,78.44,279.88,231.09,82.57,324.59,238.72,73.54,312.84,229.11,73.24,312.84,230.92,73.81,281.40,243.77,86.63,277.37,238.93,86.14,0.00,0.00,0.00,0.00,0.00,0.00,0.00,0.00,0.00,0.00,0.00,0.00,2350.70,1846.84,78.57,2026
EM00015216,Bivas Barikdar,1324,Jashore,JA044-C,01,1,9.72,7.42,76.39,9.72,6.70,68.99,9.72,7.86,80.86,11.81,7.98,67.55,11.49,8.22,71.58,11.49,9.50,82.71,10.59,10.15,95.89,10.66,9.08,85.22,0.00,0.00,0.00,0.00,0.00,0.00,0.00,0.00,0.00,0.00,0.00,0.00,85.18,66.92,78.56,2026
EM00005151,Mr. M. M. Razibul Islam,1325,Khulna,KH020-P,01,2,39.71,29.76,74.95,39.42,29.03,73.65,39.42,32.48,82.39,47.23,33.37,70.65,45.53,32.32,70.99,45.53,34.12,74.94,40.55,33.83,83.42,39.85,40.02,100.41,0.00,0.00,0.00,0.00,0.00,0.00,0.00,0.00,0.00,0.00,0.00,0.00,337.25,264.93,78.56,2026
EM00014692,Ali Newaz,1310,Paltan,PA193-A,01,1,6.05,5.52,91.17,6.20,4.91,79.17,6.20,4.60,74.19,6.90,5.50,79.81,6.74,4.37,64.82,6.74,5.21,77.30,6.06,5.48,90.48,6.06,4.43,73.09,0.00,0.00,0.00,0.00,0.00,0.00,0.00,0.00,0.00,0.00,0.00,0.00,50.95,40.02,78.55,2026
EM00001056,Mr. Biplob Kumar Karmokar,1327,Faridpur,RP01038,01,4,306.37,230.18,75.13,304.17,223.42,73.45,304.17,242.77,79.82,349.78,256.38,73.30,337.17,246.00,72.96,337.17,258.97,76.81,306.60,274.12,89.41,292.56,261.65,89.43,0.00,0.00,0.00,0.00,0.00,0.00,0.00,0.00,0.00,0.00,0.00,0.00,2537.98,1993.49,78.55,2026
EM00014293,Md. Raihan Ahmmed,1318,Noakhali,NO061-A,01,1,6.84,4.46,65.15,6.79,5.16,75.93,6.79,5.19,76.40,8.05,7.35,91.34,7.96,6.00,75.35,7.96,6.00,75.37,7.21,5.96,82.65,7.03,5.95,84.52,0.00,0.00,0.00,0.00,0.00,0.00,0.00,0.00,0.00,0.00,0.00,0.00,58.63,46.05,78.54,2026
EM00014352,Md. Delower Hossain,1311,Dhanmondi,DH130-P,01,2,43.08,38.81,90.08,43.08,36.56,84.85,43.08,33.52,77.80,51.14,33.45,65.41,49.23,34.76,70.62,49.23,34.56,70.21,46.64,38.57,82.71,45.98,41.44,90.13,0.00,0.00,0.00,0.00,0.00,0.00,0.00,0.00,0.00,0.00,0.00,0.00,371.45,291.67,78.52,2026
EM00012709,Md. Imam Hossain,1328,Cox's Bazar,CO061-A,01,1,8.46,6.10,72.08,8.40,6.12,72.92,8.40,6.97,83.07,9.74,6.59,67.69,9.39,7.41,78.94,9.39,7.17,76.35,7.30,6.62,90.62,7.31,6.69,91.63,0.00,0.00,0.00,0.00,0.00,0.00,0.00,0.00,0.00,0.00,0.00,0.00,68.37,53.67,78.50,2026
EM00014645,Sumon Chandra Barman,1333,Moulvibazar,MO023-V,04,1,5.80,4.32,74.54,5.83,3.23,55.32,5.96,4.64,77.94,6.35,5.39,84.93,6.35,4.72,74.30,6.90,5.94,86.12,7.17,6.00,83.64,7.68,6.60,85.99,0.00,0.00,0.00,0.00,0.00,0.00,0.00,0.00,0.00,0.00,0.00,0.00,52.04,40.85,78.49,2026
EM00013346,Pabitra Kumar Ghosh,1325,Khulna,KH031-A,01,1,5.00,3.59,71.73,4.97,3.80,76.44,4.97,3.91,78.76,5.96,4.13,69.28,5.88,4.07,69.26,5.88,4.71,80.06,5.45,4.85,89.03,5.25,4.97,94.72,0.00,0.00,0.00,0.00,0.00,0.00,0.00,0.00,0.00,0.00,0.00,0.00,43.35,34.03,78.49,2026
EM00014707,Ashit Kumar Mondal,1331,Chandpur,CA031-B,01,1,10.04,6.98,69.56,9.97,7.98,80.07,9.97,8.46,84.84,11.13,8.52,76.56,10.29,8.34,81.03,10.29,8.26,80.25,9.68,7.71,79.72,9.35,7.09,75.77,0.00,0.00,0.00,0.00,0.00,0.00,0.00,0.00,0.00,0.00,0.00,0.00,80.71,63.34,78.47,2026
EM00014583,Md. Imran Hossen,1336,Keraniganj,KE045-C,01,1,7.74,5.97,77.05,7.69,6.49,84.37,7.69,6.06,78.81,8.61,6.17,71.69,8.30,5.73,69.10,8.30,6.70,80.74,7.49,6.32,84.42,7.55,6.27,83.04,0.00,0.00,0.00,0.00,0.00,0.00,0.00,0.00,0.00,0.00,0.00,0.00,63.36,49.71,78.45,2026
EM00014731,Imran Hossin,1336,Keraniganj,KE062-A,01,1,8.17,6.53,79.96,8.11,6.63,81.74,8.11,6.77,83.53,9.07,7.07,77.94,8.74,6.61,75.55,8.74,6.16,70.49,7.71,6.35,82.32,7.78,5.99,77.08,0.00,0.00,0.00,0.00,0.00,0.00,0.00,0.00,0.00,0.00,0.00,0.00,66.43,52.11,78.45,2026
EM00015491,Poremol Kumar Paul,1334,Kishoreganj,KI041-A,01,1,6.19,3.64,58.91,5.44,4.67,85.86,5.44,5.73,105.30,6.80,5.28,77.56,6.59,5.32,80.70,6.59,5.26,79.84,6.32,4.37,69.12,6.25,4.66,74.49,0.00,0.00,0.00,0.00,0.00,0.00,0.00,0.00,0.00,0.00,0.00,0.00,49.63,38.93,78.45,2026
EM00009071,Md. Esharoth Hosain,1313,Narayanganj,NA074-A,01,1,9.21,7.42,80.55,9.21,7.60,82.50,9.21,7.06,76.64,9.54,6.66,69.81,8.90,6.16,69.17,8.90,6.47,72.72,7.60,6.77,89.03,7.80,7.07,90.60,0.00,0.00,0.00,0.00,0.00,0.00,0.00,0.00,0.00,0.00,0.00,0.00,70.38,55.21,78.44,2026
EM00016152,Md. Saheb Ali,1310,Paltan,PA041-G,02,1,0.00,0.00,0.00,0.00,0.00,0.00,0.00,0.00,0.00,0.00,0.00,0.00,10.68,7.58,70.96,11.72,6.69,57.12,11.72,9.73,83.05,12.07,12.22,101.24,0.00,0.00,0.00,0.00,0.00,0.00,0.00,0.00,0.00,0.00,0.00,0.00,46.19,36.23,78.43,2026
EM00011474,Md. Adom Ali,1311,Dhanmondi,DH060-P,01,2,27.95,23.96,85.69,27.75,21.70,78.20,27.75,23.38,84.24,37.73,24.10,63.88,36.16,22.58,62.43,36.16,27.35,75.62,30.76,28.77,93.51,30.35,27.87,91.82,0.00,0.00,0.00,0.00,0.00,0.00,0.00,0.00,0.00,0.00,0.00,0.00,254.63,199.70,78.43,2026
EM00006306,Md. Soleman,1316,Sylhet,SY150-P,01,2,36.92,27.98,75.79,36.66,29.90,81.55,36.66,30.19,82.37,42.20,31.25,74.04,40.65,29.93,73.64,40.65,29.05,71.47,35.90,32.51,90.56,35.39,28.39,80.23,0.00,0.00,0.00,0.00,0.00,0.00,0.00,0.00,0.00,0.00,0.00,0.00,305.03,239.21,78.42,2026
EM00002169,Mohammed Shoeb,1328,Cox's Bazar,RP01033,01,4,330.66,249.84,75.56,328.30,258.96,78.88,328.30,265.27,80.80,374.58,282.74,75.48,360.94,269.88,74.77,360.94,276.31,76.55,336.00,273.35,81.35,324.30,275.17,84.85,0.00,0.00,0.00,0.00,0.00,0.00,0.00,0.00,0.00,0.00,0.00,0.00,2744.01,2151.52,78.41,2026
EM00014468,Md. Rahat Al Rafiul,1325,Khulna,KH042-B,01,1,4.40,3.33,75.49,4.37,3.30,75.40,4.37,3.02,69.01,5.20,3.02,58.04,5.02,3.09,61.60,5.02,3.94,78.53,4.76,4.96,104.03,4.56,4.92,107.77,0.00,0.00,0.00,0.00,0.00,0.00,0.00,0.00,0.00,0.00,0.00,0.00,37.72,29.57,78.39,2026
EM00004401,Md. Bodrul Amin,1315,Chattogram,CH030-P,01,2,47.12,35.67,75.69,46.78,35.93,76.80,46.78,36.39,77.79,54.20,38.53,71.10,52.27,40.07,76.66,52.27,38.86,74.34,49.11,42.16,85.85,46.78,42.26,90.34,0.00,0.00,0.00,0.00,0.00,0.00,0.00,0.00,0.00,0.00,0.00,0.00,395.32,309.88,78.39,2026
EM00005508,Mr. Nasir Ahmed,1318,Noakhali,NO013-C,01,1,10.51,7.84,74.55,10.44,8.40,80.46,10.44,8.40,80.51,11.70,8.63,73.72,11.26,8.55,75.92,11.26,8.68,77.11,10.81,8.67,80.19,10.62,9.06,85.29,0.00,0.00,0.00,0.00,0.00,0.00,0.00,0.00,0.00,0.00,0.00,0.00,87.03,68.22,78.38,2026
EM00012018,Md. Ismail Khandaker,1315,Chattogram,CH312-C,01,1,8.53,5.68,66.60,8.47,6.89,81.38,8.59,7.50,87.32,10.08,7.67,76.09,9.73,6.64,68.20,9.73,7.12,73.20,8.86,8.43,95.19,8.33,6.75,81.02,0.00,0.00,0.00,0.00,0.00,0.00,0.00,0.00,0.00,0.00,0.00,0.00,72.33,56.69,78.38,2026
EM00009187,Md. Nurnabi Islam,1319,Feni,FE091-B,01,1,7.19,5.56,77.40,7.14,5.89,82.49,7.14,5.71,79.98,7.87,5.71,72.56,7.43,5.58,75.12,7.43,5.81,78.22,6.97,5.72,82.00,6.87,5.51,80.14,0.00,0.00,0.00,0.00,0.00,0.00,0.00,0.00,0.00,0.00,0.00,0.00,58.03,45.49,78.38,2026
EM00013419,Md. Nasir Ahamed,1311,Dhanmondi,DH272-A,01,1,4.16,4.17,100.32,4.16,3.13,75.27,4.16,3.44,82.83,5.50,3.09,56.15,5.29,3.04,57.43,5.29,3.48,65.81,4.30,4.43,102.92,4.24,4.29,101.26,0.00,0.00,0.00,0.00,0.00,0.00,0.00,0.00,0.00,0.00,0.00,0.00,37.09,29.07,78.38,2026
EM00014196,Md. Selim Reza,1324,Jashore,JA123-B,01,1,7.82,6.03,77.17,7.76,5.73,73.88,7.76,5.95,76.68,9.07,7.21,79.48,9.08,6.65,73.15,9.08,6.73,74.12,8.33,7.12,85.47,8.05,7.05,87.60,0.00,0.00,0.00,0.00,0.00,0.00,0.00,0.00,0.00,0.00,0.00,0.00,66.95,52.47,78.37,2026
EM00015053,Md. Suman Pramanik,1318,Noakhali,NO072-A,01,1,8.12,6.08,74.81,8.07,6.96,86.26,8.07,6.96,86.34,8.96,6.93,77.29,8.75,6.22,71.10,8.75,6.83,78.08,8.31,6.91,83.22,8.31,5.88,70.73,0.00,0.00,0.00,0.00,0.00,0.00,0.00,0.00,0.00,0.00,0.00,0.00,67.33,52.77,78.37,2026
EM00011210,Md. Atikur Rahman,1316,Sylhet,SY103-C,01,1,9.37,6.95,74.22,9.30,7.64,82.22,9.30,7.77,83.56,10.40,7.65,73.52,10.02,7.27,72.56,10.02,7.87,78.51,9.35,7.73,82.74,9.21,7.41,80.38,0.00,0.00,0.00,0.00,0.00,0.00,0.00,0.00,0.00,0.00,0.00,0.00,76.96,60.29,78.34,2026
EM00014533,Md. Sumon Ali,1335,Kushtia,KU072-B,01,1,9.03,5.96,65.98,8.96,6.02,67.16,8.96,7.24,80.79,10.74,8.55,79.65,10.34,7.38,71.33,10.34,8.06,77.91,9.55,9.13,95.58,9.64,8.41,87.26,0.00,0.00,0.00,0.00,0.00,0.00,0.00,0.00,0.00,0.00,0.00,0.00,77.56,60.74,78.31,2026
EM00014400,Shahriar Alam Fahim,1333,Moulvibazar,MO041-B,01,1,8.92,5.32,59.63,8.85,7.15,80.80,8.85,7.10,80.21,10.61,7.45,70.26,10.21,6.59,64.60,10.21,6.89,67.56,9.68,9.14,94.38,9.54,10.52,110.25,0.00,0.00,0.00,0.00,0.00,0.00,0.00,0.00,0.00,0.00,0.00,0.00,76.86,60.17,78.28,2026
EM00015222,Md. Tarique Hasan Rovel,1316,Sylhet,SY144-A,01,1,8.13,6.68,82.21,8.07,6.64,82.26,8.07,6.32,78.32,8.82,6.61,74.90,8.50,6.69,78.76,8.50,6.33,74.50,7.52,6.21,82.64,7.41,5.40,72.91,0.00,0.00,0.00,0.00,0.00,0.00,0.00,0.00,0.00,0.00,0.00,0.00,65.01,50.89,78.27,2026
EM00013422,Md. Moklesur Rahman,1312,Uttara,UT092-A,01,1,6.11,4.75,77.78,6.06,4.95,81.69,6.06,5.02,82.85,7.20,5.35,74.23,6.93,5.35,77.18,6.93,5.02,72.47,6.48,5.02,77.42,6.15,5.17,84.04,0.00,0.00,0.00,0.00,0.00,0.00,0.00,0.00,0.00,0.00,0.00,0.00,51.92,40.62,78.25,2026
EM00009035,Md. Mojaffor Hossain,1336,Keraniganj,KE034-A,01,1,10.18,7.98,78.38,10.11,8.35,82.67,10.11,7.73,76.47,11.38,8.58,75.41,10.86,7.82,71.99,10.86,8.31,76.52,9.59,7.99,83.28,9.67,7.96,82.32,0.00,0.00,0.00,0.00,0.00,0.00,0.00,0.00,0.00,0.00,0.00,0.00,82.74,64.71,78.21,2026
EM00014551,Minarul Islam,1311,Dhanmondi,DH183-A,01,1,5.26,4.09,77.77,5.11,3.92,76.86,5.11,3.98,77.91,6.28,4.35,69.31,6.04,4.44,73.50,6.04,4.79,79.34,5.40,4.74,87.81,5.23,4.45,85.17,0.00,0.00,0.00,0.00,0.00,0.00,0.00,0.00,0.00,0.00,0.00,0.00,44.45,34.77,78.21,2026
EM00012974,Md. Jashim Uddin,1315,Chattogram,CH032-A,01,1,10.10,7.65,75.72,10.03,7.96,79.34,10.03,7.59,75.64,10.62,8.20,77.18,10.25,8.20,80.05,10.25,6.87,67.02,9.03,7.88,87.30,8.60,7.34,85.38,0.00,0.00,0.00,0.00,0.00,0.00,0.00,0.00,0.00,0.00,0.00,0.00,78.91,61.69,78.18,2026
EM00004987,Mr. Proshanta Roy,1326,Barishal,RP01041,01,4,258.33,182.22,70.54,256.48,187.29,73.02,256.48,201.00,78.37,308.31,229.59,74.47,297.18,223.26,75.12,297.18,241.27,81.19,257.60,218.94,84.99,251.16,222.79,88.70,0.00,0.00,0.00,0.00,0.00,0.00,0.00,0.00,0.00,0.00,0.00,0.00,2182.72,1706.35,78.18,2026
EM00015727,Prosonjit Chakroborty,1311,Dhanmondi,DH061-A,01,1,0.00,0.00,0.00,1.86,1.05,56.58,1.86,1.87,100.36,2.94,1.64,55.84,2.82,1.71,60.69,2.82,2.00,70.91,2.22,2.34,105.73,2.17,2.43,111.86,0.00,0.00,0.00,0.00,0.00,0.00,0.00,0.00,0.00,0.00,0.00,0.00,16.69,13.05,78.18,2026
EM00015773,Sadhan Kumar Mondal,1327,Faridpur,FA033-C,01,1,0.00,0.00,0.00,10.02,7.28,72.65,10.02,7.57,75.61,11.50,9.18,79.79,11.00,8.06,73.23,11.00,7.93,72.06,10.08,9.11,90.39,9.62,8.13,84.50,0.00,0.00,0.00,0.00,0.00,0.00,0.00,0.00,0.00,0.00,0.00,0.00,73.25,57.26,78.17,2026
EM00012830,Salahuddin .,1336,Keraniganj,KE063-B,01,1,8.01,6.42,80.09,7.95,6.32,79.42,7.95,6.60,83.01,8.95,6.30,70.37,8.62,6.34,73.46,8.62,6.45,74.74,7.81,6.65,85.16,7.87,6.36,80.75,0.00,0.00,0.00,0.00,0.00,0.00,0.00,0.00,0.00,0.00,0.00,0.00,65.79,51.42,78.15,2026
EM00015733,Monirul Islam,1311,Dhanmondi,DH015-D,11,1,0.00,0.00,0.00,0.00,0.00,0.00,0.00,0.00,0.00,5.75,4.01,69.66,5.66,4.92,86.98,5.66,3.94,69.68,5.95,4.76,79.95,4.90,4.19,85.50,0.00,0.00,0.00,0.00,0.00,0.00,0.00,0.00,0.00,0.00,0.00,0.00,27.92,21.82,78.15,2026
EM00007671,Md. Nazrul Islam,1310,Paltan,PA010-D,11,2,0.00,0.00,0.00,0.00,0.00,0.00,0.00,0.00,0.00,30.79,20.43,66.36,27.35,19.24,70.34,27.35,25.32,92.56,29.33,21.26,72.50,25.40,23.33,91.82,0.00,0.00,0.00,0.00,0.00,0.00,0.00,0.00,0.00,0.00,0.00,0.00,140.22,109.57,78.14,2026
EM00005177,Mr. Uzzal Kumar Roy,1324,Jashore,JA100-P,01,2,45.93,34.67,75.48,45.58,34.33,75.32,45.58,35.94,78.85,55.00,36.71,66.74,52.07,39.83,76.50,52.07,39.00,74.90,47.07,42.67,90.65,47.39,42.14,88.92,0.00,0.00,0.00,0.00,0.00,0.00,0.00,0.00,0.00,0.00,0.00,0.00,390.67,305.28,78.14,2026
EM00016101,Md. Jewel Rana,1333,Moulvibazar,MO013-G,02,1,0.00,0.00,0.00,0.00,0.00,0.00,0.00,0.00,0.00,0.00,0.00,0.00,7.69,6.07,78.91,8.43,6.56,77.81,8.43,6.17,73.16,8.20,6.78,82.73,0.00,0.00,0.00,0.00,0.00,0.00,0.00,0.00,0.00,0.00,0.00,0.00,32.75,25.58,78.10,2026
EM00013515,Md. Ripon Molla,1322,Rangpur,RN101-B,01,1,7.37,4.81,65.31,7.32,5.46,74.64,7.32,4.82,65.91,8.96,5.97,66.69,8.64,6.12,70.87,8.64,6.32,73.21,7.00,7.63,109.01,6.94,7.41,106.84,0.00,0.00,0.00,0.00,0.00,0.00,0.00,0.00,0.00,0.00,0.00,0.00,62.17,48.56,78.10,2026
EM00014736,Md. Ripon Hossen,1331,Chandpur,CA052-B,01,1,8.05,6.25,77.65,8.05,5.91,73.41,8.05,7.08,88.03,8.89,7.28,81.84,8.65,6.32,73.11,8.65,6.84,79.12,8.32,5.91,71.03,8.01,6.47,80.71,0.00,0.00,0.00,0.00,0.00,0.00,0.00,0.00,0.00,0.00,0.00,0.00,66.65,52.05,78.09,2026
EM00009017,Shubash Chandra Devnath,1315,Chattogram,CH242-B,01,1,7.52,5.25,69.88,7.52,6.00,79.87,7.52,4.82,64.11,6.85,5.10,74.45,6.61,5.00,75.61,6.61,5.01,75.82,6.15,5.57,90.59,5.82,5.86,100.57,0.00,0.00,0.00,0.00,0.00,0.00,0.00,0.00,0.00,0.00,0.00,0.00,54.59,42.61,78.05,2026
EM00015132,Md. Rakibul Hasan,1318,Noakhali,NO113-C,01,1,8.83,6.26,70.82,8.77,6.59,75.18,8.77,7.21,82.24,9.81,7.46,76.10,9.39,6.60,70.25,9.39,7.12,75.81,8.56,7.37,86.08,8.01,7.22,90.17,0.00,0.00,0.00,0.00,0.00,0.00,0.00,0.00,0.00,0.00,0.00,0.00,71.53,55.83,78.05,2026
EM00015262,Md. Altab Hossain,1311,Dhanmondi,DH111-G,02,1,9.00,7.57,84.10,8.70,6.96,79.95,8.85,7.28,82.24,9.58,7.78,81.17,10.10,7.75,76.70,11.08,7.46,67.36,11.08,8.16,73.69,11.40,9.32,81.74,0.00,0.00,0.00,0.00,0.00,0.00,0.00,0.00,0.00,0.00,0.00,0.00,79.79,62.27,78.04,2026
EM00011030,Md. Elias Ali,1312,Uttara,UT031-B,01,1,9.15,7.45,81.34,9.09,7.00,76.99,9.09,7.33,80.64,10.30,7.00,67.96,10.08,7.11,70.50,10.08,7.16,70.97,8.63,8.05,93.26,8.51,7.39,86.91,0.00,0.00,0.00,0.00,0.00,0.00,0.00,0.00,0.00,0.00,0.00,0.00,74.94,58.48,78.04,2026
EM00016395,Mozammel Haque,1310,Paltan,PA151-B,01,1,0.00,0.00,0.00,0.00,0.00,0.00,0.00,0.00,0.00,0.00,0.00,0.00,0.00,0.00,0.00,0.00,0.00,0.00,4.50,3.82,84.79,4.65,3.32,71.48,0.00,0.00,0.00,0.00,0.00,0.00,0.00,0.00,0.00,0.00,0.00,0.00,9.15,7.14,78.02,2026
EM00014276,Mizanur Rahman,1311,Dhanmondi,DH064-A,01,1,5.31,5.20,97.88,5.31,3.83,72.19,5.31,3.49,65.72,7.07,5.10,72.07,6.74,4.43,65.65,6.74,5.72,84.81,6.01,4.96,82.59,5.91,5.03,85.25,0.00,0.00,0.00,0.00,0.00,0.00,0.00,0.00,0.00,0.00,0.00,0.00,48.40,37.76,78.01,2026
EM00007312,Md. Ziaur Rahman,1311,Dhanmondi,DH200-P,01,2,44.46,33.60,75.56,44.01,37.31,84.79,44.01,31.74,72.12,51.76,33.44,64.61,44.81,29.49,65.82,44.81,32.40,72.31,39.75,37.88,95.29,39.06,39.26,100.49,0.00,0.00,0.00,0.00,0.00,0.00,0.00,0.00,0.00,0.00,0.00,0.00,352.68,275.12,78.01,2026
EM00010634,Joy Gopal Biswas,1311,Dhanmondi,DH140-P,01,2,23.02,17.58,76.38,22.44,16.87,75.17,22.44,18.15,80.91,27.76,17.02,61.32,26.74,18.62,69.64,26.74,17.20,64.34,24.02,26.33,109.62,23.67,21.75,91.88,0.00,0.00,0.00,0.00,0.00,0.00,0.00,0.00,0.00,0.00,0.00,0.00,196.81,153.52,78.00,2026
EM00006947,Mr. Ali Azgor Munshi,1313,Narayanganj,NA070-P,01,2,62.45,53.51,85.68,62.45,54.29,86.93,62.45,48.59,77.80,66.79,46.28,69.30,64.37,41.39,64.30,64.37,46.61,72.41,58.07,48.95,84.29,59.60,50.82,85.27,0.00,0.00,0.00,0.00,0.00,0.00,0.00,0.00,0.00,0.00,0.00,0.00,500.56,390.44,78.00,2026
EM00011117,Md. Solaiman Hossain,1332,B. Baria,BB060-P,01,2,11.26,11.37,100.98,33.59,25.94,77.22,32.41,24.61,75.92,36.22,24.58,67.86,34.52,24.69,71.53,34.52,26.48,76.72,33.62,28.34,84.31,33.13,28.41,85.75,0.00,0.00,0.00,0.00,0.00,0.00,0.00,0.00,0.00,0.00,0.00,0.00,249.28,194.43,78.00,2026
EM00005688,Md. Tariqur Rahman,1310,Paltan,RP01001,01,4,216.75,181.22,83.61,215.22,181.15,84.17,215.22,166.85,77.52,278.94,174.30,62.49,268.67,177.47,66.06,268.67,202.90,75.52,221.20,207.54,93.82,227.50,199.73,87.79,0.00,0.00,0.00,0.00,0.00,0.00,0.00,0.00,0.00,0.00,0.00,0.00,1912.16,1491.16,77.98,2026
EM00015034,Jalal Uddin,1314,Mymensingh,MY013-A,01,1,8.50,5.68,66.85,8.42,6.59,78.35,8.42,6.88,81.80,9.38,6.81,72.68,8.72,5.73,65.66,8.72,6.05,69.33,7.23,7.69,106.46,7.12,6.42,90.07,0.00,0.00,0.00,0.00,0.00,0.00,0.00,0.00,0.00,0.00,0.00,0.00,66.50,51.86,77.98,2026
EM00010768,Md. Habibur Rahman,1315,Chattogram,CH293-C,01,1,9.83,7.99,81.30,9.76,7.91,81.02,9.76,8.10,83.01,11.14,8.77,78.74,10.75,7.00,65.10,10.75,7.12,66.24,9.51,7.72,81.19,8.95,8.12,90.69,0.00,0.00,0.00,0.00,0.00,0.00,0.00,0.00,0.00,0.00,0.00,0.00,80.47,62.75,77.98,2026
EM00014032,Md. Muhaiminul Islam,1321,Rajshahi,RA074-C,01,1,7.70,5.42,70.38,7.65,5.43,71.04,7.65,6.34,82.91,9.10,6.89,75.78,8.77,6.65,75.91,8.77,6.54,74.64,7.72,7.25,93.97,7.71,6.18,80.20,0.00,0.00,0.00,0.00,0.00,0.00,0.00,0.00,0.00,0.00,0.00,0.00,65.05,50.72,77.97,2026
EM00000694,Muhammad Zahidul Islam,1333,SYL+BRB+MLB,DSM02-P,01,6,1412.61,1088.07,77.03,1402.49,1110.30,79.17,1402.49,1121.20,79.94,1583.82,1176.12,74.26,1526.19,1078.35,70.66,1526.19,1148.90,75.28,1409.70,1203.02,85.34,1389.52,1158.52,83.38,0.00,0.00,0.00,0.00,0.00,0.00,0.00,0.00,0.00,0.00,0.00,0.00,11653.01,9084.49,77.96,2026
EM00014942,Sujon Mondol,1314,Mymensingh,MY092-A,01,1,9.51,6.45,67.84,9.44,6.87,72.76,9.44,7.89,83.63,8.54,6.68,78.27,8.40,6.54,77.93,8.40,6.06,72.19,6.89,6.49,94.31,6.81,5.56,81.66,0.00,0.00,0.00,0.00,0.00,0.00,0.00,0.00,0.00,0.00,0.00,0.00,67.41,52.55,77.96,2026
EM00007778,Mr. Zahangir,1321,Rajshahi,RA010-P,01,2,7.43,7.58,102.04,34.70,25.56,73.66,34.70,26.25,75.65,41.57,29.29,70.45,40.07,28.18,70.33,40.07,29.23,72.94,34.57,31.18,90.20,34.04,30.99,91.03,0.00,0.00,0.00,0.00,0.00,0.00,0.00,0.00,0.00,0.00,0.00,0.00,267.17,208.27,77.95,2026
EM00014615,Md. Imran Hossain,1331,Chandpur,CA032-B,01,1,8.43,6.34,75.24,8.37,6.71,80.24,8.37,6.89,82.39,9.15,7.21,78.77,9.16,7.07,77.25,9.16,6.31,68.88,8.58,7.81,90.94,8.38,5.90,70.40,0.00,0.00,0.00,0.00,0.00,0.00,0.00,0.00,0.00,0.00,0.00,0.00,69.59,54.25,77.95,2026
EM00015287,Md. Abdullah Al-Mamon,1334,Kishoreganj,KI023-C,01,1,9.32,6.65,71.31,9.25,7.43,80.30,9.25,8.36,90.30,10.41,8.16,78.35,10.09,6.95,68.83,10.09,7.85,77.81,9.51,7.32,76.94,9.39,7.56,80.53,0.00,0.00,0.00,0.00,0.00,0.00,0.00,0.00,0.00,0.00,0.00,0.00,77.32,60.27,77.94,2026
EM00013386,Md. Nadim Mostofa,1310,Paltan,PA191-A,01,1,7.09,6.45,90.96,7.24,6.05,83.62,7.24,5.95,82.20,7.94,5.48,68.96,7.74,4.90,63.32,7.74,5.62,72.63,6.71,5.78,86.21,6.71,5.28,78.73,0.00,0.00,0.00,0.00,0.00,0.00,0.00,0.00,0.00,0.00,0.00,0.00,58.41,45.52,77.93,2026
EM00011328,Md. Selim Uddin,1323,RNG+DNJ,DI020-G,02,2,7.30,6.48,88.73,31.36,23.30,74.30,31.47,24.42,77.60,34.07,25.07,73.60,32.00,26.20,81.86,35.15,26.50,75.40,35.15,27.94,79.48,36.00,29.00,80.57,0.00,0.00,0.00,0.00,0.00,0.00,0.00,0.00,0.00,0.00,0.00,0.00,242.50,188.91,77.90,2026
EM00013540,Md. Shaha Jalal,1313,Narayanganj,NA142-A,01,1,8.02,6.47,80.70,7.96,6.70,84.22,7.96,6.91,86.83,9.36,6.37,68.04,9.02,6.35,70.33,9.02,6.07,67.29,8.20,7.50,91.40,8.45,6.60,78.13,0.00,0.00,0.00,0.00,0.00,0.00,0.00,0.00,0.00,0.00,0.00,0.00,68.00,52.98,77.90,2026
EM00015462,Md. Omar Faruk,1311,Dhanmondi,DH132-A,01,1,6.71,5.97,88.96,6.71,5.67,84.59,6.71,5.31,79.09,7.94,5.63,70.87,7.65,5.59,73.02,7.65,5.08,66.39,6.86,5.39,78.65,6.76,5.75,85.12,0.00,0.00,0.00,0.00,0.00,0.00,0.00,0.00,0.00,0.00,0.00,0.00,56.98,44.39,77.90,2026
EM00002561,Mr. Abul Basher,1318,Noakhali,NO030-P,01,2,43.91,32.10,73.11,43.60,34.34,78.77,43.60,35.69,81.87,49.10,36.66,74.67,46.42,34.41,74.12,46.42,37.32,80.40,44.28,36.68,82.84,43.47,33.81,77.78,0.00,0.00,0.00,0.00,0.00,0.00,0.00,0.00,0.00,0.00,0.00,0.00,360.79,281.02,77.89,2026
EM00015962,Md. Motiur Rahman,1322,Rangpur,RN095-C,01,1,0.00,0.00,0.00,0.00,0.00,0.00,0.00,0.00,0.00,11.36,5.59,49.19,10.95,7.41,67.63,10.95,7.94,72.44,8.58,9.34,108.85,8.50,8.95,105.22,0.00,0.00,0.00,0.00,0.00,0.00,0.00,0.00,0.00,0.00,0.00,0.00,50.35,39.22,77.89,2026
EM00015832,Md. Nazidul Haque,1312,Uttara,UT103-B,01,1,0.00,0.00,0.00,0.00,0.00,0.00,6.45,4.00,62.04,7.34,4.97,67.73,6.81,4.13,60.72,6.81,5.31,78.02,5.96,6.06,101.68,5.60,5.87,104.86,0.00,0.00,0.00,0.00,0.00,0.00,0.00,0.00,0.00,0.00,0.00,0.00,38.96,30.35,77.88,2026
EM00002839,Md. Didar Hossain,1328,Cox's Bazar,CO090-P,01,2,47.34,30.84,65.15,36.88,28.02,75.96,36.88,29.60,80.26,43.23,33.64,77.80,41.65,32.62,78.32,41.65,32.50,78.03,38.43,31.03,80.75,37.09,33.42,90.10,0.00,0.00,0.00,0.00,0.00,0.00,0.00,0.00,0.00,0.00,0.00,0.00,323.16,251.67,77.88,2026
EM00015944,Md. Monirul Islam,1314,Mymensingh,MY083-B,01,1,0.00,0.00,0.00,0.00,0.00,0.00,0.00,0.00,0.00,6.86,4.07,59.29,6.85,4.88,71.27,6.85,4.99,72.86,5.91,5.68,96.13,5.72,5.45,95.23,0.00,0.00,0.00,0.00,0.00,0.00,0.00,0.00,0.00,0.00,0.00,0.00,32.20,25.07,77.88,2026
EM00007568,Md. Ashlam Hossain,1327,Faridpur,FA140-P,01,2,51.56,36.40,70.61,51.19,37.38,73.03,51.19,39.58,77.33,46.92,36.03,76.79,45.42,34.21,75.31,45.42,34.39,75.71,41.11,36.19,88.02,41.16,37.00,89.88,0.00,0.00,0.00,0.00,0.00,0.00,0.00,0.00,0.00,0.00,0.00,0.00,373.96,291.18,77.86,2026
EM00012118,Md. Ahasan Habib,1330,Pabna,PB033-B,01,1,10.61,7.11,67.02,10.54,7.55,71.68,10.54,8.46,80.26,7.44,5.00,67.21,6.96,5.09,73.09,6.96,5.21,74.83,6.21,6.31,101.64,6.11,6.16,100.84,0.00,0.00,0.00,0.00,0.00,0.00,0.00,0.00,0.00,0.00,0.00,0.00,65.35,50.88,77.85,2026
EM00014595,Md. Rony Miah,1324,Jashore,JA153-C,01,1,6.43,5.17,80.39,6.95,5.42,78.05,6.95,5.07,72.95,7.95,5.35,67.31,7.66,5.25,68.56,7.66,6.28,81.94,7.00,5.85,83.62,6.85,6.32,92.32,0.00,0.00,0.00,0.00,0.00,0.00,0.00,0.00,0.00,0.00,0.00,0.00,57.46,44.72,77.84,2026
EM00015301,Md. Ferdous Sardar,1325,Khulna,KH022-C,01,1,7.05,4.84,68.63,7.00,4.75,67.79,7.00,5.71,81.61,8.64,6.30,72.91,8.24,6.15,74.69,8.24,6.32,76.76,7.24,6.04,83.45,7.24,7.09,97.95,0.00,0.00,0.00,0.00,0.00,0.00,0.00,0.00,0.00,0.00,0.00,0.00,60.65,47.21,77.84,2026
EM00014088,Abdul Kaium,1333,Moulvibazar,MO073-B,01,1,8.12,5.77,71.07,8.06,6.22,77.22,8.06,6.78,84.17,9.44,6.95,73.56,9.20,6.23,67.65,9.20,7.19,78.10,8.18,7.44,90.90,8.07,6.60,81.82,0.00,0.00,0.00,0.00,0.00,0.00,0.00,0.00,0.00,0.00,0.00,0.00,68.33,53.17,77.81,2026
EM00011182,Md. A. Matin Shaikh,1328,Cox's Bazar,CO031-A,01,1,8.19,6.00,73.29,8.13,6.35,78.17,8.13,7.02,86.39,9.27,7.10,76.59,8.94,6.09,68.11,8.94,6.50,72.77,7.30,5.95,81.44,7.30,6.49,88.92,0.00,0.00,0.00,0.00,0.00,0.00,0.00,0.00,0.00,0.00,0.00,0.00,66.19,51.50,77.81,2026
EM00013946,Sabuj Mazumder,1324,Jashore,JA012-B,01,1,7.76,6.17,79.58,7.70,5.86,76.11,7.70,4.93,64.04,8.93,6.36,71.18,8.54,5.90,69.05,8.54,6.54,76.55,7.52,7.34,97.58,7.46,6.82,91.43,0.00,0.00,0.00,0.00,0.00,0.00,0.00,0.00,0.00,0.00,0.00,0.00,64.16,49.92,77.81,2026
EM00006118,Md. Ataur Rahman,1317,Cumilla,CU122-A,01,1,10.29,7.84,76.23,10.21,8.54,83.58,10.21,8.44,82.70,11.17,8.14,72.81,10.76,7.37,68.45,10.76,8.25,76.65,10.33,8.51,82.37,10.19,8.22,80.66,0.00,0.00,0.00,0.00,0.00,0.00,0.00,0.00,0.00,0.00,0.00,0.00,83.93,65.30,77.81,2026
EM00014063,Rinku Saha,1320,Bogura,BO081-A,01,1,7.72,4.96,64.18,7.67,5.07,66.07,7.67,5.76,75.16,8.52,6.70,78.64,8.00,5.66,70.74,8.00,6.18,77.27,6.25,6.16,98.50,5.95,6.03,101.31,0.00,0.00,0.00,0.00,0.00,0.00,0.00,0.00,0.00,0.00,0.00,0.00,59.78,46.51,77.80,2026
EM00014357,Dipu Kumar Dhali,1324,Jashore,JA102-A,01,1,7.16,5.92,82.63,7.16,5.72,79.86,7.16,5.68,79.38,8.40,5.56,66.21,7.99,5.89,73.66,7.99,6.17,77.26,7.19,5.95,82.69,7.22,6.01,83.22,0.00,0.00,0.00,0.00,0.00,0.00,0.00,0.00,0.00,0.00,0.00,0.00,60.27,46.89,77.80,2026
EM00001758,Mr. Mizanur Rahman,1333,Moulvibazar,RP01021,01,4,361.25,271.99,75.29,358.67,280.71,78.26,358.67,287.09,80.04,415.45,307.09,73.92,400.27,279.07,69.72,400.27,291.83,72.91,356.58,308.41,86.49,351.47,309.91,88.18,0.00,0.00,0.00,0.00,0.00,0.00,0.00,0.00,0.00,0.00,0.00,0.00,3002.63,2336.09,77.80,2026
EM00013735,Tanber Ahmed,1312,Uttara,RP01012,01,4,270.98,218.45,80.61,269.06,221.81,82.44,269.06,215.11,79.95,316.71,216.66,68.41,304.98,217.73,71.39,304.98,210.49,69.02,284.20,246.33,86.67,280.13,242.92,86.71,0.00,0.00,0.00,0.00,0.00,0.00,0.00,0.00,0.00,0.00,0.00,0.00,2300.09,1789.50,77.80,2026
EM00015040,Anup Kumar Mistry,1326,Barishal,BA153-C,01,1,8.45,5.76,68.22,8.18,5.79,70.82,8.18,5.83,71.29,9.55,7.08,74.17,9.00,5.98,66.50,9.00,6.57,73.04,6.50,7.07,108.78,6.57,6.80,103.54,0.00,0.00,0.00,0.00,0.00,0.00,0.00,0.00,0.00,0.00,0.00,0.00,65.43,50.90,77.80,2026
EM00011453,Mozzammel Hoque,1317,Cumilla,CU113-A,01,1,10.33,8.15,78.90,10.25,9.54,93.02,10.25,8.10,78.98,10.84,8.15,75.13,10.45,7.01,67.08,10.45,7.55,72.26,10.37,7.94,76.59,10.22,8.26,80.85,0.00,0.00,0.00,0.00,0.00,0.00,0.00,0.00,0.00,0.00,0.00,0.00,83.16,64.69,77.79,2026
EM00007154,Mezbahur Rahman,1310,Paltan,PA070-P,01,2,48.24,39.08,81.00,47.90,42.22,88.15,47.90,35.45,74.01,57.31,38.97,67.99,55.22,36.56,66.21,55.22,41.21,74.63,46.89,42.90,91.48,47.29,39.42,83.37,0.00,0.00,0.00,0.00,0.00,0.00,0.00,0.00,0.00,0.00,0.00,0.00,405.98,315.81,77.79,2026
EM00015732,Sagir Hosen,1310,Paltan,PA043-C,01,1,0.00,0.00,0.00,6.70,5.92,88.32,6.70,6.34,94.65,8.69,5.26,60.48,8.38,5.76,68.72,8.38,5.09,60.79,6.18,5.85,94.70,6.43,5.79,90.14,0.00,0.00,0.00,0.00,0.00,0.00,0.00,0.00,0.00,0.00,0.00,0.00,51.46,40.02,77.76,2026
EM00006209,Mr. Manotosh Chandra Mondle,1325,Khulna,KH080-P,01,2,46.74,34.83,74.51,46.41,32.87,70.83,46.41,35.52,76.53,56.11,41.09,73.23,53.98,37.25,69.00,53.98,38.92,72.10,47.56,45.59,95.85,45.90,42.72,93.07,0.00,0.00,0.00,0.00,0.00,0.00,0.00,0.00,0.00,0.00,0.00,0.00,397.10,308.78,77.76,2026
EM00014966,Md. Rubel Rana,1315,Chattogram,CH011-N,03,1,4.10,4.13,100.68,4.10,1.92,46.76,4.00,3.20,79.93,4.10,4.12,100.59,4.35,3.30,75.81,4.35,2.36,54.13,5.00,3.16,63.17,5.00,5.04,100.68,0.00,0.00,0.00,0.00,0.00,0.00,0.00,0.00,0.00,0.00,0.00,0.00,35.00,27.21,77.75,2026
EM00014922,Md. Evan Hossain,1329,Tangail,TA032-C,01,1,11.03,8.21,74.41,10.95,9.00,82.18,10.95,9.40,85.84,12.81,8.95,69.85,12.34,8.18,66.28,12.34,9.69,78.51,11.16,9.32,83.48,11.00,9.24,83.99,0.00,0.00,0.00,0.00,0.00,0.00,0.00,0.00,0.00,0.00,0.00,0.00,92.60,71.99,77.75,2026
EM00007359,Mr. Juel Chandra Saha,1312,Uttara,UT113-B,01,1,9.85,7.86,79.84,9.78,7.77,79.44,9.78,8.26,84.50,11.63,8.58,73.79,11.20,7.88,70.39,11.20,6.56,58.53,10.44,9.03,86.45,10.63,9.76,91.77,0.00,0.00,0.00,0.00,0.00,0.00,0.00,0.00,0.00,0.00,0.00,0.00,84.50,65.69,77.74,2026
EM00015202,Md. Rafiqual Islam,1315,Chattogram,CH191-B,01,1,5.60,5.07,90.53,5.56,4.81,86.56,5.56,4.11,73.98,6.13,4.85,79.12,6.22,4.72,75.99,6.22,4.80,77.19,7.44,5.20,69.98,7.01,5.08,72.46,0.00,0.00,0.00,0.00,0.00,0.00,0.00,0.00,0.00,0.00,0.00,0.00,49.73,38.65,77.72,2026
EM00014073,Prashanta Das,1319,Feni,FE093-C,01,1,9.08,6.92,76.15,9.02,7.50,83.17,9.02,7.50,83.19,9.79,6.90,70.49,9.46,6.53,68.99,9.46,7.34,77.56,8.79,7.19,81.81,8.66,7.08,81.70,0.00,0.00,0.00,0.00,0.00,0.00,0.00,0.00,0.00,0.00,0.00,0.00,73.29,56.96,77.72,2026
EM00012545,Md. Sahadat Hossain,1328,Cox's Bazar,CO021-B,01,1,7.28,5.48,75.29,7.23,5.64,78.04,7.23,4.77,65.93,8.17,5.57,68.18,7.87,5.76,73.19,7.87,6.82,86.63,6.99,5.98,85.58,6.75,6.11,90.57,0.00,0.00,0.00,0.00,0.00,0.00,0.00,0.00,0.00,0.00,0.00,0.00,59.40,46.14,77.68,2026
EM00012017,Md. Milon Mia,1315,Chattogram,CH191-A,01,1,6.41,5.21,81.36,6.36,5.28,82.95,6.36,4.70,73.89,7.16,5.44,75.88,7.21,5.09,70.59,7.21,5.46,75.75,7.43,5.61,75.50,7.01,6.05,86.26,0.00,0.00,0.00,0.00,0.00,0.00,0.00,0.00,0.00,0.00,0.00,0.00,55.15,42.83,77.66,2026
EM00015503,Suman Ali,1313,Narayanganj,NA014-G,02,1,6.62,6.18,93.39,6.90,5.20,75.36,6.90,4.83,70.00,7.25,5.06,69.81,6.70,5.15,76.90,7.35,5.42,73.75,7.35,5.85,79.59,7.50,6.23,83.11,0.00,0.00,0.00,0.00,0.00,0.00,0.00,0.00,0.00,0.00,0.00,0.00,56.57,43.93,77.66,2026
EM00013435,Tamzid Islam Anik,1326,Barishal,BA011-N,03,1,3.70,2.21,59.63,3.70,2.41,65.04,3.70,2.16,58.35,3.70,3.48,94.01,3.80,3.03,79.74,3.80,3.88,102.05,4.50,3.69,81.96,4.50,3.53,78.49,0.00,0.00,0.00,0.00,0.00,0.00,0.00,0.00,0.00,0.00,0.00,0.00,31.40,24.38,77.64,2026
EM00011949,Md. Nahid Bin Rimul,1317,Cumilla,CU121-B,01,1,10.27,8.08,78.65,10.20,8.06,79.04,10.20,8.00,78.40,11.22,8.14,72.59,10.81,6.67,61.71,10.81,9.03,83.55,10.31,8.62,83.61,10.16,8.59,84.51,0.00,0.00,0.00,0.00,0.00,0.00,0.00,0.00,0.00,0.00,0.00,0.00,83.99,65.19,77.63,2026
EM00012589,Mahtab Hossain,1315,Chattogram,CH041-G,02,1,9.40,7.46,79.37,9.10,7.13,78.39,9.25,6.18,66.76,9.70,6.71,69.18,9.10,8.25,90.63,9.98,7.55,75.64,9.98,8.06,80.71,10.30,8.28,80.40,0.00,0.00,0.00,0.00,0.00,0.00,0.00,0.00,0.00,0.00,0.00,0.00,76.81,59.61,77.61,2026
EM00013217,Md. Imran Hossain,1318,Noakhali,NO031-B,01,1,7.56,5.58,73.86,7.51,5.79,77.13,7.51,6.39,85.07,8.44,6.13,72.61,8.14,5.58,68.53,8.14,6.61,81.16,7.75,6.43,82.96,7.61,6.12,80.46,0.00,0.00,0.00,0.00,0.00,0.00,0.00,0.00,0.00,0.00,0.00,0.00,62.66,48.63,77.61,2026
EM00001296,Mohammad Kamrozzaman,1314,Mymensingh,MY050-P,01,2,33.33,22.60,67.80,33.09,25.77,77.87,33.09,26.20,79.18,40.26,30.27,75.19,38.76,26.57,68.53,38.76,28.26,72.91,34.95,32.28,92.35,34.45,30.52,88.60,0.00,0.00,0.00,0.00,0.00,0.00,0.00,0.00,0.00,0.00,0.00,0.00,286.70,222.47,77.60,2026
EM00016347,Suvra Chandra Roy,1326,Barishal,BA043-A,01,1,0.00,0.00,0.00,0.00,0.00,0.00,0.00,0.00,0.00,0.00,0.00,0.00,0.00,0.00,0.00,0.00,0.00,0.00,5.00,3.21,64.11,4.46,4.13,92.73,0.00,0.00,0.00,0.00,0.00,0.00,0.00,0.00,0.00,0.00,0.00,0.00,9.46,7.34,77.59,2026
EM00008666,Mohammad Manir Hossain,1333,Moulvibazar,MO072-C,01,1,9.96,7.48,75.10,9.89,7.93,80.22,9.89,7.73,78.17,11.38,8.54,75.10,10.97,8.28,75.56,10.97,7.68,70.01,9.75,8.19,84.01,9.61,8.10,84.30,0.00,0.00,0.00,0.00,0.00,0.00,0.00,0.00,0.00,0.00,0.00,0.00,82.41,63.94,77.59,2026
EM00016458,Awlad Hossan,1313,Narayanganj,NA045-G,02,1,0.00,0.00,0.00,0.00,0.00,0.00,0.00,0.00,0.00,0.00,0.00,0.00,0.00,0.00,0.00,0.00,0.00,0.00,0.00,0.00,0.00,5.15,3.99,77.56,0.00,0.00,0.00,0.00,0.00,0.00,0.00,0.00,0.00,0.00,0.00,0.00,5.15,3.99,77.56,2026
EM00014877,Alamin Mir,1313,Narayanganj,NA101-B,01,1,10.17,7.84,77.05,10.10,8.60,85.12,10.10,8.14,80.57,11.83,8.45,71.48,11.40,7.36,64.56,11.40,8.57,75.17,10.45,8.59,82.18,10.77,9.31,86.44,0.00,0.00,0.00,0.00,0.00,0.00,0.00,0.00,0.00,0.00,0.00,0.00,86.22,66.86,77.54,2026
EM00016503,Md. Saddam Hossen,1322,Rangpur,RN017-D,11,1,0.00,0.00,0.00,0.00,0.00,0.00,0.00,0.00,0.00,0.00,0.00,0.00,0.00,0.00,0.00,0.00,0.00,0.00,0.00,0.00,0.00,3.63,2.81,77.54,0.00,0.00,0.00,0.00,0.00,0.00,0.00,0.00,0.00,0.00,0.00,0.00,3.63,2.81,77.54,2026
EM00016442,Md. Sento Shah,1314,Mymensingh,MY012-G,02,1,0.00,0.00,0.00,0.00,0.00,0.00,0.00,0.00,0.00,0.00,0.00,0.00,0.00,0.00,0.00,0.00,0.00,0.00,0.00,0.00,0.00,5.55,4.30,77.53,0.00,0.00,0.00,0.00,0.00,0.00,0.00,0.00,0.00,0.00,0.00,0.00,5.55,4.30,77.53,2026
EM00013351,Md. Manik .,1324,Jashore,JA062-A,01,1,9.94,7.30,73.44,9.84,7.02,71.33,9.84,8.06,81.90,12.00,7.44,61.98,11.18,7.85,70.25,11.18,9.12,81.60,10.16,9.58,94.30,10.23,9.03,88.34,0.00,0.00,0.00,0.00,0.00,0.00,0.00,0.00,0.00,0.00,0.00,0.00,84.35,65.39,77.53,2026
EM00006659,Md. Motiur Rahaman,1315,Chattogram,CH333-B,01,1,8.05,5.55,69.00,8.05,5.99,74.39,8.05,6.55,81.35,8.98,6.80,75.78,8.66,5.98,69.07,8.66,6.08,70.25,8.09,7.35,90.86,7.67,7.01,91.51,0.00,0.00,0.00,0.00,0.00,0.00,0.00,0.00,0.00,0.00,0.00,0.00,66.20,51.32,77.53,2026
EM00011639,Vockto Kumer,1321,Rajshahi,RA081-A,01,1,8.17,5.50,67.38,8.11,5.66,69.84,8.11,5.70,70.25,10.02,6.96,69.47,9.65,7.74,80.24,9.65,7.73,80.10,7.37,7.42,100.76,7.38,6.34,86.00,0.00,0.00,0.00,0.00,0.00,0.00,0.00,0.00,0.00,0.00,0.00,0.00,68.45,53.06,77.52,2026
EM00004348,Md. Shirazul Islam,1320,Bogura,BO050-P,01,2,37.10,24.23,65.32,36.83,27.58,74.88,36.83,30.64,83.18,45.78,33.72,73.65,44.14,31.04,70.34,44.14,31.42,71.20,37.20,34.85,93.68,37.20,33.88,91.07,0.00,0.00,0.00,0.00,0.00,0.00,0.00,0.00,0.00,0.00,0.00,0.00,319.23,247.37,77.49,2026
EM00013745,Rubel Hasan,1311,Dhanmondi,DH192-B,01,1,6.05,5.58,92.23,6.05,4.01,66.30,6.05,3.44,56.84,7.35,4.08,55.46,7.08,5.22,73.66,7.08,4.91,69.30,6.96,6.95,99.84,6.36,6.88,108.10,0.00,0.00,0.00,0.00,0.00,0.00,0.00,0.00,0.00,0.00,0.00,0.00,52.98,41.05,77.49,2026
EM00004180,Md. Abdul Helal,1335,Kushtia,KU070-P,01,2,49.40,34.74,70.32,49.05,34.79,70.93,49.05,36.95,75.33,57.55,43.27,75.18,55.02,41.11,74.72,55.02,41.08,74.66,50.19,45.66,90.98,50.65,44.69,88.22,0.00,0.00,0.00,0.00,0.00,0.00,0.00,0.00,0.00,0.00,0.00,0.00,415.93,322.28,77.48,2026
EM00009568,Md. Abu Sayed,1311,Dhanmondi,DH120-P,01,2,45.06,39.18,86.95,45.06,40.82,90.59,45.06,31.86,70.70,54.48,38.29,70.28,52.50,34.62,65.95,52.50,37.46,71.35,49.66,39.94,80.42,48.95,42.54,86.92,0.00,0.00,0.00,0.00,0.00,0.00,0.00,0.00,0.00,0.00,0.00,0.00,393.28,304.72,77.48,2026
EM00006183,Mr. Sukanta Patra,1324,Jashore,JA150-P,01,2,41.23,28.90,70.09,40.94,32.17,78.59,40.94,33.00,80.61,48.42,35.73,73.79,46.67,34.32,73.54,46.67,34.48,73.88,42.17,34.40,81.59,41.26,36.84,89.29,0.00,0.00,0.00,0.00,0.00,0.00,0.00,0.00,0.00,0.00,0.00,0.00,348.29,269.84,77.48,2026
EM00005157,Md. Jasim Uddin,1311,Dhanmondi,DH070-P,01,2,41.29,30.78,74.53,41.29,33.20,80.39,41.29,33.40,80.88,49.31,33.41,67.76,47.51,31.12,65.51,47.51,34.15,71.88,41.98,37.18,88.56,41.78,39.47,94.46,0.00,0.00,0.00,0.00,0.00,0.00,0.00,0.00,0.00,0.00,0.00,0.00,351.96,272.69,77.48,2026
EM00006945,Md. Ruhul Amin,1321,Rajshahi,RA030-P,01,2,42.81,29.50,68.92,42.50,30.58,71.95,42.50,32.52,76.52,50.79,37.95,74.72,48.95,34.51,70.49,48.95,37.22,76.04,42.15,39.43,93.55,40.70,36.68,90.14,0.00,0.00,0.00,0.00,0.00,0.00,0.00,0.00,0.00,0.00,0.00,0.00,359.36,278.41,77.47,2026
EM00013986,Sofiqul Islam,1318,Noakhali,NO034-A,01,1,5.92,4.54,76.63,5.88,4.58,77.83,5.88,4.73,80.48,6.57,4.97,75.67,6.32,5.16,81.56,6.32,4.87,76.98,6.06,4.59,75.77,5.95,4.45,74.79,0.00,0.00,0.00,0.00,0.00,0.00,0.00,0.00,0.00,0.00,0.00,0.00,48.90,37.88,77.46,2026
EM00016294,Md. Sohel Rana,1310,Paltan,PA162-B,01,1,0.00,0.00,0.00,0.00,0.00,0.00,0.00,0.00,0.00,0.00,0.00,0.00,0.00,0.00,0.00,8.02,4.91,61.17,6.70,5.58,83.30,6.90,6.26,90.66,0.00,0.00,0.00,0.00,0.00,0.00,0.00,0.00,0.00,0.00,0.00,0.00,21.62,16.75,77.44,2026
EM00013843,Md. Jafor Hossain,1311,Dhanmondi,DH102-A,01,1,6.16,4.71,76.49,6.00,4.52,75.35,6.00,4.43,73.80,7.23,4.14,57.36,6.96,4.64,66.63,6.96,4.98,71.54,5.94,6.23,104.84,5.94,5.96,100.17,0.00,0.00,0.00,0.00,0.00,0.00,0.00,0.00,0.00,0.00,0.00,0.00,51.19,39.61,77.37,2026
EM00005841,Md. Asadul Haque,1324,Jashore,JA060-P,01,2,49.30,36.22,73.48,48.91,34.81,71.16,48.91,38.61,78.93,60.08,39.01,64.93,57.00,41.83,73.38,57.00,45.27,79.42,51.98,44.89,86.37,52.33,48.57,92.81,0.00,0.00,0.00,0.00,0.00,0.00,0.00,0.00,0.00,0.00,0.00,0.00,425.51,329.21,77.37,2026
EM00015567,Md. Ashraful Islam,1310,Paltan,PA191-B,01,1,7.40,5.56,75.10,7.56,5.79,76.64,7.56,5.36,70.90,8.81,5.91,67.03,8.51,5.74,67.43,8.51,5.68,66.77,6.95,7.10,102.06,6.96,7.01,100.80,0.00,0.00,0.00,0.00,0.00,0.00,0.00,0.00,0.00,0.00,0.00,0.00,62.25,48.14,77.33,2026
EM00011804,Riaz Mahamud,1311,Dhanmondi,DH252-A,01,1,5.40,4.89,90.67,5.40,4.88,90.33,5.40,4.90,90.88,6.19,5.17,83.45,5.96,3.99,66.85,5.96,2.76,46.30,5.40,3.93,72.74,5.32,4.31,80.92,0.00,0.00,0.00,0.00,0.00,0.00,0.00,0.00,0.00,0.00,0.00,0.00,45.03,34.82,77.33,2026
EM00010744,Maiaz Ahmed,1310,Paltan,PA270-P,01,2,45.09,32.28,71.60,26.80,20.68,77.17,26.80,21.90,81.73,31.26,24.31,77.77,30.08,19.95,66.31,30.08,21.93,72.91,25.69,24.88,96.86,25.70,20.81,80.95,0.00,0.00,0.00,0.00,0.00,0.00,0.00,0.00,0.00,0.00,0.00,0.00,241.50,186.75,77.33,2026
EM00015085,Md. Meraz Hossen,1315,Chattogram,CH046-G,02,1,4.70,4.11,87.35,4.50,3.81,84.72,4.60,3.71,80.59,4.90,3.42,69.71,4.70,3.77,80.15,4.55,3.29,72.25,4.55,3.19,70.20,4.72,3.49,73.97,0.00,0.00,0.00,0.00,0.00,0.00,0.00,0.00,0.00,0.00,0.00,0.00,37.22,28.78,77.33,2026
EM00007798,Md. Abdul Mazid,1326,Barishal,BA160-P,01,2,48.69,33.98,69.77,48.34,33.11,68.49,48.34,35.61,73.65,65.73,44.64,67.91,63.37,47.30,74.65,63.37,49.71,78.44,53.70,49.82,92.78,53.20,49.62,93.27,0.00,0.00,0.00,0.00,0.00,0.00,0.00,0.00,0.00,0.00,0.00,0.00,444.76,343.79,77.30,2026
EM00011193,Shariful Islam,1326,Barishal,BA103-B,01,1,11.49,8.83,76.83,11.41,8.22,72.00,11.41,8.91,78.05,7.67,5.39,70.26,8.21,5.56,67.78,8.21,6.13,74.69,7.30,6.80,93.11,7.11,6.43,90.40,0.00,0.00,0.00,0.00,0.00,0.00,0.00,0.00,0.00,0.00,0.00,0.00,72.81,56.26,77.27,2026
EM00006934,Md. Shoel Rana,1326,Barishal,BA100-P,01,2,53.62,40.11,74.81,53.24,39.99,75.11,53.24,42.84,80.47,61.19,43.81,71.61,58.94,43.64,74.04,58.94,46.45,78.81,40.83,35.29,86.44,39.44,31.94,80.99,0.00,0.00,0.00,0.00,0.00,0.00,0.00,0.00,0.00,0.00,0.00,0.00,419.43,324.08,77.27,2026
EM00006843,Mr. Ismail Hossain,1333,Moulvibazar,MO070-P,01,2,43.22,32.30,74.73,42.91,34.62,80.66,42.91,35.39,82.48,49.35,36.37,73.69,47.58,32.57,68.45,47.58,34.76,73.05,42.30,35.86,84.78,41.68,34.39,82.51,0.00,0.00,0.00,0.00,0.00,0.00,0.00,0.00,0.00,0.00,0.00,0.00,357.54,276.25,77.26,2026
EM00009910,Md. Amir Hossain,1314,Mymensingh,MY131-A,01,1,8.92,5.95,66.63,8.86,6.23,70.32,8.86,6.82,76.94,10.73,6.92,64.46,10.15,7.09,69.81,10.15,8.80,86.73,8.87,8.28,93.30,8.62,8.00,92.80,0.00,0.00,0.00,0.00,0.00,0.00,0.00,0.00,0.00,0.00,0.00,0.00,75.17,58.08,77.26,2026
EM00015129,Md. Hasanur Rahaman,1313,Narayanganj,NA143-B,01,1,7.26,6.07,83.66,7.21,5.76,79.87,7.21,6.06,84.04,8.47,5.42,63.99,8.17,5.90,72.17,8.17,5.21,63.80,7.22,6.74,93.41,7.44,6.08,81.72,0.00,0.00,0.00,0.00,0.00,0.00,0.00,0.00,0.00,0.00,0.00,0.00,61.15,47.24,77.26,2026
EM00013471,Samal Chandra Das,1313,Narayanganj,NA074-B,01,1,9.13,7.38,80.89,9.13,7.45,81.66,9.13,6.85,75.02,9.46,6.22,65.74,8.80,6.00,68.12,8.80,6.06,68.80,7.80,6.99,89.52,8.01,7.34,91.62,0.00,0.00,0.00,0.00,0.00,0.00,0.00,0.00,0.00,0.00,0.00,0.00,70.25,54.27,77.26,2026
EM00015899,Md. Akash Mia,1316,Sylhet,SY131-B,01,1,0.00,0.00,0.00,0.00,0.00,0.00,0.00,0.00,0.00,6.46,4.26,66.00,6.22,4.12,66.28,6.22,4.59,73.68,5.49,4.97,90.60,5.41,5.08,93.82,0.00,0.00,0.00,0.00,0.00,0.00,0.00,0.00,0.00,0.00,0.00,0.00,29.80,23.02,77.24,2026
EM00014824,Md. Jabed Miah,1334,Kishoreganj,KI051-C,01,1,7.62,5.85,76.76,7.62,6.12,80.29,7.62,5.74,75.42,9.10,6.37,70.03,8.82,5.78,65.50,8.82,6.44,73.01,8.43,7.48,88.66,8.33,7.46,89.61,0.00,0.00,0.00,0.00,0.00,0.00,0.00,0.00,0.00,0.00,0.00,0.00,66.36,51.24,77.22,2026
EM00014619,Indrojit Samadder,1318,Noakhali,NO063-A,01,1,6.80,4.72,69.45,6.75,4.83,71.51,6.75,5.76,85.29,8.45,7.98,94.44,8.15,5.49,67.33,8.15,5.88,72.10,7.44,5.58,74.98,7.16,5.83,81.44,0.00,0.00,0.00,0.00,0.00,0.00,0.00,0.00,0.00,0.00,0.00,0.00,59.66,46.07,77.22,2026
EM00011203,Yunus Ali,1320,Bogura,BO122-B,01,1,6.69,4.42,66.14,6.64,4.57,68.80,6.64,4.85,72.99,7.65,5.31,69.46,7.30,5.05,69.12,7.30,5.62,77.03,5.80,5.88,101.30,5.80,5.85,100.85,0.00,0.00,0.00,0.00,0.00,0.00,0.00,0.00,0.00,0.00,0.00,0.00,53.81,41.54,77.20,2026
EM00007797,Mr. Arshad Hosen,1310,Paltan,PA050-P,01,2,45.65,43.39,95.07,45.33,40.51,89.38,45.33,33.67,74.28,56.44,36.25,64.22,54.32,34.05,62.68,54.32,37.09,68.27,44.75,40.08,89.57,45.96,37.64,81.90,0.00,0.00,0.00,0.00,0.00,0.00,0.00,0.00,0.00,0.00,0.00,0.00,392.10,302.69,77.20,2026
EM00011707,Juwel Islam,1319,Feni,FE034-C,01,1,9.24,6.96,75.35,9.17,6.88,75.06,9.17,7.40,80.71,10.17,7.49,73.68,9.81,6.67,67.98,9.81,8.09,82.40,9.14,7.31,79.99,9.14,7.59,82.99,0.00,0.00,0.00,0.00,0.00,0.00,0.00,0.00,0.00,0.00,0.00,0.00,75.65,58.39,77.18,2026
EM00014546,Md. Shahidul Islam,1310,Paltan,PA212-A,01,1,6.48,5.43,83.89,7.11,5.23,73.52,7.11,4.32,60.73,8.13,6.06,74.53,7.98,5.66,70.91,7.98,6.52,81.70,6.56,6.16,93.88,6.56,5.32,81.02,0.00,0.00,0.00,0.00,0.00,0.00,0.00,0.00,0.00,0.00,0.00,0.00,57.92,44.70,77.17,2026
EM00015866,Moni Kumar Biswas,1315,Chattogram,CH050-P,01,2,0.00,0.00,0.00,0.00,0.00,0.00,0.00,0.00,0.00,40.34,28.93,71.72,38.93,28.98,74.44,38.93,27.42,70.42,36.51,30.45,83.39,34.77,30.43,87.52,0.00,0.00,0.00,0.00,0.00,0.00,0.00,0.00,0.00,0.00,0.00,0.00,189.48,146.21,77.16,2026
EM00011028,Md. Hasanuzzaman .,1313,Narayanganj,NA010-P,01,2,48.03,34.91,72.70,45.41,36.75,80.93,45.41,34.76,76.55,50.94,36.22,71.10,49.00,35.36,72.16,49.00,37.53,76.58,44.47,38.84,87.33,45.60,37.17,81.51,0.00,0.00,0.00,0.00,0.00,0.00,0.00,0.00,0.00,0.00,0.00,0.00,377.85,291.53,77.15,2026
EM00016065,Palash Chandra Barman,1311,Dhanmondi,DH081-V,04,1,0.00,0.00,0.00,0.00,0.00,0.00,0.00,0.00,0.00,8.34,6.91,82.82,7.70,6.04,78.44,8.95,7.20,80.46,9.29,7.05,75.92,9.98,6.94,69.53,0.00,0.00,0.00,0.00,0.00,0.00,0.00,0.00,0.00,0.00,0.00,0.00,44.26,34.14,77.14,2026
EM00002176,Mr. Abdur Rahman Khan,1319,Feni,RP01028,01,4,396.28,299.49,75.58,393.42,309.63,78.70,393.42,303.69,77.19,435.19,319.35,73.38,419.76,298.85,71.20,419.76,316.36,75.37,391.40,327.62,83.70,385.80,319.89,82.92,0.00,0.00,0.00,0.00,0.00,0.00,0.00,0.00,0.00,0.00,0.00,0.00,3235.02,2494.89,77.12,2026
EM00013278,Sariful Islam,1315,Chattogram,CH124-A,01,1,5.51,3.85,69.90,5.51,3.91,70.99,5.51,4.27,77.47,6.18,4.27,69.05,5.96,4.26,71.54,5.96,4.45,74.63,5.58,4.77,85.50,5.28,5.29,100.24,0.00,0.00,0.00,0.00,0.00,0.00,0.00,0.00,0.00,0.00,0.00,0.00,45.48,35.07,77.11,2026
EM00011509,Md. Mustakim Khan,1332,B. Baria,BB092-A,01,1,10.20,7.83,76.73,10.13,8.88,87.67,10.00,8.33,83.31,10.75,6.95,64.63,10.36,7.53,72.72,10.36,8.46,81.64,10.10,8.14,80.62,9.95,6.98,70.13,0.00,0.00,0.00,0.00,0.00,0.00,0.00,0.00,0.00,0.00,0.00,0.00,81.85,63.10,77.09,2026
EM00008346,Md. Asaduzzaman,1320,Bogura,BO073-B,01,1,6.30,4.86,77.18,6.31,4.73,75.06,6.31,5.00,79.33,7.60,5.40,71.03,7.07,4.50,63.68,7.07,4.89,69.06,5.97,5.62,94.16,5.97,5.54,92.79,0.00,0.00,0.00,0.00,0.00,0.00,0.00,0.00,0.00,0.00,0.00,0.00,52.61,40.56,77.09,2026
EM00004045,Md. Jahangir Alam,1320,Bogura,BO152-C,01,1,8.77,7.07,80.64,8.76,6.34,72.29,8.76,6.85,78.12,10.16,7.26,71.43,9.84,6.76,68.73,9.84,7.12,72.34,8.28,7.18,86.69,8.08,7.31,90.45,0.00,0.00,0.00,0.00,0.00,0.00,0.00,0.00,0.00,0.00,0.00,0.00,72.49,55.87,77.07,2026
EM00009471,Mostafijur Rahman,1313,Narayanganj,NA012-B,01,1,8.17,5.65,69.19,7.78,5.82,74.82,7.78,5.12,65.84,8.95,5.95,66.50,8.61,6.08,70.69,8.61,6.80,78.94,7.96,8.08,101.51,8.16,7.37,90.29,0.00,0.00,0.00,0.00,0.00,0.00,0.00,0.00,0.00,0.00,0.00,0.00,66.01,50.87,77.07,2026
EM00016084,Md Shamim Hossain,1336,Keraniganj,KE022-C,01,1,0.00,0.00,0.00,0.00,0.00,0.00,0.00,0.00,0.00,0.00,0.00,0.00,8.51,4.90,57.64,8.51,6.08,71.49,7.23,6.63,91.65,7.30,6.69,91.73,0.00,0.00,0.00,0.00,0.00,0.00,0.00,0.00,0.00,0.00,0.00,0.00,31.54,24.31,77.06,2026
EM00010872,Abdur Razzaque Mian,1316,Sylhet,SY110-P,01,2,41.28,31.23,75.65,40.79,30.64,75.11,40.79,30.81,75.54,46.73,33.20,71.05,45.05,31.50,69.92,45.05,35.01,77.72,41.99,36.41,86.72,41.38,35.53,85.85,0.00,0.00,0.00,0.00,0.00,0.00,0.00,0.00,0.00,0.00,0.00,0.00,343.05,264.33,77.05,2026
EM00013450,Md. Feroz Mahmud,1325,Khulna,KH071-A,01,1,6.91,5.61,81.19,6.86,5.10,74.42,6.86,5.55,80.91,8.07,5.40,66.95,7.79,6.01,77.14,7.79,6.08,78.09,6.98,5.27,75.52,6.58,5.53,84.09,0.00,0.00,0.00,0.00,0.00,0.00,0.00,0.00,0.00,0.00,0.00,0.00,57.82,44.55,77.05,2026
EM00011731,Monirul Islam,1329,Tangail,TA054-A,01,1,8.84,7.27,82.22,8.78,6.82,77.63,8.78,6.61,75.30,9.97,6.20,62.19,9.62,6.74,70.10,9.62,6.77,70.45,8.61,7.52,87.39,8.48,8.06,95.06,0.00,0.00,0.00,0.00,0.00,0.00,0.00,0.00,0.00,0.00,0.00,0.00,72.69,55.99,77.03,2026
EM00014317,Md. Rabiul Hossen,1331,CHT+NKL+CXB+CHP,SM001-P,01,7,2639.03,1990.71,75.43,2620.12,2048.70,78.19,2620.12,2074.71,79.18,2966.41,2173.55,73.27,2859.38,2072.41,72.48,2859.38,2150.90,75.22,2676.80,2157.30,80.59,2572.89,2133.42,82.92,0.00,0.00,0.00,0.00,0.00,0.00,0.00,0.00,0.00,0.00,0.00,0.00,21814.13,16801.69,77.02,2026
EM00005427,Md. Nazimuddin,1328,Cox's Bazar,CO063-C,01,1,9.45,6.67,70.63,9.38,7.04,75.05,9.38,6.85,73.00,10.70,7.49,69.93,9.46,7.37,77.92,9.46,8.01,84.69,8.80,7.07,80.35,8.51,7.35,86.45,0.00,0.00,0.00,0.00,0.00,0.00,0.00,0.00,0.00,0.00,0.00,0.00,75.15,57.86,76.99,2026
EM00014750,Md. Saddam Hossen,1323,Dinajpur,DI023-C,01,1,8.39,5.74,68.40,8.33,4.51,54.15,8.33,6.54,78.58,10.07,7.05,70.02,9.70,7.98,82.33,9.70,7.47,77.01,8.06,7.80,96.71,7.95,7.20,90.59,0.00,0.00,0.00,0.00,0.00,0.00,0.00,0.00,0.00,0.00,0.00,0.00,70.51,54.29,76.99,2026
EM00015376,Prosenjit Banarjee,1322,Rangpur,RN053-C,01,1,8.48,6.70,79.03,8.42,6.59,78.26,8.42,6.33,75.17,9.74,5.05,51.81,9.39,5.54,59.01,9.39,7.01,74.65,7.55,7.91,104.73,7.45,7.86,105.56,0.00,0.00,0.00,0.00,0.00,0.00,0.00,0.00,0.00,0.00,0.00,0.00,68.84,52.99,76.98,2026
EM00011209,Md. Rakibuzzaman .,1324,Jashore,JA051-B,01,1,9.35,6.91,73.91,9.28,7.07,76.20,9.28,7.28,78.43,10.94,7.09,64.85,10.55,7.15,67.77,10.55,8.34,79.11,9.31,8.01,86.11,9.10,8.45,92.83,0.00,0.00,0.00,0.00,0.00,0.00,0.00,0.00,0.00,0.00,0.00,0.00,78.35,60.31,76.97,2026
EM00009024,Gopal Chandro Roy,1322,Rangpur,RN121-A,01,1,7.76,5.70,73.42,7.70,5.68,73.68,7.70,6.48,84.13,9.63,6.73,69.85,9.28,6.77,72.90,9.28,6.75,72.72,7.73,6.67,86.33,7.62,6.56,86.16,0.00,0.00,0.00,0.00,0.00,0.00,0.00,0.00,0.00,0.00,0.00,0.00,66.71,51.34,76.95,2026
EM00014081,Md. Sulaiman .,1325,Khulna,KH024-A,01,1,6.39,4.55,71.13,6.35,4.53,71.31,6.35,5.17,81.44,7.73,5.38,69.61,7.50,5.38,71.81,7.50,5.53,73.81,6.65,5.23,78.65,6.35,6.39,100.69,0.00,0.00,0.00,0.00,0.00,0.00,0.00,0.00,0.00,0.00,0.00,0.00,54.81,42.16,76.93,2026
EM00012128,Suvangkar Kumar Mani,1315,Chattogram,CH024-V,04,1,6.89,5.12,74.32,6.89,5.11,74.19,7.05,5.78,82.01,7.52,5.82,77.36,7.30,6.09,83.37,7.90,5.91,74.83,7.50,5.72,76.31,7.90,5.79,73.35,0.00,0.00,0.00,0.00,0.00,0.00,0.00,0.00,0.00,0.00,0.00,0.00,58.95,45.35,76.92,2026
EM00014657,Md. Monirul Islam,1312,Uttara,UT092-B,01,1,6.11,4.72,77.18,6.07,4.96,81.79,6.07,5.15,84.87,7.21,4.92,68.13,6.94,5.08,73.18,6.94,4.95,71.34,6.49,5.05,77.82,6.63,5.50,82.98,0.00,0.00,0.00,0.00,0.00,0.00,0.00,0.00,0.00,0.00,0.00,0.00,52.46,40.33,76.87,2026
EM00014564,Nandan Kumar Biswas,1320,Bogura,BO011-A,01,1,3.53,2.69,76.11,3.53,2.69,76.11,3.53,2.83,80.19,4.26,3.20,75.11,4.09,2.96,72.40,4.09,3.14,76.68,3.61,2.83,78.42,3.41,2.76,81.04,0.00,0.00,0.00,0.00,0.00,0.00,0.00,0.00,0.00,0.00,0.00,0.00,30.05,23.10,76.86,2026
EM00007407,Md. Hafiz Uddin,1333,Moulvibazar,MO041-A,01,1,8.68,4.94,56.87,8.62,6.92,80.25,8.62,7.28,84.43,10.41,7.82,75.07,10.02,6.39,63.74,10.02,6.50,64.88,8.77,7.90,90.04,8.65,8.96,103.66,0.00,0.00,0.00,0.00,0.00,0.00,0.00,0.00,0.00,0.00,0.00,0.00,73.79,56.70,76.84,2026
EM00006788,Mr. Emran Hossain,1315,Chattogram,RP01032,01,4,325.83,272.04,83.49,323.49,291.34,90.06,323.49,269.24,83.23,341.95,263.14,76.95,345.47,223.21,64.61,345.47,228.38,66.11,323.40,234.61,72.54,306.36,241.85,78.94,0.00,0.00,0.00,0.00,0.00,0.00,0.00,0.00,0.00,0.00,0.00,0.00,2635.47,2023.80,76.79,2026
EM00015103,Sanjoy Chandra Debnath,1324,Jashore,JA012-A,01,1,7.86,5.59,71.10,7.80,5.89,75.53,7.80,5.24,67.21,9.23,6.37,69.05,8.78,6.26,71.31,8.78,7.05,80.27,7.53,7.26,96.42,7.46,6.43,86.11,0.00,0.00,0.00,0.00,0.00,0.00,0.00,0.00,0.00,0.00,0.00,0.00,65.24,50.09,76.78,2026
EM00007176,Md. Abul Hashem,1316,Sylhet,SY090-P,01,2,39.92,32.82,82.23,39.63,30.57,77.15,39.63,28.26,71.32,43.88,31.91,72.72,42.33,29.64,70.02,42.33,32.32,76.35,39.35,33.79,85.89,38.77,30.73,79.26,0.00,0.00,0.00,0.00,0.00,0.00,0.00,0.00,0.00,0.00,0.00,0.00,325.83,250.05,76.74,2026
EM00003187,Mohammad Jahangir Alam,1319,Feni,FE030-P,01,2,44.80,30.40,67.85,44.47,35.76,80.42,44.47,34.72,78.08,49.76,34.67,69.68,48.01,32.25,67.18,48.01,39.20,81.67,44.70,38.10,85.22,44.06,37.37,84.81,0.00,0.00,0.00,0.00,0.00,0.00,0.00,0.00,0.00,0.00,0.00,0.00,368.27,282.48,76.70,2026
EM00011411,Gautam Kumar Kundu,1311,Dhanmondi,DH091-B,01,1,7.92,5.67,71.57,7.87,6.54,83.14,7.87,5.40,68.60,9.38,6.26,66.68,8.29,5.19,62.64,8.29,6.26,75.47,7.62,7.28,95.56,7.52,7.03,93.48,0.00,0.00,0.00,0.00,0.00,0.00,0.00,0.00,0.00,0.00,0.00,0.00,64.76,49.63,76.63,2026
EM00008925,Sahjalal Miah,1333,Moulvibazar,MO053-C,01,1,9.37,7.08,75.60,9.30,6.65,71.42,9.30,7.59,81.53,10.93,7.81,71.48,10.54,6.75,64.05,10.54,7.32,69.43,9.36,7.66,81.78,9.23,9.34,101.23,0.00,0.00,0.00,0.00,0.00,0.00,0.00,0.00,0.00,0.00,0.00,0.00,78.57,60.19,76.60,2026
EM00016109,Md. Sumon Munsi,1310,Paltan,PA023-G,02,1,0.00,0.00,0.00,0.00,0.00,0.00,0.00,0.00,0.00,0.00,0.00,0.00,7.79,5.84,75.02,8.60,6.12,71.22,8.60,6.84,79.50,8.85,7.12,80.41,0.00,0.00,0.00,0.00,0.00,0.00,0.00,0.00,0.00,0.00,0.00,0.00,33.84,25.92,76.60,2026
EM00011307,Sohug Barua,1315,Chattogram,CH132-B,01,1,8.87,6.64,74.94,8.80,6.95,78.98,8.80,7.71,87.62,10.22,7.19,70.37,9.85,7.06,71.69,9.85,6.90,70.03,9.20,7.43,80.74,8.67,7.00,80.70,0.00,0.00,0.00,0.00,0.00,0.00,0.00,0.00,0.00,0.00,0.00,0.00,74.26,56.89,76.60,2026
EM00016307,Habibur Rahman,1325,Khulna,KH015-C,01,1,0.00,0.00,0.00,0.00,0.00,0.00,0.00,0.00,0.00,0.00,0.00,0.00,0.00,0.00,0.00,4.00,2.58,64.49,3.65,2.65,72.50,3.31,3.16,95.57,0.00,0.00,0.00,0.00,0.00,0.00,0.00,0.00,0.00,0.00,0.00,0.00,10.96,8.39,76.54,2026
EM00010970,Zahid Hasan,1320,Bogura,BO051-A,01,1,9.31,5.80,62.32,8.89,6.76,75.99,8.89,7.50,84.36,11.13,8.50,76.44,10.77,7.50,69.62,10.77,7.95,73.82,8.80,7.70,87.52,8.80,7.49,85.16,0.00,0.00,0.00,0.00,0.00,0.00,0.00,0.00,0.00,0.00,0.00,0.00,77.35,59.20,76.54,2026
EM00006593,Md. Mahabub Hasan,1314,Mymensingh,MY081-B,01,1,8.48,5.43,64.00,8.42,5.37,63.75,8.42,6.03,71.68,9.64,6.90,71.56,8.92,6.29,70.57,8.92,6.91,77.44,7.41,7.46,100.67,7.33,7.30,99.58,0.00,0.00,0.00,0.00,0.00,0.00,0.00,0.00,0.00,0.00,0.00,0.00,67.54,51.69,76.54,2026
EM00011728,Sahabuddin Ahmed,1336,Keraniganj,KE054-C,01,1,8.38,6.38,76.11,8.32,6.51,78.27,8.32,6.83,82.11,9.65,6.89,71.34,9.36,6.06,64.78,9.36,6.80,72.63,8.27,6.84,82.70,8.34,7.26,87.08,0.00,0.00,0.00,0.00,0.00,0.00,0.00,0.00,0.00,0.00,0.00,0.00,70.00,53.56,76.53,2026
EM00015498,Alamgir Hossain,1318,Noakhali,NO101-A,01,1,8.51,5.52,64.88,8.42,6.87,81.54,8.42,5.98,70.99,8.51,6.11,71.82,8.01,6.07,75.78,8.01,5.85,73.06,7.38,6.24,84.60,7.25,6.72,92.75,0.00,0.00,0.00,0.00,0.00,0.00,0.00,0.00,0.00,0.00,0.00,0.00,64.51,49.37,76.52,2026
EM00013264,Md. Anowar Hossen,1326,Barishal,BA032-C,01,1,6.64,5.09,76.77,6.34,4.56,71.98,6.34,5.00,78.94,10.55,7.27,68.90,8.30,6.95,83.78,8.30,5.21,62.78,6.07,5.52,90.84,6.14,5.28,86.03,0.00,0.00,0.00,0.00,0.00,0.00,0.00,0.00,0.00,0.00,0.00,0.00,58.68,44.89,76.51,2026
EM00014669,Md. Shahin Alam,1320,Bogura,BO011-B,01,1,3.48,2.66,76.49,3.48,2.52,72.56,3.48,2.70,77.54,4.23,2.91,68.80,4.11,2.80,68.13,4.11,2.98,72.62,3.62,3.15,86.96,3.42,3.17,92.70,0.00,0.00,0.00,0.00,0.00,0.00,0.00,0.00,0.00,0.00,0.00,0.00,29.93,22.90,76.51,2026
EM00015125,Porimal Chondro Roy,1329,Tangail,TA041-B,01,1,6.52,4.14,63.53,6.47,4.58,70.80,6.47,4.42,68.24,7.88,5.27,66.90,7.58,5.45,71.91,7.58,5.73,75.57,6.94,6.68,96.27,6.56,6.58,100.19,0.00,0.00,0.00,0.00,0.00,0.00,0.00,0.00,0.00,0.00,0.00,0.00,56.00,42.84,76.51,2026
EM00012154,Md. Asaduzzaman,1311,Dhanmondi,DH073-B,01,1,8.61,6.56,76.19,8.61,6.75,78.41,8.61,6.94,80.55,10.31,6.75,65.46,9.93,6.10,61.44,9.93,6.77,68.21,8.95,7.58,84.71,8.75,8.93,102.07,0.00,0.00,0.00,0.00,0.00,0.00,0.00,0.00,0.00,0.00,0.00,0.00,73.71,56.39,76.50,2026
EM00013653,Md. Sohel Mia,1326,Barishal,BA051-B,01,1,7.98,5.61,70.30,7.97,5.98,74.99,7.97,5.91,74.17,9.66,6.31,65.33,9.66,5.95,61.59,9.66,6.80,70.37,6.81,7.31,107.47,7.08,7.22,101.91,0.00,0.00,0.00,0.00,0.00,0.00,0.00,0.00,0.00,0.00,0.00,0.00,66.78,51.08,76.50,2026
EM00016324,Md. Rabiul Alam,1310,Paltan,PA083-B,01,1,0.00,0.00,0.00,0.00,0.00,0.00,0.00,0.00,0.00,0.00,0.00,0.00,0.00,0.00,0.00,7.21,4.78,66.39,6.47,5.43,84.03,6.62,5.30,80.10,0.00,0.00,0.00,0.00,0.00,0.00,0.00,0.00,0.00,0.00,0.00,0.00,20.29,15.52,76.49,2026
EM00013275,Krishna Kamol Roy,1322,Rangpur,RN113-B,01,1,6.42,4.44,69.15,6.38,4.49,70.39,6.38,4.62,72.38,7.58,5.33,70.28,7.30,4.60,62.92,7.30,5.32,72.86,6.63,6.27,94.58,6.50,6.62,101.78,0.00,0.00,0.00,0.00,0.00,0.00,0.00,0.00,0.00,0.00,0.00,0.00,54.50,41.68,76.48,2026
EM00008624,Md. Delwar Hossain,1311,Dhanmondi,DH064-V,04,1,8.09,5.92,73.23,8.10,5.24,64.69,8.28,4.25,51.27,8.83,7.06,79.93,8.83,9.00,101.95,9.55,8.72,91.34,9.92,6.77,68.21,10.65,8.29,77.85,0.00,0.00,0.00,0.00,0.00,0.00,0.00,0.00,0.00,0.00,0.00,0.00,72.25,55.25,76.47,2026
EM00013449,Kaosar .,1327,Faridpur,FA122-A,01,1,8.81,6.37,72.32,8.75,6.61,75.48,8.75,7.27,83.08,10.27,7.37,71.80,9.88,7.17,72.49,9.88,7.65,77.43,9.01,6.88,76.39,9.02,7.56,83.75,0.00,0.00,0.00,0.00,0.00,0.00,0.00,0.00,0.00,0.00,0.00,0.00,74.39,56.88,76.47,2026
EM00012155,Md. Modasser Hosen,1321,Rajshahi,RA081-B,01,1,8.20,5.51,67.23,8.14,5.58,68.48,8.14,5.16,63.35,10.08,6.79,67.37,9.72,6.82,70.20,9.72,7.66,78.80,7.38,7.41,100.38,7.38,7.65,103.67,0.00,0.00,0.00,0.00,0.00,0.00,0.00,0.00,0.00,0.00,0.00,0.00,68.78,52.59,76.46,2026
EM00012973,Md. Shahjada .,1313,Narayanganj,NA062-A,01,1,11.21,9.18,81.93,11.21,9.23,82.39,11.21,8.32,74.22,11.10,8.35,75.20,10.36,7.07,68.20,10.36,7.56,72.93,8.94,7.44,83.26,9.18,6.74,73.44,0.00,0.00,0.00,0.00,0.00,0.00,0.00,0.00,0.00,0.00,0.00,0.00,83.55,63.88,76.46,2026
EM00014993,Debjit Debnath,1336,PLT+KRN,DSM07-P,01,6,1684.89,1306.62,77.55,756.75,619.13,81.81,756.75,567.91,75.05,877.29,602.51,68.68,845.08,571.82,67.66,845.08,606.55,71.77,736.40,638.52,86.71,741.06,624.01,84.21,0.00,0.00,0.00,0.00,0.00,0.00,0.00,0.00,0.00,0.00,0.00,0.00,7243.30,5537.07,76.44,2026
EM00014587,Md. Manik Mia,1313,Narayanganj,NA084-A,01,1,8.25,6.37,77.25,8.19,6.18,75.51,8.19,6.92,84.52,9.85,7.09,72.02,9.48,5.87,61.97,9.48,6.78,71.58,8.61,7.50,87.01,8.87,7.48,84.38,0.00,0.00,0.00,0.00,0.00,0.00,0.00,0.00,0.00,0.00,0.00,0.00,70.90,54.20,76.44,2026
EM00001321,Mohammad Kamal Hossain Mina,1324,Jashore,RP01035,01,4,404.36,291.99,72.21,401.44,294.01,73.24,401.44,303.07,75.50,476.84,330.97,69.41,459.96,325.92,70.86,459.96,347.98,75.66,411.60,360.29,87.53,402.61,358.25,88.98,0.00,0.00,0.00,0.00,0.00,0.00,0.00,0.00,0.00,0.00,0.00,0.00,3418.21,2612.50,76.43,2026
EM00012600,Sakhawat Hossain,1311,Dhanmondi,DH071-A,01,1,7.42,5.42,72.99,7.42,6.08,81.97,7.42,5.81,78.27,8.86,6.40,72.29,8.53,5.78,67.71,8.53,6.15,72.05,7.44,6.45,86.71,7.44,6.11,82.07,0.00,0.00,0.00,0.00,0.00,0.00,0.00,0.00,0.00,0.00,0.00,0.00,63.06,48.19,76.42,2026
EM00011417,Mohammad Sonet Miah,1331,Chandpur,CA074-A,01,1,10.10,7.59,75.19,10.03,8.07,80.50,10.03,8.60,85.79,10.95,7.87,71.84,10.57,7.71,72.98,10.57,7.44,70.45,10.00,7.28,72.77,9.70,8.05,82.96,0.00,0.00,0.00,0.00,0.00,0.00,0.00,0.00,0.00,0.00,0.00,0.00,81.95,62.62,76.42,2026
EM00013988,Rakib Hossan,1319,Feni,FE033-C,01,1,9.73,6.44,66.19,9.66,7.98,82.61,9.66,8.24,85.36,10.75,7.53,70.03,10.37,6.32,60.93,10.37,8.34,80.41,9.49,8.03,84.56,9.49,7.88,83.07,0.00,0.00,0.00,0.00,0.00,0.00,0.00,0.00,0.00,0.00,0.00,0.00,79.52,60.76,76.41,2026
EM00016222,Md. Rabiul Awoul,1323,Dinajpur,DI011-A,01,1,0.00,0.00,0.00,0.00,0.00,0.00,0.00,0.00,0.00,0.00,0.00,0.00,0.00,0.00,0.00,6.15,4.31,70.09,4.90,4.01,81.89,4.83,3.81,78.82,0.00,0.00,0.00,0.00,0.00,0.00,0.00,0.00,0.00,0.00,0.00,0.00,15.88,12.13,76.39,2026
EM00015142,Md. Abu Bakkar Siddik,1322,Rangpur,RN121-B,01,1,6.86,4.70,68.58,6.81,5.07,74.41,6.81,5.87,86.25,8.63,5.78,66.98,8.32,5.82,69.97,8.32,5.77,69.32,6.96,6.26,89.93,6.86,6.23,90.71,0.00,0.00,0.00,0.00,0.00,0.00,0.00,0.00,0.00,0.00,0.00,0.00,59.58,45.51,76.38,2026
EM00013078,Abdul Malek,1326,Barishal,BA151-B,01,1,6.90,5.32,77.11,6.85,5.50,80.31,6.85,5.63,82.22,8.04,6.22,77.28,8.04,5.34,66.38,8.04,6.08,75.66,6.30,4.80,76.14,6.37,4.89,76.77,0.00,0.00,0.00,0.00,0.00,0.00,0.00,0.00,0.00,0.00,0.00,0.00,57.40,43.78,76.28,2026
EM00007538,Md. Hanif Howlader,1311,Dhanmondi,DH281-A,01,1,8.69,7.99,91.94,8.64,7.80,90.31,8.64,6.61,76.55,10.00,6.71,67.12,9.79,6.15,62.79,9.79,6.83,69.76,8.83,7.24,82.01,8.70,6.40,73.57,0.00,0.00,0.00,0.00,0.00,0.00,0.00,0.00,0.00,0.00,0.00,0.00,73.07,55.73,76.27,2026
EM00015947,Md. Tariqul Islam,1320,Bogura,BO133-C,01,1,0.00,0.00,0.00,0.00,0.00,0.00,0.00,0.00,0.00,6.58,2.61,39.67,6.00,4.12,68.67,6.00,4.57,76.25,5.00,5.27,105.39,5.00,5.22,104.43,0.00,0.00,0.00,0.00,0.00,0.00,0.00,0.00,0.00,0.00,0.00,0.00,28.58,21.80,76.26,2026
EM00005257,Mr. Zahurul Islam,1336,Keraniganj,KE050-P,01,2,52.31,40.61,77.64,51.94,42.28,81.41,51.94,40.72,78.41,59.06,39.05,66.12,56.87,39.12,68.79,56.87,41.44,72.87,50.46,41.90,83.05,50.86,43.01,84.56,0.00,0.00,0.00,0.00,0.00,0.00,0.00,0.00,0.00,0.00,0.00,0.00,430.30,328.14,76.26,2026
EM00016361,Moksed Khan,1321,Rajshahi,RA011-B,01,1,0.00,0.00,0.00,0.00,0.00,0.00,0.00,0.00,0.00,0.00,0.00,0.00,0.00,0.00,0.00,0.00,0.00,0.00,5.87,4.46,75.88,5.79,4.44,76.63,0.00,0.00,0.00,0.00,0.00,0.00,0.00,0.00,0.00,0.00,0.00,0.00,11.66,8.89,76.25,2026
EM00012737,Sudipta Kumar Sikkdar,1315,Chattogram,CH304-C,01,1,9.37,6.41,68.37,9.31,7.63,81.98,9.31,8.38,90.01,10.88,7.38,67.83,10.50,7.89,75.16,10.50,7.80,74.33,9.77,7.19,73.57,9.19,7.38,80.29,0.00,0.00,0.00,0.00,0.00,0.00,0.00,0.00,0.00,0.00,0.00,0.00,78.82,60.05,76.19,2026
EM00015181,Md. Asif Hossain,1317,Cumilla,CU061-B,01,1,9.03,5.91,65.40,8.97,7.22,80.53,8.97,7.64,85.21,10.36,7.26,70.05,9.99,6.69,66.94,9.99,6.95,69.54,9.15,8.16,89.24,9.01,7.67,85.13,0.00,0.00,0.00,0.00,0.00,0.00,0.00,0.00,0.00,0.00,0.00,0.00,75.46,57.50,76.19,2026
EM00015492,Uttam Kumar Ghosh,1313,Narayanganj,NA021-A,01,1,8.35,6.45,77.26,8.35,6.04,72.35,8.35,6.08,72.76,9.43,6.39,67.79,8.82,6.90,78.14,8.82,7.17,81.23,7.80,6.58,84.34,8.00,6.14,76.76,0.00,0.00,0.00,0.00,0.00,0.00,0.00,0.00,0.00,0.00,0.00,0.00,67.94,51.75,76.17,2026
EM00015209,Md. Abdul Al Zubaer,1332,B. Baria,BB082-A,01,1,10.81,7.90,73.14,10.73,8.14,75.86,9.98,8.92,89.42,11.29,8.36,74.03,10.58,6.75,63.76,10.58,8.12,76.73,10.31,7.96,77.26,10.16,8.16,80.29,0.00,0.00,0.00,0.00,0.00,0.00,0.00,0.00,0.00,0.00,0.00,0.00,84.44,64.32,76.17,2026
EM00006668,Md. Soroar Hossen,1321,Rajshahi,RA083-B,01,1,9.50,5.74,60.41,9.08,5.90,65.00,9.08,7.24,79.66,11.67,8.91,76.40,11.25,6.80,60.45,11.25,7.80,69.36,9.69,9.70,100.08,9.65,9.73,100.81,0.00,0.00,0.00,0.00,0.00,0.00,0.00,0.00,0.00,0.00,0.00,0.00,81.18,61.83,76.16,2026
EM00014928,Polash Ahammed,1313,Narayanganj,NA123-B,01,1,9.32,7.72,82.88,9.25,7.35,79.40,9.25,7.91,85.48,10.62,6.21,58.45,10.24,6.81,66.56,10.24,7.70,75.27,9.35,7.88,84.27,9.63,7.75,80.42,0.00,0.00,0.00,0.00,0.00,0.00,0.00,0.00,0.00,0.00,0.00,0.00,77.89,59.32,76.16,2026
EM00015400,Abu Musa,1331,Chandpur,CA042-A,01,1,6.78,4.46,65.78,6.73,4.44,66.01,6.73,4.71,69.97,7.84,5.36,68.31,7.14,4.70,65.87,7.14,5.53,77.42,6.49,6.27,96.59,6.15,6.42,104.41,0.00,0.00,0.00,0.00,0.00,0.00,0.00,0.00,0.00,0.00,0.00,0.00,55.02,41.90,76.16,2026
EM00002550,Mr. Amir Hossain,1315,Chattogram,CH300-P,01,2,49.07,37.00,75.41,48.72,39.02,80.09,48.72,41.79,85.79,56.23,39.16,69.65,54.24,38.19,70.41,54.24,38.68,71.32,50.53,39.76,78.70,47.56,38.10,80.11,0.00,0.00,0.00,0.00,0.00,0.00,0.00,0.00,0.00,0.00,0.00,0.00,409.29,311.71,76.16,2026
EM00005267,Md. Golam Jilani,1315,Chattogram,RP01031,01,4,342.24,265.84,77.68,339.78,263.01,77.41,339.78,266.08,78.31,387.88,278.43,71.78,373.99,272.27,72.80,373.99,275.01,73.53,348.60,276.01,79.18,335.34,267.32,79.72,0.00,0.00,0.00,0.00,0.00,0.00,0.00,0.00,0.00,0.00,0.00,0.00,2841.60,2163.96,76.15,2026
EM00006463,Mr. Shamsul Alam,1334,Kishoreganj,KI021-B,01,1,8.70,6.49,74.62,8.63,6.86,79.49,8.63,7.64,88.48,8.47,5.38,63.46,8.22,5.94,72.25,8.22,6.50,79.09,7.97,6.06,76.06,7.87,5.92,75.27,0.00,0.00,0.00,0.00,0.00,0.00,0.00,0.00,0.00,0.00,0.00,0.00,66.71,50.79,76.13,2026
EM00014667,Md. Sojibur Rahman,1315,Chattogram,CH113-C,01,1,8.90,6.28,70.54,8.10,6.61,81.62,8.10,6.30,77.83,9.01,6.12,67.99,8.68,6.45,74.27,8.68,6.81,78.42,8.26,6.27,75.87,7.83,6.59,84.16,0.00,0.00,0.00,0.00,0.00,0.00,0.00,0.00,0.00,0.00,0.00,0.00,67.56,51.43,76.12,2026
EM00008089,Mr. Mahamudul Hasan,1315,Chattogram,CH211-C,01,1,9.30,7.70,82.72,9.24,7.08,76.67,9.24,6.66,72.09,10.44,7.41,70.98,10.07,7.37,73.16,10.07,7.95,78.92,9.27,6.99,75.40,8.98,7.16,79.70,0.00,0.00,0.00,0.00,0.00,0.00,0.00,0.00,0.00,0.00,0.00,0.00,76.61,58.31,76.11,2026
EM00015853,Md Feroz Ahamad,1325,Khulna,KH041-B,01,1,0.00,0.00,0.00,0.00,0.00,0.00,4.72,2.52,53.30,6.01,3.63,60.41,5.71,3.88,68.07,5.71,4.05,71.05,5.19,4.85,93.35,4.99,5.66,113.33,0.00,0.00,0.00,0.00,0.00,0.00,0.00,0.00,0.00,0.00,0.00,0.00,32.33,24.59,76.06,2026
EM00015213,Jahirul Islam Emon,1318,Noakhali,NO093-A,01,1,8.94,6.63,74.12,8.85,6.72,75.99,8.85,6.91,78.10,9.98,7.76,77.80,9.31,6.28,67.45,9.31,7.50,80.57,8.57,6.66,77.62,8.37,6.44,76.84,0.00,0.00,0.00,0.00,0.00,0.00,0.00,0.00,0.00,0.00,0.00,0.00,72.18,54.89,76.05,2026
EM00015662,Md. Mainul Hasan Chowdhury,1323,RNG+DNJ,DSM17-P,01,6,0.00,0.00,0.00,739.65,497.69,67.29,739.65,531.54,71.86,906.99,593.59,65.45,874.34,598.88,68.49,874.34,655.06,74.92,722.04,690.03,95.57,711.70,667.25,93.75,0.00,0.00,0.00,0.00,0.00,0.00,0.00,0.00,0.00,0.00,0.00,0.00,5568.73,4234.04,76.03,2026
EM00015440,Habebullaha .,1310,Paltan,PA021-A,01,1,6.99,4.89,69.97,6.56,5.55,84.59,6.56,4.99,76.16,8.11,5.35,65.94,7.45,5.28,70.80,7.45,5.61,75.31,6.01,4.95,82.32,6.06,5.33,87.87,0.00,0.00,0.00,0.00,0.00,0.00,0.00,0.00,0.00,0.00,0.00,0.00,55.18,41.93,76.00,2026
EM00013580,Md. Delawar Hossain,1326,Barishal,BA163-B,01,1,8.00,4.85,60.68,7.94,5.40,67.97,7.94,5.74,72.29,9.14,6.28,68.66,8.51,6.23,73.27,8.51,6.21,73.02,7.35,7.05,95.93,7.35,7.41,100.77,0.00,0.00,0.00,0.00,0.00,0.00,0.00,0.00,0.00,0.00,0.00,0.00,64.74,49.17,75.96,2026
EM00015316,Md. Kawsar Ali,1322,Rangpur,RN091-B,01,1,6.42,4.69,73.07,6.37,4.48,70.30,6.37,4.83,75.85,8.11,4.80,59.19,7.82,5.37,68.64,7.82,5.92,75.74,6.71,5.95,88.77,6.62,6.66,100.56,0.00,0.00,0.00,0.00,0.00,0.00,0.00,0.00,0.00,0.00,0.00,0.00,56.25,42.71,75.93,2026
EM00014698,Md. Nipon Babu,1311,Dhanmondi,DH223-A,01,1,3.74,3.09,82.84,3.71,3.16,85.26,3.71,2.64,71.07,4.96,3.22,64.87,4.76,3.31,69.49,4.76,3.35,70.27,4.16,4.11,98.91,4.27,2.99,69.97,0.00,0.00,0.00,0.00,0.00,0.00,0.00,0.00,0.00,0.00,0.00,0.00,34.07,25.87,75.93,2026
EM00014790,Ariful Islam,1313,Narayanganj,NA033-B,01,1,8.07,6.18,76.53,8.07,6.46,80.03,8.07,5.86,72.58,8.79,6.43,73.16,8.31,5.44,65.44,8.31,5.97,71.83,7.44,6.57,88.26,7.63,6.22,81.54,0.00,0.00,0.00,0.00,0.00,0.00,0.00,0.00,0.00,0.00,0.00,0.00,64.70,49.12,75.93,2026
EM00006192,Md. Tarajul Islam,1314,Mymensingh,MY060-P,01,2,51.37,34.45,67.06,51.00,40.07,78.57,51.00,41.75,81.87,61.33,42.80,69.77,59.10,38.82,65.69,59.10,39.44,66.74,49.99,48.11,96.23,49.21,42.62,86.60,0.00,0.00,0.00,0.00,0.00,0.00,0.00,0.00,0.00,0.00,0.00,0.00,432.10,328.06,75.92,2026
EM00016323,Md. Ariful Islam,1312,Uttara,UT053-B,01,1,0.00,0.00,0.00,0.00,0.00,0.00,0.00,0.00,0.00,0.00,0.00,0.00,0.00,0.00,0.00,5.93,2.94,49.51,5.51,5.12,92.93,5.53,4.82,87.22,0.00,0.00,0.00,0.00,0.00,0.00,0.00,0.00,0.00,0.00,0.00,0.00,16.98,12.88,75.89,2026
EM00006701,Mr. Prodip Kumar,1321,Rajshahi,RA082-B,01,1,6.47,3.88,59.92,6.78,4.45,65.64,6.78,4.98,73.51,8.03,5.37,66.96,7.74,5.81,75.05,7.74,5.75,74.28,6.67,6.19,92.79,6.57,6.66,101.28,0.00,0.00,0.00,0.00,0.00,0.00,0.00,0.00,0.00,0.00,0.00,0.00,56.77,43.09,75.89,2026
EM00016195,Md. Hasan,1326,Barishal,BA054-C,01,1,0.00,0.00,0.00,0.00,0.00,0.00,0.00,0.00,0.00,0.00,0.00,0.00,0.00,0.00,0.00,7.39,5.31,71.83,6.39,4.88,76.32,6.97,5.56,79.80,0.00,0.00,0.00,0.00,0.00,0.00,0.00,0.00,0.00,0.00,0.00,0.00,20.75,15.75,75.89,2026
EM00014195,Ibadul Sardar,1332,B. Baria,BB111-B,01,1,8.94,6.30,70.39,8.88,6.25,70.33,6.55,6.81,103.86,7.94,4.90,61.71,7.15,4.87,68.11,7.15,5.29,74.04,6.97,5.70,81.82,6.87,5.75,83.73,0.00,0.00,0.00,0.00,0.00,0.00,0.00,0.00,0.00,0.00,0.00,0.00,60.46,45.87,75.87,2026
EM00015824,Md. Shafikul Islam,1323,Dinajpur,DI014-A,01,1,0.00,0.00,0.00,0.00,0.00,0.00,5.20,3.79,72.88,4.53,3.43,75.77,4.69,3.05,65.05,4.69,3.35,71.50,3.60,3.26,90.49,3.55,3.04,85.57,0.00,0.00,0.00,0.00,0.00,0.00,0.00,0.00,0.00,0.00,0.00,0.00,26.26,19.92,75.86,2026
EM00015925,Md. Mizanur Rahman,1311,Dhanmondi,DH214-B,01,1,0.00,0.00,0.00,0.00,0.00,0.00,0.00,0.00,0.00,5.43,2.92,53.74,4.94,3.20,64.74,4.94,3.38,68.45,4.54,4.25,93.74,4.44,4.67,105.31,0.00,0.00,0.00,0.00,0.00,0.00,0.00,0.00,0.00,0.00,0.00,0.00,24.28,18.42,75.86,2026
EM00015835,Md. Hafijur Rahman,1311,Dhanmondi,DH273-B,01,1,0.00,0.00,0.00,0.00,0.00,0.00,3.87,2.42,62.52,5.30,3.18,60.01,5.10,3.08,60.27,5.10,3.71,72.74,4.20,4.37,104.08,4.14,4.27,103.01,0.00,0.00,0.00,0.00,0.00,0.00,0.00,0.00,0.00,0.00,0.00,0.00,27.72,21.03,75.86,2026
EM00015342,Sohag Mia,1319,Feni,FE015-V,04,1,6.79,5.62,82.77,6.79,4.59,67.54,6.94,4.64,66.90,7.40,5.90,79.79,7.40,6.45,87.14,8.02,5.42,67.59,8.05,6.60,82.03,8.65,6.32,73.03,0.00,0.00,0.00,0.00,0.00,0.00,0.00,0.00,0.00,0.00,0.00,0.00,60.04,45.54,75.85,2026
EM00006615,Md. Hasanuzzaman,1318,Noakhali,NO040-P,01,2,63.64,50.82,79.85,63.34,49.02,77.39,63.34,50.48,79.70,70.03,51.59,73.67,67.85,47.27,69.66,67.85,55.88,82.36,62.73,45.55,72.62,60.60,43.31,71.47,0.00,0.00,0.00,0.00,0.00,0.00,0.00,0.00,0.00,0.00,0.00,0.00,519.39,393.92,75.84,2026
EM00015497,Md. Rasel Mia,1310,Paltan,PA021-G,02,1,8.20,5.95,72.51,7.70,6.38,82.80,7.85,5.79,73.79,8.40,5.80,68.99,7.89,5.87,74.44,8.80,6.24,70.88,8.80,7.28,82.72,9.06,7.26,80.17,0.00,0.00,0.00,0.00,0.00,0.00,0.00,0.00,0.00,0.00,0.00,0.00,66.70,50.56,75.81,2026
EM00010764,Sujan Bepary,1315,Chattogram,CH031-B,01,1,8.30,6.32,76.18,8.24,5.67,68.87,8.24,5.68,68.97,9.67,6.60,68.22,9.32,6.57,70.42,9.32,7.05,75.66,8.77,7.68,87.63,8.35,7.64,91.45,0.00,0.00,0.00,0.00,0.00,0.00,0.00,0.00,0.00,0.00,0.00,0.00,70.21,53.22,75.79,2026
EM00005236,Mr. K. M. Kaisar,1327,Faridpur,FA050-P,01,2,48.20,34.89,72.40,47.85,31.59,66.02,47.85,38.25,79.94,56.67,37.06,65.40,54.64,40.32,73.79,54.64,41.13,75.28,49.63,42.62,85.87,47.65,42.70,89.62,0.00,0.00,0.00,0.00,0.00,0.00,0.00,0.00,0.00,0.00,0.00,0.00,407.12,308.57,75.79,2026
EM00008293,Md. Shariful Islam Talukdar,1320,Bogura,BO153-C,01,1,7.56,6.09,80.58,7.56,5.65,74.68,7.56,5.94,78.57,9.04,6.40,70.81,8.74,5.73,65.53,8.74,6.38,72.99,7.52,6.22,82.67,7.32,6.12,83.69,0.00,0.00,0.00,0.00,0.00,0.00,0.00,0.00,0.00,0.00,0.00,0.00,64.05,48.54,75.78,2026
EM00004901,Mr. Prantos Sarker,1326,Barishal,BA082-A,01,1,6.22,3.32,53.46,6.17,4.06,65.84,6.17,4.73,76.66,7.66,5.61,73.28,7.39,5.51,74.60,7.39,6.29,85.12,6.61,5.31,80.26,6.35,6.04,95.20,0.00,0.00,0.00,0.00,0.00,0.00,0.00,0.00,0.00,0.00,0.00,0.00,53.96,40.89,75.77,2026
EM00010151,Habibur Rahman,1327,Faridpur,FA020-P,01,2,37.45,25.10,67.02,37.18,25.33,68.14,37.18,26.35,70.87,44.07,29.59,67.15,40.30,29.30,72.70,40.30,31.36,77.81,36.65,34.80,94.94,34.38,31.12,90.53,0.00,0.00,0.00,0.00,0.00,0.00,0.00,0.00,0.00,0.00,0.00,0.00,307.50,232.94,75.75,2026
EM00011633,Rajon Kanti Datta,1310,Paltan,PA171-A,01,1,10.51,8.42,80.12,10.43,9.38,89.94,10.43,7.97,76.37,13.56,9.02,66.52,13.06,9.76,74.74,13.06,9.81,75.14,8.90,7.44,83.57,6.80,3.92,57.58,0.00,0.00,0.00,0.00,0.00,0.00,0.00,0.00,0.00,0.00,0.00,0.00,86.75,65.71,75.75,2026
EM00016298,Mamun Ahamad,1332,B. Baria,BB042-B,01,1,0.00,0.00,0.00,0.00,0.00,0.00,0.00,0.00,0.00,0.00,0.00,0.00,0.00,0.00,0.00,7.19,4.55,63.28,7.10,5.82,81.97,7.00,5.75,82.19,0.00,0.00,0.00,0.00,0.00,0.00,0.00,0.00,0.00,0.00,0.00,0.00,21.28,16.12,75.73,2026
EM00016131,Sukanta Sarkar,1324,Jashore,JA101-A,01,1,0.00,0.00,0.00,0.00,0.00,0.00,0.00,0.00,0.00,0.00,0.00,0.00,7.75,6.07,78.38,7.75,5.01,64.71,6.65,5.35,80.48,6.64,5.35,80.63,0.00,0.00,0.00,0.00,0.00,0.00,0.00,0.00,0.00,0.00,0.00,0.00,28.78,21.78,75.70,2026
EM00015470,Md. Mehedi Hasan,1316,Sylhet,SY012-B,01,1,4.50,2.83,62.80,4.47,2.92,65.35,4.47,2.90,64.96,5.53,3.96,71.50,5.33,3.36,63.11,5.33,3.85,72.34,4.71,4.73,100.51,4.64,4.95,106.60,0.00,0.00,0.00,0.00,0.00,0.00,0.00,0.00,0.00,0.00,0.00,0.00,38.98,29.50,75.69,2026
EM00014869,Bikas Roy,1315,Chattogram,CH056-G,02,1,7.50,5.04,67.18,7.30,5.65,77.43,7.45,6.00,80.51,8.00,5.73,71.66,7.50,6.18,82.42,8.25,6.03,73.14,8.25,6.52,79.04,8.55,6.37,74.48,0.00,0.00,0.00,0.00,0.00,0.00,0.00,0.00,0.00,0.00,0.00,0.00,62.80,47.53,75.68,2026
EM00005365,Mr. Moksedul Momen Razib,1326,Barishal,BA120-P,01,2,43.44,34.77,80.03,43.23,34.61,80.06,43.23,33.64,77.81,50.90,36.04,70.80,50.91,32.58,64.00,50.91,39.03,76.67,46.00,37.08,80.59,45.19,35.11,77.70,0.00,0.00,0.00,0.00,0.00,0.00,0.00,0.00,0.00,0.00,0.00,0.00,373.82,282.86,75.67,2026
EM00016390,Md. Zahidul Islam,1313,Narayanganj,NA026-D,11,1,0.00,0.00,0.00,0.00,0.00,0.00,0.00,0.00,0.00,0.00,0.00,0.00,0.00,0.00,0.00,0.00,0.00,0.00,6.87,3.93,57.22,5.04,5.08,100.77,0.00,0.00,0.00,0.00,0.00,0.00,0.00,0.00,0.00,0.00,0.00,0.00,11.91,9.01,75.64,2026
EM00015380,Sonjoy Kumar Biswas,1319,Feni,FE013-G,02,1,6.80,5.10,74.99,6.40,4.84,75.63,6.40,4.85,75.71,6.70,4.28,63.83,6.20,4.94,79.62,6.80,5.51,81.03,6.80,5.64,82.94,7.10,5.09,71.72,0.00,0.00,0.00,0.00,0.00,0.00,0.00,0.00,0.00,0.00,0.00,0.00,53.20,40.24,75.64,2026
EM00014741,Humayun Kabir,1326,Barishal,BA041-A,01,1,9.21,6.99,75.87,9.22,7.14,77.45,9.22,7.64,82.89,10.93,8.04,73.53,10.93,7.60,69.52,10.93,7.79,71.29,7.80,5.61,71.93,7.54,6.51,86.33,0.00,0.00,0.00,0.00,0.00,0.00,0.00,0.00,0.00,0.00,0.00,0.00,75.76,57.31,75.64,2026
EM00008340,Yunus Hosen,1327,Faridpur,FA132-A,01,1,7.91,5.94,75.02,7.86,5.98,76.06,7.86,6.48,82.48,9.34,6.35,68.04,8.66,6.41,74.04,8.66,6.29,72.70,7.85,5.94,75.71,7.71,6.40,83.01,0.00,0.00,0.00,0.00,0.00,0.00,0.00,0.00,0.00,0.00,0.00,0.00,65.84,49.79,75.63,2026
EM00011843,Dipanker Halder,1315,Chattogram,CH033-B,01,1,9.92,6.46,65.17,9.85,6.95,70.59,9.85,6.72,68.28,10.89,7.68,70.51,10.50,7.91,75.35,6.57,5.54,84.35,6.76,6.11,90.28,6.44,6.15,95.50,0.00,0.00,0.00,0.00,0.00,0.00,0.00,0.00,0.00,0.00,0.00,0.00,70.78,53.53,75.63,2026
EM00016239,Sayem Ahmad,1316,Sylhet,SY111-B,01,1,0.00,0.00,0.00,0.00,0.00,0.00,0.00,0.00,0.00,0.00,0.00,0.00,0.00,0.00,0.00,9.94,6.63,66.69,8.72,7.06,80.95,8.59,6.92,80.56,0.00,0.00,0.00,0.00,0.00,0.00,0.00,0.00,0.00,0.00,0.00,0.00,27.25,20.60,75.63,2026
EM00008716,Md. Iqbal Hossain,1335,Kushtia,KU050-P,01,2,41.98,29.57,70.43,41.68,28.51,68.41,41.68,31.89,76.51,49.19,34.29,69.70,48.40,35.20,72.73,48.40,36.02,74.44,39.51,34.43,87.15,40.02,35.41,88.50,0.00,0.00,0.00,0.00,0.00,0.00,0.00,0.00,0.00,0.00,0.00,0.00,350.84,265.31,75.62,2026
EM00014798,Md. Mehedi Hassan,1317,Cumilla,CU023-B,01,1,8.18,5.47,66.80,8.12,6.94,85.43,8.12,5.72,70.37,9.26,7.03,75.96,8.93,6.21,69.52,8.93,6.09,68.19,8.36,7.69,92.01,8.24,6.35,77.13,0.00,0.00,0.00,0.00,0.00,0.00,0.00,0.00,0.00,0.00,0.00,0.00,68.15,51.50,75.57,2026
EM00006595,Mr. Bablu Dey,1311,Dhanmondi,DH072-C,01,1,8.82,6.54,74.14,8.82,6.74,76.46,8.82,7.39,83.80,10.63,6.61,62.21,10.25,7.08,69.05,10.25,7.26,70.83,9.04,7.90,87.38,9.04,7.66,84.73,0.00,0.00,0.00,0.00,0.00,0.00,0.00,0.00,0.00,0.00,0.00,0.00,75.67,57.18,75.57,2026
EM00015184,Raju Ahmmed,1322,Rangpur,RN061-B,01,1,8.30,5.03,60.63,8.24,5.26,63.78,8.24,4.85,58.78,9.82,6.23,63.42,9.27,6.34,68.37,9.27,7.53,81.15,7.93,8.93,112.59,7.82,7.91,101.16,0.00,0.00,0.00,0.00,0.00,0.00,0.00,0.00,0.00,0.00,0.00,0.00,68.91,52.08,75.57,2026
EM00007167,Md. Shah Jalal Hiru,1328,Cox's Bazar,CO100-P,01,2,39.15,28.05,71.66,38.87,29.83,76.74,38.87,32.05,82.46,44.83,32.29,72.01,43.22,32.69,75.64,43.22,31.19,72.17,31.70,23.18,73.14,30.62,25.30,82.63,0.00,0.00,0.00,0.00,0.00,0.00,0.00,0.00,0.00,0.00,0.00,0.00,310.47,234.58,75.56,2026
EM00005608,Mohammad Wahid Nasim Prince,1321,Rajshahi,RA032-B,01,1,5.95,3.42,57.48,5.91,3.92,66.42,5.91,4.79,81.06,7.34,6.04,82.22,7.08,3.93,55.50,7.08,5.30,74.87,6.10,5.79,94.97,5.74,5.42,94.41,0.00,0.00,0.00,0.00,0.00,0.00,0.00,0.00,0.00,0.00,0.00,0.00,51.09,38.60,75.55,2026
EM00011866,Md. Imran Islam,1311,Dhanmondi,DH020-V,04,2,39.52,31.34,79.29,39.52,28.01,70.89,40.41,11.78,29.14,43.10,28.67,66.52,43.10,40.20,93.27,46.00,24.50,53.27,47.75,48.52,101.62,51.28,51.75,100.92,0.00,0.00,0.00,0.00,0.00,0.00,0.00,0.00,0.00,0.00,0.00,0.00,350.68,264.78,75.50,2026
EM00014199,Imran Khan,1318,Noakhali,NO033-C,01,1,8.69,5.86,67.44,8.63,6.24,72.39,8.63,6.87,79.66,9.98,7.05,70.64,8.63,6.39,74.09,8.63,6.71,77.72,8.21,7.23,88.05,8.06,6.08,75.45,0.00,0.00,0.00,0.00,0.00,0.00,0.00,0.00,0.00,0.00,0.00,0.00,69.46,52.44,75.50,2026
EM00001157,Mohammad Abadul Hoque,1313,Narayanganj,NA040-P,01,2,54.53,44.07,80.82,54.53,44.28,81.20,54.53,43.71,80.15,59.37,40.06,67.48,57.21,37.66,65.82,57.21,38.76,67.74,51.64,41.92,81.19,52.99,43.26,81.63,0.00,0.00,0.00,0.00,0.00,0.00,0.00,0.00,0.00,0.00,0.00,0.00,442.02,333.73,75.50,2026
EM00016128,Md. Saddam Hossain,1324,Jashore,JA095-B,01,1,0.00,0.00,0.00,0.00,0.00,0.00,0.00,0.00,0.00,0.00,0.00,0.00,6.32,4.02,63.54,6.32,4.73,74.78,6.31,4.95,78.43,6.35,5.41,85.21,0.00,0.00,0.00,0.00,0.00,0.00,0.00,0.00,0.00,0.00,0.00,0.00,25.30,19.10,75.50,2026
EM00014041,Md. Shahidul Islam,1318,Noakhali,NO131-A,01,1,10.34,6.90,66.73,10.26,7.46,72.74,10.26,8.57,83.51,11.87,9.63,81.07,11.46,7.93,69.21,11.46,8.21,71.62,10.87,9.08,83.55,10.66,8.01,75.13,0.00,0.00,0.00,0.00,0.00,0.00,0.00,0.00,0.00,0.00,0.00,0.00,87.18,65.78,75.46,2026
EM00006776,Md. Azmir Hosain,1310,Paltan,PA060-P,01,2,53.78,46.97,87.33,53.40,48.09,90.06,53.40,38.51,72.11,62.52,38.01,60.80,60.25,36.42,60.46,60.25,41.93,69.59,52.12,44.24,84.89,52.56,43.96,83.64,0.00,0.00,0.00,0.00,0.00,0.00,0.00,0.00,0.00,0.00,0.00,0.00,448.27,338.13,75.43,2026
EM00009566,Md. Ranju Miah,1336,Keraniganj,KE030-P,01,2,57.12,42.84,75.00,56.71,46.57,82.11,56.71,43.92,77.45,64.70,46.29,71.55,62.34,43.97,70.54,62.34,44.10,70.74,55.12,43.66,79.22,55.57,43.60,78.47,0.00,0.00,0.00,0.00,0.00,0.00,0.00,0.00,0.00,0.00,0.00,0.00,470.60,354.97,75.43,2026
EM00013861,Shakil Amed,1326,Barishal,BA163-A,01,1,7.39,4.46,60.36,7.34,5.12,69.68,7.34,5.39,73.38,8.41,5.96,70.92,7.97,5.80,72.78,7.97,5.92,74.28,6.95,6.52,93.86,6.95,6.31,90.80,0.00,0.00,0.00,0.00,0.00,0.00,0.00,0.00,0.00,0.00,0.00,0.00,60.33,45.49,75.40,2026
EM00014561,Md. Zoshim Uddin,1315,Chattogram,CH302-C,01,1,8.16,5.60,68.54,8.11,6.63,81.74,8.11,6.94,85.64,9.47,6.99,73.76,9.14,6.13,67.01,9.14,6.39,69.95,8.51,6.86,80.63,8.00,6.23,77.77,0.00,0.00,0.00,0.00,0.00,0.00,0.00,0.00,0.00,0.00,0.00,0.00,68.64,51.75,75.40,2026
EM00014046,Md. Shuvo Islam Sumon,1326,Barishal,BA183-A,01,1,6.63,4.77,71.94,6.59,4.50,68.34,6.59,5.14,78.04,7.75,5.69,73.39,7.46,5.54,74.24,7.46,5.59,74.92,6.50,5.32,81.89,6.68,5.41,80.97,0.00,0.00,0.00,0.00,0.00,0.00,0.00,0.00,0.00,0.00,0.00,0.00,55.66,41.96,75.39,2026
EM00014525,Md. Mamunur Rashid,1325,Khulna,KH043-A,01,1,4.98,4.01,80.43,4.94,3.73,75.45,4.94,3.52,71.19,5.82,3.41,58.68,5.60,4.00,71.40,5.60,4.11,73.39,5.00,4.33,86.67,4.70,4.24,90.19,0.00,0.00,0.00,0.00,0.00,0.00,0.00,0.00,0.00,0.00,0.00,0.00,41.60,31.36,75.38,2026
EM00013131,Md. Ashikur Rahman,1329,Tangail,TA033-A,01,1,8.59,6.08,70.84,8.53,6.95,81.46,8.53,6.67,78.15,9.89,7.37,74.53,9.53,7.07,74.16,9.53,6.33,66.41,8.63,6.68,77.42,8.51,6.93,81.46,0.00,0.00,0.00,0.00,0.00,0.00,0.00,0.00,0.00,0.00,0.00,0.00,71.72,54.07,75.38,2026
EM00011122,Md. Ahsan Ullah,1333,Moulvibazar,MO073-A,01,1,8.35,5.95,71.35,8.29,6.40,77.22,8.29,6.41,77.41,9.70,7.04,72.59,9.25,6.13,66.22,9.25,6.82,73.69,8.22,7.17,87.28,8.10,6.39,78.93,0.00,0.00,0.00,0.00,0.00,0.00,0.00,0.00,0.00,0.00,0.00,0.00,69.44,52.32,75.34,2026
EM00009832,B. M. Nawsif Khurshed Alam,1312,DNM+UTR,DH020-N,03,2,21.20,14.36,67.72,21.20,16.43,77.50,20.50,12.94,63.14,21.20,16.43,77.47,21.80,16.45,75.44,21.80,17.96,82.40,25.00,18.90,75.61,25.00,20.37,81.48,0.00,0.00,0.00,0.00,0.00,0.00,0.00,0.00,0.00,0.00,0.00,0.00,177.71,133.85,75.32,2026
EM00014271,Md. Rashed Miya,1320,Bogura,BO072-B,01,1,7.87,5.47,69.52,7.77,5.56,71.57,7.77,6.24,80.35,9.64,6.46,67.05,9.34,6.42,68.78,9.34,6.11,65.46,8.09,7.57,93.51,8.09,7.30,90.27,0.00,0.00,0.00,0.00,0.00,0.00,0.00,0.00,0.00,0.00,0.00,0.00,67.91,51.14,75.31,2026
EM00010063,Balaram Ghosh,1315,Chattogram,CH131-B,01,1,9.24,6.61,71.57,9.17,7.53,82.11,9.17,6.87,74.86,10.99,7.03,63.95,10.58,6.85,64.73,10.58,8.44,79.78,9.92,7.94,79.99,9.16,8.09,88.28,0.00,0.00,0.00,0.00,0.00,0.00,0.00,0.00,0.00,0.00,0.00,0.00,78.83,59.36,75.30,2026
EM00013734,Md. Omar Faruk,1336,Keraniganj,RP01005,01,4,319.84,245.08,76.63,317.57,257.25,81.01,317.57,236.77,74.56,361.53,245.69,67.96,348.31,239.10,68.65,348.31,248.23,71.27,308.00,253.70,82.37,310.50,255.70,82.35,0.00,0.00,0.00,0.00,0.00,0.00,0.00,0.00,0.00,0.00,0.00,0.00,2631.62,1981.53,75.30,2026
EM00014829,Ahmadullah Shamim,1310,Paltan,PA242-B,01,1,5.49,4.48,81.60,6.27,4.74,75.66,6.27,4.21,67.14,7.17,4.63,64.56,6.90,4.59,66.46,6.90,4.78,69.30,6.23,5.68,91.22,6.23,5.63,90.40,0.00,0.00,0.00,0.00,0.00,0.00,0.00,0.00,0.00,0.00,0.00,0.00,51.47,38.75,75.29,2026
EM00016093,Ahsan Habib,1335,Kushtia,KU011-G,02,1,0.00,0.00,0.00,0.00,0.00,0.00,0.00,0.00,0.00,0.00,0.00,0.00,6.66,4.41,66.26,7.10,4.99,70.29,7.10,5.92,83.37,6.60,5.35,81.08,0.00,0.00,0.00,0.00,0.00,0.00,0.00,0.00,0.00,0.00,0.00,0.00,27.46,20.67,75.29,2026
EM00012701,Mohammad Ariful Islam,1313,Narayanganj,NA022-B,01,1,7.21,5.67,78.62,7.21,5.45,75.64,7.21,5.78,80.17,8.05,5.73,71.22,7.70,4.87,63.18,7.70,5.03,65.25,6.85,5.47,79.86,7.03,6.39,90.93,0.00,0.00,0.00,0.00,0.00,0.00,0.00,0.00,0.00,0.00,0.00,0.00,58.97,44.40,75.28,2026
EM00002032,Md. Ibrahim Khalil,1316,Sylhet,SY070-P,01,2,46.08,36.21,78.59,45.75,36.20,79.12,45.75,33.63,73.51,52.64,36.59,69.51,50.71,34.68,68.39,50.71,35.63,70.27,44.75,40.32,90.10,44.11,33.18,75.22,0.00,0.00,0.00,0.00,0.00,0.00,0.00,0.00,0.00,0.00,0.00,0.00,380.48,286.43,75.28,2026
EM00015165,Md. Shohag Mia,1320,Bogura,BO132-B,01,1,6.34,3.29,51.91,6.30,3.63,57.67,6.30,3.51,55.78,7.41,5.15,69.46,7.20,5.38,74.71,7.20,5.84,81.05,5.80,6.53,112.54,5.80,6.08,104.79,0.00,0.00,0.00,0.00,0.00,0.00,0.00,0.00,0.00,0.00,0.00,0.00,52.35,39.40,75.27,2026
EM00009195,Md. Shamimul Islam,1315,Chattogram,CH204-C,01,1,8.76,7.14,81.53,8.70,6.97,80.12,8.70,6.70,77.01,9.70,6.68,68.84,9.36,7.10,75.83,9.36,6.61,70.65,9.02,6.89,76.45,8.67,6.27,72.37,0.00,0.00,0.00,0.00,0.00,0.00,0.00,0.00,0.00,0.00,0.00,0.00,72.26,54.37,75.23,2026
EM00008318,Mr. Badrul Huda,1310,Paltan,PA240-P,01,2,38.53,30.83,80.01,40.62,29.28,72.07,40.62,28.05,69.04,47.18,31.37,66.48,45.44,30.39,66.87,45.44,32.20,70.86,38.75,35.93,92.73,38.77,34.20,88.21,0.00,0.00,0.00,0.00,0.00,0.00,0.00,0.00,0.00,0.00,0.00,0.00,335.36,252.24,75.22,2026
EM00014267,Md. Rasel Mia,1329,Tangail,TA011-C,01,1,6.49,4.58,70.51,6.45,4.87,75.52,6.45,5.31,82.30,7.66,5.48,71.49,7.39,5.14,69.48,7.39,5.11,69.13,6.63,5.52,83.26,6.53,5.36,82.05,0.00,0.00,0.00,0.00,0.00,0.00,0.00,0.00,0.00,0.00,0.00,0.00,54.99,41.35,75.20,2026
EM00016221,Md. Sofiquel Islam,1323,Dinajpur,DI013-C,01,1,0.00,0.00,0.00,0.00,0.00,0.00,0.00,0.00,0.00,0.00,0.00,0.00,0.00,0.00,0.00,10.15,6.52,64.28,8.40,6.75,80.31,8.28,6.89,83.24,0.00,0.00,0.00,0.00,0.00,0.00,0.00,0.00,0.00,0.00,0.00,0.00,26.83,20.16,75.15,2026
EM00016413,Arafat Hossain,1317,Cumilla,CU101-B,01,1,0.00,0.00,0.00,0.00,0.00,0.00,0.00,0.00,0.00,0.00,0.00,0.00,0.00,0.00,0.00,0.00,0.00,0.00,5.59,4.20,75.13,5.51,4.14,75.16,0.00,0.00,0.00,0.00,0.00,0.00,0.00,0.00,0.00,0.00,0.00,0.00,11.10,8.34,75.14,2026
EM00016069,Abdulla-Al-Mamun .,1330,Pabna,PB022-A,01,1,0.00,0.00,0.00,0.00,0.00,0.00,0.00,0.00,0.00,5.45,3.22,58.96,5.23,3.23,61.77,5.23,3.50,66.83,4.75,4.34,91.30,4.67,4.76,101.85,0.00,0.00,0.00,0.00,0.00,0.00,0.00,0.00,0.00,0.00,0.00,0.00,25.33,19.04,75.14,2026
EM00014821,Humayun Ahmed,1311,Dhanmondi,DH111-B,01,1,6.31,5.51,87.37,6.31,5.09,80.67,6.31,5.27,83.60,7.61,5.09,66.88,7.39,4.61,62.32,7.39,4.81,65.00,7.07,5.66,80.14,6.97,5.54,79.58,0.00,0.00,0.00,0.00,0.00,0.00,0.00,0.00,0.00,0.00,0.00,0.00,55.36,41.59,75.12,2026
EM00014712,Md. Humayun Kabir,1323,Dinajpur,DI011-B,01,1,5.85,2.97,50.81,5.81,3.53,60.83,5.81,3.92,67.53,6.43,4.04,62.91,6.15,4.72,76.74,6.15,5.00,81.27,5.15,5.54,107.56,5.08,5.14,101.30,0.00,0.00,0.00,0.00,0.00,0.00,0.00,0.00,0.00,0.00,0.00,0.00,46.42,34.87,75.12,2026
EM00001869,Md. Abdul Goni Sarker,1331,Chandpur,CA070-P,01,2,60.30,43.66,72.41,59.86,47.67,79.63,59.86,47.25,78.93,66.22,46.75,70.60,63.87,43.96,68.82,63.87,45.60,71.39,59.85,46.69,78.01,57.65,47.61,82.59,0.00,0.00,0.00,0.00,0.00,0.00,0.00,0.00,0.00,0.00,0.00,0.00,491.50,369.20,75.12,2026
EM00015726,Md. Habib Ullah,1310,Paltan,PA172-B,01,1,0.00,0.00,0.00,9.04,6.98,77.24,9.04,6.01,66.51,11.77,6.10,51.83,11.34,6.83,60.22,11.34,7.21,63.64,9.40,10.80,114.93,9.30,9.55,102.64,0.00,0.00,0.00,0.00,0.00,0.00,0.00,0.00,0.00,0.00,0.00,0.00,71.22,53.48,75.10,2026
EM00014155,Md. Abdus Salam,1321,Rajshahi,RA033-B,01,1,4.93,3.00,60.89,4.89,2.98,60.99,4.89,3.37,69.01,6.10,4.14,67.91,5.87,3.95,67.33,5.87,4.11,69.95,5.07,5.29,104.29,4.36,4.67,107.18,0.00,0.00,0.00,0.00,0.00,0.00,0.00,0.00,0.00,0.00,0.00,0.00,41.98,31.52,75.09,2026
EM00016163,Md. Jahidul Islam,1330,Pabna,PB013-A,01,1,0.00,0.00,0.00,0.00,0.00,0.00,0.00,0.00,0.00,0.00,0.00,0.00,4.13,2.39,57.86,4.13,3.31,80.12,3.83,3.12,81.29,3.73,3.06,82.18,0.00,0.00,0.00,0.00,0.00,0.00,0.00,0.00,0.00,0.00,0.00,0.00,15.82,11.88,75.08,2026
EM00015055,Md. Minhajur Rahman,1322,Rangpur,RN011-A,01,1,4.51,3.40,75.37,4.56,3.22,70.58,4.56,3.52,77.11,5.73,3.60,62.79,5.53,3.38,61.12,5.53,3.70,66.95,4.22,4.15,98.46,4.16,4.16,100.05,0.00,0.00,0.00,0.00,0.00,0.00,0.00,0.00,0.00,0.00,0.00,0.00,38.79,29.12,75.08,2026
EM00011198,Md. Yousuf Ali,1310,Paltan,PA190-P,01,2,41.07,33.20,80.84,41.06,30.99,75.48,41.06,28.57,69.58,47.32,31.52,66.60,45.53,30.52,67.04,45.53,31.08,68.25,38.98,35.80,91.83,39.00,33.22,85.17,0.00,0.00,0.00,0.00,0.00,0.00,0.00,0.00,0.00,0.00,0.00,0.00,339.56,254.90,75.07,2026
EM00002055,Mohammad Humyun Kabir,1328,CHT+CXB,DSM14-P,01,6,321.55,250.61,77.94,1638.08,1263.03,77.10,1638.08,1271.29,77.61,1878.54,1318.62,70.19,1810.93,1271.30,70.20,1810.93,1314.77,72.60,1692.60,1312.01,77.51,1614.60,1308.02,81.01,0.00,0.00,0.00,0.00,0.00,0.00,0.00,0.00,0.00,0.00,0.00,0.00,12405.31,9309.65,75.05,2026
EM00014604,Md Rajonn Mia,1323,Dinajpur,DI071-B,01,1,7.59,4.71,62.06,7.54,4.64,61.51,7.54,5.48,72.68,9.08,6.52,71.83,9.08,6.93,76.34,9.08,7.29,80.30,7.80,6.97,89.32,7.60,6.47,85.12,0.00,0.00,0.00,0.00,0.00,0.00,0.00,0.00,0.00,0.00,0.00,0.00,65.32,49.02,75.04,2026
EM00014542,Md. Raju Ahammed,1324,Jashore,JA031-B,01,1,8.80,6.68,75.85,8.74,6.14,70.27,8.74,6.32,72.33,10.35,6.51,62.94,9.99,6.52,65.26,9.99,7.24,72.51,8.80,8.14,92.48,8.70,8.06,92.63,0.00,0.00,0.00,0.00,0.00,0.00,0.00,0.00,0.00,0.00,0.00,0.00,74.10,55.61,75.04,2026
EM00015697,Md. Polash Khondakar,1324,Jashore,JA035-G,02,1,0.00,0.00,0.00,3.35,1.84,55.01,3.40,2.10,61.82,3.70,2.77,74.78,3.60,2.67,74.09,4.15,3.34,80.50,4.15,3.61,86.87,4.33,3.69,85.30,0.00,0.00,0.00,0.00,0.00,0.00,0.00,0.00,0.00,0.00,0.00,0.00,26.68,20.02,75.03,2026
EM00015050,Md. Siddikur Rahman,1332,B. Baria,BB013-A,01,1,7.02,5.36,76.32,6.97,5.53,79.33,6.47,5.07,78.42,7.19,5.58,77.66,6.92,4.73,68.25,6.92,4.99,72.09,6.65,4.91,73.85,6.56,4.87,74.24,0.00,0.00,0.00,0.00,0.00,0.00,0.00,0.00,0.00,0.00,0.00,0.00,54.69,41.03,75.02,2026
EM00008050,Md. Farhad Ali,1316,Sylhet,SY102-B,01,1,7.84,5.75,73.32,7.78,5.71,73.31,7.78,5.80,74.50,8.93,6.88,77.06,8.61,5.29,61.50,8.61,6.42,74.54,8.02,6.97,86.90,7.91,6.31,79.75,0.00,0.00,0.00,0.00,0.00,0.00,0.00,0.00,0.00,0.00,0.00,0.00,65.49,49.13,75.02,2026
EM00011039,Md. Lutfor Rahman,1322,Rangpur,RN012-B,01,1,4.09,3.71,90.73,4.08,2.88,70.69,4.08,3.59,88.19,4.78,2.11,44.17,4.60,1.96,42.62,4.60,2.74,59.52,3.73,4.11,110.43,3.77,4.17,110.57,0.00,0.00,0.00,0.00,0.00,0.00,0.00,0.00,0.00,0.00,0.00,0.00,33.73,25.29,74.98,2026
EM00011943,Mofegul Islam,1314,Mymensingh,MY104-C,01,1,10.81,6.35,58.68,10.73,7.22,67.30,10.73,7.94,73.97,9.72,6.66,68.46,9.38,6.45,68.79,9.38,6.98,74.48,8.18,8.63,105.55,8.06,7.48,92.84,0.00,0.00,0.00,0.00,0.00,0.00,0.00,0.00,0.00,0.00,0.00,0.00,76.99,57.71,74.96,2026
EM00016169,Tasnimul Haque,1327,Faridpur,FA091-A,01,1,0.00,0.00,0.00,0.00,0.00,0.00,0.00,0.00,0.00,0.00,0.00,0.00,9.56,6.71,70.18,9.56,6.90,72.17,8.29,6.77,81.68,7.13,5.51,77.27,0.00,0.00,0.00,0.00,0.00,0.00,0.00,0.00,0.00,0.00,0.00,0.00,34.54,25.89,74.95,2026
EM00006772,Mr. Arup Kumar Sarkar,1316,Sylhet,SY061-A,01,1,9.93,7.08,71.27,9.86,7.74,78.44,9.86,7.46,75.67,11.59,8.15,70.30,11.17,7.38,66.07,11.17,7.69,68.85,9.84,8.46,85.98,9.70,8.35,86.06,0.00,0.00,0.00,0.00,0.00,0.00,0.00,0.00,0.00,0.00,0.00,0.00,83.13,62.31,74.95,2026
EM00006465,Md. Anwar Hossain,1328,Cox's Bazar,CO080-P,01,2,40.77,28.08,68.88,40.48,33.25,82.13,40.48,30.44,75.20,46.10,32.27,70.00,44.41,32.75,73.75,44.41,33.08,74.49,41.38,32.51,78.58,39.94,30.92,77.41,0.00,0.00,0.00,0.00,0.00,0.00,0.00,0.00,0.00,0.00,0.00,0.00,337.98,253.31,74.95,2026
EM00010619,Pijush Kumar Bishwas,1311,Dhanmondi,DH233-A,01,1,9.03,9.06,100.32,9.03,8.14,90.20,9.03,7.28,80.61,11.60,6.50,56.01,9.61,5.35,55.69,9.61,6.34,65.96,8.01,6.50,81.24,7.94,6.18,77.83,0.00,0.00,0.00,0.00,0.00,0.00,0.00,0.00,0.00,0.00,0.00,0.00,73.85,55.35,74.95,2026
EM00010835,Md. Shehab Ali,1312,Uttara,UT032-B,01,1,9.30,7.33,78.83,9.23,6.99,75.69,9.23,6.70,72.57,10.50,6.29,59.95,10.23,6.57,64.27,10.23,6.73,65.77,8.68,8.54,98.34,8.58,7.78,90.77,0.00,0.00,0.00,0.00,0.00,0.00,0.00,0.00,0.00,0.00,0.00,0.00,75.97,56.93,74.94,2026
EM00014678,Md. Lokman Hossain,1315,Chattogram,CH173-A,01,1,5.44,4.92,90.43,5.15,3.42,66.41,5.15,3.50,67.96,5.84,4.38,75.11,5.62,3.76,66.82,5.62,3.98,70.75,5.11,4.09,80.12,4.96,4.08,82.39,0.00,0.00,0.00,0.00,0.00,0.00,0.00,0.00,0.00,0.00,0.00,0.00,42.90,32.14,74.93,2026
EM00008242,Mr. Bijon Kumar Saha,1311,Dhanmondi,DH230-P,01,2,44.99,39.13,86.99,44.59,36.15,81.07,44.59,35.63,79.91,60.24,34.70,57.61,57.97,35.17,60.68,57.97,38.69,66.75,48.52,44.88,92.51,47.82,40.36,84.40,0.00,0.00,0.00,0.00,0.00,0.00,0.00,0.00,0.00,0.00,0.00,0.00,406.66,304.71,74.93,2026
EM00014251,Md. Nazmul Hasan Rabbi,1314,Mymensingh,MY022-G,02,1,9.00,6.39,71.05,8.70,6.42,73.81,8.85,6.78,76.62,9.60,6.24,64.97,9.00,6.63,73.63,9.90,6.92,69.86,9.90,7.95,80.30,10.20,8.98,88.06,0.00,0.00,0.00,0.00,0.00,0.00,0.00,0.00,0.00,0.00,0.00,0.00,75.15,56.31,74.93,2026
EM00015517,Md. Suzanur Rahman,1323,Dinajpur,DI014-B,01,1,5.54,3.38,60.92,5.50,2.95,53.63,5.50,4.00,72.76,4.53,3.43,75.56,4.69,3.05,65.12,4.69,3.42,72.86,3.75,4.16,110.92,3.70,4.01,108.57,0.00,0.00,0.00,0.00,0.00,0.00,0.00,0.00,0.00,0.00,0.00,0.00,37.91,28.40,74.92,2026
EM00013003,Mahfuzzur .,1336,Keraniganj,KE014-A,01,1,8.71,6.37,73.07,8.65,7.09,81.96,8.65,6.38,73.73,9.86,6.60,66.97,9.47,6.17,65.14,9.47,6.29,66.37,8.24,7.08,85.93,8.31,7.49,90.20,0.00,0.00,0.00,0.00,0.00,0.00,0.00,0.00,0.00,0.00,0.00,0.00,71.36,53.47,74.92,2026
EM00013822,Md. Rasel Babu,1311,Dhanmondi,DH211-B,01,1,6.16,4.40,71.41,6.16,4.51,73.24,6.16,4.67,75.82,7.56,4.99,66.04,7.28,4.66,63.97,7.28,5.06,69.49,6.66,6.02,90.42,6.66,6.06,91.03,0.00,0.00,0.00,0.00,0.00,0.00,0.00,0.00,0.00,0.00,0.00,0.00,53.90,40.36,74.88,2026
EM00002111,Md. Abdul Awal,1313,Narayanganj,NA050-P,01,2,51.28,39.75,77.52,51.28,41.28,80.50,51.28,38.98,76.00,55.27,37.51,67.87,53.20,34.39,64.64,53.20,39.93,75.05,48.17,39.94,82.90,49.42,37.52,75.93,0.00,0.00,0.00,0.00,0.00,0.00,0.00,0.00,0.00,0.00,0.00,0.00,413.11,309.29,74.87,2026
EM00005727,Md. Sultan Ali,1329,Tangail,TA050-P,01,2,53.18,37.26,70.07,52.80,39.72,75.24,52.80,42.53,80.55,62.53,45.98,73.52,60.26,43.05,71.45,60.26,39.94,66.29,53.44,43.52,81.44,52.67,43.34,82.28,0.00,0.00,0.00,0.00,0.00,0.00,0.00,0.00,0.00,0.00,0.00,0.00,447.93,335.34,74.86,2026
EM00014397,Mehedi Hasan,1316,Sylhet,SY132-A,01,1,3.81,2.80,73.57,3.78,2.81,74.24,3.78,2.60,68.78,4.46,3.01,67.53,4.14,2.94,71.02,4.14,2.86,69.00,3.68,3.37,91.58,3.63,3.13,86.34,0.00,0.00,0.00,0.00,0.00,0.00,0.00,0.00,0.00,0.00,0.00,0.00,31.43,23.53,74.86,2026
EM00011815,Md. Motin Molla,1327,Faridpur,FA061-B,01,1,12.58,8.94,71.08,12.49,9.15,73.24,12.49,9.45,75.67,11.86,9.12,76.91,12.25,9.11,74.33,12.25,7.79,63.58,11.29,9.52,84.25,10.78,8.78,81.52,0.00,0.00,0.00,0.00,0.00,0.00,0.00,0.00,0.00,0.00,0.00,0.00,96.01,71.87,74.86,2026
EM00011482,Hridoy Bepari,1312,Uttara,UT030-P,01,2,46.91,37.84,80.65,46.57,35.77,76.80,46.57,34.52,74.11,52.68,34.79,66.03,50.81,35.77,70.40,50.81,34.39,67.69,43.35,37.40,86.28,42.71,34.25,80.18,0.00,0.00,0.00,0.00,0.00,0.00,0.00,0.00,0.00,0.00,0.00,0.00,380.42,284.72,74.84,2026
EM00008922,Muhammad Samiul Islam,1328,Cox's Bazar,CO053-A,01,1,9.55,6.73,70.47,9.48,7.18,75.77,9.48,8.28,87.31,10.97,8.38,76.42,10.58,7.49,70.80,10.58,7.13,67.46,9.84,6.93,70.40,8.97,7.33,81.76,0.00,0.00,0.00,0.00,0.00,0.00,0.00,0.00,0.00,0.00,0.00,0.00,79.44,59.45,74.84,2026
EM00012138,Ananda Mohan Roy,1316,Sylhet,SY062-A,01,1,9.76,7.35,75.37,9.69,7.60,78.40,9.69,8.00,82.56,11.26,8.23,73.13,10.86,7.39,68.07,10.86,7.88,72.51,9.54,7.49,78.42,9.41,6.71,71.38,0.00,0.00,0.00,0.00,0.00,0.00,0.00,0.00,0.00,0.00,0.00,0.00,81.06,60.65,74.82,2026
EM00015510,Md. Eliach Kanchan,1315,Chattogram,RP01030,01,4,335.60,251.70,75.00,333.20,266.15,79.88,333.20,272.56,81.80,387.26,267.01,68.95,373.25,258.91,69.37,373.25,256.25,68.65,348.60,264.51,75.88,328.44,266.69,81.20,0.00,0.00,0.00,0.00,0.00,0.00,0.00,0.00,0.00,0.00,0.00,0.00,2812.81,2103.79,74.79,2026
EM00012050,Md. Shumon Mondal,1314,Mymensingh,MY133-A,01,1,7.26,4.32,59.54,7.24,5.32,73.52,7.24,4.84,66.86,8.99,5.62,62.45,7.69,5.71,74.22,7.69,6.22,80.81,7.19,6.72,93.41,7.13,6.45,90.54,0.00,0.00,0.00,0.00,0.00,0.00,0.00,0.00,0.00,0.00,0.00,0.00,60.44,45.20,74.79,2026
EM00007264,Md. Kazol Hossain,1336,Keraniganj,KE031-C,01,1,11.08,8.01,72.28,11.00,9.08,82.52,11.00,8.46,76.90,12.57,8.38,66.64,12.05,7.79,64.66,12.05,8.89,73.83,11.00,8.94,81.31,11.09,9.12,82.25,0.00,0.00,0.00,0.00,0.00,0.00,0.00,0.00,0.00,0.00,0.00,0.00,91.83,68.67,74.78,2026
EM00014801,Sebanando Sarkar,1332,B. Baria,BB072-B,01,1,8.61,6.59,76.55,8.55,7.06,82.64,8.55,7.25,84.83,9.30,6.48,69.68,9.17,5.47,59.60,9.17,7.05,76.84,8.44,6.46,76.47,8.32,6.06,72.85,0.00,0.00,0.00,0.00,0.00,0.00,0.00,0.00,0.00,0.00,0.00,0.00,70.11,52.41,74.76,2026
EM00014392,Md. Alfat Hossain,1311,Dhanmondi,DH133-B,01,1,7.06,5.87,83.18,7.06,5.76,81.55,7.06,5.32,75.36,8.55,5.26,61.51,8.24,5.33,64.70,8.24,5.68,68.97,8.33,6.60,79.25,8.21,7.07,86.14,0.00,0.00,0.00,0.00,0.00,0.00,0.00,0.00,0.00,0.00,0.00,0.00,62.75,46.90,74.74,2026
EM00014617,Md. Mizanur Rahman,1318,Noakhali,NO132-B,01,1,10.73,6.96,64.84,10.65,7.17,67.31,10.65,7.59,71.20,12.59,9.37,74.45,12.14,7.92,65.20,12.14,9.70,79.93,11.54,9.79,84.82,11.33,10.09,89.08,0.00,0.00,0.00,0.00,0.00,0.00,0.00,0.00,0.00,0.00,0.00,0.00,91.78,68.58,74.73,2026
EM00008617,Md. Mahbubur Rahman,1322,Rangpur,RN022-B,01,1,4.64,3.51,75.76,4.61,3.27,70.97,4.61,3.46,75.17,5.62,2.70,48.17,5.40,3.45,63.85,5.40,3.28,60.73,4.18,4.42,105.91,4.17,4.74,113.80,0.00,0.00,0.00,0.00,0.00,0.00,0.00,0.00,0.00,0.00,0.00,0.00,38.61,28.84,74.71,2026
EM00016104,Md. Azom,1320,Bogura,BO051-G,02,1,0.00,0.00,0.00,0.00,0.00,0.00,0.00,0.00,0.00,0.00,0.00,0.00,0.00,0.00,0.00,4.40,3.39,77.15,4.30,3.05,70.87,4.40,3.34,76.00,0.00,0.00,0.00,0.00,0.00,0.00,0.00,0.00,0.00,0.00,0.00,0.00,13.10,9.79,74.70,2026
EM00015846,Mohammad Forhad Hossen,1319,CHT+NKL+FEN,CH013-N,03,1,0.00,0.00,0.00,0.00,0.00,0.00,4.00,1.42,35.52,5.00,2.54,50.81,5.10,3.51,68.91,5.10,3.86,75.68,6.00,5.66,94.33,6.00,6.31,105.10,0.00,0.00,0.00,0.00,0.00,0.00,0.00,0.00,0.00,0.00,0.00,0.00,31.20,23.30,74.68,2026
EM00008574,Md. Abdur Rab,1335,Kushtia,KU013-A,01,1,9.26,8.14,87.92,9.19,7.60,82.63,9.19,7.63,82.97,10.44,7.70,73.71,9.90,6.80,68.65,9.89,6.10,61.71,8.51,6.23,73.17,8.39,5.65,67.32,0.00,0.00,0.00,0.00,0.00,0.00,0.00,0.00,0.00,0.00,0.00,0.00,74.77,55.83,74.67,2026
EM00005421,Md. Mizanur Rahoman,1317,Cumilla,RP01022,01,4,251.39,193.86,77.11,249.60,182.66,73.18,249.60,174.65,69.97,288.16,177.84,61.71,277.53,170.88,61.57,329.60,264.28,80.18,324.40,272.63,84.04,319.75,273.09,85.41,0.00,0.00,0.00,0.00,0.00,0.00,0.00,0.00,0.00,0.00,0.00,0.00,2290.04,1709.89,74.67,2026
EM00015177,Rezoan .,1317,Cumilla,CU111-A,01,1,7.65,5.25,68.64,7.59,7.02,92.44,7.59,5.75,75.80,8.27,5.42,65.56,7.97,5.02,62.97,7.97,5.63,70.65,7.45,5.90,79.21,7.24,6.10,84.20,0.00,0.00,0.00,0.00,0.00,0.00,0.00,0.00,0.00,0.00,0.00,0.00,61.73,46.09,74.66,2026
EM00007219,Md. Ariful Islam,1315,Chattogram,CH040-P,01,2,51.46,39.89,77.52,51.10,37.22,72.83,51.10,39.99,78.26,59.74,45.33,75.88,57.53,42.21,73.37,57.53,40.19,69.86,54.36,40.59,74.67,52.45,39.51,75.32,0.00,0.00,0.00,0.00,0.00,0.00,0.00,0.00,0.00,0.00,0.00,0.00,435.26,324.92,74.65,2026
EM00013903,Md. Khairul Bashar,1311,Dhanmondi,DH022-V,04,1,7.85,6.41,81.62,7.85,5.18,66.02,8.03,2.00,24.89,8.56,5.51,64.37,8.56,8.57,100.16,9.27,4.63,49.91,9.63,9.67,100.37,10.34,10.35,100.10,0.00,0.00,0.00,0.00,0.00,0.00,0.00,0.00,0.00,0.00,0.00,0.00,70.09,52.31,74.64,2026
EM00012938,Md. Amdadul Hoq,1326,Barishal,BA091-A,01,1,8.10,5.71,70.54,8.04,6.35,78.99,8.04,6.27,77.95,9.33,7.57,81.10,9.05,6.20,68.53,9.05,7.58,83.78,6.38,3.74,58.61,6.15,4.44,72.19,0.00,0.00,0.00,0.00,0.00,0.00,0.00,0.00,0.00,0.00,0.00,0.00,64.13,47.86,74.62,2026
EM00010647,Masbahul Mowla,1327,Faridpur,FA130-P,01,2,24.33,23.16,95.22,23.95,22.06,92.12,23.95,22.05,92.07,31.08,17.46,56.18,29.89,13.16,44.02,32.86,22.78,69.33,29.84,23.68,79.35,29.87,24.12,80.73,0.00,0.00,0.00,0.00,0.00,0.00,0.00,0.00,0.00,0.00,0.00,0.00,225.77,168.47,74.62,2026
EM00015865,Md. Sawpon Miah,1324,Jashore,JA013-A,01,1,0.00,0.00,0.00,0.00,0.00,0.00,0.00,0.00,0.00,8.71,4.71,54.05,7.79,5.39,69.26,7.79,5.58,71.62,7.14,6.67,93.40,6.98,6.28,90.01,0.00,0.00,0.00,0.00,0.00,0.00,0.00,0.00,0.00,0.00,0.00,0.00,38.41,28.63,74.54,2026
EM00011864,Ahmed Zobaer Patwary,1311,Dhanmondi,DH021-V,04,1,8.75,6.42,73.32,8.75,6.13,70.05,8.95,2.73,30.46,9.55,6.23,65.19,9.55,8.65,90.55,9.95,5.27,52.98,10.33,10.72,103.82,11.11,11.21,100.86,0.00,0.00,0.00,0.00,0.00,0.00,0.00,0.00,0.00,0.00,0.00,0.00,76.94,57.35,74.54,2026
EM00012656,Md. Tanvir Rahman,1325,Khulna,KH043-B,01,1,5.04,3.85,76.42,5.01,3.61,72.17,5.01,3.50,69.97,6.02,3.51,58.39,5.61,3.47,61.82,5.61,3.99,71.11,5.11,4.54,88.71,5.11,5.21,101.93,0.00,0.00,0.00,0.00,0.00,0.00,0.00,0.00,0.00,0.00,0.00,0.00,42.52,31.69,74.53,2026
EM00015109,Mikail Hossen,1319,Feni,FE072-B,01,1,7.55,5.44,71.99,7.49,5.54,73.97,7.49,5.84,77.90,8.49,6.07,71.44,7.94,5.60,70.59,7.94,5.72,72.10,7.37,5.59,75.86,7.27,6.05,83.31,0.00,0.00,0.00,0.00,0.00,0.00,0.00,0.00,0.00,0.00,0.00,0.00,61.55,45.86,74.51,2026
EM00011175,Gopal Majumder,1310,Paltan,PA282-B,01,1,6.14,4.70,76.49,6.10,4.95,81.21,6.10,4.99,81.80,8.17,4.92,60.24,7.88,5.04,64.00,7.88,5.32,67.52,6.57,5.83,88.78,6.80,5.68,83.51,0.00,0.00,0.00,0.00,0.00,0.00,0.00,0.00,0.00,0.00,0.00,0.00,55.63,41.43,74.47,2026
EM00014325,Sagor Mia,1316,Sylhet,SY111-A,01,1,8.56,6.01,70.20,8.50,6.04,71.05,8.50,6.23,73.22,9.87,7.05,71.40,9.53,6.36,66.75,9.53,7.23,75.90,8.55,7.39,86.40,8.42,6.90,81.94,0.00,0.00,0.00,0.00,0.00,0.00,0.00,0.00,0.00,0.00,0.00,0.00,71.47,53.21,74.45,2026
EM00013808,Md. Jakir Hossen,1318,Noakhali,NO031-A,01,1,7.54,5.41,71.71,7.48,5.98,79.94,7.48,6.08,81.30,8.41,6.08,72.28,8.10,5.48,67.64,8.10,6.32,78.00,7.73,5.79,74.91,7.59,5.34,70.35,0.00,0.00,0.00,0.00,0.00,0.00,0.00,0.00,0.00,0.00,0.00,0.00,62.44,46.48,74.44,2026
EM00014963,Tareque Rahman,1314,Mymensingh,MY013-B,01,1,8.28,4.93,59.56,8.20,5.63,68.62,8.20,5.71,69.61,9.67,6.57,67.96,9.01,5.53,61.37,9.01,6.23,69.18,7.51,8.02,106.88,7.40,7.44,100.54,0.00,0.00,0.00,0.00,0.00,0.00,0.00,0.00,0.00,0.00,0.00,0.00,67.27,50.06,74.42,2026
EM00010614,Md. Uzzal Mia,1311,Dhanmondi,DH095-G,02,1,12.00,9.24,77.02,11.60,8.19,70.62,11.79,7.17,60.77,12.60,9.32,73.96,11.80,8.41,71.25,12.70,8.24,64.85,12.70,10.89,85.74,12.88,11.49,89.20,0.00,0.00,0.00,0.00,0.00,0.00,0.00,0.00,0.00,0.00,0.00,0.00,98.07,72.94,74.38,2026
EM00015047,Md. Monsur Ali,1311,Dhanmondi,DH181-A,01,1,4.80,3.30,68.71,4.55,2.92,64.12,4.55,2.85,62.60,5.90,4.52,76.65,5.69,4.49,78.88,5.69,3.57,62.69,4.95,4.33,87.34,4.58,4.30,93.82,0.00,0.00,0.00,0.00,0.00,0.00,0.00,0.00,0.00,0.00,0.00,0.00,40.72,30.27,74.34,2026
EM00009236,Md. Monzurul Islam,1333,Moulvibazar,MO050-P,01,2,10.14,9.20,90.74,10.06,9.15,90.95,10.06,9.51,94.49,10.78,9.83,91.12,10.39,7.60,73.09,10.39,9.82,94.47,40.26,23.84,59.20,39.68,26.45,66.67,0.00,0.00,0.00,0.00,0.00,0.00,0.00,0.00,0.00,0.00,0.00,0.00,141.78,105.39,74.34,2026
EM00001062,Md. Omar Farukh,1319,Feni,FE060-P,01,2,45.40,34.24,75.42,45.07,33.34,73.97,45.07,31.79,70.53,50.54,35.39,70.03,48.72,35.05,71.94,48.72,34.69,71.20,45.53,37.08,81.44,44.88,36.31,80.91,0.00,0.00,0.00,0.00,0.00,0.00,0.00,0.00,0.00,0.00,0.00,0.00,373.92,277.89,74.32,2026
EM00008513,Mr. Sumon Chandra Mozumder,1315,Chattogram,CH213-C,01,1,9.04,7.15,79.11,8.97,6.98,77.82,8.97,7.00,78.04,10.13,7.40,73.06,9.77,6.83,69.88,9.77,6.77,69.30,9.09,6.72,73.98,8.75,6.49,74.12,0.00,0.00,0.00,0.00,0.00,0.00,0.00,0.00,0.00,0.00,0.00,0.00,74.48,55.34,74.29,2026
EM00014700,Nasir Uddin,1310,Paltan,PA151-A,01,1,5.22,4.24,81.19,5.19,3.71,71.56,5.19,3.42,65.89,6.68,3.65,54.65,6.44,3.99,61.91,6.44,4.76,73.90,4.60,4.95,107.69,4.85,4.41,91.00,0.00,0.00,0.00,0.00,0.00,0.00,0.00,0.00,0.00,0.00,0.00,0.00,44.61,33.13,74.28,2026
EM00016319,Sree Milon Kumar,1313,Narayanganj,NA111-A,01,1,0.00,0.00,0.00,0.00,0.00,0.00,0.00,0.00,0.00,0.00,0.00,0.00,0.00,0.00,0.00,10.94,7.30,66.72,10.00,8.11,81.12,10.30,7.80,75.67,0.00,0.00,0.00,0.00,0.00,0.00,0.00,0.00,0.00,0.00,0.00,0.00,31.25,23.21,74.28,2026
EM00010631,Md. Juwel Rana,1315,Chattogram,CH130-P,01,2,53.23,38.55,72.42,52.85,41.95,79.37,52.85,42.47,80.37,62.32,42.29,67.86,60.03,40.69,67.78,60.03,42.90,71.47,56.19,43.07,76.65,52.58,42.31,80.47,0.00,0.00,0.00,0.00,0.00,0.00,0.00,0.00,0.00,0.00,0.00,0.00,450.08,334.23,74.26,2026
EM00016526,Md. Hafizur Rahman,1317,Cumilla,CU121-A,01,1,0.00,0.00,0.00,0.00,0.00,0.00,0.00,0.00,0.00,0.00,0.00,0.00,0.00,0.00,0.00,0.00,0.00,0.00,0.00,0.00,0.00,8.72,6.48,74.23,0.00,0.00,0.00,0.00,0.00,0.00,0.00,0.00,0.00,0.00,0.00,0.00,8.72,6.48,74.23,2026
EM00009551,Md. Manirul Islam,1326,Barishal,BA130-P,01,2,42.65,31.18,73.10,42.53,32.44,76.28,42.53,33.38,78.50,50.97,36.31,71.24,50.79,32.13,63.26,50.79,35.57,70.02,31.28,25.34,81.00,31.62,28.35,89.66,0.00,0.00,0.00,0.00,0.00,0.00,0.00,0.00,0.00,0.00,0.00,0.00,343.17,254.71,74.22,2026
EM00015711,Manoar Tahir,1324,Jashore,JA073-C,01,1,0.00,0.00,0.00,8.01,5.12,63.97,8.01,6.69,83.58,10.15,6.81,67.11,9.79,5.94,60.72,9.79,7.05,72.00,8.79,7.37,83.88,8.85,8.04,90.89,0.00,0.00,0.00,0.00,0.00,0.00,0.00,0.00,0.00,0.00,0.00,0.00,63.37,47.02,74.21,2026
EM00014310,Ashik Mahmud,1315,Chattogram,CH133-A,01,1,8.93,6.61,74.07,8.86,7.02,79.24,8.86,6.76,76.22,10.30,6.95,67.52,9.92,6.73,67.80,9.92,7.25,73.05,9.29,7.05,75.89,8.76,7.16,81.73,0.00,0.00,0.00,0.00,0.00,0.00,0.00,0.00,0.00,0.00,0.00,0.00,74.83,55.52,74.19,2026
EM00009126,Md. Ashraful Islam,1315,Chattogram,CH190-P,01,2,5.23,5.38,102.85,52.77,39.92,75.66,52.77,37.58,71.23,60.78,41.78,68.74,58.59,40.37,68.91,58.59,43.94,75.00,54.51,43.10,79.07,52.44,41.32,78.80,0.00,0.00,0.00,0.00,0.00,0.00,0.00,0.00,0.00,0.00,0.00,0.00,395.67,293.40,74.15,2026
EM00002431,Mr. Krishna Chandra Chakraborty,1330,Pabna,PB030-P,01,2,48.78,32.16,65.92,48.44,33.91,70.01,48.44,35.80,73.91,57.41,37.33,65.01,53.56,36.35,67.87,53.56,37.62,70.24,47.78,43.89,91.85,46.82,43.11,92.08,0.00,0.00,0.00,0.00,0.00,0.00,0.00,0.00,0.00,0.00,0.00,0.00,404.78,300.16,74.15,2026
EM00013905,Mehedi Hasan,1311,Dhanmondi,DH032-V,04,1,8.30,6.95,83.76,7.74,5.64,72.91,7.92,4.82,60.81,8.45,6.68,79.01,8.45,6.00,70.96,9.15,7.51,82.09,9.50,7.34,77.27,10.20,6.75,66.17,0.00,0.00,0.00,0.00,0.00,0.00,0.00,0.00,0.00,0.00,0.00,0.00,69.71,51.69,74.14,2026
EM00015371,Md. Ajimul Islam,1318,Noakhali,NO042-B,01,1,9.08,6.32,69.59,9.01,6.36,70.56,9.01,6.89,76.51,10.43,6.70,64.22,9.49,6.32,66.60,9.49,7.94,83.65,8.79,7.48,85.13,8.58,6.77,78.85,0.00,0.00,0.00,0.00,0.00,0.00,0.00,0.00,0.00,0.00,0.00,0.00,73.87,54.77,74.14,2026
EM00007806,Md. Mahfujar Rahman,1314,Mymensingh,MY100-P,01,2,43.99,27.92,63.49,43.67,32.46,74.33,43.67,34.64,79.33,47.28,28.93,61.19,44.05,26.77,60.76,44.05,30.04,68.19,38.89,38.20,98.20,38.33,35.98,93.87,0.00,0.00,0.00,0.00,0.00,0.00,0.00,0.00,0.00,0.00,0.00,0.00,343.94,254.95,74.13,2026
EM00014165,Md. Alomgir Hossen,1325,Khulna,KH083-B,01,1,7.26,5.21,71.65,7.21,4.76,65.95,7.21,5.44,75.43,8.87,5.90,66.50,8.55,5.53,64.65,8.55,5.67,66.33,7.44,7.13,95.83,7.18,6.54,91.02,0.00,0.00,0.00,0.00,0.00,0.00,0.00,0.00,0.00,0.00,0.00,0.00,62.29,46.17,74.12,2026
EM00006495,Md. Alomgir Hossin,1324,Jashore,JA120-P,01,2,51.31,36.53,71.20,50.94,35.74,70.17,50.94,37.90,74.40,61.00,42.84,70.22,59.26,41.93,70.76,59.26,42.28,71.34,54.26,44.70,82.38,52.57,43.83,83.37,0.00,0.00,0.00,0.00,0.00,0.00,0.00,0.00,0.00,0.00,0.00,0.00,439.54,325.75,74.11,2026
EM00015217,Md. Soriful Islam,1327,Faridpur,FA141-B,01,1,11.74,8.35,71.08,11.66,8.05,69.02,11.66,8.19,70.22,13.50,9.60,71.05,12.57,8.50,67.62,12.57,9.13,72.66,11.34,9.98,87.98,11.56,9.81,84.87,0.00,0.00,0.00,0.00,0.00,0.00,0.00,0.00,0.00,0.00,0.00,0.00,96.59,71.59,74.11,2026
EM00014793,Md. Mahbubur Rahman,1317,Cumilla,CU063-A,01,1,6.33,4.94,78.02,6.29,4.85,77.18,6.29,4.90,77.95,7.11,5.06,71.25,6.83,4.47,65.47,6.83,4.67,68.32,6.45,5.08,78.86,6.36,4.90,77.06,0.00,0.00,0.00,0.00,0.00,0.00,0.00,0.00,0.00,0.00,0.00,0.00,52.48,38.88,74.08,2026
EM00007136,Md. Nurjamal Mia,1330,Pabna,PB031-B,01,1,10.35,6.35,61.41,10.27,6.90,67.21,10.27,7.26,70.64,11.17,6.56,58.68,9.96,6.81,68.33,9.96,7.02,70.45,8.97,9.12,101.72,8.92,9.15,102.66,0.00,0.00,0.00,0.00,0.00,0.00,0.00,0.00,0.00,0.00,0.00,0.00,79.86,59.16,74.08,2026
EM00013224,Md. Bulbul Ahammad,1321,Rajshahi,RA032-A,01,1,5.92,4.00,67.65,5.87,4.12,70.19,5.87,4.85,82.65,7.05,4.73,67.16,6.80,4.66,68.57,6.80,5.06,74.49,5.85,5.03,85.93,5.81,4.55,78.27,0.00,0.00,0.00,0.00,0.00,0.00,0.00,0.00,0.00,0.00,0.00,0.00,49.97,37.01,74.07,2026
EM00014694,Md. Rashenul Hasan,1312,Uttara,UT042-A,01,1,8.05,6.98,86.66,8.00,6.13,76.62,8.00,5.61,70.14,8.89,5.54,62.36,8.55,5.55,64.94,8.55,5.78,67.61,7.15,6.40,89.58,7.05,5.58,79.21,0.00,0.00,0.00,0.00,0.00,0.00,0.00,0.00,0.00,0.00,0.00,0.00,64.24,47.58,74.07,2026
EM00014412,Soyel Islam,1320,Bogura,BO122-A,01,1,6.35,4.06,64.00,6.30,4.26,67.60,6.30,4.22,66.98,7.22,5.79,80.27,7.20,4.56,63.34,7.20,5.41,75.17,5.80,5.11,88.16,5.60,5.06,90.31,0.00,0.00,0.00,0.00,0.00,0.00,0.00,0.00,0.00,0.00,0.00,0.00,51.96,38.47,74.04,2026
EM00004013,Mohammad Nazrul Islam,1312,Uttara,UT083-B,01,1,8.24,6.67,80.95,8.18,6.56,80.24,8.18,6.24,76.28,9.72,6.24,64.22,9.46,6.50,68.75,9.46,5.90,62.36,8.80,7.09,80.63,9.06,7.42,81.91,0.00,0.00,0.00,0.00,0.00,0.00,0.00,0.00,0.00,0.00,0.00,0.00,71.09,52.63,74.03,2026
EM00016518,Mizanur Rahman Rahman,1310,Paltan,PA203-A,01,1,0.00,0.00,0.00,0.00,0.00,0.00,0.00,0.00,0.00,0.00,0.00,0.00,0.00,0.00,0.00,0.00,0.00,0.00,0.00,0.00,0.00,3.90,2.89,74.02,0.00,0.00,0.00,0.00,0.00,0.00,0.00,0.00,0.00,0.00,0.00,0.00,3.90,2.89,74.02,2026
EM00012348,Md. Rashidul Islam Khan,1313,Narayanganj,NA132-B,01,1,8.57,6.21,72.48,8.51,6.89,80.97,8.51,6.64,78.04,9.77,6.33,64.77,9.41,6.07,64.52,9.41,6.86,72.92,8.46,7.24,85.56,8.71,6.55,75.14,0.00,0.00,0.00,0.00,0.00,0.00,0.00,0.00,0.00,0.00,0.00,0.00,71.35,52.79,73.98,2026
EM00015451,Md. Mir Johir Uddin Pavel,1324,Jashore,JA041-B,01,1,9.35,6.26,66.98,9.05,5.57,61.51,9.05,7.09,78.37,11.49,7.15,62.22,10.78,7.09,65.77,10.78,7.50,69.57,9.48,9.05,95.50,9.54,9.12,95.54,0.00,0.00,0.00,0.00,0.00,0.00,0.00,0.00,0.00,0.00,0.00,0.00,79.50,58.82,73.98,2026
EM00013753,Md. Saddam Hossen,1316,Sylhet,SY091-A,01,1,8.02,6.84,85.29,7.96,5.66,71.04,7.96,5.49,68.94,8.89,6.26,70.44,8.58,5.45,63.55,8.58,6.51,75.91,7.80,7.08,90.72,7.69,5.15,67.02,0.00,0.00,0.00,0.00,0.00,0.00,0.00,0.00,0.00,0.00,0.00,0.00,65.48,48.44,73.98,2026
EM00015730,Md. Mahmudul Hasan,1310,Paltan,PA282-A,01,1,0.00,0.00,0.00,5.32,4.05,76.07,5.32,4.56,85.78,7.33,4.49,61.31,7.06,4.95,70.20,7.06,4.81,68.17,5.85,4.90,83.81,5.97,4.70,78.68,0.00,0.00,0.00,0.00,0.00,0.00,0.00,0.00,0.00,0.00,0.00,0.00,43.90,32.47,73.96,2026
EM00015068,Mohammad Ashraful Haque,1323,Dinajpur,RP01048,01,4,299.95,188.76,62.93,297.80,190.80,64.07,297.80,209.93,70.49,344.26,230.11,66.84,331.83,234.32,70.61,331.83,255.70,77.06,270.84,254.98,94.14,266.97,239.97,89.89,0.00,0.00,0.00,0.00,0.00,0.00,0.00,0.00,0.00,0.00,0.00,0.00,2441.29,1804.56,73.92,2026
EM00016425,Md. Mostafijur Rahman,1320,Bogura,BO104-B,01,1,0.00,0.00,0.00,0.00,0.00,0.00,0.00,0.00,0.00,0.00,0.00,0.00,0.00,0.00,0.00,0.00,0.00,0.00,4.50,3.18,70.77,4.50,3.47,77.04,0.00,0.00,0.00,0.00,0.00,0.00,0.00,0.00,0.00,0.00,0.00,0.00,9.00,6.65,73.91,2026
EM00006126,S.M. Sazedul Islam,1320,Bogura,BO044-C,01,1,8.97,6.75,75.29,8.97,6.63,73.95,8.97,6.72,74.91,10.58,7.14,67.50,10.15,6.42,63.29,10.15,7.56,74.53,8.60,6.81,79.19,8.60,7.37,85.70,0.00,0.00,0.00,0.00,0.00,0.00,0.00,0.00,0.00,0.00,0.00,0.00,74.98,55.41,73.90,2026
EM00010738,Mostafa Rahaman,1336,Keraniganj,KE060-P,01,2,45.17,33.41,73.96,44.85,35.20,78.48,44.85,35.53,79.22,51.43,34.74,67.55,49.57,34.38,69.37,49.57,34.44,69.47,43.72,34.66,79.27,44.08,33.45,75.89,0.00,0.00,0.00,0.00,0.00,0.00,0.00,0.00,0.00,0.00,0.00,0.00,373.23,275.80,73.90,2026
EM00011559,Md. Abdur Rabbi Siraji,1310,Paltan,PA080-P,01,2,42.50,34.51,81.19,42.20,34.90,82.71,42.20,32.47,76.95,50.98,30.97,60.75,49.15,28.53,58.03,49.15,32.86,66.85,41.07,35.56,86.58,41.38,35.19,85.05,0.00,0.00,0.00,0.00,0.00,0.00,0.00,0.00,0.00,0.00,0.00,0.00,358.64,265.00,73.89,2026
EM00005909,Mr. Monoranjan Thakur,1320,Bogura,BO040-P,01,2,45.91,32.36,70.49,45.59,31.91,70.00,45.59,33.12,72.64,56.70,36.79,64.88,54.54,37.23,68.27,54.54,40.79,74.79,46.49,40.26,86.59,46.49,40.00,86.03,0.00,0.00,0.00,0.00,0.00,0.00,0.00,0.00,0.00,0.00,0.00,0.00,395.85,292.46,73.88,2026
EM00012360,Mahbubur Rahman,1315,Chattogram,CH195-C,01,1,7.49,5.68,75.77,7.44,5.55,74.57,7.44,5.79,77.81,8.57,6.22,72.55,8.25,5.82,70.50,8.25,5.87,71.08,7.93,5.95,75.02,7.90,5.87,74.29,0.00,0.00,0.00,0.00,0.00,0.00,0.00,0.00,0.00,0.00,0.00,0.00,63.27,46.73,73.86,2026
EM00012148,Md. Abu Sufian,1315,Chattogram,CH290-P,01,2,8.49,8.69,102.36,8.43,8.07,95.74,8.43,8.75,103.81,8.63,7.92,91.78,8.32,7.62,91.59,8.32,8.18,98.24,50.15,28.30,56.44,46.65,31.32,67.15,0.00,0.00,0.00,0.00,0.00,0.00,0.00,0.00,0.00,0.00,0.00,0.00,147.44,108.87,73.84,2026
EM00003706,Md. Billal Hossain Sarker,1333,Moulvibazar,MO020-P,01,2,46.21,33.18,71.80,45.88,33.17,72.29,45.88,35.13,76.56,54.54,35.98,65.97,52.59,34.52,65.64,52.59,36.07,68.58,46.72,40.35,86.37,46.04,39.88,86.63,0.00,0.00,0.00,0.00,0.00,0.00,0.00,0.00,0.00,0.00,0.00,0.00,390.46,288.28,73.83,2026
EM00006569,Mr. Suman Mondal,1325,Khulna,KH070-P,01,2,35.38,27.09,76.58,35.12,24.52,69.81,35.12,26.34,74.99,42.39,26.27,61.96,40.89,27.66,67.64,40.89,31.38,76.74,35.50,27.64,77.87,33.87,29.93,88.37,0.00,0.00,0.00,0.00,0.00,0.00,0.00,0.00,0.00,0.00,0.00,0.00,299.17,220.83,73.81,2026
EM00011813,Md. Alamin Hossain Sheikh,1334,Kishoreganj,KI072-C,01,1,4.20,2.79,66.60,4.20,2.96,70.59,4.20,3.18,75.77,5.27,3.45,65.55,5.12,3.41,66.46,5.12,3.91,76.23,4.83,3.98,82.37,4.78,4.16,87.00,0.00,0.00,0.00,0.00,0.00,0.00,0.00,0.00,0.00,0.00,0.00,0.00,37.72,27.84,73.81,2026
EM00013344,Md. Robiul Islam,1326,Barishal,BA031-A,01,1,5.48,4.03,73.64,5.44,4.26,78.38,5.44,3.49,64.20,6.49,4.17,64.36,5.49,3.90,71.06,5.49,4.31,78.60,4.82,4.30,89.26,4.57,3.40,74.35,0.00,0.00,0.00,0.00,0.00,0.00,0.00,0.00,0.00,0.00,0.00,0.00,43.20,31.87,73.77,2026
EM00016210,Md. Matiur Rahman,1319,Feni,FE016-V,04,1,0.00,0.00,0.00,0.00,0.00,0.00,0.00,0.00,0.00,0.00,0.00,0.00,0.00,0.00,0.00,5.55,4.25,76.58,5.75,4.45,77.35,6.18,4.20,67.91,0.00,0.00,0.00,0.00,0.00,0.00,0.00,0.00,0.00,0.00,0.00,0.00,17.48,12.89,73.77,2026
EM00016474,Md. Saiful Islam,1310,Paltan,PA061-B,01,1,0.00,0.00,0.00,0.00,0.00,0.00,0.00,0.00,0.00,0.00,0.00,0.00,0.00,0.00,0.00,0.00,0.00,0.00,0.00,0.00,0.00,8.06,5.94,73.74,0.00,0.00,0.00,0.00,0.00,0.00,0.00,0.00,0.00,0.00,0.00,0.00,8.06,5.94,73.74,2026
EM00014402,Ohidur Rahman,1331,Chandpur,CA073-C,01,1,10.04,6.39,63.62,9.97,8.26,82.83,9.97,7.24,72.58,11.31,8.23,72.77,10.91,7.19,65.89,10.91,7.72,70.73,9.90,7.96,80.41,9.54,7.89,82.66,0.00,0.00,0.00,0.00,0.00,0.00,0.00,0.00,0.00,0.00,0.00,0.00,82.56,60.87,73.73,2026
EM00011519,Md. Sumon Sheikh,1315,Chattogram,CH040-G,02,2,42.70,31.38,73.49,41.32,30.90,74.77,42.00,29.56,70.37,44.45,30.38,68.35,41.73,33.31,79.83,45.80,31.25,68.24,50.42,37.63,74.63,52.00,41.21,79.25,0.00,0.00,0.00,0.00,0.00,0.00,0.00,0.00,0.00,0.00,0.00,0.00,360.42,265.62,73.70,2026
EM00016076,Mahady Hasan,1319,Feni,FE016-G,02,1,0.00,0.00,0.00,0.00,0.00,0.00,0.00,0.00,0.00,0.00,0.00,0.00,4.87,3.99,81.85,5.50,3.64,66.13,5.50,4.12,74.88,5.50,4.00,72.80,0.00,0.00,0.00,0.00,0.00,0.00,0.00,0.00,0.00,0.00,0.00,0.00,21.37,15.75,73.68,2026
EM00014680,Mohammad Monirul Hasan Mithu,1325,Khulna,KH052-A,01,1,6.66,5.15,77.24,6.62,4.81,72.68,6.62,4.89,73.98,7.90,5.39,68.21,7.90,5.36,67.88,7.90,5.81,73.58,6.95,5.37,77.25,6.71,5.40,80.43,0.00,0.00,0.00,0.00,0.00,0.00,0.00,0.00,0.00,0.00,0.00,0.00,57.25,42.17,73.67,2026
EM00013582,Md. Khaled Ibrahim,1324,Jashore,JA151-A,01,1,6.16,4.30,69.83,6.12,4.51,73.78,6.12,4.69,76.72,7.29,4.90,67.21,7.03,5.21,74.18,7.03,4.60,65.48,6.30,4.66,74.01,6.17,5.55,90.08,0.00,0.00,0.00,0.00,0.00,0.00,0.00,0.00,0.00,0.00,0.00,0.00,52.21,38.44,73.63,2026
EM00011062,Md. Suman Mia,1318,Noakhali,NO014-C,01,1,10.12,7.24,71.52,10.05,7.73,76.95,10.05,8.14,80.99,11.38,8.24,72.34,10.98,7.22,65.76,10.98,7.89,71.87,10.43,7.57,72.56,10.23,7.97,77.89,0.00,0.00,0.00,0.00,0.00,0.00,0.00,0.00,0.00,0.00,0.00,0.00,84.22,61.99,73.60,2026
EM00008174,Mohammad Ferozur Rahman,1320,Bogura,BO130-P,01,2,29.43,17.29,58.74,29.22,17.72,60.63,29.22,19.45,66.56,35.86,23.64,65.92,34.75,23.23,66.84,34.75,25.94,74.65,28.20,28.20,100.00,27.70,27.86,100.58,0.00,0.00,0.00,0.00,0.00,0.00,0.00,0.00,0.00,0.00,0.00,0.00,249.13,183.32,73.59,2026
EM00015955,Uddoy Kusum Dey,1328,Cox's Bazar,CO083-A,01,1,0.00,0.00,0.00,0.00,0.00,0.00,0.00,0.00,0.00,7.78,5.52,70.88,7.50,5.48,73.07,7.50,5.09,67.87,6.64,4.98,74.99,6.40,5.30,82.69,0.00,0.00,0.00,0.00,0.00,0.00,0.00,0.00,0.00,0.00,0.00,0.00,35.82,26.36,73.58,2026
EM00015689,Shahin Alom,1315,Chattogram,CH058-G,02,1,0.00,0.00,0.00,6.05,4.26,70.37,6.15,3.79,61.69,6.65,4.34,65.30,6.00,4.59,76.51,6.58,4.86,73.86,6.58,5.30,80.48,6.78,5.81,85.75,0.00,0.00,0.00,0.00,0.00,0.00,0.00,0.00,0.00,0.00,0.00,0.00,44.79,32.95,73.57,2026
EM00014745,Md. Ibrahim Khalil,1331,Chandpur,CA024-B,01,1,8.13,5.92,72.82,8.08,6.28,77.71,8.08,6.14,76.03,8.94,6.49,72.60,8.48,5.91,69.71,8.48,6.12,72.10,7.85,5.94,75.60,7.56,5.47,72.36,0.00,0.00,0.00,0.00,0.00,0.00,0.00,0.00,0.00,0.00,0.00,0.00,65.61,48.27,73.57,2026
EM00014691,Sujon Mia,1321,Rajshahi,RA024-B,01,1,5.34,3.50,65.42,5.30,3.53,66.56,5.30,3.69,69.60,6.49,4.07,62.70,6.26,3.68,58.74,6.26,3.96,63.27,5.38,5.45,101.26,5.30,5.70,107.46,0.00,0.00,0.00,0.00,0.00,0.00,0.00,0.00,0.00,0.00,0.00,0.00,45.66,33.58,73.55,2026
EM00007156,Md. Saiful Islam,1321,Rajshahi,RA050-P,01,2,44.48,28.89,64.94,44.16,28.36,64.22,44.16,33.17,75.11,54.20,36.89,68.07,52.24,32.46,62.13,52.24,38.38,73.47,44.82,40.48,90.32,44.17,41.17,93.20,0.00,0.00,0.00,0.00,0.00,0.00,0.00,0.00,0.00,0.00,0.00,0.00,380.48,279.80,73.54,2026
EM00015308,Abdul Momin,1314,Mymensingh,MY112-A,01,1,4.31,2.99,69.39,4.28,2.95,68.92,4.28,3.09,72.19,5.11,2.75,53.75,4.59,3.13,68.05,4.59,2.80,60.87,3.66,3.95,107.88,3.61,3.67,101.81,0.00,0.00,0.00,0.00,0.00,0.00,0.00,0.00,0.00,0.00,0.00,0.00,34.44,25.32,73.53,2026
EM00004991,Md. Manir Hossain,1336,Keraniganj,KE040-P,01,2,47.93,35.82,74.73,47.59,37.07,77.89,47.59,34.51,72.52,54.74,36.54,66.75,52.73,34.88,66.15,52.73,38.05,72.15,46.68,37.38,80.07,47.05,37.69,80.11,0.00,0.00,0.00,0.00,0.00,0.00,0.00,0.00,0.00,0.00,0.00,0.00,397.06,291.95,73.53,2026
EM00003105,Md. Shakhawat Hossain Khan,1315,Chattogram,CH330-P,01,2,55.60,37.54,67.52,55.60,40.83,73.43,55.60,41.95,75.45,62.47,46.41,74.28,60.23,39.93,66.30,60.23,41.73,69.28,56.39,44.37,78.67,53.42,44.98,84.20,0.00,0.00,0.00,0.00,0.00,0.00,0.00,0.00,0.00,0.00,0.00,0.00,459.55,337.74,73.49,2026
EM00009335,Iqbal Mahmud,1333,Moulvibazar,MO010-P,01,2,35.22,23.45,66.57,34.97,26.04,74.45,34.97,25.38,72.58,41.82,29.71,71.05,40.26,28.84,71.65,40.26,28.59,71.01,35.95,29.26,81.38,35.44,28.37,80.05,0.00,0.00,0.00,0.00,0.00,0.00,0.00,0.00,0.00,0.00,0.00,0.00,298.89,219.64,73.49,2026
EM00007128,Md. Ariful Islam,1326,Barishal,BA090-P,01,2,34.92,21.65,62.01,34.67,24.85,71.70,34.67,26.08,75.25,41.53,28.95,69.70,40.08,26.49,66.09,40.08,30.39,75.82,36.63,28.52,77.85,35.71,32.24,90.26,0.00,0.00,0.00,0.00,0.00,0.00,0.00,0.00,0.00,0.00,0.00,0.00,298.29,219.17,73.48,2026
EM00013710,Md. Mehedi Hasan,1315,Chattogram,CH261-B,01,1,7.42,4.72,63.54,7.42,5.85,78.80,7.42,5.38,72.48,8.38,5.08,60.55,8.08,5.09,62.96,8.08,6.48,80.17,7.73,6.58,85.13,7.33,6.29,85.81,0.00,0.00,0.00,0.00,0.00,0.00,0.00,0.00,0.00,0.00,0.00,0.00,61.88,45.47,73.47,2026
EM00014324,Md. Noyon Mia,1314,Mymensingh,MY062-A,01,1,8.75,5.91,67.56,8.69,6.30,72.49,8.69,7.27,83.64,9.82,6.90,70.30,9.46,5.83,61.67,9.46,6.57,69.47,8.16,7.31,89.56,7.97,6.06,76.07,0.00,0.00,0.00,0.00,0.00,0.00,0.00,0.00,0.00,0.00,0.00,0.00,70.99,52.15,73.46,2026
EM00015051,Taposh Roy,1326,Barishal,BA011-A,01,1,4.72,3.60,76.25,4.69,3.39,72.44,4.69,3.41,72.81,5.63,3.26,57.91,5.30,3.64,68.70,5.30,3.23,60.93,4.47,3.83,85.74,4.37,4.40,100.59,0.00,0.00,0.00,0.00,0.00,0.00,0.00,0.00,0.00,0.00,0.00,0.00,39.16,28.77,73.45,2026
EM00015163,Md. Robiul Islam,1329,Tangail,TA043-A,01,1,8.75,5.60,64.01,8.69,6.14,70.66,8.69,7.14,82.24,10.53,7.33,69.68,10.15,7.95,78.38,10.15,6.75,66.52,9.17,7.50,81.79,9.30,6.94,74.60,0.00,0.00,0.00,0.00,0.00,0.00,0.00,0.00,0.00,0.00,0.00,0.00,75.40,55.35,73.41,2026
EM00015410,Md. Masum Ali,1333,Moulvibazar,MO071-B,01,1,8.40,5.67,67.56,8.34,6.53,78.28,8.34,6.56,78.69,9.83,6.19,62.99,9.18,6.00,65.33,9.18,6.26,68.18,8.04,6.69,83.26,7.92,6.88,86.84,0.00,0.00,0.00,0.00,0.00,0.00,0.00,0.00,0.00,0.00,0.00,0.00,69.22,50.78,73.36,2026
EM00012515,Md. Ziaul Hasan,1311,Dhanmondi,DH232-B,01,1,7.36,6.41,87.10,7.36,5.32,72.24,7.36,5.05,68.68,10.11,5.36,53.02,7.85,4.30,54.82,7.85,5.53,70.43,6.58,6.70,101.89,6.50,6.05,93.04,0.00,0.00,0.00,0.00,0.00,0.00,0.00,0.00,0.00,0.00,0.00,0.00,60.97,44.73,73.36,2026
EM00004273,K. M. Abdur Rouf,1315,Chattogram,CH301-C,01,1,10.12,7.61,75.17,10.05,8.38,83.35,10.05,8.26,82.23,11.53,7.46,64.69,11.12,7.75,69.72,11.12,7.25,65.21,10.35,7.01,67.70,9.74,7.95,81.66,0.00,0.00,0.00,0.00,0.00,0.00,0.00,0.00,0.00,0.00,0.00,0.00,84.08,61.67,73.35,2026
EM00010084,Md. Riazul Islam,1315,Chattogram,CH210-P,01,2,9.13,9.17,100.44,9.07,9.29,102.41,9.07,9.51,104.86,49.83,34.25,68.75,48.06,31.71,65.98,48.06,33.41,69.52,44.78,31.99,71.44,43.06,32.15,74.65,0.00,0.00,0.00,0.00,0.00,0.00,0.00,0.00,0.00,0.00,0.00,0.00,261.04,191.47,73.35,2026
EM00014929,Hazrat Ali,1316,Sylhet,SY084-C,01,1,8.21,6.85,83.50,8.15,5.49,67.41,8.15,5.59,68.57,9.28,7.01,75.57,8.92,5.92,66.36,8.92,5.74,64.30,8.13,7.34,90.32,8.02,5.72,71.29,0.00,0.00,0.00,0.00,0.00,0.00,0.00,0.00,0.00,0.00,0.00,0.00,67.78,49.67,73.28,2026
EM00015926,Md. Jewel Meridha,1313,Narayanganj,NA042-B,01,1,0.00,0.00,0.00,0.00,0.00,0.00,0.00,0.00,0.00,7.93,4.94,62.23,8.29,5.59,67.42,8.29,5.80,69.96,7.59,6.13,80.73,7.79,6.78,87.01,0.00,0.00,0.00,0.00,0.00,0.00,0.00,0.00,0.00,0.00,0.00,0.00,39.89,29.23,73.27,2026
EM00014183,Shahab Uddin,1329,Tangail,TA022-C,01,1,10.53,7.93,75.32,10.45,7.71,73.76,10.45,8.99,85.97,12.23,8.51,69.62,11.78,7.19,61.03,11.78,8.15,69.19,10.67,8.67,81.26,10.32,7.46,72.33,0.00,0.00,0.00,0.00,0.00,0.00,0.00,0.00,0.00,0.00,0.00,0.00,88.19,64.60,73.25,2026
EM00011588,Airwhossain Talukdar,1310,Paltan,PA063-B,01,1,8.25,6.48,78.62,7.27,5.93,81.64,7.27,4.87,67.00,8.91,5.24,58.78,8.59,4.90,57.05,8.59,5.21,60.62,7.44,6.53,87.71,7.51,7.57,100.89,0.00,0.00,0.00,0.00,0.00,0.00,0.00,0.00,0.00,0.00,0.00,0.00,63.82,46.73,73.23,2026
EM00005607,Mr. Nur Mohammad,1327,Faridpur,FA100-P,01,2,24.95,22.53,90.31,40.65,28.11,69.16,40.65,25.20,62.00,47.75,31.23,65.41,45.95,30.35,66.04,45.95,32.69,71.13,39.27,34.76,88.53,33.32,28.29,84.91,0.00,0.00,0.00,0.00,0.00,0.00,0.00,0.00,0.00,0.00,0.00,0.00,318.50,233.18,73.21,2026
EM00012885,Md. Masud Rana,1314,Mymensingh,MY032-B,01,1,8.37,5.98,71.45,8.31,5.40,64.92,8.31,6.03,72.53,9.00,6.47,71.91,8.66,5.57,64.35,8.66,5.78,66.80,7.25,5.67,78.23,7.15,7.18,100.47,0.00,0.00,0.00,0.00,0.00,0.00,0.00,0.00,0.00,0.00,0.00,0.00,65.70,48.08,73.18,2026
EM00007517,Mr. Golam Kibria,1320,Bogura,BO150-P,01,2,28.76,23.23,80.78,35.71,25.26,70.72,35.71,26.26,73.53,43.54,27.82,63.90,42.10,26.75,63.55,42.10,28.93,68.73,35.50,30.11,84.82,34.83,29.84,85.65,0.00,0.00,0.00,0.00,0.00,0.00,0.00,0.00,0.00,0.00,0.00,0.00,298.25,218.20,73.16,2026
EM00007438,Mr. Aminur Rahman,1310,Paltan,PA150-P,01,2,27.00,21.15,78.35,26.81,19.72,73.53,26.81,19.36,72.23,34.69,19.97,57.55,33.39,20.73,62.06,33.39,22.79,68.26,25.60,24.68,96.39,26.31,22.80,86.66,0.00,0.00,0.00,0.00,0.00,0.00,0.00,0.00,0.00,0.00,0.00,0.00,234.01,171.19,73.16,2026
EM00005246,Md. Moshiur Rahman,1323,Dinajpur,DI041-A,01,1,8.35,4.83,57.80,8.29,5.47,65.97,8.29,5.68,68.54,8.77,6.13,69.91,8.31,5.46,65.69,8.31,5.98,71.92,6.57,6.88,104.77,6.57,5.99,91.17,0.00,0.00,0.00,0.00,0.00,0.00,0.00,0.00,0.00,0.00,0.00,0.00,63.45,46.41,73.14,2026
EM00005707,Mr. Basudeb Bhattacharjya,1326,Barishal,BA110-P,01,2,34.51,23.45,67.96,34.26,23.51,68.62,34.26,25.48,74.37,40.77,28.38,69.60,39.32,26.10,66.39,39.32,31.88,81.09,36.32,27.75,76.42,35.41,28.54,80.62,0.00,0.00,0.00,0.00,0.00,0.00,0.00,0.00,0.00,0.00,0.00,0.00,294.16,215.10,73.12,2026
EM00013456,Pranta Halder,1311,Dhanmondi,DH191-A,01,1,7.35,6.01,81.72,7.31,5.32,72.73,7.31,4.91,67.10,8.98,5.11,56.94,8.66,5.43,62.76,8.66,5.75,66.36,7.44,6.88,92.41,7.33,6.69,91.28,0.00,0.00,0.00,0.00,0.00,0.00,0.00,0.00,0.00,0.00,0.00,0.00,63.05,46.10,73.11,2026
EM00009337,Md. Sujan Ali,1312,Uttara,UT090-P,01,2,41.25,30.33,73.52,40.96,31.66,77.31,40.96,32.85,80.21,49.66,32.90,66.25,47.85,32.34,67.58,47.85,32.88,68.70,44.51,34.33,77.13,44.01,33.72,76.61,0.00,0.00,0.00,0.00,0.00,0.00,0.00,0.00,0.00,0.00,0.00,0.00,357.05,261.01,73.10,2026
EM00012962,Md. Nazmul Alam,1324,Jashore,JA062-B,01,1,9.64,6.73,69.81,9.54,6.48,67.91,9.54,7.00,73.41,11.86,7.22,60.88,11.04,7.27,65.79,11.04,8.18,74.03,10.04,8.53,84.96,10.11,9.13,90.27,0.00,0.00,0.00,0.00,0.00,0.00,0.00,0.00,0.00,0.00,0.00,0.00,82.82,60.53,73.09,2026
EM00011402,Seree Bipplov Chandrow,1320,Bogura,BO131-B,01,1,8.22,4.46,54.28,8.16,4.69,57.42,8.16,5.36,65.61,7.11,5.68,79.81,7.05,4.91,69.61,7.05,4.91,69.69,5.80,6.01,103.62,5.80,5.91,101.90,0.00,0.00,0.00,0.00,0.00,0.00,0.00,0.00,0.00,0.00,0.00,0.00,57.37,41.93,73.09,2026
EM00014406,Nadim Mia,1315,Chattogram,CH194-C,01,1,7.94,6.36,80.01,7.89,4.81,60.95,7.89,5.54,70.20,9.36,6.46,69.02,9.03,6.21,68.78,9.03,7.21,79.80,7.91,6.58,83.19,7.90,5.75,72.81,0.00,0.00,0.00,0.00,0.00,0.00,0.00,0.00,0.00,0.00,0.00,0.00,66.95,48.91,73.06,2026
EM00015929,Md. Shafiqul Islam,1310,Paltan,PA211-B,01,1,0.00,0.00,0.00,0.00,0.00,0.00,0.00,0.00,0.00,6.93,4.04,58.35,6.87,4.80,69.88,6.87,4.72,68.77,6.36,5.65,88.82,6.36,5.17,81.22,0.00,0.00,0.00,0.00,0.00,0.00,0.00,0.00,0.00,0.00,0.00,0.00,33.38,24.38,73.03,2026
EM00005854,Mr. Joydab Nath,1311,Dhanmondi,DH250-P,01,2,36.93,33.56,90.87,36.93,29.41,79.64,36.93,27.31,73.96,43.95,31.60,71.89,42.34,31.20,73.67,43.52,21.98,50.52,39.10,33.33,85.25,38.54,23.94,62.12,0.00,0.00,0.00,0.00,0.00,0.00,0.00,0.00,0.00,0.00,0.00,0.00,318.25,232.34,73.00,2026
EM00016187,Ahasan Nazmul Alam,1312,Uttara,RP01011,01,4,0.00,0.00,0.00,0.00,0.00,0.00,0.00,0.00,0.00,0.00,0.00,0.00,0.00,0.00,0.00,277.53,177.27,63.88,238.00,193.97,81.50,234.59,176.33,75.17,0.00,0.00,0.00,0.00,0.00,0.00,0.00,0.00,0.00,0.00,0.00,0.00,750.12,547.57,73.00,2026
EM00013658,Abu Raihan,1323,Dinajpur,DI033-B,01,1,6.62,4.28,64.68,6.57,4.24,64.46,6.57,4.99,75.89,7.81,5.06,64.77,7.53,5.12,67.98,7.53,5.41,71.88,6.06,5.86,96.64,6.10,5.05,82.68,0.00,0.00,0.00,0.00,0.00,0.00,0.00,0.00,0.00,0.00,0.00,0.00,54.80,40.00,72.99,2026
EM00015625,Md. Tahidul Islam,1318,Noakhali,NO061-B,01,1,0.00,0.00,0.00,6.75,4.31,63.89,6.75,4.30,63.73,8.50,5.73,67.50,7.96,4.94,62.04,7.96,5.98,75.15,7.21,6.32,87.69,6.94,6.40,92.32,0.00,0.00,0.00,0.00,0.00,0.00,0.00,0.00,0.00,0.00,0.00,0.00,52.06,37.99,72.98,2026
EM00015713,Osman Gani,1324,Jashore,JA104-C,01,1,0.00,0.00,0.00,8.75,6.06,69.24,8.75,6.67,76.27,11.03,6.76,61.33,10.49,7.28,69.46,10.49,7.53,71.84,9.59,7.86,82.04,9.59,7.94,82.82,0.00,0.00,0.00,0.00,0.00,0.00,0.00,0.00,0.00,0.00,0.00,0.00,68.67,50.12,72.98,2026
EM00013214,Md. Atikur Rahman Razib,1323,Dinajpur,DI041-B,01,1,8.33,4.71,56.50,8.27,5.21,62.94,8.27,5.44,65.78,8.87,6.18,69.67,8.31,5.43,65.34,8.31,6.78,81.54,6.97,7.28,104.59,6.97,5.89,84.59,0.00,0.00,0.00,0.00,0.00,0.00,0.00,0.00,0.00,0.00,0.00,0.00,64.31,46.92,72.97,2026
EM00002863,Md. Shahariar-Ibn-Jalil,1320,Bogura,BO154-C,01,1,7.94,5.63,70.97,7.93,5.78,72.93,7.93,5.89,74.26,9.77,6.13,62.67,9.46,6.40,67.61,9.46,6.64,70.20,7.77,6.29,81.00,7.57,6.73,88.95,0.00,0.00,0.00,0.00,0.00,0.00,0.00,0.00,0.00,0.00,0.00,0.00,67.83,49.50,72.97,2026
EM00015566,Md. Feroz Reza,1330,RJS+PAB,RA012-N,03,1,5.80,0.50,8.69,5.80,3.38,58.32,5.25,3.90,74.28,5.80,6.06,104.57,5.50,6.00,109.03,5.50,3.42,62.13,6.00,4.77,79.55,6.00,5.27,87.78,0.00,0.00,0.00,0.00,0.00,0.00,0.00,0.00,0.00,0.00,0.00,0.00,45.65,33.30,72.96,2026
EM00005521,Md. Rokonuzzaman Khan,1316,Sylhet,SY102-A,01,1,7.88,5.60,71.09,7.82,5.51,70.39,7.82,5.86,74.94,9.10,7.16,78.73,8.77,5.55,63.31,8.77,6.19,70.55,8.18,6.56,80.25,8.06,6.00,74.51,0.00,0.00,0.00,0.00,0.00,0.00,0.00,0.00,0.00,0.00,0.00,0.00,66.40,48.44,72.95,2026
EM00014661,Md. Sohel Akanda,1316,Sylhet,SY122-B,01,1,6.82,4.42,64.75,7.10,5.19,73.18,7.10,5.28,74.35,8.30,5.77,69.53,7.99,5.56,69.57,7.99,6.07,75.88,7.39,5.85,79.14,7.28,5.61,77.06,0.00,0.00,0.00,0.00,0.00,0.00,0.00,0.00,0.00,0.00,0.00,0.00,59.98,43.75,72.94,2026
EM00008323,Md. Neamat Ullah,1310,Paltan,PA200-P,01,2,22.36,16.53,73.92,22.20,16.66,75.06,22.20,15.12,68.11,29.89,18.68,62.51,28.76,18.07,62.83,28.76,19.43,67.56,22.85,20.47,89.57,23.49,21.25,90.49,0.00,0.00,0.00,0.00,0.00,0.00,0.00,0.00,0.00,0.00,0.00,0.00,200.50,146.21,72.92,2026
EM00013508,Md. Al Mamun .,1332,B. Baria,BB011-B,01,1,7.87,5.44,69.16,7.81,6.94,88.75,7.81,5.72,73.25,8.58,6.06,70.57,8.25,5.62,68.17,8.25,5.82,70.62,8.06,6.16,76.41,7.95,5.32,66.95,0.00,0.00,0.00,0.00,0.00,0.00,0.00,0.00,0.00,0.00,0.00,0.00,64.58,47.08,72.90,2026
EM00016005,Md. Ala Uddin,1316,Sylhet,SY033-D,11,1,0.00,0.00,0.00,0.00,0.00,0.00,0.00,0.00,0.00,0.00,0.00,0.00,0.00,0.00,0.00,0.00,0.00,0.00,0.00,0.00,0.00,4.65,3.39,72.90,0.00,0.00,0.00,0.00,0.00,0.00,0.00,0.00,0.00,0.00,0.00,0.00,4.65,3.39,72.90,2026
EM00011828,Md. Rayhan Huqe,1325,Khulna,KH050-P,01,2,36.62,24.34,66.48,36.11,25.63,70.97,36.11,25.31,70.09,44.56,27.35,61.39,41.94,29.24,69.72,41.94,29.96,71.43,36.94,32.25,87.29,36.06,31.95,88.61,0.00,0.00,0.00,0.00,0.00,0.00,0.00,0.00,0.00,0.00,0.00,0.00,310.28,226.04,72.85,2026
EM00013554,Md. Mahmudul Hasan,1319,Feni,FE031-B,01,1,8.04,5.32,66.24,7.98,5.99,75.10,7.98,5.68,71.22,9.14,5.65,61.81,8.82,5.66,64.18,8.82,7.12,80.78,8.57,6.89,80.37,8.00,6.73,84.22,0.00,0.00,0.00,0.00,0.00,0.00,0.00,0.00,0.00,0.00,0.00,0.00,67.33,49.05,72.85,2026
EM00012726,Sanjit Bagchi,1321,Rajshahi,RA011-A,01,1,5.45,2.80,51.46,5.41,4.16,76.90,5.41,4.22,77.97,6.66,4.73,71.02,6.41,4.27,66.53,6.41,4.70,73.21,5.55,4.73,85.25,5.47,4.47,81.68,0.00,0.00,0.00,0.00,0.00,0.00,0.00,0.00,0.00,0.00,0.00,0.00,46.78,34.07,72.84,2026
EM00014658,Shakawat Hossen,1329,Tangail,TA031-B,01,1,10.79,7.28,67.47,10.72,7.94,74.12,10.72,8.56,79.86,12.91,8.74,67.74,12.44,7.65,61.45,12.44,9.08,72.96,11.23,9.76,86.92,10.80,8.03,74.37,0.00,0.00,0.00,0.00,0.00,0.00,0.00,0.00,0.00,0.00,0.00,0.00,92.06,67.05,72.84,2026
EM00014320,Golam Mostofa,1316,Sylhet,RP01020,01,4,280.48,206.69,73.69,278.48,210.06,75.43,278.48,204.31,73.37,327.74,228.31,69.66,315.74,206.93,65.54,315.74,213.94,67.76,278.62,228.93,82.17,274.63,212.42,77.35,0.00,0.00,0.00,0.00,0.00,0.00,0.00,0.00,0.00,0.00,0.00,0.00,2349.90,1711.59,72.84,2026
EM00016261,Abul Hasan,1327,Faridpur,FA053-B,01,1,0.00,0.00,0.00,0.00,0.00,0.00,0.00,0.00,0.00,0.00,0.00,0.00,0.00,0.00,0.00,7.39,5.20,70.37,7.01,4.82,68.80,6.76,5.39,79.66,0.00,0.00,0.00,0.00,0.00,0.00,0.00,0.00,0.00,0.00,0.00,0.00,21.16,15.41,72.82,2026
EM00016273,Md. Suman Miah,1313,Narayanganj,NA024-D,11,1,0.00,0.00,0.00,0.00,0.00,0.00,0.00,0.00,0.00,0.00,0.00,0.00,0.00,0.00,0.00,5.79,4.05,69.95,6.78,3.93,58.02,5.30,5.03,94.88,0.00,0.00,0.00,0.00,0.00,0.00,0.00,0.00,0.00,0.00,0.00,0.00,17.87,13.01,72.82,2026
EM00012883,Md. Azizul Hoque,1313,Narayanganj,NA012-A,01,1,8.17,5.74,70.31,7.78,5.77,74.23,7.78,5.73,73.72,8.93,5.75,64.39,8.60,5.94,69.02,8.60,6.49,75.45,7.63,6.27,82.10,7.83,5.86,74.85,0.00,0.00,0.00,0.00,0.00,0.00,0.00,0.00,0.00,0.00,0.00,0.00,65.32,47.56,72.80,2026
EM00015448,Md. Jahid Hasan,1315,Chattogram,CH162-A,01,1,5.95,4.47,75.10,5.40,3.83,70.91,5.40,4.01,74.38,6.32,4.86,76.92,6.09,4.26,70.08,6.09,4.34,71.28,5.05,3.94,77.99,4.91,3.18,64.90,0.00,0.00,0.00,0.00,0.00,0.00,0.00,0.00,0.00,0.00,0.00,0.00,45.19,32.89,72.79,2026
EM00016562,Md. Naimul Hasan Bappy,1326,Barishal,BA043-B,01,1,0.00,0.00,0.00,0.00,0.00,0.00,0.00,0.00,0.00,0.00,0.00,0.00,0.00,0.00,0.00,0.00,0.00,0.00,0.00,0.00,0.00,4.86,3.53,72.79,0.00,0.00,0.00,0.00,0.00,0.00,0.00,0.00,0.00,0.00,0.00,0.00,4.86,3.53,72.79,2026
EM00014876,Md. Nazim Uddin,1313,Narayanganj,NA072-B,01,1,8.87,6.96,78.46,8.87,6.74,75.97,8.87,6.25,70.46,9.41,5.82,61.84,8.30,5.40,65.06,8.30,6.23,75.02,7.80,6.29,80.58,8.00,6.13,76.57,0.00,0.00,0.00,0.00,0.00,0.00,0.00,0.00,0.00,0.00,0.00,0.00,68.41,49.80,72.79,2026
EM00008211,Md. Asraful Alam,1315,Chattogram,CH240-P,01,2,31.53,27.03,85.75,31.30,27.59,88.16,31.30,27.41,87.59,54.44,32.75,60.17,52.53,33.45,63.68,52.53,33.01,62.84,49.03,35.26,71.91,46.41,37.48,80.76,0.00,0.00,0.00,0.00,0.00,0.00,0.00,0.00,0.00,0.00,0.00,0.00,349.07,254.00,72.76,2026
EM00005118,Mr. Sahadeb Sarker,1319,Feni,FE010-P,01,2,54.83,41.44,75.58,54.43,39.75,73.04,54.43,38.63,70.97,60.80,40.55,66.70,58.65,38.70,65.98,58.65,41.26,70.34,54.63,43.69,79.97,53.85,43.58,80.94,0.00,0.00,0.00,0.00,0.00,0.00,0.00,0.00,0.00,0.00,0.00,0.00,450.27,327.60,72.76,2026
EM00007805,Sumon Chandra Das,1315,Chattogram,CH220-P,01,2,44.93,31.70,70.55,44.11,35.21,79.84,44.11,37.71,85.50,50.83,37.75,74.27,49.03,32.03,65.33,49.03,32.10,65.47,45.65,31.88,69.84,43.90,31.94,72.76,0.00,0.00,0.00,0.00,0.00,0.00,0.00,0.00,0.00,0.00,0.00,0.00,371.58,270.33,72.75,2026
EM00016240,Dolon Mia,1315,Chattogram,CH032-B,01,1,0.00,0.00,0.00,0.00,0.00,0.00,0.00,0.00,0.00,0.00,0.00,0.00,0.00,0.00,0.00,10.50,6.57,62.58,9.27,7.43,80.18,8.83,6.80,77.05,0.00,0.00,0.00,0.00,0.00,0.00,0.00,0.00,0.00,0.00,0.00,0.00,28.60,20.81,72.75,2026
EM00015035,Md. Sazzadur Rahman,1335,Kushtia,KU041-A,01,1,9.03,5.69,63.04,8.96,5.47,61.06,8.96,6.59,73.47,10.98,6.86,62.48,9.93,7.52,75.78,9.93,7.27,73.26,8.99,7.80,86.74,9.07,7.96,87.78,0.00,0.00,0.00,0.00,0.00,0.00,0.00,0.00,0.00,0.00,0.00,0.00,75.85,55.16,72.73,2026
EM00014952,Md. Anowar Hosen,1321,Rajshahi,RA082-A,01,1,6.01,3.94,65.57,6.33,4.02,63.57,6.33,4.51,71.29,7.37,4.99,67.74,7.10,5.23,73.73,7.10,4.97,69.97,6.13,5.23,85.37,5.94,5.14,86.51,0.00,0.00,0.00,0.00,0.00,0.00,0.00,0.00,0.00,0.00,0.00,0.00,52.29,38.03,72.73,2026
EM00016130,Md. Shlauddin,1335,Kushtia,KU064-A,01,1,0.00,0.00,0.00,0.00,0.00,0.00,0.00,0.00,0.00,0.00,0.00,0.00,3.30,1.38,41.76,3.30,2.20,66.65,3.02,2.53,83.61,3.05,3.11,101.98,0.00,0.00,0.00,0.00,0.00,0.00,0.00,0.00,0.00,0.00,0.00,0.00,12.67,9.21,72.71,2026
EM00014584,Mazharul Islam,1312,Uttara,UT063-A,01,1,7.97,5.95,74.65,7.91,6.42,81.15,7.91,7.18,90.72,10.00,7.01,70.07,9.63,6.47,67.20,9.63,6.73,69.97,8.97,5.25,58.46,8.63,6.36,73.69,0.00,0.00,0.00,0.00,0.00,0.00,0.00,0.00,0.00,0.00,0.00,0.00,70.63,51.35,72.70,2026
EM00014629,Ananta Das,1320,Bogura,BO161-A,01,1,6.98,5.01,71.74,6.96,4.56,65.45,6.96,5.66,81.34,7.43,6.27,84.35,7.26,4.35,59.93,7.26,4.71,64.82,6.14,4.60,74.99,6.14,4.93,80.23,0.00,0.00,0.00,0.00,0.00,0.00,0.00,0.00,0.00,0.00,0.00,0.00,55.14,40.09,72.70,2026
EM00015851,Ujjal Sarkar,1325,Khulna,KH051-A,01,1,0.00,0.00,0.00,0.00,0.00,0.00,8.02,5.49,68.46,10.04,6.19,61.70,8.99,6.98,77.68,8.99,6.35,70.69,7.99,6.37,79.75,7.71,6.20,80.49,0.00,0.00,0.00,0.00,0.00,0.00,0.00,0.00,0.00,0.00,0.00,0.00,51.72,37.59,72.67,2026
EM00015888,Md. Majedul Haque,1327,Faridpur,FA051-A,01,1,0.00,0.00,0.00,0.00,0.00,0.00,0.00,0.00,0.00,9.09,6.00,65.97,8.65,6.28,72.57,8.65,6.18,71.43,7.77,5.71,73.47,7.49,6.10,81.52,0.00,0.00,0.00,0.00,0.00,0.00,0.00,0.00,0.00,0.00,0.00,0.00,41.65,30.27,72.67,2026
EM00014682,Madon Sarker,1324,Jashore,JA162-C,01,1,8.42,5.35,63.59,8.36,5.78,69.17,8.36,5.68,67.98,10.23,7.20,70.32,9.84,6.22,63.19,9.84,7.44,75.53,8.25,7.08,85.83,8.07,7.11,88.17,0.00,0.00,0.00,0.00,0.00,0.00,0.00,0.00,0.00,0.00,0.00,0.00,71.38,51.87,72.66,2026
EM00016235,Mohammad Habibur Rahman,1320,Bogura,BO082-B,01,1,0.00,0.00,0.00,0.00,0.00,0.00,0.00,0.00,0.00,0.00,0.00,0.00,0.00,0.00,0.00,5.35,3.44,64.36,4.50,3.35,74.49,4.50,3.63,80.69,0.00,0.00,0.00,0.00,0.00,0.00,0.00,0.00,0.00,0.00,0.00,0.00,14.35,10.43,72.66,2026
EM00007547,Mr. Subrata Kumar Sarker,1334,Kishoreganj,KI040-P,01,2,34.91,23.55,67.47,34.67,25.88,74.65,34.67,26.22,75.63,42.74,27.29,63.85,40.81,27.99,68.60,40.81,31.15,76.33,38.49,30.15,78.34,38.02,29.42,77.38,0.00,0.00,0.00,0.00,0.00,0.00,0.00,0.00,0.00,0.00,0.00,0.00,305.10,221.65,72.65,2026
EM00007813,Mr. Saiful Islam,1323,Dinajpur,DI010-P,01,2,36.74,21.45,58.38,35.89,21.52,59.97,35.89,25.28,70.44,43.88,29.98,68.33,42.28,29.89,70.69,42.28,30.63,72.45,34.56,32.27,93.35,34.07,30.97,90.89,0.00,0.00,0.00,0.00,0.00,0.00,0.00,0.00,0.00,0.00,0.00,0.00,305.59,221.98,72.64,2026
EM00007667,Md. Akhter Uzzaman,1329,Tangail,TA052-C,01,1,9.31,6.20,66.57,9.24,5.74,62.14,9.24,5.98,64.75,9.36,6.37,68.05,9.02,7.06,78.20,9.02,6.48,71.84,8.42,7.38,87.66,8.30,7.02,84.55,0.00,0.00,0.00,0.00,0.00,0.00,0.00,0.00,0.00,0.00,0.00,0.00,71.92,52.23,72.62,2026
EM00005702,Md. Kamruzzaman Joarder,1335,Kushtia,KU013-B,01,1,8.78,6.19,70.48,8.71,6.15,70.64,8.71,6.94,79.67,10.23,6.61,64.67,9.45,6.80,71.93,9.45,7.44,78.70,8.51,6.82,80.09,8.39,5.48,65.36,0.00,0.00,0.00,0.00,0.00,0.00,0.00,0.00,0.00,0.00,0.00,0.00,72.23,52.43,72.59,2026
EM00013251,Md. Joshen Ali,1310,Paltan,PA083-A,01,1,6.46,5.18,80.22,6.41,5.17,80.70,6.41,4.53,70.69,7.77,4.74,61.06,7.48,4.23,56.46,7.48,5.40,72.11,6.42,5.42,84.39,6.53,5.23,80.03,0.00,0.00,0.00,0.00,0.00,0.00,0.00,0.00,0.00,0.00,0.00,0.00,54.97,39.90,72.58,2026
EM00010629,Shariful Islam,1315,Chattogram,CH250-P,01,2,39.65,24.77,62.48,39.65,34.04,85.85,39.65,28.04,70.73,44.06,28.64,65.00,42.45,28.07,66.12,42.45,29.11,68.57,39.84,31.14,78.16,37.77,32.41,85.79,0.00,0.00,0.00,0.00,0.00,0.00,0.00,0.00,0.00,0.00,0.00,0.00,325.52,236.22,72.57,2026
EM00005902,Mohammad Mamnur Rashid,1323,Dinajpur,DI044-C,01,1,7.38,4.34,58.74,7.33,4.94,67.47,7.33,5.37,73.33,8.76,5.26,60.10,8.58,6.25,72.82,8.58,6.97,81.22,6.98,5.92,84.79,7.08,5.95,83.98,0.00,0.00,0.00,0.00,0.00,0.00,0.00,0.00,0.00,0.00,0.00,0.00,62.02,45.00,72.56,2026
EM00015587,M.A.Razzak .,1311,Dhanmondi,DH022-D,11,1,0.00,0.00,0.00,0.00,0.00,0.00,0.00,0.00,0.00,7.67,4.85,63.20,6.86,4.67,68.19,6.86,5.84,85.24,7.88,6.17,78.33,6.06,4.09,67.44,0.00,0.00,0.00,0.00,0.00,0.00,0.00,0.00,0.00,0.00,0.00,0.00,35.32,25.62,72.55,2026
EM00009613,Md. Anwar Hossen,1320,Bogura,BO091-B,01,1,7.86,4.73,60.13,7.87,5.42,68.89,7.87,5.15,65.47,9.07,5.77,63.69,8.60,5.42,63.05,8.60,6.42,74.66,6.65,6.27,94.26,6.60,6.60,100.04,0.00,0.00,0.00,0.00,0.00,0.00,0.00,0.00,0.00,0.00,0.00,0.00,63.11,45.79,72.55,2026
EM00013690,Md. Anichur Rahaman,1310,Paltan,PA011-B,01,1,7.00,4.74,67.69,6.95,5.31,76.41,6.95,4.55,65.46,8.78,5.16,58.81,8.46,4.81,56.77,8.46,5.48,64.77,6.52,6.63,101.60,6.58,6.62,100.68,0.00,0.00,0.00,0.00,0.00,0.00,0.00,0.00,0.00,0.00,0.00,0.00,59.70,43.29,72.52,2026
EM00010112,Zyatish Chandra Ray,1320,Bogura,BO030-P,01,2,25.88,18.62,71.93,25.70,18.40,71.61,25.70,19.78,76.97,31.74,20.29,63.94,30.71,20.46,66.63,30.71,20.92,68.11,25.92,21.51,82.98,25.12,20.63,82.11,0.00,0.00,0.00,0.00,0.00,0.00,0.00,0.00,0.00,0.00,0.00,0.00,221.48,160.61,72.51,2026
EM00010653,Md. Moin Hossain,1310,Paltan,PA181-B,01,1,7.55,5.63,74.60,7.23,5.81,80.33,7.23,5.10,70.50,8.46,5.53,65.40,7.96,4.69,58.93,7.96,5.55,69.77,6.91,5.88,85.12,6.91,5.47,79.07,0.00,0.00,0.00,0.00,0.00,0.00,0.00,0.00,0.00,0.00,0.00,0.00,60.21,43.66,72.51,2026
EM00009492,Md. Rejaul Hasan,1334,Kishoreganj,KI021-A,01,1,8.78,6.49,73.90,8.71,6.57,75.43,8.71,7.03,80.68,8.52,5.62,66.03,8.26,5.60,67.83,8.26,6.24,75.56,7.80,5.51,70.62,7.70,5.29,68.65,0.00,0.00,0.00,0.00,0.00,0.00,0.00,0.00,0.00,0.00,0.00,0.00,66.76,48.36,72.45,2026
EM00014189,Md. Mostafa Kamal,1312,Uttara,UT062-B,01,1,8.74,5.81,66.44,8.68,7.09,81.72,8.68,6.70,77.18,10.58,6.55,61.88,10.20,6.94,68.06,10.20,6.55,64.24,9.48,7.52,79.37,9.34,7.82,83.74,0.00,0.00,0.00,0.00,0.00,0.00,0.00,0.00,0.00,0.00,0.00,0.00,75.89,54.98,72.44,2026
EM00013461,Md. Maeen Uddin Raju,1310,Paltan,PA261-A,01,1,10.00,7.55,75.46,9.93,8.57,86.28,9.93,7.64,76.92,12.63,7.58,60.02,12.18,7.14,58.65,12.18,8.89,73.03,9.07,7.34,80.92,9.35,7.06,75.51,0.00,0.00,0.00,0.00,0.00,0.00,0.00,0.00,0.00,0.00,0.00,0.00,85.26,61.77,72.44,2026
EM00007197,Md. Harun Ar Rashid,1325,Khulna,KH130-P,01,2,29.81,21.59,72.43,29.59,21.97,74.26,29.59,21.97,74.24,35.64,23.68,66.42,35.47,22.33,62.97,35.47,22.89,64.55,30.98,25.14,81.15,29.31,25.69,87.65,0.00,0.00,0.00,0.00,0.00,0.00,0.00,0.00,0.00,0.00,0.00,0.00,255.85,185.26,72.41,2026
EM00016411,Sapon Islam,1321,Rajshahi,RA025-D,11,1,0.00,0.00,0.00,0.00,0.00,0.00,0.00,0.00,0.00,0.00,0.00,0.00,0.00,0.00,0.00,0.00,0.00,0.00,0.00,0.00,0.00,2.17,1.57,72.41,0.00,0.00,0.00,0.00,0.00,0.00,0.00,0.00,0.00,0.00,0.00,0.00,2.17,1.57,72.41,2026
EM00009026,Md. Osman Goni,1330,Pabna,PB054-C,01,1,8.39,6.38,75.99,8.33,5.39,64.68,8.33,6.11,73.33,9.46,6.79,71.72,9.83,5.94,60.45,9.83,5.61,57.08,8.70,7.56,86.88,8.47,7.83,92.42,0.00,0.00,0.00,0.00,0.00,0.00,0.00,0.00,0.00,0.00,0.00,0.00,71.36,51.61,72.32,2026
EM00006763,Md. Golam Rashad,1323,Dinajpur,DI052-C,01,1,8.65,5.11,59.05,8.59,5.09,59.25,8.59,5.97,69.47,10.48,6.65,63.40,9.97,6.83,68.56,9.97,8.05,80.80,8.26,7.81,94.58,8.21,7.08,86.26,0.00,0.00,0.00,0.00,0.00,0.00,0.00,0.00,0.00,0.00,0.00,0.00,72.73,52.60,72.32,2026
EM00014093,Md. Shoriful Islam,1322,Rangpur,RN081-B,01,1,5.83,4.63,79.40,5.81,4.24,72.97,5.81,4.80,82.65,8.22,4.15,50.55,7.92,3.63,45.78,7.92,5.93,74.82,6.40,6.10,95.30,6.31,5.70,90.32,0.00,0.00,0.00,0.00,0.00,0.00,0.00,0.00,0.00,0.00,0.00,0.00,54.21,39.17,72.25,2026
EM00013598,Md. Shohel Rana,1329,Tangail,TA053-C,01,1,9.12,7.01,76.92,9.05,6.45,71.23,9.05,7.50,82.83,10.76,6.29,58.44,10.37,6.81,65.68,10.37,6.63,63.93,9.32,7.52,80.73,9.18,7.58,82.52,0.00,0.00,0.00,0.00,0.00,0.00,0.00,0.00,0.00,0.00,0.00,0.00,77.22,55.78,72.24,2026
EM00015290,Md. Sohag Shekh,1314,Mymensingh,MY133-B,01,1,6.70,3.88,57.83,6.70,4.88,72.73,6.70,4.76,71.03,8.37,5.02,59.91,7.63,5.11,67.04,7.63,5.23,68.60,6.86,6.44,93.88,6.80,6.14,90.36,0.00,0.00,0.00,0.00,0.00,0.00,0.00,0.00,0.00,0.00,0.00,0.00,57.40,41.46,72.23,2026
EM00007367,Md. Riajul Islam,1327,Faridpur,FA063-B,01,1,11.03,7.21,65.40,10.95,7.62,69.60,10.95,8.41,76.76,10.96,7.14,65.10,9.68,6.37,65.78,9.68,7.55,77.97,8.98,7.76,86.41,8.56,6.30,73.66,0.00,0.00,0.00,0.00,0.00,0.00,0.00,0.00,0.00,0.00,0.00,0.00,80.79,58.35,72.23,2026
EM00010585,Md. Mostafizur Rahman,1311,Dhanmondi,DH040-P,01,2,4.23,4.63,109.29,4.23,4.50,106.20,4.23,4.79,113.17,5.30,4.92,92.89,5.10,2.84,55.71,5.10,3.81,74.77,25.07,15.68,62.52,24.71,15.13,61.22,0.00,0.00,0.00,0.00,0.00,0.00,0.00,0.00,0.00,0.00,0.00,0.00,77.98,56.29,72.19,2026
EM00011533,Md. Shafikul Islam,1332,B. Baria,BB110-P,01,2,10.81,9.78,90.46,32.13,20.67,64.33,33.73,26.96,79.93,39.62,24.59,62.08,35.98,22.57,62.74,35.98,26.63,74.03,35.27,27.41,77.73,34.76,27.77,79.89,0.00,0.00,0.00,0.00,0.00,0.00,0.00,0.00,0.00,0.00,0.00,0.00,258.26,186.39,72.17,2026
EM00012852,Habil Hossen,1335,Kushtia,KU072-A,01,1,9.04,6.04,66.77,8.98,6.02,67.05,8.98,6.28,69.89,10.74,7.36,68.52,10.35,7.07,68.29,10.35,7.25,70.03,9.50,8.26,86.95,9.59,7.66,79.92,0.00,0.00,0.00,0.00,0.00,0.00,0.00,0.00,0.00,0.00,0.00,0.00,77.53,55.93,72.14,2026
EM00013410,Md. Mamun Reza,1320,Bogura,BO151-A,01,1,5.62,4.14,73.73,5.62,4.01,71.40,5.62,4.03,71.75,6.88,4.36,63.28,6.73,4.26,63.18,6.73,4.64,68.94,5.88,5.13,87.35,5.88,4.75,80.75,0.00,0.00,0.00,0.00,0.00,0.00,0.00,0.00,0.00,0.00,0.00,0.00,48.95,35.31,72.13,2026
EM00015446,Muhammad Mohiuddin Khan,1317,Cumilla,CU081-B,01,1,6.57,4.43,67.44,6.52,4.72,72.34,6.52,4.43,67.87,7.53,4.78,63.46,7.26,4.76,65.60,7.26,5.22,71.89,6.48,5.28,81.44,6.28,5.64,89.81,0.00,0.00,0.00,0.00,0.00,0.00,0.00,0.00,0.00,0.00,0.00,0.00,54.41,39.24,72.12,2026
EM00016368,Md. Jakaria Islam Tonick,1310,Paltan,PA033-G,02,1,0.00,0.00,0.00,0.00,0.00,0.00,0.00,0.00,0.00,0.00,0.00,0.00,0.00,0.00,0.00,0.00,0.00,0.00,3.74,2.48,66.34,3.65,2.84,77.90,0.00,0.00,0.00,0.00,0.00,0.00,0.00,0.00,0.00,0.00,0.00,0.00,7.39,5.32,72.05,2026
EM00013712,Anup Biswas,1315,Chattogram,CH251-A,01,1,7.19,3.20,44.58,7.19,7.44,103.57,7.19,4.04,56.25,7.97,4.13,51.89,7.65,4.02,52.55,7.65,4.90,64.02,7.30,7.40,101.32,6.94,7.42,106.88,0.00,0.00,0.00,0.00,0.00,0.00,0.00,0.00,0.00,0.00,0.00,0.00,59.08,42.57,72.05,2026
EM00003556,Mohammad Abdul Alim,1328,Cox's Bazar,CO030-P,01,2,51.61,35.75,69.27,51.23,38.20,74.56,51.23,39.12,76.36,59.46,40.65,68.37,56.47,37.84,67.00,56.47,40.07,70.95,41.44,31.52,76.08,40.02,30.72,76.76,0.00,0.00,0.00,0.00,0.00,0.00,0.00,0.00,0.00,0.00,0.00,0.00,407.92,293.87,72.04,2026
EM00007579,Md. Miraj Hossain,1311,Dhanmondi,DH030-V,04,2,29.99,24.37,81.26,29.99,21.84,72.82,30.67,17.71,57.74,32.71,25.09,76.72,32.71,24.38,74.54,35.40,26.33,74.39,36.77,27.88,75.83,39.49,25.24,63.90,0.00,0.00,0.00,0.00,0.00,0.00,0.00,0.00,0.00,0.00,0.00,0.00,267.73,192.85,72.03,2026
EM00001856,Mohammad Golam Rabbani,1319,Feni,FE020-P,01,2,43.81,32.32,73.77,43.49,32.45,74.60,43.49,32.45,74.61,49.09,35.76,72.84,47.33,30.46,64.37,47.33,32.61,68.91,44.22,34.20,77.33,43.59,30.74,70.50,0.00,0.00,0.00,0.00,0.00,0.00,0.00,0.00,0.00,0.00,0.00,0.00,362.35,260.98,72.02,2026
EM00014401,Roman Uddin,1322,Rangpur,RN122-B,01,1,6.31,4.17,66.01,6.37,4.02,63.18,6.37,4.62,72.61,8.29,4.98,60.10,7.99,5.26,65.89,7.99,5.19,65.00,6.70,6.05,90.37,6.60,6.46,97.82,0.00,0.00,0.00,0.00,0.00,0.00,0.00,0.00,0.00,0.00,0.00,0.00,56.61,40.76,72.00,2026
EM00006385,Md. Mahbubar Rahman,1310,Paltan,RP01004,01,4,194.04,148.80,76.69,192.67,140.07,72.70,192.67,131.68,68.35,226.39,148.35,65.53,217.94,138.31,63.46,217.94,145.95,66.97,186.20,161.32,86.64,186.30,147.65,79.25,0.00,0.00,0.00,0.00,0.00,0.00,0.00,0.00,0.00,0.00,0.00,0.00,1614.15,1162.13,72.00,2026
EM00006775,Md. Ershad Hossain,1336,Keraniganj,KE010-P,01,2,66.37,47.91,72.18,65.89,52.79,80.12,65.89,43.57,66.12,75.98,48.93,64.40,73.29,48.38,66.01,73.29,49.86,68.03,64.36,51.32,79.74,64.90,53.18,81.95,0.00,0.00,0.00,0.00,0.00,0.00,0.00,0.00,0.00,0.00,0.00,0.00,549.95,395.93,71.99,2026
EM00003523,Md. Kamal Uddin,1327,Faridpur,FA060-P,01,2,70.26,49.93,71.06,69.75,49.67,71.22,69.75,53.77,77.09,81.51,55.71,68.35,78.60,51.93,66.06,78.60,53.12,67.58,71.36,56.07,78.58,68.07,53.01,77.88,0.00,0.00,0.00,0.00,0.00,0.00,0.00,0.00,0.00,0.00,0.00,0.00,587.89,423.20,71.99,2026
EM00015107,Md. Al Amin Babu,1332,B. Baria,BB111-A,01,1,8.89,6.13,68.99,8.82,5.82,65.99,6.56,6.80,103.77,8.08,4.96,61.37,7.28,4.77,65.52,7.28,5.11,70.18,7.11,4.87,68.59,7.01,5.46,77.85,0.00,0.00,0.00,0.00,0.00,0.00,0.00,0.00,0.00,0.00,0.00,0.00,61.03,43.93,71.98,2026
EM00006621,Md. Rabiul Islam,1334,Kishoreganj,KI032-A,01,1,10.69,7.18,67.13,10.61,7.44,70.10,10.61,8.70,82.01,7.84,5.21,66.42,7.61,5.42,71.17,7.61,5.12,67.27,7.25,5.61,77.35,7.16,5.26,73.47,0.00,0.00,0.00,0.00,0.00,0.00,0.00,0.00,0.00,0.00,0.00,0.00,69.39,49.93,71.96,2026
EM00000835,Md. Monirul Islam,1330,Pabna,PB070-P,01,2,47.47,31.47,66.30,47.13,29.94,63.52,47.13,32.37,68.69,55.25,36.06,65.25,51.46,33.57,65.24,51.46,39.04,75.86,45.34,39.27,86.62,44.54,38.75,87.01,0.00,0.00,0.00,0.00,0.00,0.00,0.00,0.00,0.00,0.00,0.00,0.00,389.78,280.47,71.96,2026
EM00014904,Chandon Kumar Biswas,1326,Barishal,BA102-A,01,1,7.60,5.00,65.80,7.54,4.86,64.36,7.54,5.26,69.74,8.12,5.42,66.67,7.60,5.34,70.25,7.60,6.02,79.21,6.46,5.45,84.48,6.36,4.98,78.30,0.00,0.00,0.00,0.00,0.00,0.00,0.00,0.00,0.00,0.00,0.00,0.00,58.83,42.33,71.95,2026
EM00006852,Md. Harej Ali,1311,Dhanmondi,DH090-P,01,2,31.94,21.91,68.60,31.25,24.38,78.00,31.25,21.98,70.33,38.40,24.52,63.86,41.54,24.38,58.68,41.54,29.22,70.34,36.75,30.80,83.81,34.89,29.72,85.20,0.00,0.00,0.00,0.00,0.00,0.00,0.00,0.00,0.00,0.00,0.00,0.00,287.56,206.90,71.95,2026
EM00011844,Md. Zahir Alam,1315,Chattogram,CH183-C,01,1,8.65,7.17,82.96,8.58,6.46,75.21,8.58,6.63,77.28,9.66,6.83,70.76,9.31,5.67,60.87,9.31,6.08,65.30,8.67,5.92,68.31,8.34,6.38,76.48,0.00,0.00,0.00,0.00,0.00,0.00,0.00,0.00,0.00,0.00,0.00,0.00,71.11,51.15,71.93,2026
EM00012513,Md. Shafiqul Islam,1311,Dhanmondi,DH203-A,01,1,7.20,4.58,63.50,7.07,5.04,71.26,7.07,3.85,54.39,8.79,5.35,60.87,4.45,3.23,72.66,4.45,3.44,77.37,3.90,4.10,105.25,3.90,4.07,104.30,0.00,0.00,0.00,0.00,0.00,0.00,0.00,0.00,0.00,0.00,0.00,0.00,46.84,33.66,71.86,2026
EM00013220,Fazle Rabbi Mia,1328,Cox's Bazar,CO051-B,01,1,8.43,5.65,66.98,8.37,6.26,74.72,8.37,6.82,81.42,9.81,6.92,70.58,9.45,6.35,67.17,9.45,6.79,71.79,8.80,6.61,75.09,8.50,5.76,67.84,0.00,0.00,0.00,0.00,0.00,0.00,0.00,0.00,0.00,0.00,0.00,0.00,71.19,51.16,71.85,2026
EM00013177,Md. Angur Hossain,1313,Narayanganj,NA122-B,01,1,8.84,6.90,78.03,8.77,6.60,75.17,8.77,6.40,72.98,10.56,6.37,60.36,10.18,5.96,58.57,10.18,6.84,67.25,9.30,8.06,86.61,9.58,7.61,79.39,0.00,0.00,0.00,0.00,0.00,0.00,0.00,0.00,0.00,0.00,0.00,0.00,76.19,54.74,71.85,2026
EM00016446,Selim Reza,1317,Cumilla,CU035-G,02,1,0.00,0.00,0.00,0.00,0.00,0.00,0.00,0.00,0.00,0.00,0.00,0.00,0.00,0.00,0.00,0.00,0.00,0.00,0.00,0.00,0.00,5.57,4.00,71.78,0.00,0.00,0.00,0.00,0.00,0.00,0.00,0.00,0.00,0.00,0.00,0.00,5.57,4.00,71.78,2026
EM00016110,Sahabul Alam,1320,Bogura,BO121-B,01,1,0.00,0.00,0.00,0.00,0.00,0.00,0.00,0.00,0.00,0.00,0.00,0.00,8.00,3.81,47.63,8.00,5.09,63.58,6.00,5.91,98.51,5.85,5.18,88.59,0.00,0.00,0.00,0.00,0.00,0.00,0.00,0.00,0.00,0.00,0.00,0.00,27.85,19.99,71.78,2026
EM00015744,Md. Sabbir Rahman,1328,Cox's Bazar,CO081-A,01,1,0.00,0.00,0.00,9.15,7.64,83.58,9.15,7.03,76.84,10.23,6.94,67.80,9.85,6.50,66.02,9.85,5.96,60.51,9.06,6.28,69.38,8.74,7.02,80.32,0.00,0.00,0.00,0.00,0.00,0.00,0.00,0.00,0.00,0.00,0.00,0.00,66.02,47.38,71.76,2026
EM00013695,Md. Obaydul Islam,1330,Pabna,PB043-B,01,1,9.96,6.35,63.76,9.89,7.03,71.09,9.89,7.14,72.17,11.45,7.28,63.57,10.88,7.44,68.34,10.88,7.72,70.97,9.70,8.10,83.49,9.41,7.81,82.94,0.00,0.00,0.00,0.00,0.00,0.00,0.00,0.00,0.00,0.00,0.00,0.00,82.06,58.86,71.72,2026
EM00015515,Md. Shakil Uddin,1328,Cox's Bazar,CO015-G,02,1,4.00,2.32,58.06,3.71,2.18,58.66,4.00,2.52,62.98,4.22,2.74,65.00,3.96,3.16,79.71,4.35,3.12,71.65,4.35,3.33,76.50,4.50,4.37,97.02,0.00,0.00,0.00,0.00,0.00,0.00,0.00,0.00,0.00,0.00,0.00,0.00,33.09,23.73,71.71,2026
EM00014180,Md. Khairul Islam,1321,Rajshahi,RA063-B,01,1,6.87,4.80,69.87,6.82,4.97,72.91,6.82,5.17,75.84,8.10,5.07,62.51,7.50,3.99,53.17,7.50,5.52,73.62,6.50,5.22,80.38,6.41,5.76,89.85,0.00,0.00,0.00,0.00,0.00,0.00,0.00,0.00,0.00,0.00,0.00,0.00,56.53,40.51,71.66,2026
EM00013977,Md. Yasrif Al Rizel,1313,Narayanganj,NA022-A,01,1,7.21,5.63,78.09,7.21,5.87,81.42,7.21,5.84,81.08,7.93,5.39,67.92,7.67,4.53,59.13,7.67,4.50,58.73,6.82,4.73,69.34,6.99,5.57,79.64,0.00,0.00,0.00,0.00,0.00,0.00,0.00,0.00,0.00,0.00,0.00,0.00,58.71,42.07,71.66,2026
EM00005153,Md. Zafor Iqbal,1324,Jashore,JA050-P,01,2,50.15,34.99,69.77,49.79,36.02,72.35,49.79,36.19,72.69,59.60,36.40,61.06,57.47,36.53,63.56,57.47,41.25,71.78,50.47,39.87,78.99,49.38,42.53,86.14,0.00,0.00,0.00,0.00,0.00,0.00,0.00,0.00,0.00,0.00,0.00,0.00,424.11,303.77,71.63,2026
EM00014921,Kazi Sakir Islam,1312,Uttara,UT052-B,01,1,4.70,3.65,77.76,4.66,3.28,70.41,4.66,3.04,65.17,5.69,3.05,53.54,5.49,3.37,61.42,5.49,3.22,58.60,5.19,5.03,97.01,5.23,4.81,91.83,0.00,0.00,0.00,0.00,0.00,0.00,0.00,0.00,0.00,0.00,0.00,0.00,41.11,29.45,71.62,2026
EM00015845,Md. Harunar Rashid,1321,Rajshahi,RA053-B,01,1,0.00,0.00,0.00,0.00,0.00,0.00,7.07,4.53,64.03,8.92,5.63,63.13,8.60,4.70,54.63,8.60,6.04,70.25,7.41,6.70,90.36,7.30,6.72,91.96,0.00,0.00,0.00,0.00,0.00,0.00,0.00,0.00,0.00,0.00,0.00,0.00,47.91,34.32,71.62,2026
EM00015098,Md. Sabbir Ahmed,1314,Mymensingh,MY071-B,01,1,7.42,4.74,63.91,7.37,4.73,64.13,7.37,5.33,72.34,8.79,6.15,69.91,8.70,5.15,59.23,8.70,5.89,67.70,7.12,7.38,103.75,7.02,5.35,76.22,0.00,0.00,0.00,0.00,0.00,0.00,0.00,0.00,0.00,0.00,0.00,0.00,62.47,44.71,71.57,2026
EM00007442,Md. Jahid Ikbal,1329,Tangail,TA051-A,01,1,9.25,6.51,70.36,9.19,6.77,73.70,9.19,7.65,83.32,10.90,6.77,62.14,10.49,6.01,57.31,10.49,6.43,61.24,9.38,7.88,84.06,9.25,7.89,85.33,0.00,0.00,0.00,0.00,0.00,0.00,0.00,0.00,0.00,0.00,0.00,0.00,78.13,55.92,71.57,2026
EM00015534,Md. Liton Mia,1332,B. Baria,BB016-V,04,1,5.74,3.37,58.79,5.39,3.46,64.26,5.51,3.64,66.08,5.47,4.56,83.30,5.59,4.29,76.69,6.06,4.85,80.00,6.30,4.68,74.28,6.70,4.62,68.90,0.00,0.00,0.00,0.00,0.00,0.00,0.00,0.00,0.00,0.00,0.00,0.00,46.76,33.47,71.57,2026
EM00015452,Biswajit Sarder,1326,Barishal,BA071-A,01,1,8.50,6.03,70.95,8.44,6.32,74.89,8.44,6.77,80.20,10.22,6.93,67.76,9.70,5.90,60.78,9.70,6.82,70.27,8.02,6.93,86.32,8.11,5.21,64.27,0.00,0.00,0.00,0.00,0.00,0.00,0.00,0.00,0.00,0.00,0.00,0.00,71.15,50.91,71.55,2026
EM00016250,Mrinmay Gain,1325,Khulna,KH132-A,01,1,0.00,0.00,0.00,0.00,0.00,0.00,0.00,0.00,0.00,0.00,0.00,0.00,0.00,0.00,0.00,5.35,3.15,58.81,4.81,3.43,71.28,4.31,3.77,87.52,0.00,0.00,0.00,0.00,0.00,0.00,0.00,0.00,0.00,0.00,0.00,0.00,14.46,10.34,71.50,2026
EM00015104,Md. Shamim Hasan,1325,Khulna,KH084-C,01,1,5.95,4.25,71.38,5.91,4.37,73.93,5.91,4.05,68.50,7.21,4.66,64.64,7.11,4.26,59.91,7.11,4.60,64.72,6.19,5.32,85.88,5.98,5.22,87.28,0.00,0.00,0.00,0.00,0.00,0.00,0.00,0.00,0.00,0.00,0.00,0.00,51.37,36.72,71.49,2026
EM00007322,Mr. Abdul Kadar Jilani,1323,Dinajpur,DI070-P,01,2,48.29,28.58,59.19,47.95,29.59,61.70,47.95,33.11,69.05,58.19,37.88,65.10,56.08,40.23,71.73,56.08,41.56,74.10,45.30,39.80,87.85,44.52,38.25,85.91,0.00,0.00,0.00,0.00,0.00,0.00,0.00,0.00,0.00,0.00,0.00,0.00,404.37,288.99,71.47,2026
EM00015060,Jewel Rana,1330,Pabna,PB011-B,01,1,8.51,4.98,58.49,8.45,5.39,63.82,8.45,5.88,69.58,9.69,6.93,71.51,9.24,6.33,68.53,9.24,6.23,67.47,8.38,6.86,81.89,8.23,7.54,91.59,0.00,0.00,0.00,0.00,0.00,0.00,0.00,0.00,0.00,0.00,0.00,0.00,70.18,50.14,71.44,2026
EM00008156,Md. Sydul Islam,1316,Sylhet,SY061-B,01,1,9.93,7.07,71.13,9.86,7.47,75.74,9.86,7.27,73.68,11.74,8.03,68.36,11.32,7.54,66.58,11.32,7.12,62.87,9.97,7.95,79.78,9.82,7.41,75.44,0.00,0.00,0.00,0.00,0.00,0.00,0.00,0.00,0.00,0.00,0.00,0.00,83.83,59.85,71.39,2026
EM00016437,Md Arif Hasan Joy,1311,Dhanmondi,DH102-G,02,1,0.00,0.00,0.00,0.00,0.00,0.00,0.00,0.00,0.00,0.00,0.00,0.00,0.00,0.00,0.00,0.00,0.00,0.00,0.00,0.00,0.00,8.60,6.14,71.38,0.00,0.00,0.00,0.00,0.00,0.00,0.00,0.00,0.00,0.00,0.00,0.00,8.60,6.14,71.38,2026
EM00014825,Md. Mostafizur Rahman,1326,Barishal,BA061-B,01,1,6.09,4.89,80.27,6.12,4.35,71.10,6.12,4.72,77.21,7.29,4.91,67.32,6.70,4.72,70.50,6.70,2.85,42.48,5.78,4.80,83.02,5.84,4.90,83.94,0.00,0.00,0.00,0.00,0.00,0.00,0.00,0.00,0.00,0.00,0.00,0.00,50.64,36.15,71.37,2026
EM00004167,Mr. Shadhan Kumar Das,1324,Jashore,JA140-P,01,2,44.95,31.99,71.16,44.63,30.12,67.50,44.63,30.55,68.45,53.85,35.23,65.43,51.96,35.01,67.38,51.96,36.51,70.26,46.96,37.38,79.60,45.45,37.56,82.63,0.00,0.00,0.00,0.00,0.00,0.00,0.00,0.00,0.00,0.00,0.00,0.00,384.39,274.35,71.37,2026
EM00008066,Md. Sohel Rana,1332,B. Baria,BB102-B,01,1,8.43,5.47,64.85,8.37,5.40,64.55,7.95,6.10,76.64,9.46,6.17,65.17,8.73,6.50,74.46,8.73,5.87,67.27,8.49,7.04,82.90,8.37,6.37,76.06,0.00,0.00,0.00,0.00,0.00,0.00,0.00,0.00,0.00,0.00,0.00,0.00,68.53,48.90,71.36,2026
EM00014951,Alamin Hossain,1325,Khulna,KH023-A,01,1,6.18,4.31,69.84,6.13,4.44,72.42,6.13,4.62,75.31,7.45,4.69,62.91,7.14,4.41,61.85,7.14,4.89,68.50,6.22,4.57,73.38,5.82,5.32,91.42,0.00,0.00,0.00,0.00,0.00,0.00,0.00,0.00,0.00,0.00,0.00,0.00,52.21,37.25,71.35,2026
EM00015981,Md. Shahriar Ahmad Shimul,1330,Pabna,PB052-A,01,1,0.00,0.00,0.00,0.00,0.00,0.00,0.00,0.00,0.00,6.53,3.61,55.26,6.50,3.76,57.82,6.50,4.73,72.78,5.67,4.24,74.77,5.58,5.62,100.65,0.00,0.00,0.00,0.00,0.00,0.00,0.00,0.00,0.00,0.00,0.00,0.00,30.78,21.96,71.32,2026
EM00014837,Md. Nazim Uddin,1313,Narayanganj,NA122-A,01,1,8.62,6.78,78.66,8.56,6.46,75.43,8.56,6.38,74.54,10.24,6.32,61.70,9.87,6.06,61.44,9.87,6.52,66.10,9.03,7.73,85.64,9.30,6.56,70.51,0.00,0.00,0.00,0.00,0.00,0.00,0.00,0.00,0.00,0.00,0.00,0.00,74.03,52.80,71.32,2026
EM00014896,Tajkir Ibadi Ruhel,1324,Jashore,JA152-B,01,1,7.81,4.59,58.80,7.76,5.80,74.81,7.76,5.78,74.58,9.60,5.92,61.64,9.24,6.49,70.24,9.24,6.44,69.65,7.80,6.31,80.87,7.64,6.34,82.96,0.00,0.00,0.00,0.00,0.00,0.00,0.00,0.00,0.00,0.00,0.00,0.00,66.85,47.67,71.32,2026
EM00014767,Md. Sagor Ali,1328,Cox's Bazar,CO021-G,02,1,5.40,3.10,57.33,5.23,3.90,74.64,5.32,3.33,62.64,5.60,3.83,68.37,5.25,4.07,77.46,5.76,4.19,72.76,5.76,4.49,77.95,5.76,4.52,78.54,0.00,0.00,0.00,0.00,0.00,0.00,0.00,0.00,0.00,0.00,0.00,0.00,44.08,31.43,71.31,2026
EM00015121,Nayan Hossain,1311,Dhanmondi,DH251-A,01,1,6.88,5.81,84.39,6.88,5.44,79.09,6.88,4.07,59.14,8.26,5.11,61.83,7.96,5.27,66.18,7.96,3.76,47.22,7.06,8.02,113.62,6.50,4.15,63.85,0.00,0.00,0.00,0.00,0.00,0.00,0.00,0.00,0.00,0.00,0.00,0.00,58.39,41.63,71.29,2026
EM00016299,Md. Jannat Hossain,1311,Dhanmondi,DH033-A,01,1,0.00,0.00,0.00,0.00,0.00,0.00,0.00,0.00,0.00,0.00,0.00,0.00,0.00,0.00,0.00,3.29,1.41,42.96,2.56,2.54,99.28,2.36,1.90,80.44,0.00,0.00,0.00,0.00,0.00,0.00,0.00,0.00,0.00,0.00,0.00,0.00,8.22,5.86,71.29,2026
EM00014627,Md. Forid Uddin,1326,Barishal,BA181-B,01,1,4.32,3.61,83.62,4.29,3.45,80.44,4.29,2.86,66.66,6.41,3.94,61.53,6.41,4.32,67.40,6.41,4.00,62.39,5.54,4.06,73.22,5.60,4.61,82.18,0.00,0.00,0.00,0.00,0.00,0.00,0.00,0.00,0.00,0.00,0.00,0.00,43.27,30.85,71.29,2026
EM00016074,Md. Palash Hossain,1323,Dinajpur,DI015-C,01,1,0.00,0.00,0.00,0.00,0.00,0.00,0.00,0.00,0.00,6.37,3.26,51.20,5.81,3.48,59.86,5.81,3.85,66.29,4.56,4.18,91.58,4.50,4.51,100.27,0.00,0.00,0.00,0.00,0.00,0.00,0.00,0.00,0.00,0.00,0.00,0.00,27.06,19.28,71.27,2026
EM00014565,Manik Chandra Roy,1320,Bogura,BO031-B,01,1,4.43,3.26,73.54,4.48,3.38,75.63,4.48,3.15,70.41,5.43,3.37,62.11,5.43,3.25,59.87,5.43,3.39,62.36,4.58,3.73,81.39,4.38,4.00,91.39,0.00,0.00,0.00,0.00,0.00,0.00,0.00,0.00,0.00,0.00,0.00,0.00,38.62,27.53,71.27,2026
EM00012992,Md. Afjal Hossain,1329,Tangail,TA054-B,01,1,8.85,6.88,77.76,8.78,5.92,67.44,8.78,6.40,72.91,10.45,5.88,56.30,10.08,6.33,62.76,10.08,6.48,64.29,9.02,7.42,82.27,8.89,8.06,90.71,0.00,0.00,0.00,0.00,0.00,0.00,0.00,0.00,0.00,0.00,0.00,0.00,74.93,53.38,71.24,2026
EM00014937,Md. Chad Mia,1321,Rajshahi,RA062-B,01,1,7.24,4.27,59.05,7.18,4.90,68.22,7.18,5.64,78.56,8.86,5.92,66.80,8.54,5.12,59.92,8.54,4.58,53.60,7.37,6.18,83.91,7.26,7.64,105.20,0.00,0.00,0.00,0.00,0.00,0.00,0.00,0.00,0.00,0.00,0.00,0.00,62.18,44.26,71.18,2026
EM00013739,Md. Arshadul Haque,1310,Paltan,PA082-B,01,1,7.27,5.82,80.04,7.21,5.65,78.32,7.21,5.39,74.66,8.92,5.07,56.85,8.61,4.86,56.48,8.61,5.64,65.53,7.64,6.20,81.19,7.40,6.12,82.61,0.00,0.00,0.00,0.00,0.00,0.00,0.00,0.00,0.00,0.00,0.00,0.00,62.87,44.74,71.16,2026
EM00012892,Md. Sadip Hasan,1315,Chattogram,CH112-A,01,1,8.36,5.97,71.41,8.36,6.07,72.58,8.36,5.90,70.54,5.78,3.54,61.33,5.57,3.72,66.81,5.57,3.72,66.88,5.22,3.84,73.49,4.95,4.36,88.13,0.00,0.00,0.00,0.00,0.00,0.00,0.00,0.00,0.00,0.00,0.00,0.00,52.15,37.11,71.16,2026
EM00011483,Md. Safikul Islam,1318,Noakhali,NO022-C,01,1,9.61,7.41,77.12,9.54,7.27,76.25,9.54,6.75,70.72,10.67,8.22,77.06,10.30,7.09,68.88,10.30,6.55,63.62,9.76,6.35,65.10,9.58,6.72,70.19,0.00,0.00,0.00,0.00,0.00,0.00,0.00,0.00,0.00,0.00,0.00,0.00,79.29,56.37,71.10,2026
EM00010345,Mohammad Saddam,1334,Kishoreganj,KI074-B,01,1,8.80,6.02,68.34,8.70,6.31,72.52,8.70,5.87,67.54,10.12,6.53,64.58,9.81,6.36,64.78,9.81,7.51,76.51,9.42,6.85,72.67,9.30,7.64,82.13,0.00,0.00,0.00,0.00,0.00,0.00,0.00,0.00,0.00,0.00,0.00,0.00,74.66,53.08,71.09,2026
EM00015682,Samim Reza,1320,Bogura,BO044-G,02,1,0.00,0.00,0.00,2.60,1.52,58.50,2.70,1.84,68.28,2.90,1.94,67.04,2.70,2.04,75.46,3.00,2.15,71.62,3.00,2.23,74.41,3.10,2.49,80.33,0.00,0.00,0.00,0.00,0.00,0.00,0.00,0.00,0.00,0.00,0.00,0.00,20.00,14.22,71.09,2026
EM00014614,Md. Tareq Rahaman,1332,B. Baria,BB112-B,01,1,7.26,4.87,67.04,7.21,4.93,68.37,7.05,5.56,78.86,8.23,5.73,69.60,7.64,4.90,64.14,7.64,5.35,70.10,7.44,5.67,76.19,7.33,5.50,75.02,0.00,0.00,0.00,0.00,0.00,0.00,0.00,0.00,0.00,0.00,0.00,0.00,59.81,42.52,71.08,2026
EM00014652,Md. Sydul Islam,1326,Barishal,BA112-C,01,1,7.44,4.82,64.84,7.39,4.54,61.45,7.39,5.31,71.88,9.06,5.93,65.45,8.63,5.51,63.81,8.63,6.37,73.87,7.10,5.66,79.73,6.92,6.32,91.25,0.00,0.00,0.00,0.00,0.00,0.00,0.00,0.00,0.00,0.00,0.00,0.00,62.55,44.46,71.08,2026
EM00013116,Asutos Roy,1321,Rajshahi,RA041-B,01,1,5.96,3.80,63.84,5.91,3.90,65.95,5.91,3.87,65.41,7.07,4.18,59.16,6.82,3.67,53.89,6.82,4.59,67.29,5.87,5.87,100.04,5.61,5.63,100.31,0.00,0.00,0.00,0.00,0.00,0.00,0.00,0.00,0.00,0.00,0.00,0.00,49.96,35.51,71.08,2026
EM00015118,Najim Uddin,1312,Uttara,UT011-A,01,1,7.57,6.23,82.30,7.53,5.89,78.19,7.53,5.10,67.71,8.43,5.93,70.40,8.12,5.01,61.67,8.12,5.24,64.51,6.95,5.30,76.24,6.85,4.73,69.02,0.00,0.00,0.00,0.00,0.00,0.00,0.00,0.00,0.00,0.00,0.00,0.00,61.11,43.43,71.07,2026
EM00008890,Md. Abu Taleb,1335,Kushtia,KU021-B,01,1,5.84,3.85,65.87,5.80,4.27,73.61,5.80,4.13,71.25,6.84,4.39,64.19,6.06,3.66,60.40,6.06,4.24,69.90,5.14,4.38,85.20,5.18,4.27,82.36,0.00,0.00,0.00,0.00,0.00,0.00,0.00,0.00,0.00,0.00,0.00,0.00,46.73,33.19,71.02,2026
EM00005084,Mr. Mozammel Hoque,1315,Chattogram,CH243-A,01,1,9.29,6.58,70.88,9.29,6.74,72.62,9.29,6.58,70.88,10.33,6.62,64.14,9.97,6.90,69.19,9.97,6.07,60.89,9.21,7.06,76.62,8.72,7.46,85.54,0.00,0.00,0.00,0.00,0.00,0.00,0.00,0.00,0.00,0.00,0.00,0.00,76.07,54.03,71.02,2026
EM00005235,Md. Serajul Islam,1327,Faridpur,FA061-A,01,1,12.55,8.88,70.74,12.46,8.52,68.33,12.46,8.72,70.00,12.03,9.30,77.27,12.42,8.50,68.44,12.42,7.75,62.39,11.21,8.88,79.22,10.71,7.82,73.06,0.00,0.00,0.00,0.00,0.00,0.00,0.00,0.00,0.00,0.00,0.00,0.00,96.27,68.37,71.02,2026
EM00014834,Md. Samim Hassan,1336,Keraniganj,KE052-B,01,1,7.64,5.63,73.67,7.59,5.50,72.52,7.59,5.06,66.73,8.93,5.42,60.75,8.59,5.58,64.95,8.59,6.09,70.90,7.71,6.40,83.12,7.77,6.04,77.78,0.00,0.00,0.00,0.00,0.00,0.00,0.00,0.00,0.00,0.00,0.00,0.00,64.39,45.73,71.02,2026
EM00015323,Md. Anisur Rahman,1327,Faridpur,FA024-C,01,1,5.10,2.91,57.04,5.07,3.32,65.43,5.07,2.94,58.01,6.20,3.43,55.34,5.68,4.06,71.58,5.68,4.56,80.25,5.17,4.73,91.66,4.73,4.36,92.26,0.00,0.00,0.00,0.00,0.00,0.00,0.00,0.00,0.00,0.00,0.00,0.00,42.69,30.31,71.02,2026
EM00015230,Md. Moneruzzaman,1320,Bogura,BO041-A,01,1,8.94,5.80,64.86,8.84,5.63,63.64,8.84,6.58,74.39,10.99,7.09,64.48,10.54,7.33,69.54,10.54,7.79,73.86,8.64,7.20,83.36,8.64,6.55,75.76,0.00,0.00,0.00,0.00,0.00,0.00,0.00,0.00,0.00,0.00,0.00,0.00,75.99,53.96,71.01,2026
EM00012708,Md. Sajib Hossen,1328,Cox's Bazar,CO081-B,01,1,9.22,6.58,71.40,9.15,7.45,81.44,9.15,6.31,68.95,10.32,6.45,62.47,9.95,6.70,67.33,9.95,7.14,71.75,9.28,6.87,74.01,8.96,6.41,71.52,0.00,0.00,0.00,0.00,0.00,0.00,0.00,0.00,0.00,0.00,0.00,0.00,75.98,53.90,70.95,2026
EM00008865,Md. Nasim Uddin,1315,Chattogram,CH132-A,01,1,8.83,6.09,68.99,8.77,6.49,74.01,8.77,7.25,82.70,10.46,7.18,68.72,10.07,6.25,62.08,10.07,6.41,63.60,9.42,6.72,71.33,8.88,6.94,78.13,0.00,0.00,0.00,0.00,0.00,0.00,0.00,0.00,0.00,0.00,0.00,0.00,75.26,53.33,70.86,2026
EM00016466,Md. Shakil Ahmed,1312,Uttara,UT020-D,11,2,0.00,0.00,0.00,0.00,0.00,0.00,0.00,0.00,0.00,0.00,0.00,0.00,0.00,0.00,0.00,0.00,0.00,0.00,0.00,0.00,0.00,21.74,15.41,70.85,0.00,0.00,0.00,0.00,0.00,0.00,0.00,0.00,0.00,0.00,0.00,0.00,21.74,15.41,70.85,2026
EM00008218,Md. Moniruzzaman,1322,Rangpur,RN084-C,01,1,11.43,7.94,69.44,11.43,7.94,69.43,11.43,9.86,86.29,12.27,7.18,58.50,11.83,7.52,63.56,11.83,8.36,70.64,9.43,7.55,80.06,9.29,6.67,71.74,0.00,0.00,0.00,0.00,0.00,0.00,0.00,0.00,0.00,0.00,0.00,0.00,88.96,63.01,70.84,2026
EM00015477,Sumon Chandra Shil,1326,Barishal,BA092-B,01,1,9.40,5.19,55.17,9.33,6.15,65.88,9.33,6.42,68.76,11.50,6.96,60.52,11.06,6.84,61.83,11.06,7.79,70.45,8.37,7.82,93.43,8.24,8.28,100.47,0.00,0.00,0.00,0.00,0.00,0.00,0.00,0.00,0.00,0.00,0.00,0.00,78.30,55.44,70.81,2026
EM00015636,Md. Aslam Munsi,1326,Barishal,BA011-B,01,1,4.72,3.40,71.97,4.69,2.92,62.29,4.69,2.79,59.54,5.84,3.01,51.62,5.30,3.53,66.63,5.30,3.28,61.84,4.47,4.41,98.65,4.72,4.79,101.40,0.00,0.00,0.00,0.00,0.00,0.00,0.00,0.00,0.00,0.00,0.00,0.00,39.74,28.14,70.81,2026
EM00002240,Md. Abdul Awal,1322,Rangpur,RN050-P,01,2,52.70,32.05,60.82,52.32,32.94,62.95,52.32,30.77,58.81,32.35,19.73,60.99,31.20,22.54,72.23,31.20,23.12,74.10,26.20,27.33,104.30,25.83,26.80,103.76,0.00,0.00,0.00,0.00,0.00,0.00,0.00,0.00,0.00,0.00,0.00,0.00,304.13,215.27,70.78,2026
EM00015317,Imran Hossain,1327,Faridpur,FA022-B,01,1,5.84,3.87,66.28,5.80,3.71,64.04,5.80,3.84,66.29,6.96,4.59,65.99,6.36,4.25,66.81,6.36,4.52,71.10,5.85,5.25,89.68,5.48,4.25,77.46,0.00,0.00,0.00,0.00,0.00,0.00,0.00,0.00,0.00,0.00,0.00,0.00,48.44,34.28,70.77,2026
EM00016140,Rahis Mia,1334,Kishoreganj,KI041-B,01,1,0.00,0.00,0.00,0.00,0.00,0.00,0.00,0.00,0.00,0.00,0.00,0.00,7.84,4.17,53.23,7.84,4.86,61.98,7.00,6.04,86.21,6.92,5.88,84.96,0.00,0.00,0.00,0.00,0.00,0.00,0.00,0.00,0.00,0.00,0.00,0.00,29.60,20.95,70.76,2026
EM00015723,Md. Abu Hannan .,1310,Paltan,PA014-D,11,1,0.00,0.00,0.00,0.00,0.00,0.00,0.00,0.00,0.00,3.98,2.39,60.06,3.41,2.25,66.18,3.41,2.76,81.10,3.71,2.64,71.28,3.46,2.66,76.84,0.00,0.00,0.00,0.00,0.00,0.00,0.00,0.00,0.00,0.00,0.00,0.00,17.96,12.71,70.76,2026
EM00006964,Md. Sariful Islam,1319,Feni,FE040-P,01,2,38.98,26.44,67.83,38.70,29.19,75.43,38.70,27.60,71.32,44.37,29.71,66.96,42.79,26.45,61.81,42.79,27.84,65.06,39.90,32.14,80.55,39.32,30.95,78.71,0.00,0.00,0.00,0.00,0.00,0.00,0.00,0.00,0.00,0.00,0.00,0.00,325.55,230.31,70.75,2026
EM00015709,Md. Imam Hasan,1317,Cumilla,CU023-A,01,1,0.00,0.00,0.00,8.28,5.72,69.03,8.28,5.65,68.23,9.92,6.55,66.10,9.56,6.04,63.21,9.56,6.06,63.34,8.36,7.76,92.81,8.24,6.21,75.42,0.00,0.00,0.00,0.00,0.00,0.00,0.00,0.00,0.00,0.00,0.00,0.00,62.20,43.99,70.73,2026
EM00011730,Md. Ariful Islam,1318,Noakhali,NO012-A,01,1,8.93,7.27,81.35,8.87,6.37,71.85,8.87,7.21,81.32,9.93,6.36,64.06,9.76,6.40,65.56,9.76,6.10,62.52,9.32,6.42,68.90,9.15,6.62,72.27,0.00,0.00,0.00,0.00,0.00,0.00,0.00,0.00,0.00,0.00,0.00,0.00,74.60,52.75,70.71,2026
EM00013009,Tarikul Islam,1312,Uttara,UT053-A,01,1,5.42,3.94,72.75,5.33,4.22,79.10,5.33,3.81,71.33,6.45,4.41,68.32,6.22,3.49,56.21,6.22,4.13,66.47,5.49,3.98,72.57,5.31,4.38,82.47,0.00,0.00,0.00,0.00,0.00,0.00,0.00,0.00,0.00,0.00,0.00,0.00,45.78,32.37,70.71,2026
EM00013057,Shuvo Biswas,1336,Keraniganj,KE062-B,01,1,8.93,6.28,70.38,8.86,6.69,75.52,8.86,6.71,75.65,10.33,7.16,69.24,9.96,6.38,64.04,9.96,6.36,63.88,8.78,6.92,78.88,8.85,6.18,69.89,0.00,0.00,0.00,0.00,0.00,0.00,0.00,0.00,0.00,0.00,0.00,0.00,74.54,52.69,70.69,2026
EM00012748,Abdul Mottalib,1315,Chattogram,CH235-C,01,1,9.15,5.34,58.32,8.64,5.20,60.22,8.64,6.36,73.67,10.65,6.84,64.26,10.27,6.55,63.82,10.27,7.29,71.00,9.05,8.16,90.17,8.66,7.49,86.47,0.00,0.00,0.00,0.00,0.00,0.00,0.00,0.00,0.00,0.00,0.00,0.00,75.33,53.24,70.68,2026
EM00012078,Goutam Sarker,1315,Chattogram,CH243-B,01,1,8.94,5.89,65.86,8.94,6.19,69.29,8.94,6.47,72.37,10.22,6.37,62.35,9.87,7.19,72.86,9.87,6.76,68.47,9.21,7.29,79.11,8.71,6.64,76.22,0.00,0.00,0.00,0.00,0.00,0.00,0.00,0.00,0.00,0.00,0.00,0.00,74.70,52.79,70.68,2026
EM00009351,Md. Shahabur Rahaman,1335,Kushtia,KU071-B,01,1,9.77,5.91,60.44,9.70,6.12,63.09,9.70,6.74,69.49,11.91,7.89,66.24,11.04,6.92,62.70,11.04,7.02,63.56,9.80,9.01,91.91,9.89,8.95,90.54,0.00,0.00,0.00,0.00,0.00,0.00,0.00,0.00,0.00,0.00,0.00,0.00,82.86,58.56,70.68,2026
EM00016495,Md. Nur Alam,1335,Kushtia,KU053-C,01,1,0.00,0.00,0.00,0.00,0.00,0.00,0.00,0.00,0.00,0.00,0.00,0.00,0.00,0.00,0.00,0.00,0.00,0.00,0.00,0.00,0.00,9.03,6.38,70.62,0.00,0.00,0.00,0.00,0.00,0.00,0.00,0.00,0.00,0.00,0.00,0.00,9.03,6.38,70.62,2026
EM00013725,Md. Ziaul Kabir,1310,Paltan,PA261-B,01,1,10.00,7.35,73.48,9.93,8.73,87.90,9.93,7.29,73.46,12.51,6.85,54.77,12.06,7.26,60.21,12.06,7.97,66.09,9.10,7.11,78.15,9.40,7.42,78.96,0.00,0.00,0.00,0.00,0.00,0.00,0.00,0.00,0.00,0.00,0.00,0.00,84.99,59.99,70.58,2026
EM00014323,Md. Azizul Islam,1311,Dhanmondi,DH101-C,01,1,9.30,7.45,80.14,9.30,7.13,76.64,9.30,6.76,72.66,11.05,6.08,54.97,10.65,6.48,60.82,10.65,6.97,65.46,9.31,7.18,77.06,8.91,7.34,82.35,0.00,0.00,0.00,0.00,0.00,0.00,0.00,0.00,0.00,0.00,0.00,0.00,78.48,55.38,70.57,2026
EM00015220,Jony Ahmed,1313,Narayanganj,NA142-B,01,1,7.81,5.73,73.36,7.76,6.21,80.12,7.76,6.22,80.23,9.39,5.55,59.05,9.05,5.70,62.99,9.05,5.37,59.33,8.33,6.70,80.41,8.58,6.31,73.56,0.00,0.00,0.00,0.00,0.00,0.00,0.00,0.00,0.00,0.00,0.00,0.00,67.73,47.79,70.57,2026
EM00008691,Mahmudul Hasan,1324,Jashore,JA061-A,01,1,7.92,5.73,72.34,7.92,5.36,67.63,7.92,5.51,69.51,9.81,5.66,57.71,9.31,6.60,70.93,9.31,6.74,72.45,8.31,6.09,73.30,8.37,6.90,82.44,0.00,0.00,0.00,0.00,0.00,0.00,0.00,0.00,0.00,0.00,0.00,0.00,68.88,48.60,70.56,2026
EM00008720,Md. Shafikul Islam,1315,Chattogram,CH260-P,01,2,39.76,26.22,65.95,38.76,29.13,75.16,38.76,26.99,69.62,43.78,26.95,61.56,42.20,27.88,66.08,42.20,30.24,71.65,39.56,29.95,75.71,37.50,30.13,80.36,0.00,0.00,0.00,0.00,0.00,0.00,0.00,0.00,0.00,0.00,0.00,0.00,322.52,227.50,70.54,2026
EM00015396,Pintu Chandra Dey,1311,Dhanmondi,DH191-B,01,1,7.29,5.77,79.16,7.32,4.96,67.71,7.32,4.48,61.17,9.25,5.07,54.80,8.92,5.19,58.14,8.92,5.61,62.86,8.49,7.71,90.82,8.37,7.64,91.37,0.00,0.00,0.00,0.00,0.00,0.00,0.00,0.00,0.00,0.00,0.00,0.00,65.87,46.42,70.47,2026
EM00013342,Md. Najmul Islam,1321,Rajshahi,RA042-B,01,1,5.05,3.06,60.58,5.01,3.18,63.46,5.01,3.55,70.72,6.07,3.61,59.54,5.86,3.01,51.47,5.86,3.70,63.22,5.04,5.04,100.03,4.95,5.03,101.71,0.00,0.00,0.00,0.00,0.00,0.00,0.00,0.00,0.00,0.00,0.00,0.00,42.84,30.19,70.46,2026
EM00009934,Mahbubul Alam,1331,Chandpur,CA074-B,01,1,10.07,6.73,66.82,10.00,7.23,72.29,10.00,7.87,78.71,11.44,7.50,65.58,10.98,7.04,64.17,10.98,7.55,68.73,10.17,7.29,71.75,9.72,7.47,76.85,0.00,0.00,0.00,0.00,0.00,0.00,0.00,0.00,0.00,0.00,0.00,0.00,83.35,58.68,70.40,2026
EM00014014,Ramanonda Ray,1320,Bogura,BO142-A,01,1,7.71,4.99,64.65,7.66,4.73,61.83,7.66,5.35,69.89,8.95,6.20,69.23,8.65,5.52,63.86,8.65,5.47,63.23,6.35,5.39,84.81,6.05,5.76,95.23,0.00,0.00,0.00,0.00,0.00,0.00,0.00,0.00,0.00,0.00,0.00,0.00,61.68,43.41,70.38,2026
EM00003641,Mr. Hemanta Devnath,1315,Chattogram,CH051-B,01,1,9.21,7.06,76.58,9.15,6.54,71.47,9.15,6.59,72.08,10.76,6.32,58.78,10.38,6.84,65.83,10.38,6.69,64.44,9.59,7.38,76.94,9.34,7.45,79.75,0.00,0.00,0.00,0.00,0.00,0.00,0.00,0.00,0.00,0.00,0.00,0.00,77.96,54.86,70.37,2026
EM00014420,Md. Sohag Mia,1313,Narayanganj,NA043-A,01,1,9.62,7.25,75.34,9.62,7.06,73.41,9.62,7.22,75.01,10.79,6.99,64.76,10.16,6.34,62.47,10.16,5.97,58.80,8.90,7.07,79.46,9.14,6.96,76.16,0.00,0.00,0.00,0.00,0.00,0.00,0.00,0.00,0.00,0.00,0.00,0.00,78.01,54.87,70.34,2026
EM00011063,Md. Abdul Hakim,1311,Dhanmondi,DH092-B,01,1,8.31,5.67,68.22,8.25,5.84,70.82,8.25,5.62,68.17,10.26,6.03,58.73,9.57,5.54,57.85,9.57,6.10,63.71,8.56,7.63,89.07,7.95,7.31,91.95,0.00,0.00,0.00,0.00,0.00,0.00,0.00,0.00,0.00,0.00,0.00,0.00,70.72,49.73,70.32,2026
EM00008145,Md. Selim Rahman,1320,Bogura,BO120-P,01,2,26.37,15.01,56.90,26.18,15.74,60.12,26.18,15.97,60.99,31.07,21.40,68.87,30.00,18.46,61.55,30.00,22.04,73.48,23.60,22.83,96.74,23.10,20.79,90.01,0.00,0.00,0.00,0.00,0.00,0.00,0.00,0.00,0.00,0.00,0.00,0.00,216.51,152.24,70.32,2026
EM00015986,Md. Morshed Ali,1313,Narayanganj,NA011-D,11,1,0.00,0.00,0.00,0.00,0.00,0.00,0.00,0.00,0.00,5.06,2.25,44.49,4.70,2.58,54.88,4.70,3.74,79.45,5.20,3.82,73.54,4.41,4.53,102.83,0.00,0.00,0.00,0.00,0.00,0.00,0.00,0.00,0.00,0.00,0.00,0.00,24.08,16.93,70.30,2026
EM00016302,Emtiaz Sunyat Nayeem,1311,Dhanmondi,DH151-B,01,1,0.00,0.00,0.00,0.00,0.00,0.00,0.00,0.00,0.00,0.00,0.00,0.00,0.00,0.00,0.00,5.97,3.77,63.14,5.75,3.85,66.95,5.67,4.61,81.24,0.00,0.00,0.00,0.00,0.00,0.00,0.00,0.00,0.00,0.00,0.00,0.00,17.39,12.23,70.30,2026
EM00015708,Asiqul Islam,1317,Cumilla,CU071-A,01,1,0.00,0.00,0.00,11.25,7.51,66.77,11.25,8.09,71.91,13.56,8.62,63.56,13.07,8.00,61.19,13.07,8.46,64.74,11.26,9.31,82.64,11.10,9.42,84.86,0.00,0.00,0.00,0.00,0.00,0.00,0.00,0.00,0.00,0.00,0.00,0.00,84.56,59.41,70.25,2026
EM00013340,Md. Saiful Islam,1312,Uttara,UT011-B,01,1,7.59,5.86,77.28,7.52,5.91,78.53,7.52,4.89,64.97,8.55,5.53,64.70,8.25,4.92,59.67,8.25,5.25,63.63,7.10,5.69,80.20,6.99,5.34,76.27,0.00,0.00,0.00,0.00,0.00,0.00,0.00,0.00,0.00,0.00,0.00,0.00,61.77,43.39,70.24,2026
EM00014688,Swapan Kumar Ray,1322,Rangpur,RN063-A,01,1,7.41,5.06,68.29,7.36,5.39,73.23,7.36,5.82,79.11,9.66,4.88,50.57,9.31,5.09,54.63,9.31,6.28,67.47,7.47,6.71,89.87,7.36,6.57,89.20,0.00,0.00,0.00,0.00,0.00,0.00,0.00,0.00,0.00,0.00,0.00,0.00,65.26,45.82,70.21,2026
EM00006594,Mohammad Saidur Rahman,1319,Feni,FE022-B,01,1,7.76,5.48,70.59,7.70,5.11,66.40,7.70,5.53,71.73,8.88,6.71,75.64,8.56,4.97,58.04,8.56,6.04,70.55,7.99,5.77,72.19,7.88,6.04,76.66,0.00,0.00,0.00,0.00,0.00,0.00,0.00,0.00,0.00,0.00,0.00,0.00,65.03,45.65,70.19,2026
EM00013936,Md. Masud Rana,1312,Uttara,UT052-A,01,1,5.16,3.81,73.76,5.12,3.86,75.36,5.12,3.65,71.22,6.24,3.59,57.53,6.01,3.87,64.46,6.01,3.81,63.42,5.20,4.15,79.81,5.01,4.02,80.27,0.00,0.00,0.00,0.00,0.00,0.00,0.00,0.00,0.00,0.00,0.00,0.00,43.87,30.76,70.11,2026
EM00006686,Md. Ibrahim Howlader,1312,Uttara,UT080-P,01,2,52.98,42.78,80.76,52.61,41.63,79.13,52.61,37.27,70.85,62.57,36.99,59.12,60.12,39.01,64.89,60.12,35.29,58.71,56.39,40.73,72.24,54.58,43.11,79.00,0.00,0.00,0.00,0.00,0.00,0.00,0.00,0.00,0.00,0.00,0.00,0.00,451.97,316.83,70.10,2026
EM00015971,Md. Tofazzal Hossain,1311,Dhanmondi,DH234-C,01,1,0.00,0.00,0.00,0.00,0.00,0.00,0.00,0.00,0.00,0.00,0.00,0.00,6.30,3.79,60.18,6.30,3.45,54.79,5.27,4.66,88.47,5.19,4.26,81.98,0.00,0.00,0.00,0.00,0.00,0.00,0.00,0.00,0.00,0.00,0.00,0.00,23.07,16.16,70.08,2026
EM00013208,Md. Babul Hossain,1310,Paltan,PA081-A,01,1,7.39,5.47,74.04,7.33,5.64,76.87,7.33,5.24,71.53,9.10,5.26,57.76,8.77,4.88,55.65,8.77,5.37,61.21,6.48,5.80,89.49,6.59,5.62,85.36,0.00,0.00,0.00,0.00,0.00,0.00,0.00,0.00,0.00,0.00,0.00,0.00,61.76,43.28,70.07,2026
EM00012817,Juyel Sheikh,1319,Feni,FE011-A,01,1,8.21,6.01,73.17,8.15,6.13,75.15,8.15,5.74,70.37,9.11,5.87,64.39,9.00,5.37,59.70,9.00,5.63,62.58,8.18,6.34,77.57,8.06,6.47,80.23,0.00,0.00,0.00,0.00,0.00,0.00,0.00,0.00,0.00,0.00,0.00,0.00,67.86,47.55,70.07,2026
EM00013115,Md. Selim Reza,1315,Chattogram,CH046-C,01,1,7.39,6.02,81.41,7.34,5.28,72.00,7.34,5.71,77.78,8.13,5.66,69.63,8.20,5.02,61.30,8.20,5.05,61.58,8.01,5.24,65.45,7.64,5.59,73.12,0.00,0.00,0.00,0.00,0.00,0.00,0.00,0.00,0.00,0.00,0.00,0.00,62.24,43.57,70.00,2026
EM00009323,Md. Manirul Islam,1319,Feni,FE053-C,01,1,10.13,7.01,69.22,10.06,7.42,73.72,10.06,7.77,77.22,11.40,7.81,68.48,10.63,6.62,62.22,10.63,7.04,66.22,9.46,6.62,69.96,9.16,6.77,73.91,0.00,0.00,0.00,0.00,0.00,0.00,0.00,0.00,0.00,0.00,0.00,0.00,81.54,57.05,69.97,2026
EM00011546,Md. Rubel Mollik,1325,Khulna,KH081-B,01,1,8.37,5.42,64.76,8.31,5.23,62.90,8.31,5.38,64.73,10.47,6.66,63.64,9.93,6.00,60.39,9.93,6.18,62.18,8.57,8.11,94.70,8.27,7.50,90.71,0.00,0.00,0.00,0.00,0.00,0.00,0.00,0.00,0.00,0.00,0.00,0.00,72.17,50.48,69.95,2026
EM00015822,Md. Shohag Hasan,1320,Bogura,BO033-A,01,1,0.00,0.00,0.00,0.00,0.00,0.00,5.22,4.02,76.86,6.83,4.02,58.84,6.48,4.26,65.78,6.48,4.29,66.21,4.97,4.09,82.43,4.77,3.63,76.06,0.00,0.00,0.00,0.00,0.00,0.00,0.00,0.00,0.00,0.00,0.00,0.00,34.75,24.31,69.95,2026
EM00009682,Masud Rana,1325,Khulna,KH133-C,01,1,7.68,5.47,71.15,7.63,5.73,75.16,7.63,5.47,71.68,9.19,6.27,68.28,8.84,5.51,62.27,8.84,5.00,56.58,7.97,6.43,80.68,7.87,6.03,76.58,0.00,0.00,0.00,0.00,0.00,0.00,0.00,0.00,0.00,0.00,0.00,0.00,65.66,45.91,69.93,2026
EM00015038,Md. Abi Mahmud Onto,1319,Feni,FE071-B,01,1,9.26,5.97,64.55,9.19,6.20,67.46,9.19,6.16,67.01,10.72,6.88,64.11,10.17,6.54,64.27,10.17,7.05,69.34,9.31,7.57,81.35,9.17,7.60,82.84,0.00,0.00,0.00,0.00,0.00,0.00,0.00,0.00,0.00,0.00,0.00,0.00,77.18,53.96,69.92,2026
EM00015443,Md. Rakib Akon,1311,Dhanmondi,DH183-B,01,1,5.93,4.18,70.46,5.53,3.89,70.30,5.53,3.92,70.95,7.08,4.42,62.40,6.82,4.13,60.47,6.82,4.06,59.49,6.06,5.23,86.30,6.07,5.01,82.60,0.00,0.00,0.00,0.00,0.00,0.00,0.00,0.00,0.00,0.00,0.00,0.00,49.84,34.83,69.89,2026
EM00012049,Md. Salahuddin .,1312,Uttara,UT023-A,01,1,8.15,6.26,76.86,8.15,6.13,75.20,8.15,6.13,75.17,9.40,6.11,65.02,9.36,6.08,64.97,9.36,6.16,65.74,8.10,5.95,73.47,7.96,5.13,64.48,0.00,0.00,0.00,0.00,0.00,0.00,0.00,0.00,0.00,0.00,0.00,0.00,68.64,47.95,69.87,2026
EM00008138,Md. Masud Rana,1322,Rangpur,RN073-A,01,1,8.87,5.59,62.97,8.81,6.13,69.60,8.81,5.97,67.74,10.30,5.72,55.55,9.93,6.61,66.57,9.93,6.43,64.74,7.66,6.93,90.51,7.55,6.82,90.37,0.00,0.00,0.00,0.00,0.00,0.00,0.00,0.00,0.00,0.00,0.00,0.00,71.86,50.20,69.86,2026
EM00014457,Sharif Muhammad Kaiser,1316,Sylhet,SY072-B,01,1,8.58,5.68,66.17,8.52,6.84,80.28,8.52,6.12,71.87,10.06,7.38,73.37,9.70,5.67,58.49,9.70,6.15,63.42,8.94,7.25,81.12,8.81,5.77,65.56,0.00,0.00,0.00,0.00,0.00,0.00,0.00,0.00,0.00,0.00,0.00,0.00,72.84,50.88,69.86,2026
EM00013213,Md. Shamim Hosain,1320,Bogura,BO051-B,01,1,9.21,5.30,57.58,8.83,5.93,67.14,8.83,6.72,76.08,11.45,7.05,61.57,11.04,7.13,64.57,11.04,6.94,62.87,8.82,7.90,89.50,8.82,7.55,85.56,0.00,0.00,0.00,0.00,0.00,0.00,0.00,0.00,0.00,0.00,0.00,0.00,78.05,54.52,69.85,2026
EM00015688,Md. Jahidul Islam,1315,Chattogram,CH036-G,02,1,0.00,0.00,0.00,3.40,2.24,65.91,3.50,2.18,62.33,4.00,2.19,54.68,3.50,2.31,66.02,3.84,2.57,67.04,3.84,3.10,80.72,3.96,3.59,90.56,0.00,0.00,0.00,0.00,0.00,0.00,0.00,0.00,0.00,0.00,0.00,0.00,26.04,18.18,69.82,2026
EM00010692,Md. Liakat Sheikh,1323,Dinajpur,DI050-P,01,2,51.03,29.80,58.39,50.67,29.16,57.55,50.67,31.00,61.18,50.19,32.52,64.79,48.40,33.47,69.15,48.40,37.98,78.47,39.38,35.40,89.89,38.81,34.26,88.26,0.00,0.00,0.00,0.00,0.00,0.00,0.00,0.00,0.00,0.00,0.00,0.00,377.54,263.57,69.81,2026
EM00012813,Md. Mahfujur Rahman,1324,Jashore,JA021-B,01,1,8.22,5.53,67.22,8.16,5.37,65.83,8.16,5.64,69.05,9.99,5.85,58.49,9.65,5.99,62.09,9.65,6.84,70.96,8.04,7.14,88.79,7.97,6.39,80.19,0.00,0.00,0.00,0.00,0.00,0.00,0.00,0.00,0.00,0.00,0.00,0.00,69.84,48.75,69.79,2026
EM00015178,Evan Barua,1315,Chattogram,CH071-A,01,1,7.53,4.92,65.34,7.47,5.29,70.84,7.47,5.30,70.90,9.01,5.48,60.84,8.70,5.46,62.75,8.70,5.68,65.34,7.56,6.01,79.52,6.80,5.95,87.51,0.00,0.00,0.00,0.00,0.00,0.00,0.00,0.00,0.00,0.00,0.00,0.00,63.24,44.10,69.73,2026
EM00014919,Imran Hossen,1336,Keraniganj,KE061-A,01,1,6.10,4.04,66.22,6.06,4.83,79.78,6.06,4.43,73.08,7.07,4.24,59.96,6.81,4.52,66.42,6.81,4.76,69.81,6.01,4.33,71.96,6.06,4.39,72.43,0.00,0.00,0.00,0.00,0.00,0.00,0.00,0.00,0.00,0.00,0.00,0.00,50.99,35.54,69.70,2026
EM00015130,Saidul Islam,1316,Sylhet,SY041-B,01,1,8.18,5.29,64.67,8.12,5.27,64.86,8.12,5.18,63.76,10.01,6.33,63.27,9.11,5.93,65.11,9.11,5.38,59.07,7.71,7.03,91.24,7.60,6.94,91.36,0.00,0.00,0.00,0.00,0.00,0.00,0.00,0.00,0.00,0.00,0.00,0.00,67.94,47.35,69.68,2026
EM00014455,Md. Saifullah .,1336,Keraniganj,KE014-B,01,1,8.29,5.91,71.28,8.23,6.34,76.99,8.23,6.00,72.94,9.62,5.86,60.92,9.28,5.56,59.97,9.28,5.67,61.18,8.11,6.31,77.75,8.18,6.56,80.20,0.00,0.00,0.00,0.00,0.00,0.00,0.00,0.00,0.00,0.00,0.00,0.00,69.21,48.21,69.66,2026
EM00015939,Md. Abul Kalam Azad,1314,Mymensingh,MY121-A,01,1,0.00,0.00,0.00,0.00,0.00,0.00,0.00,0.00,0.00,8.67,5.07,58.52,8.54,5.46,63.89,8.54,5.48,64.08,6.95,5.72,82.29,6.85,5.83,85.05,0.00,0.00,0.00,0.00,0.00,0.00,0.00,0.00,0.00,0.00,0.00,0.00,39.56,27.56,69.65,2026
EM00014559,Md. Inzamamul Haque,1333,Moulvibazar,MO082-B,01,1,8.11,5.32,65.67,8.05,5.76,71.62,8.05,5.57,69.16,9.70,6.33,65.22,9.26,5.75,62.08,9.26,6.02,65.07,8.25,6.62,80.28,8.13,6.53,80.29,0.00,0.00,0.00,0.00,0.00,0.00,0.00,0.00,0.00,0.00,0.00,0.00,68.80,47.90,69.62,2026
EM00014084,Md. Sumon Miah,1328,Cox's Bazar,CO062-A,01,1,7.47,4.81,64.46,7.41,5.75,77.60,7.41,5.84,78.73,8.67,5.64,65.01,8.36,5.97,71.40,8.36,5.82,69.62,7.30,4.14,56.76,7.05,5.21,73.90,0.00,0.00,0.00,0.00,0.00,0.00,0.00,0.00,0.00,0.00,0.00,0.00,62.04,43.19,69.61,2026
EM00015634,Md. Mizanur Rahman,1329,Tangail,TA014-A,01,1,7.17,4.82,67.33,7.11,5.44,76.42,7.11,5.53,77.77,8.44,6.06,71.85,8.12,5.12,63.02,8.12,5.30,65.23,7.46,5.21,69.85,7.29,4.83,66.31,0.00,0.00,0.00,0.00,0.00,0.00,0.00,0.00,0.00,0.00,0.00,0.00,60.82,42.31,69.57,2026
EM00015960,Md. Habibur Rahman,1322,Rangpur,RN132-B,01,1,0.00,0.00,0.00,0.00,0.00,0.00,0.00,0.00,0.00,8.85,4.85,54.84,8.53,5.06,59.29,8.53,6.00,70.34,6.61,5.87,88.84,6.51,5.36,82.28,0.00,0.00,0.00,0.00,0.00,0.00,0.00,0.00,0.00,0.00,0.00,0.00,39.03,27.14,69.54,2026
EM00010386,Md. Shaifuddin Mia,1315,Chattogram,CH123-C,01,1,8.89,6.00,67.46,8.89,6.66,74.89,8.89,5.83,65.57,9.92,6.85,69.04,9.57,5.92,61.89,9.57,6.61,69.04,8.45,6.23,73.64,8.00,6.11,76.33,0.00,0.00,0.00,0.00,0.00,0.00,0.00,0.00,0.00,0.00,0.00,0.00,72.18,50.19,69.54,2026
EM00005705,Md. Alam Miah,1322,Rangpur,RN120-P,01,2,38.73,22.68,58.56,36.48,20.38,55.85,36.48,25.05,68.66,45.00,26.35,58.56,46.72,30.85,66.03,46.72,31.99,68.46,37.65,33.70,89.50,37.11,34.83,93.85,0.00,0.00,0.00,0.00,0.00,0.00,0.00,0.00,0.00,0.00,0.00,0.00,324.90,225.82,69.50,2026
EM00007901,Md. Robel,1315,Chattogram,CH201-B,01,1,9.56,6.69,69.96,9.49,6.75,71.08,9.49,7.15,75.34,11.30,7.17,63.42,10.91,7.14,65.46,10.91,7.45,68.30,9.96,7.68,77.16,9.57,6.40,66.88,0.00,0.00,0.00,0.00,0.00,0.00,0.00,0.00,0.00,0.00,0.00,0.00,81.19,56.43,69.50,2026
EM00014260,Md. Musfikur Rahman,1315,Chattogram,CH331-A,01,1,7.70,4.79,62.21,7.70,5.97,77.48,7.70,5.09,66.15,8.68,6.39,73.62,8.37,5.01,59.81,8.37,5.59,66.79,7.85,5.45,69.47,7.44,6.03,81.08,0.00,0.00,0.00,0.00,0.00,0.00,0.00,0.00,0.00,0.00,0.00,0.00,63.81,44.32,69.46,2026
EM00016113,Md. Rabiul Hossain,1315,Chattogram,CH071-B,01,1,0.00,0.00,0.00,0.00,0.00,0.00,0.00,0.00,0.00,0.00,0.00,0.00,7.74,4.67,60.34,7.74,4.67,60.28,6.96,5.39,77.52,6.22,5.17,83.00,0.00,0.00,0.00,0.00,0.00,0.00,0.00,0.00,0.00,0.00,0.00,0.00,28.66,19.90,69.42,2026
EM00005873,Md. Mozammel Haq,1315,Chattogram,CH202-C,01,1,9.23,5.70,61.72,9.16,6.89,75.23,9.16,6.55,71.45,11.04,8.13,73.59,10.66,7.52,70.55,10.66,7.26,68.13,9.87,7.23,73.22,9.49,5.75,60.63,0.00,0.00,0.00,0.00,0.00,0.00,0.00,0.00,0.00,0.00,0.00,0.00,79.27,55.02,69.41,2026
EM00016120,Abu Hanif,1320,Bogura,BO131-A,01,1,0.00,0.00,0.00,0.00,0.00,0.00,0.00,0.00,0.00,0.00,0.00,0.00,7.20,3.90,54.23,7.20,4.83,67.03,5.80,4.42,76.15,5.55,4.72,85.05,0.00,0.00,0.00,0.00,0.00,0.00,0.00,0.00,0.00,0.00,0.00,0.00,25.75,17.87,69.39,2026
EM00015374,Rubel Hossain,1327,Faridpur,FA021-B,01,1,5.92,3.54,59.79,5.88,3.52,59.95,5.88,3.71,63.22,7.23,4.39,60.73,6.58,4.65,70.74,6.58,5.07,77.12,5.96,5.05,84.69,5.59,4.47,79.91,0.00,0.00,0.00,0.00,0.00,0.00,0.00,0.00,0.00,0.00,0.00,0.00,49.61,34.41,69.36,2026
EM00016154,Aloke Mondal,1325,Khulna,KH051-B,01,1,0.00,0.00,0.00,0.00,0.00,0.00,0.00,0.00,0.00,0.00,0.00,0.00,8.99,5.14,57.19,8.99,5.74,63.86,8.09,6.23,77.08,7.80,6.36,81.45,0.00,0.00,0.00,0.00,0.00,0.00,0.00,0.00,0.00,0.00,0.00,0.00,33.86,23.46,69.30,2026
EM00012818,Mithun Paul,1319,Feni,FE021-A,01,1,7.72,5.41,70.11,7.66,5.87,76.65,7.66,5.45,71.14,8.61,5.65,65.61,8.30,5.01,60.32,8.30,5.47,65.88,7.77,5.84,75.18,7.66,5.39,70.31,0.00,0.00,0.00,0.00,0.00,0.00,0.00,0.00,0.00,0.00,0.00,0.00,63.68,44.09,69.23,2026
EM00015245,Pintu Biswas,1313,Narayanganj,NA132-A,01,1,8.59,6.12,71.24,8.53,6.47,75.81,8.53,6.46,75.76,9.97,5.85,58.72,9.60,5.66,58.95,9.60,6.47,67.39,8.55,6.76,79.12,8.81,6.17,70.04,0.00,0.00,0.00,0.00,0.00,0.00,0.00,0.00,0.00,0.00,0.00,0.00,72.18,49.97,69.23,2026
EM00008140,Mr. M. Shahadat Hosen Sagor,1315,Chattogram,CH102-A,01,1,8.18,6.18,75.47,8.18,6.03,73.72,8.18,4.99,60.95,8.97,5.10,56.90,8.65,5.72,66.10,8.65,4.86,56.16,8.25,6.84,82.89,7.99,6.69,83.74,0.00,0.00,0.00,0.00,0.00,0.00,0.00,0.00,0.00,0.00,0.00,0.00,67.06,46.41,69.20,2026
EM00016218,Amirul Islam,1314,Mymensingh,MY062-B,01,1,0.00,0.00,0.00,0.00,0.00,0.00,0.00,0.00,0.00,0.00,0.00,0.00,0.00,0.00,0.00,9.76,5.43,55.67,8.37,6.61,79.01,8.17,6.13,75.06,0.00,0.00,0.00,0.00,0.00,0.00,0.00,0.00,0.00,0.00,0.00,0.00,26.29,18.17,69.12,2026
EM00015099,Md. Sujan Mia,1320,Bogura,BO021-A,01,1,5.92,4.18,70.58,5.92,3.85,64.95,5.92,4.58,77.38,6.90,4.42,64.07,6.54,4.03,61.64,6.54,4.00,61.13,5.51,4.40,79.98,5.51,4.21,76.43,0.00,0.00,0.00,0.00,0.00,0.00,0.00,0.00,0.00,0.00,0.00,0.00,48.77,33.68,69.06,2026
EM00015471,Sharif Ahamed,1328,Cox's Bazar,CO021-A,01,1,7.19,5.26,73.07,7.14,5.41,75.78,7.14,5.07,70.94,8.22,5.35,65.07,7.92,5.72,72.29,7.92,4.63,58.45,6.89,4.64,67.40,6.66,4.70,70.54,0.00,0.00,0.00,0.00,0.00,0.00,0.00,0.00,0.00,0.00,0.00,0.00,59.09,40.78,69.02,2026
EM00011214,Md. Muzahidul Islam,1313,Narayanganj,NA053-B,01,1,9.26,6.72,72.61,9.26,6.70,72.36,9.26,6.26,67.65,10.28,6.37,61.94,9.91,5.58,56.33,9.91,7.01,70.81,8.98,7.24,80.59,9.21,6.61,71.72,0.00,0.00,0.00,0.00,0.00,0.00,0.00,0.00,0.00,0.00,0.00,0.00,76.06,52.49,69.01,2026
EM00015045,Imran Hossain,1316,Sylhet,SY123-C,01,1,6.09,3.96,65.03,6.04,3.95,65.34,6.04,4.66,77.11,7.22,4.35,60.18,6.97,4.44,63.67,6.97,4.91,70.43,6.48,4.72,72.81,6.38,5.02,78.70,0.00,0.00,0.00,0.00,0.00,0.00,0.00,0.00,0.00,0.00,0.00,0.00,52.18,35.99,68.97,2026
EM00008361,Md. Barek Khan,1323,Dinajpur,DI072-A,01,1,8.53,5.27,61.74,8.47,5.19,61.23,8.47,5.53,65.25,10.21,6.40,62.70,9.61,6.90,71.77,9.61,6.83,71.07,7.58,6.40,84.43,7.58,5.81,76.64,0.00,0.00,0.00,0.00,0.00,0.00,0.00,0.00,0.00,0.00,0.00,0.00,70.06,48.31,68.96,2026
EM00014187,Md. Mizanur Rahman,1316,Sylhet,SY011-A,01,1,4.30,2.68,62.31,4.27,3.01,70.43,4.27,2.71,63.38,5.23,3.28,62.78,4.96,3.12,62.93,4.96,3.74,75.32,4.40,3.29,74.85,4.34,3.49,80.46,0.00,0.00,0.00,0.00,0.00,0.00,0.00,0.00,0.00,0.00,0.00,0.00,36.73,25.32,68.93,2026
EM00016320,Md. Ashiqur Rahman,1332,B. Baria,BB091-B,01,1,0.00,0.00,0.00,0.00,0.00,0.00,0.00,0.00,0.00,0.00,0.00,0.00,0.00,0.00,0.00,7.56,4.89,64.67,7.37,5.05,68.50,7.26,5.35,73.60,0.00,0.00,0.00,0.00,0.00,0.00,0.00,0.00,0.00,0.00,0.00,0.00,22.19,15.28,68.86,2026
EM00016108,Md. Shovan Hossen,1330,Pabna,PB031-A,01,1,0.00,0.00,0.00,0.00,0.00,0.00,0.00,0.00,0.00,0.00,0.00,0.00,9.46,5.62,59.46,9.46,5.77,61.00,8.42,6.54,77.75,8.22,6.53,79.51,0.00,0.00,0.00,0.00,0.00,0.00,0.00,0.00,0.00,0.00,0.00,0.00,35.55,24.47,68.83,2026
EM00006617,Mr. Naba Kumar Mondal,1332,B. Baria,BB090-P,01,2,52.81,34.20,64.75,38.01,28.84,75.88,32.78,26.51,80.89,38.18,22.60,59.20,36.02,21.83,60.60,36.02,26.31,73.04,35.12,24.53,69.83,34.62,24.11,69.62,0.00,0.00,0.00,0.00,0.00,0.00,0.00,0.00,0.00,0.00,0.00,0.00,303.58,208.93,68.82,2026
EM00016318,Md. Zahidul Islam,1322,Rangpur,RN133-B,01,1,0.00,0.00,0.00,0.00,0.00,0.00,0.00,0.00,0.00,0.00,0.00,0.00,0.00,0.00,0.00,6.73,3.49,51.78,5.44,4.49,82.48,5.36,4.09,76.33,0.00,0.00,0.00,0.00,0.00,0.00,0.00,0.00,0.00,0.00,0.00,0.00,17.53,12.06,68.81,2026
EM00008920,Md. Mahbub Hosen,1336,Keraniganj,KE052-A,01,1,7.79,5.44,69.84,7.74,5.54,71.63,7.74,5.65,72.99,9.16,5.33,58.20,8.76,5.36,61.13,8.76,5.58,63.74,7.75,6.06,78.14,7.81,6.12,78.34,0.00,0.00,0.00,0.00,0.00,0.00,0.00,0.00,0.00,0.00,0.00,0.00,65.51,45.08,68.81,2026
EM00016111,Shahariar Asip Emon,1334,Kishoreganj,KI032-B,01,1,0.00,0.00,0.00,0.00,0.00,0.00,0.00,0.00,0.00,0.00,0.00,0.00,7.30,4.02,55.02,7.30,4.67,63.89,6.97,5.75,82.50,6.89,5.15,74.78,0.00,0.00,0.00,0.00,0.00,0.00,0.00,0.00,0.00,0.00,0.00,0.00,28.47,19.59,68.81,2026
EM00016274,Md. Juwel Rana,1327,Faridpur,FA021-D,11,1,0.00,0.00,0.00,0.00,0.00,0.00,0.00,0.00,0.00,0.00,0.00,0.00,0.00,0.00,0.00,9.49,6.17,65.05,9.13,5.15,56.43,6.38,5.87,92.06,0.00,0.00,0.00,0.00,0.00,0.00,0.00,0.00,0.00,0.00,0.00,0.00,24.99,17.19,68.79,2026
EM00007171,Md. Firozur Rahman,1334,Kishoreganj,KI071-A,01,1,6.44,4.05,62.93,6.44,4.43,68.81,6.44,4.26,66.22,8.03,5.22,64.99,7.78,4.90,62.94,7.78,5.43,69.81,6.97,5.26,75.47,6.89,5.48,79.54,0.00,0.00,0.00,0.00,0.00,0.00,0.00,0.00,0.00,0.00,0.00,0.00,56.75,39.02,68.76,2026
EM00006153,Md. Nurul Islam Khan,1315,Chattogram,CH231-C,01,1,9.19,5.60,60.91,9.03,5.89,65.28,9.03,6.90,76.46,10.86,7.38,67.89,10.46,7.53,71.97,10.46,6.51,62.18,9.51,7.25,76.23,8.99,6.24,69.44,0.00,0.00,0.00,0.00,0.00,0.00,0.00,0.00,0.00,0.00,0.00,0.00,77.54,53.30,68.74,2026
EM00015311,Subrata Kuamr Sarker,1316,Sylhet,SY101-C,01,1,7.26,4.18,57.54,6.71,4.42,65.86,6.71,4.84,72.23,8.24,5.71,69.24,7.94,4.82,60.78,7.94,5.48,69.10,7.02,5.92,84.33,6.92,4.98,71.96,0.00,0.00,0.00,0.00,0.00,0.00,0.00,0.00,0.00,0.00,0.00,0.00,58.72,40.34,68.71,2026
EM00015408,Md. Manirul Islam,1333,Moulvibazar,MO031-B,01,1,7.91,5.42,68.43,7.88,5.28,67.10,7.88,5.25,66.65,9.54,6.43,67.44,9.19,5.92,64.46,9.19,5.59,60.81,7.92,6.06,76.51,7.81,6.28,80.47,0.00,0.00,0.00,0.00,0.00,0.00,0.00,0.00,0.00,0.00,0.00,0.00,67.31,46.24,68.69,2026
EM00016015,Md. Farhad Hossen,1312,Uttara,UT014-D,11,1,0.00,0.00,0.00,0.00,0.00,0.00,0.00,0.00,0.00,5.26,3.16,60.15,4.59,3.47,75.57,4.59,3.32,72.30,5.22,3.40,65.27,4.99,3.56,71.29,0.00,0.00,0.00,0.00,0.00,0.00,0.00,0.00,0.00,0.00,0.00,0.00,24.64,16.91,68.62,2026
EM00015375,Md. Sazdur Rohaman,1326,Barishal,BA161-B,01,1,10.87,5.93,54.57,10.79,6.19,57.31,10.79,6.66,61.68,11.55,6.37,55.13,9.87,7.55,76.50,9.87,7.91,80.09,8.15,6.84,83.94,7.85,7.28,92.68,0.00,0.00,0.00,0.00,0.00,0.00,0.00,0.00,0.00,0.00,0.00,0.00,79.77,54.73,68.61,2026
EM00009816,Md. Rubel Hossain,1331,Chandpur,CA071-A,01,1,10.35,7.41,71.61,10.27,7.24,70.48,10.27,7.17,69.77,11.66,6.91,59.26,11.25,6.64,59.00,11.25,6.83,60.72,10.26,8.36,81.53,9.86,7.86,79.75,0.00,0.00,0.00,0.00,0.00,0.00,0.00,0.00,0.00,0.00,0.00,0.00,85.17,58.42,68.59,2026
EM00011395,Razib Roy,1316,Sylhet,SY151-C,01,1,9.66,6.89,71.35,9.59,6.81,70.96,9.59,7.52,78.39,11.46,7.83,68.31,11.04,7.69,69.63,11.04,6.31,57.19,9.75,7.09,72.69,9.61,5.93,61.69,0.00,0.00,0.00,0.00,0.00,0.00,0.00,0.00,0.00,0.00,0.00,0.00,81.74,56.06,68.58,2026
EM00014800,Md. Ranga Mia,1332,B. Baria,BB013-B,01,1,6.97,4.69,67.32,6.92,4.72,68.19,6.42,4.60,71.71,7.54,5.20,68.95,7.27,4.88,67.10,7.27,4.69,64.55,6.97,5.17,74.22,6.87,4.59,66.84,0.00,0.00,0.00,0.00,0.00,0.00,0.00,0.00,0.00,0.00,0.00,0.00,56.22,38.54,68.56,2026
EM00005362,Md. Musfiqur Rahman,1332,B. Baria,BB030-P,01,2,36.53,27.35,74.87,36.53,28.04,76.76,36.53,23.35,63.91,45.18,30.15,66.74,43.52,28.30,65.02,34.41,21.43,62.28,33.04,22.73,68.80,32.57,23.16,71.10,0.00,0.00,0.00,0.00,0.00,0.00,0.00,0.00,0.00,0.00,0.00,0.00,298.30,204.50,68.56,2026
EM00015704,Tota Hossain,1328,Cox's Bazar,CO013-G,02,1,0.00,0.00,0.00,5.00,1.36,27.22,4.10,2.76,67.37,4.40,3.11,70.76,4.00,3.05,76.34,4.39,3.36,76.58,4.39,3.46,78.78,4.60,4.05,88.13,0.00,0.00,0.00,0.00,0.00,0.00,0.00,0.00,0.00,0.00,0.00,0.00,30.88,21.16,68.54,2026
EM00007357,Md. Maniruzzaman,1330,Pabna,PB032-B,01,1,8.20,4.16,50.78,8.14,4.96,60.95,8.14,5.71,70.13,10.50,6.37,60.67,9.76,6.46,66.17,9.76,6.49,66.49,8.77,7.94,90.60,8.77,7.24,82.64,0.00,0.00,0.00,0.00,0.00,0.00,0.00,0.00,0.00,0.00,0.00,0.00,72.03,49.34,68.49,2026
EM00013729,Kamrul Islam,1314,Mymensingh,MY052-A,01,1,6.88,4.25,61.77,6.83,5.83,85.33,6.83,5.48,80.26,8.03,5.80,72.28,7.73,4.25,54.94,7.73,4.73,61.13,6.43,4.67,72.62,6.33,3.86,61.06,0.00,0.00,0.00,0.00,0.00,0.00,0.00,0.00,0.00,0.00,0.00,0.00,56.79,38.87,68.44,2026
EM00007519,Md. Abdul Hai,1310,Paltan,PA260-P,01,2,51.79,38.36,74.05,51.43,39.51,76.82,51.43,39.21,76.24,66.78,36.75,55.03,64.37,36.52,56.73,64.37,39.52,61.39,51.07,39.28,76.91,52.54,41.40,78.80,0.00,0.00,0.00,0.00,0.00,0.00,0.00,0.00,0.00,0.00,0.00,0.00,453.78,310.54,68.43,2026
EM00008230,Md. Ruhul Amin,1313,Narayanganj,NA011-A,01,1,7.89,5.28,66.99,6.98,5.27,75.51,6.98,5.26,75.39,8.12,4.98,61.31,7.81,5.14,65.86,7.81,5.09,65.13,6.90,4.70,68.13,7.07,5.01,70.83,0.00,0.00,0.00,0.00,0.00,0.00,0.00,0.00,0.00,0.00,0.00,0.00,59.57,40.74,68.39,2026
EM00015138,Sabbir Hosen,1328,Cox's Bazar,CO011-B,01,1,7.43,4.71,63.39,7.38,4.93,66.81,7.38,4.19,56.77,8.61,5.05,58.66,8.30,4.68,56.47,8.30,5.91,71.22,7.43,6.50,87.55,7.17,6.42,89.52,0.00,0.00,0.00,0.00,0.00,0.00,0.00,0.00,0.00,0.00,0.00,0.00,61.98,42.39,68.39,2026
EM00015455,Md. Ashaduzzaman,1322,Rangpur,RN113-A,01,1,6.43,3.58,55.65,6.38,3.92,61.44,6.38,4.50,70.43,8.02,5.10,63.69,7.72,4.66,60.39,7.72,5.22,67.53,6.27,5.40,86.17,6.02,5.19,86.30,0.00,0.00,0.00,0.00,0.00,0.00,0.00,0.00,0.00,0.00,0.00,0.00,54.94,37.57,68.38,2026
EM00013726,Jasim Uddin,1334,Kishoreganj,KI042-C,01,1,7.61,5.80,76.20,7.65,5.25,68.57,7.65,5.11,66.78,9.43,5.29,56.05,8.84,5.70,64.49,8.84,6.59,74.60,8.52,6.30,73.97,8.41,5.71,67.87,0.00,0.00,0.00,0.00,0.00,0.00,0.00,0.00,0.00,0.00,0.00,0.00,66.95,45.75,68.32,2026
EM00016127,Iran Ali,1314,Mymensingh,MY094-C,01,1,0.00,0.00,0.00,0.00,0.00,0.00,0.00,0.00,0.00,0.00,0.00,0.00,7.55,4.73,62.62,7.55,4.68,61.99,6.83,5.32,77.86,6.63,4.77,72.05,0.00,0.00,0.00,0.00,0.00,0.00,0.00,0.00,0.00,0.00,0.00,0.00,28.56,19.50,68.28,2026
EM00013851,Mohammad Belayet Hossen,1332,B. Baria,BB031-B,01,1,6.96,5.36,77.01,6.91,4.91,71.15,6.65,4.04,60.70,7.49,4.21,56.21,7.02,4.10,58.43,7.02,4.81,68.54,6.64,5.33,80.29,6.55,4.95,75.62,0.00,0.00,0.00,0.00,0.00,0.00,0.00,0.00,0.00,0.00,0.00,0.00,55.24,37.72,68.28,2026
EM00012536,Prokash Kumar,1321,Rajshahi,RA034-C,01,1,8.01,5.05,63.00,7.95,5.41,68.05,7.95,5.78,72.68,9.90,6.15,62.16,9.54,5.85,61.29,9.54,5.83,61.16,8.14,6.50,79.86,7.83,6.42,82.05,0.00,0.00,0.00,0.00,0.00,0.00,0.00,0.00,0.00,0.00,0.00,0.00,68.85,46.99,68.25,2026
EM00016353,Md. Nayeem Hossain,1326,Barishal,BA111-B,01,1,0.00,0.00,0.00,0.00,0.00,0.00,0.00,0.00,0.00,0.00,0.00,0.00,0.00,0.00,0.00,0.00,0.00,0.00,7.53,4.63,61.47,7.34,5.52,75.20,0.00,0.00,0.00,0.00,0.00,0.00,0.00,0.00,0.00,0.00,0.00,0.00,14.87,10.15,68.25,2026
EM00016400,Kaimul Islam,1316,Sylhet,SY012-D,11,1,0.00,0.00,0.00,0.00,0.00,0.00,0.00,0.00,0.00,0.00,0.00,0.00,0.00,0.00,0.00,0.00,0.00,0.00,0.00,0.00,0.00,3.38,2.31,68.24,0.00,0.00,0.00,0.00,0.00,0.00,0.00,0.00,0.00,0.00,0.00,0.00,3.38,2.31,68.24,2026
EM00012057,Md. Mizanur Rahman,1323,Dinajpur,DI073-B,01,1,8.03,4.58,57.03,7.97,4.84,60.76,7.97,5.59,70.18,9.74,6.40,65.73,9.74,6.45,66.27,9.74,6.19,63.61,7.61,6.39,84.04,7.53,6.15,81.71,0.00,0.00,0.00,0.00,0.00,0.00,0.00,0.00,0.00,0.00,0.00,0.00,68.30,46.60,68.22,2026
EM00013781,Md. Saddam Hossain,1323,Dinajpur,DI021-B,01,1,5.24,2.88,55.08,5.20,3.07,59.13,5.20,3.60,69.20,6.41,3.68,57.42,6.18,3.98,64.43,6.18,4.17,67.48,5.32,4.76,89.41,5.25,4.53,86.38,0.00,0.00,0.00,0.00,0.00,0.00,0.00,0.00,0.00,0.00,0.00,0.00,44.97,30.68,68.22,2026
EM00014895,Md. Sona Mia,1326,Barishal,BA164-C,01,1,7.22,4.88,67.51,7.17,4.76,66.39,7.17,5.45,76.02,8.57,4.50,52.49,8.26,5.61,67.93,8.26,5.41,65.50,6.95,5.72,82.25,6.95,4.98,71.70,0.00,0.00,0.00,0.00,0.00,0.00,0.00,0.00,0.00,0.00,0.00,0.00,60.57,41.32,68.22,2026
EM00011398,Md. Selim Reja,1326,Barishal,BA092-A,01,1,8.69,4.72,54.29,8.63,5.53,64.15,8.63,6.15,71.27,10.70,6.37,59.56,10.32,6.01,58.19,10.32,7.47,72.41,8.00,6.17,77.16,7.86,7.46,94.98,0.00,0.00,0.00,0.00,0.00,0.00,0.00,0.00,0.00,0.00,0.00,0.00,73.14,49.89,68.21,2026
EM00004511,Mr. Nurul Afser,1315,Chattogram,CH020-P,01,2,37.14,25.20,67.84,43.89,31.20,71.08,43.89,32.29,73.56,52.18,32.32,61.93,50.33,32.56,64.70,50.33,32.52,64.61,47.28,32.68,69.11,45.04,33.44,74.25,0.00,0.00,0.00,0.00,0.00,0.00,0.00,0.00,0.00,0.00,0.00,0.00,370.10,252.21,68.15,2026
EM00014123,Md. Shariful Islam,1311,Dhanmondi,DH033-V,04,1,6.55,5.94,90.61,7.25,5.67,78.17,7.41,3.54,47.74,7.90,5.98,75.75,7.90,5.78,73.12,8.55,5.59,65.39,8.88,5.36,60.41,9.54,5.72,59.97,0.00,0.00,0.00,0.00,0.00,0.00,0.00,0.00,0.00,0.00,0.00,0.00,63.98,43.58,68.11,2026
EM00007241,Md. Delwar Hossain,1331,Chandpur,CA060-P,01,2,46.77,34.14,73.00,46.43,35.44,76.33,46.43,36.21,77.99,51.69,32.96,63.76,49.83,31.03,62.28,49.83,31.50,63.23,46.67,28.98,62.10,44.95,30.31,67.43,0.00,0.00,0.00,0.00,0.00,0.00,0.00,0.00,0.00,0.00,0.00,0.00,382.60,260.58,68.11,2026
EM00012893,Md. Abdul Jalil,1320,Bogura,BO161-B,01,1,7.01,4.51,64.42,6.99,4.08,58.32,6.99,5.05,72.21,7.79,6.09,78.19,7.38,4.16,56.37,7.38,3.88,52.53,6.24,4.99,79.93,6.24,5.40,86.51,0.00,0.00,0.00,0.00,0.00,0.00,0.00,0.00,0.00,0.00,0.00,0.00,56.02,38.15,68.11,2026
EM00015214,Apurba Biswas,1320,Bogura,BO023-B,01,1,5.18,2.62,50.64,5.08,2.57,50.63,5.08,3.34,65.72,6.39,3.47,54.33,5.91,3.62,61.27,5.91,3.56,60.23,4.63,4.91,106.01,4.63,5.06,109.28,0.00,0.00,0.00,0.00,0.00,0.00,0.00,0.00,0.00,0.00,0.00,0.00,42.82,29.16,68.10,2026
EM00016114,Md. Amran Hosen,1326,Barishal,BA154-C,01,1,0.00,0.00,0.00,0.00,0.00,0.00,0.00,0.00,0.00,0.00,0.00,0.00,9.00,5.00,55.51,9.00,5.50,61.13,6.50,5.01,77.01,6.57,5.65,85.93,0.00,0.00,0.00,0.00,0.00,0.00,0.00,0.00,0.00,0.00,0.00,0.00,31.07,21.15,68.07,2026
EM00006842,Md. Jamilur Rahman,1322,Rangpur,RN070-P,01,2,53.22,39.73,74.65,52.83,36.67,69.41,52.83,40.03,75.77,62.86,36.26,57.68,60.59,38.07,62.83,60.59,38.41,63.39,34.51,24.44,70.83,34.02,26.37,77.51,0.00,0.00,0.00,0.00,0.00,0.00,0.00,0.00,0.00,0.00,0.00,0.00,411.45,279.97,68.05,2026
EM00012543,Mohammad Mokbul Hossen,1328,Cox's Bazar,CO032-B,01,1,8.87,5.57,62.77,8.81,6.64,75.34,8.81,6.16,69.93,10.40,6.46,62.12,10.03,6.55,65.34,10.03,6.95,69.26,9.77,7.34,75.12,8.91,5.79,64.98,0.00,0.00,0.00,0.00,0.00,0.00,0.00,0.00,0.00,0.00,0.00,0.00,75.63,51.46,68.04,2026
EM00011625,Md. Mahmudul Hasan,1327,Faridpur,FA070-P,01,2,42.71,27.76,64.99,42.40,26.77,63.14,42.40,30.14,71.07,51.28,31.01,60.47,49.42,30.62,61.97,49.42,32.96,66.69,43.99,34.79,79.10,41.99,33.31,79.34,0.00,0.00,0.00,0.00,0.00,0.00,0.00,0.00,0.00,0.00,0.00,0.00,363.60,247.36,68.03,2026
EM00015218,Md. Mamin Islam,1320,Bogura,BO062-B,01,1,5.80,3.79,65.40,5.57,3.92,70.44,5.57,3.82,68.62,7.00,4.06,58.01,6.64,3.67,55.25,6.64,3.93,59.18,5.02,4.32,85.90,5.02,4.64,92.37,0.00,0.00,0.00,0.00,0.00,0.00,0.00,0.00,0.00,0.00,0.00,0.00,47.25,32.14,68.03,2026
EM00015447,Md. Masiur Rahman,1318,Noakhali,NO141-B,01,1,9.52,5.99,62.91,9.45,5.60,59.27,9.45,6.28,66.51,11.40,6.60,57.91,9.72,7.07,72.72,9.72,6.65,68.48,9.05,7.24,80.01,8.75,6.97,79.67,0.00,0.00,0.00,0.00,0.00,0.00,0.00,0.00,0.00,0.00,0.00,0.00,77.05,52.41,68.02,2026
EM00008201,Md. Rassel Uddin,1319,Feni,FE043-A,01,1,7.87,5.59,71.08,7.81,5.15,65.87,7.81,5.02,64.30,9.00,7.06,78.49,8.68,4.74,54.66,8.68,5.46,62.88,8.11,5.76,71.07,7.90,6.00,75.96,0.00,0.00,0.00,0.00,0.00,0.00,0.00,0.00,0.00,0.00,0.00,0.00,65.87,44.80,68.01,2026
EM00010405,Niranzan Kumer,1312,Uttara,UT040-P,01,2,66.66,52.31,78.48,66.19,46.70,70.55,66.19,43.93,66.37,76.75,43.73,56.98,73.89,41.73,56.48,73.89,45.86,62.06,63.46,51.80,81.63,62.55,47.67,76.21,0.00,0.00,0.00,0.00,0.00,0.00,0.00,0.00,0.00,0.00,0.00,0.00,549.57,373.73,68.00,2026
EM00016419,Md. Rakibullah Fakir Porag,1333,Moulvibazar,MO031-A,01,1,0.00,0.00,0.00,0.00,0.00,0.00,0.00,0.00,0.00,0.00,0.00,0.00,0.00,0.00,0.00,0.00,0.00,0.00,7.44,4.70,63.13,7.34,5.34,72.82,0.00,0.00,0.00,0.00,0.00,0.00,0.00,0.00,0.00,0.00,0.00,0.00,14.78,10.04,67.94,2026
EM00015031,Md. Abdul Qayyum,1310,Paltan,PA152-A,01,1,5.83,4.53,77.68,5.79,4.06,70.18,5.79,4.30,74.23,7.57,4.03,53.24,7.29,4.32,59.29,7.29,4.43,60.79,5.70,4.51,79.17,5.65,4.39,77.72,0.00,0.00,0.00,0.00,0.00,0.00,0.00,0.00,0.00,0.00,0.00,0.00,50.91,34.58,67.92,2026
EM00016012,Saiful Islam,1316,Sylhet,SY022-D,11,1,0.00,0.00,0.00,0.00,0.00,0.00,0.00,0.00,0.00,0.00,0.00,0.00,0.00,0.00,0.00,0.00,0.00,0.00,0.00,0.00,0.00,4.49,3.05,67.91,0.00,0.00,0.00,0.00,0.00,0.00,0.00,0.00,0.00,0.00,0.00,0.00,4.49,3.05,67.91,2026
EM00013733,Md. Omar Farouk,1311,Dhanmondi,DH150-P,01,2,22.33,15.13,67.74,21.33,14.23,66.71,21.33,13.76,64.50,27.87,16.52,59.28,26.82,15.45,57.61,26.82,18.39,68.58,25.34,19.87,78.40,24.98,20.27,81.12,0.00,0.00,0.00,0.00,0.00,0.00,0.00,0.00,0.00,0.00,0.00,0.00,196.82,133.61,67.88,2026
EM00015117,Md. Shahriar Alam,1336,Keraniganj,KE051-B,01,1,8.06,5.92,73.41,8.00,6.00,75.01,8.00,5.43,67.88,9.34,5.24,56.14,8.99,5.88,65.40,8.99,5.73,63.76,7.74,5.72,73.97,7.80,5.49,70.40,0.00,0.00,0.00,0.00,0.00,0.00,0.00,0.00,0.00,0.00,0.00,0.00,66.91,45.41,67.87,2026
EM00016162,Md. Sabbir Hossain Shovon,1310,Paltan,PA241-B,01,1,0.00,0.00,0.00,0.00,0.00,0.00,0.00,0.00,0.00,0.00,0.00,0.00,7.81,4.53,58.01,7.81,4.05,51.90,6.60,5.67,85.84,6.60,5.31,80.39,0.00,0.00,0.00,0.00,0.00,0.00,0.00,0.00,0.00,0.00,0.00,0.00,28.82,19.56,67.86,2026
EM00013518,Joyram Banik,1328,Cox's Bazar,CO061-B,01,1,8.45,5.42,64.07,8.39,5.45,64.94,8.39,5.94,70.77,10.16,5.05,49.68,9.81,6.51,66.40,9.81,6.31,64.33,7.30,6.12,83.86,7.31,6.43,88.07,0.00,0.00,0.00,0.00,0.00,0.00,0.00,0.00,0.00,0.00,0.00,0.00,69.61,47.23,67.84,2026
EM00015167,Md. Obaidur Rahman,1336,Keraniganj,KE013-A,01,1,6.54,4.15,63.53,6.49,4.56,70.20,6.49,4.03,62.02,7.81,4.40,56.34,7.35,4.67,63.55,7.35,4.99,67.88,6.25,5.03,80.49,6.30,5.18,82.22,0.00,0.00,0.00,0.00,0.00,0.00,0.00,0.00,0.00,0.00,0.00,0.00,54.58,37.01,67.80,2026
EM00015315,Sumon Miah,1318,Noakhali,NO104-C,01,1,9.13,6.01,65.84,9.04,5.42,59.91,9.04,6.32,69.90,10.81,6.51,60.28,9.96,6.24,62.66,9.96,6.26,62.91,3.74,3.75,100.23,3.76,3.83,101.91,0.00,0.00,0.00,0.00,0.00,0.00,0.00,0.00,0.00,0.00,0.00,0.00,65.44,44.35,67.77,2026
EM00014203,Sohel Rana,1315,Chattogram,CH114-B,01,1,7.11,4.59,64.67,7.11,4.90,68.90,7.11,4.79,67.46,8.15,4.83,59.27,7.85,5.27,67.11,7.85,5.75,73.24,7.65,5.48,71.67,7.25,5.08,70.11,0.00,0.00,0.00,0.00,0.00,0.00,0.00,0.00,0.00,0.00,0.00,0.00,60.07,40.70,67.75,2026
EM00015606,Md. Osman goni,1311,Dhanmondi,DH032-D,11,1,0.00,0.00,0.00,0.00,0.00,0.00,0.00,0.00,0.00,11.01,6.91,62.76,9.91,6.38,64.41,9.91,6.65,67.10,11.15,7.77,69.67,9.31,7.04,75.61,0.00,0.00,0.00,0.00,0.00,0.00,0.00,0.00,0.00,0.00,0.00,0.00,51.30,34.76,67.75,2026
EM00016121,Md Rasel Miah,1327,Faridpur,FA064-A,01,1,0.00,0.00,0.00,0.00,0.00,0.00,0.00,0.00,0.00,0.00,0.00,0.00,9.10,5.77,63.40,9.10,5.68,62.45,8.14,5.72,70.36,7.76,5.91,76.17,0.00,0.00,0.00,0.00,0.00,0.00,0.00,0.00,0.00,0.00,0.00,0.00,34.10,23.09,67.71,2026
EM00010858,Md. Shakawat Hossain,1315,Chattogram,CH022-A,01,1,8.59,5.72,66.55,8.53,5.51,64.61,8.53,6.02,70.63,10.48,6.71,64.04,10.11,6.62,65.52,10.11,6.70,66.32,9.40,6.51,69.31,8.96,6.76,75.48,0.00,0.00,0.00,0.00,0.00,0.00,0.00,0.00,0.00,0.00,0.00,0.00,74.70,50.56,67.69,2026
EM00015974,Liton Sharma,1323,Dinajpur,DI045-C,01,1,0.00,0.00,0.00,0.00,0.00,0.00,0.00,0.00,0.00,7.65,3.57,46.63,7.50,4.12,54.93,7.50,5.35,71.34,6.11,5.44,88.96,6.11,5.12,83.86,0.00,0.00,0.00,0.00,0.00,0.00,0.00,0.00,0.00,0.00,0.00,0.00,34.86,23.59,67.67,2026
EM00004797,Md. Shahadul Islam,1311,Dhanmondi,DH280-P,01,2,33.64,24.28,72.18,32.69,26.23,80.23,32.69,22.13,67.68,40.97,24.78,60.48,39.48,23.42,59.32,39.48,24.99,63.29,37.25,26.73,71.75,36.71,25.67,69.92,0.00,0.00,0.00,0.00,0.00,0.00,0.00,0.00,0.00,0.00,0.00,0.00,292.92,198.22,67.67,2026
EM00014190,Arif Ahmmed,1333,Moulvibazar,MO021-A,01,1,9.09,6.87,75.57,9.02,6.14,68.04,9.02,6.75,74.77,10.80,6.50,60.21,10.73,6.60,61.47,10.73,6.68,62.23,9.53,6.74,70.74,9.40,6.72,71.47,0.00,0.00,0.00,0.00,0.00,0.00,0.00,0.00,0.00,0.00,0.00,0.00,78.33,52.99,67.65,2026
EM00014697,Khan Mohammad Sheartaj,1313,Narayanganj,NA011-B,01,1,7.44,5.16,69.31,6.74,5.53,82.03,6.74,4.97,73.82,7.65,4.78,62.46,7.35,4.85,65.99,7.35,4.55,61.93,6.89,4.74,68.81,7.06,4.11,58.25,0.00,0.00,0.00,0.00,0.00,0.00,0.00,0.00,0.00,0.00,0.00,0.00,57.22,38.70,67.62,2026
EM00016512,Md Mominul Islam,1333,Moulvibazar,MO013-V,04,1,0.00,0.00,0.00,0.00,0.00,0.00,0.00,0.00,0.00,0.00,0.00,0.00,0.00,0.00,0.00,0.00,0.00,0.00,0.00,0.00,0.00,8.60,5.82,67.62,0.00,0.00,0.00,0.00,0.00,0.00,0.00,0.00,0.00,0.00,0.00,0.00,8.60,5.82,67.62,2026
EM00016477,Md. Milton Karim,1332,B. Baria,BB092-B,01,1,0.00,0.00,0.00,0.00,0.00,0.00,0.00,0.00,0.00,0.00,0.00,0.00,0.00,0.00,0.00,0.00,0.00,0.00,0.00,0.00,0.00,10.02,6.78,67.60,0.00,0.00,0.00,0.00,0.00,0.00,0.00,0.00,0.00,0.00,0.00,0.00,10.02,6.78,67.60,2026
EM00005950,Md. Ahsan Mia,1315,Chattogram,CH110-P,01,2,48.38,32.33,66.82,47.58,33.93,71.31,47.58,32.88,69.10,54.18,31.96,58.99,52.21,33.95,65.02,52.21,35.00,67.02,48.96,33.92,69.27,46.41,34.77,74.92,0.00,0.00,0.00,0.00,0.00,0.00,0.00,0.00,0.00,0.00,0.00,0.00,397.52,268.73,67.60,2026
EM00014535,Kamrul Hasan,1315,Chattogram,CH313-C,01,1,9.17,5.57,60.80,9.10,6.45,70.90,9.10,7.35,80.72,11.13,7.62,68.48,10.74,6.94,64.64,10.74,6.38,59.41,9.80,7.03,71.68,9.23,6.05,65.60,0.00,0.00,0.00,0.00,0.00,0.00,0.00,0.00,0.00,0.00,0.00,0.00,79.02,53.40,67.58,2026
EM00013809,Md. Maksudur Rahman,1318,Noakhali,NO083-C,01,1,7.33,4.29,58.62,7.27,4.86,66.76,7.27,5.28,72.53,8.78,5.86,66.79,8.45,6.06,71.67,8.45,5.70,67.47,8.09,5.54,68.43,7.85,5.32,67.80,0.00,0.00,0.00,0.00,0.00,0.00,0.00,0.00,0.00,0.00,0.00,0.00,63.49,42.91,67.58,2026
EM00014407,Arman Khandokar,1324,Jashore,JA052-B,01,1,7.75,4.91,63.40,7.69,5.25,68.30,7.69,5.22,67.84,9.44,5.46,57.82,9.10,5.28,58.04,9.10,6.31,69.33,8.00,6.37,79.63,7.83,6.14,78.46,0.00,0.00,0.00,0.00,0.00,0.00,0.00,0.00,0.00,0.00,0.00,0.00,66.61,44.95,67.49,2026
EM00015565,Md. Hamidul Islam Sawon,1325,JSR+KHL,KH012-N,03,1,3.50,0.00,0.00,3.50,1.85,52.87,3.25,2.69,82.79,3.50,3.55,101.56,3.60,2.91,80.72,3.60,3.01,83.68,4.50,3.10,68.86,4.50,3.10,68.80,0.00,0.00,0.00,0.00,0.00,0.00,0.00,0.00,0.00,0.00,0.00,0.00,29.95,20.21,67.47,2026
EM00016245,Titash Ahmed,1335,Kushtia,KU021-A,01,1,0.00,0.00,0.00,0.00,0.00,0.00,0.00,0.00,0.00,0.00,0.00,0.00,0.00,0.00,0.00,6.04,3.52,58.31,5.02,3.65,72.63,5.06,3.70,73.13,0.00,0.00,0.00,0.00,0.00,0.00,0.00,0.00,0.00,0.00,0.00,0.00,16.12,10.87,67.42,2026
EM00015950,Md. Masud Rana,1311,Dhanmondi,DH263-A,01,1,0.00,0.00,0.00,0.00,0.00,0.00,0.00,0.00,0.00,9.81,5.99,61.02,9.40,6.11,64.94,9.40,6.22,66.17,8.68,6.26,72.11,8.55,6.32,73.91,0.00,0.00,0.00,0.00,0.00,0.00,0.00,0.00,0.00,0.00,0.00,0.00,45.86,30.90,67.39,2026
EM00015725,Rakesh Ghosh,1311,Dhanmondi,DH062-B,01,1,0.00,0.00,0.00,1.90,1.11,58.46,1.90,1.36,71.72,2.78,1.42,51.06,2.67,1.36,50.98,2.67,1.68,63.02,2.25,2.07,91.64,2.20,2.03,92.20,0.00,0.00,0.00,0.00,0.00,0.00,0.00,0.00,0.00,0.00,0.00,0.00,16.38,11.04,67.37,2026
EM00015563,Enamul Hoque,1336,PLT+DNM+KRN,DH031-N,03,1,6.30,5.02,79.72,6.30,4.69,74.39,6.00,4.80,79.93,6.30,3.60,57.14,6.50,5.68,87.45,6.50,3.65,56.17,6.70,3.80,56.77,6.70,3.30,49.27,0.00,0.00,0.00,0.00,0.00,0.00,0.00,0.00,0.00,0.00,0.00,0.00,51.30,34.54,67.34,2026
EM00005904,Mr. Apurba Kumar Kundu,1315,Chattogram,CH023-C,01,1,7.99,5.71,71.44,7.93,5.42,68.31,7.93,5.55,70.01,9.49,5.57,58.71,9.16,5.88,64.19,9.16,5.87,64.16,8.57,5.87,68.50,8.16,6.18,75.64,0.00,0.00,0.00,0.00,0.00,0.00,0.00,0.00,0.00,0.00,0.00,0.00,68.40,46.06,67.33,2026
EM00013696,Sourav Saha,1311,Dhanmondi,DH122-A,01,1,6.99,5.51,78.87,6.96,5.64,81.10,6.96,3.95,56.84,8.54,5.49,64.29,8.23,4.47,54.29,8.23,5.17,62.84,7.56,5.42,71.68,7.45,5.35,71.82,0.00,0.00,0.00,0.00,0.00,0.00,0.00,0.00,0.00,0.00,0.00,0.00,60.91,41.01,67.32,2026
EM00016124,Masud Rana,1322,Rangpur,RN063-B,01,1,0.00,0.00,0.00,0.00,0.00,0.00,0.00,0.00,0.00,0.00,0.00,0.00,9.78,3.61,36.90,9.78,5.37,54.93,7.37,6.76,91.83,7.26,7.26,99.97,0.00,0.00,0.00,0.00,0.00,0.00,0.00,0.00,0.00,0.00,0.00,0.00,34.20,23.01,67.28,2026
EM00009905,Md. Jahangir Alam,1318,Noakhali,NO081-B,01,1,8.45,5.31,62.88,8.39,6.31,75.25,8.39,5.76,68.72,9.91,6.42,64.77,9.54,7.23,75.73,9.54,5.93,62.10,9.13,6.31,69.14,8.86,5.29,59.73,0.00,0.00,0.00,0.00,0.00,0.00,0.00,0.00,0.00,0.00,0.00,0.00,72.20,48.56,67.26,2026
EM00006137,Md. Dulal Miah,1322,Rangpur,RN123-C,01,1,10.36,6.64,64.05,10.36,7.27,70.13,10.36,6.49,62.64,13.35,7.24,54.26,12.87,7.06,54.84,12.87,8.31,64.55,9.34,8.18,87.59,9.20,8.47,91.98,0.00,0.00,0.00,0.00,0.00,0.00,0.00,0.00,0.00,0.00,0.00,0.00,88.73,59.66,67.23,2026
EM00015356,Md. Kamrul Hasan,1315,Chattogram,CH045-C,01,1,8.83,5.91,66.86,8.77,5.90,67.21,8.77,6.13,69.90,10.71,7.51,70.11,9.83,6.59,66.98,9.83,6.30,64.09,9.21,6.40,69.48,8.94,5.62,62.91,0.00,0.00,0.00,0.00,0.00,0.00,0.00,0.00,0.00,0.00,0.00,0.00,74.90,50.35,67.23,2026
EM00015395,Suaibur Rahman,1311,Dhanmondi,DH141-B,01,1,6.34,3.73,58.77,6.09,3.71,60.85,6.09,3.55,58.25,8.13,4.37,53.73,7.84,4.32,55.11,7.84,4.51,57.51,6.64,6.75,101.79,6.54,6.38,97.57,0.00,0.00,0.00,0.00,0.00,0.00,0.00,0.00,0.00,0.00,0.00,0.00,55.51,37.31,67.22,2026
EM00012747,Md. Jalil Miah,1312,Uttara,UT082-A,01,1,10.13,8.06,79.63,10.06,8.31,82.56,10.06,7.40,73.61,11.94,6.95,58.26,11.42,7.47,65.42,11.42,5.98,52.34,10.82,6.70,61.93,10.14,6.92,68.23,0.00,0.00,0.00,0.00,0.00,0.00,0.00,0.00,0.00,0.00,0.00,0.00,85.98,57.79,67.22,2026
EM00011189,Md. Sohel Rana,1323,Dinajpur,DI020-P,01,2,50.15,30.15,60.11,49.79,31.70,63.67,49.79,32.97,66.21,59.87,35.56,59.40,43.36,28.26,65.17,43.36,29.32,67.61,35.06,30.42,86.78,34.56,27.61,79.88,0.00,0.00,0.00,0.00,0.00,0.00,0.00,0.00,0.00,0.00,0.00,0.00,365.94,245.98,67.22,2026
EM00016315,Md. Sahin Mia,1315,Chattogram,CH233-C,01,1,0.00,0.00,0.00,0.00,0.00,0.00,0.00,0.00,0.00,0.00,0.00,0.00,0.00,0.00,0.00,9.62,5.42,56.28,8.81,6.34,71.93,8.43,6.29,74.60,0.00,0.00,0.00,0.00,0.00,0.00,0.00,0.00,0.00,0.00,0.00,0.00,26.87,18.04,67.16,2026
EM00016489,Md. Abdus Salek,1323,Dinajpur,DI015-D,11,1,0.00,0.00,0.00,0.00,0.00,0.00,0.00,0.00,0.00,0.00,0.00,0.00,0.00,0.00,0.00,0.00,0.00,0.00,0.00,0.00,0.00,2.20,1.48,67.09,0.00,0.00,0.00,0.00,0.00,0.00,0.00,0.00,0.00,0.00,0.00,0.00,2.20,1.48,67.09,2026
EM00013692,Md. Abdur Rab,1310,Paltan,PA081-B,01,1,7.45,5.21,69.97,7.39,5.30,71.70,7.39,5.02,67.92,9.38,4.96,52.88,9.05,4.59,50.71,9.05,5.15,56.94,6.81,6.04,88.76,6.92,6.25,90.33,0.00,0.00,0.00,0.00,0.00,0.00,0.00,0.00,0.00,0.00,0.00,0.00,63.44,42.53,67.04,2026
EM00016358,Md. Nur Alam,1328,Cox's Bazar,CO012-G,02,1,0.00,0.00,0.00,0.00,0.00,0.00,0.00,0.00,0.00,0.00,0.00,0.00,0.00,0.00,0.00,0.00,0.00,0.00,4.94,3.10,62.66,5.10,3.63,71.21,0.00,0.00,0.00,0.00,0.00,0.00,0.00,0.00,0.00,0.00,0.00,0.00,10.04,6.73,67.00,2026
EM00014312,Md. Mainul Islam,1310,Paltan,PA051-B,01,1,8.21,6.99,85.19,8.15,6.56,80.52,8.15,5.00,61.40,10.53,5.50,52.21,10.14,5.22,51.54,10.14,5.88,57.97,8.58,7.04,82.03,8.81,6.51,73.88,0.00,0.00,0.00,0.00,0.00,0.00,0.00,0.00,0.00,0.00,0.00,0.00,72.70,48.70,66.99,2026
EM00016403,Md. Rabbul Islam,1331,Chandpur,CA012-B,01,1,0.00,0.00,0.00,0.00,0.00,0.00,0.00,0.00,0.00,0.00,0.00,0.00,0.00,0.00,0.00,0.00,0.00,0.00,4.34,2.86,65.98,4.12,2.80,68.02,0.00,0.00,0.00,0.00,0.00,0.00,0.00,0.00,0.00,0.00,0.00,0.00,8.46,5.66,66.97,2026
EM00015411,Md. Rashal Hossain,1315,Chattogram,CH172-A,01,1,4.97,3.74,75.28,4.83,3.61,74.74,4.83,2.66,55.04,5.57,2.96,53.21,5.37,3.49,64.98,5.37,3.14,58.56,4.71,3.37,71.65,4.60,3.95,85.85,0.00,0.00,0.00,0.00,0.00,0.00,0.00,0.00,0.00,0.00,0.00,0.00,40.25,26.93,66.91,2026
EM00008276,Md. Mahabur Rahman,1315,Chattogram,CH182-A,01,1,8.45,5.84,69.11,8.84,6.56,74.22,8.84,6.52,73.74,9.99,6.75,67.64,9.62,6.73,69.96,9.41,5.70,60.58,8.78,4.16,47.33,8.23,6.00,72.86,0.00,0.00,0.00,0.00,0.00,0.00,0.00,0.00,0.00,0.00,0.00,0.00,72.16,48.26,66.88,2026
EM00015413,Abu Ibna Sina,1321,Rajshahi,RA073-B,01,1,5.80,3.48,60.02,5.76,3.61,62.72,5.76,3.51,60.87,7.19,4.38,60.95,6.92,4.72,68.17,6.92,4.34,62.72,6.20,4.73,76.30,5.81,4.91,84.47,0.00,0.00,0.00,0.00,0.00,0.00,0.00,0.00,0.00,0.00,0.00,0.00,50.37,33.68,66.87,2026
EM00016338,Biplob Kumar Baroy,1326,Barishal,BA152-C,01,1,0.00,0.00,0.00,0.00,0.00,0.00,0.00,0.00,0.00,0.00,0.00,0.00,0.00,0.00,0.00,0.00,0.00,0.00,5.00,2.57,51.39,5.06,4.16,82.18,0.00,0.00,0.00,0.00,0.00,0.00,0.00,0.00,0.00,0.00,0.00,0.00,10.06,6.72,66.87,2026
EM00008867,Md. Sujan Ali,1315,Chattogram,CH051-A,01,1,9.78,7.17,73.26,9.71,7.00,72.04,9.71,6.96,71.66,11.45,6.75,58.94,11.05,6.72,60.82,11.05,6.65,60.15,10.15,6.80,66.94,9.46,7.03,74.28,0.00,0.00,0.00,0.00,0.00,0.00,0.00,0.00,0.00,0.00,0.00,0.00,82.37,55.06,66.85,2026
EM00009199,Sazzad Hossain,1315,Chattogram,CH303-C,01,1,8.71,7.07,81.08,8.65,5.66,65.42,8.65,6.68,77.19,10.20,6.68,65.50,9.84,5.36,54.52,9.84,5.69,57.83,9.17,6.48,70.63,8.63,5.62,65.11,0.00,0.00,0.00,0.00,0.00,0.00,0.00,0.00,0.00,0.00,0.00,0.00,73.70,49.24,66.81,2026
EM00010543,Md. Rejaul Haq,1322,Rangpur,RN132-A,01,1,7.59,4.65,61.24,7.53,4.73,62.75,7.53,4.16,55.15,8.96,5.46,60.90,8.63,4.81,55.68,8.63,5.84,67.61,6.61,5.62,84.98,6.42,6.07,94.53,0.00,0.00,0.00,0.00,0.00,0.00,0.00,0.00,0.00,0.00,0.00,0.00,61.92,41.32,66.73,2026
EM00015878,Awmit Chandra Barman,1324,Jashore,JA141-A,01,1,0.00,0.00,0.00,0.00,0.00,0.00,0.00,0.00,0.00,10.03,6.18,61.61,9.75,6.25,64.05,9.75,6.32,64.83,8.75,6.36,72.67,8.46,6.08,71.90,0.00,0.00,0.00,0.00,0.00,0.00,0.00,0.00,0.00,0.00,0.00,0.00,46.75,31.19,66.73,2026
EM00014927,Md. Azizul Islam,1326,Barishal,BA051-A,01,1,8.12,5.43,66.89,7.93,5.56,70.16,7.93,5.59,70.49,9.80,6.25,63.73,9.80,5.68,57.94,9.80,6.23,63.56,6.81,5.87,86.28,7.88,4.81,60.98,0.00,0.00,0.00,0.00,0.00,0.00,0.00,0.00,0.00,0.00,0.00,0.00,68.08,45.42,66.72,2026
EM00008508,Md. Salim Miah,1318,Noakhali,NO010-P,01,2,59.70,40.35,67.59,59.27,41.47,69.96,59.27,42.60,71.87,69.40,43.02,61.99,66.89,43.02,64.32,66.89,41.19,61.58,63.79,42.46,66.56,61.14,43.61,71.32,0.00,0.00,0.00,0.00,0.00,0.00,0.00,0.00,0.00,0.00,0.00,0.00,506.35,337.71,66.69,2026
EM00015219,Eliash Ahmed,1328,Cox's Bazar,CO102-A,01,1,7.39,4.89,66.09,7.34,5.17,70.38,7.34,5.20,70.85,8.73,5.95,68.15,8.40,5.39,64.17,8.40,4.95,58.90,7.31,4.56,62.35,7.06,5.22,73.98,0.00,0.00,0.00,0.00,0.00,0.00,0.00,0.00,0.00,0.00,0.00,0.00,61.96,41.31,66.68,2026
EM00015619,Md. Borak Hossain,1311,Dhanmondi,DH014-D,11,1,0.00,0.00,0.00,0.00,0.00,0.00,0.00,0.00,0.00,5.47,3.34,61.01,5.11,3.01,58.98,5.11,3.14,61.41,4.53,3.28,72.32,4.50,3.72,82.57,0.00,0.00,0.00,0.00,0.00,0.00,0.00,0.00,0.00,0.00,0.00,0.00,24.72,16.48,66.67,2026
EM00015043,Md. Rashedul Islam,1315,Chattogram,CH254-B,01,1,5.84,3.29,56.37,5.84,4.59,78.58,5.84,3.46,59.13,6.72,3.83,56.98,6.48,4.10,63.21,6.48,4.10,63.19,6.20,4.71,75.91,5.88,4.79,81.49,0.00,0.00,0.00,0.00,0.00,0.00,0.00,0.00,0.00,0.00,0.00,0.00,49.29,32.86,66.66,2026
EM00016116,Tanvir Ahmed,1320,Bogura,BO043-B,01,1,0.00,0.00,0.00,0.00,0.00,0.00,0.00,0.00,0.00,0.00,0.00,0.00,6.84,3.06,44.78,6.84,4.30,62.89,5.93,4.59,77.44,5.93,5.07,85.49,0.00,0.00,0.00,0.00,0.00,0.00,0.00,0.00,0.00,0.00,0.00,0.00,25.54,17.03,66.66,2026
EM00015397,Md. Rakib Akonda,1311,Dhanmondi,DH212-A,01,1,5.65,3.32,58.84,5.65,3.21,56.93,5.65,3.55,62.87,7.43,5.09,68.58,6.96,4.27,61.25,6.96,4.40,63.24,5.87,4.81,81.99,5.67,4.55,80.25,0.00,0.00,0.00,0.00,0.00,0.00,0.00,0.00,0.00,0.00,0.00,0.00,49.84,33.21,66.64,2026
EM00014314,Md. Moksedul Haque,1329,Tangail,TA021-A,01,1,8.29,5.31,63.99,8.23,5.99,72.78,8.23,5.86,71.14,9.92,6.14,61.85,9.58,5.68,59.31,9.58,6.16,64.34,8.62,6.11,70.91,8.29,5.88,70.95,0.00,0.00,0.00,0.00,0.00,0.00,0.00,0.00,0.00,0.00,0.00,0.00,70.75,47.13,66.62,2026
EM00015879,Md. Shumon Mondal,1335,Kushtia,KU054-C,01,1,0.00,0.00,0.00,0.00,0.00,0.00,0.00,0.00,0.00,11.41,5.98,52.40,10.71,7.39,69.03,10.71,6.90,64.43,9.30,6.99,75.14,9.38,7.04,75.05,0.00,0.00,0.00,0.00,0.00,0.00,0.00,0.00,0.00,0.00,0.00,0.00,51.51,34.30,66.59,2026
EM00011138,Md. Zenarul Islam,1316,Sylhet,SY023-C,01,1,8.43,5.37,63.71,8.37,6.07,72.57,8.37,6.43,76.78,10.12,6.70,66.26,9.76,5.75,58.90,9.76,5.97,61.16,8.58,5.88,68.59,8.45,5.65,66.81,0.00,0.00,0.00,0.00,0.00,0.00,0.00,0.00,0.00,0.00,0.00,0.00,71.84,47.82,66.57,2026
EM00015938,Suman Sarker,1316,Sylhet,SY051-A,01,1,0.00,0.00,0.00,0.00,0.00,0.00,0.00,0.00,0.00,5.28,3.29,62.20,5.07,2.98,58.80,5.07,2.91,57.33,4.01,3.21,80.03,3.96,3.18,80.50,0.00,0.00,0.00,0.00,0.00,0.00,0.00,0.00,0.00,0.00,0.00,0.00,23.39,15.57,66.56,2026
EM00013647,Md. Kamran Hossain,1315,Chattogram,CH111-B,01,1,7.81,5.10,65.25,7.81,5.46,69.83,7.81,5.12,65.52,8.00,4.70,58.77,7.71,5.10,66.22,7.71,5.11,66.24,7.26,5.09,70.10,6.88,4.91,71.42,0.00,0.00,0.00,0.00,0.00,0.00,0.00,0.00,0.00,0.00,0.00,0.00,60.99,40.59,66.55,2026
EM00015595,Mosiur Rahman,1336,Keraniganj,KE011-D,11,1,0.00,0.00,0.00,0.00,0.00,0.00,0.00,0.00,0.00,8.22,4.54,55.23,7.30,4.93,67.46,7.30,5.15,70.49,8.47,4.79,56.52,6.91,6.02,87.15,0.00,0.00,0.00,0.00,0.00,0.00,0.00,0.00,0.00,0.00,0.00,0.00,38.20,25.42,66.54,2026
EM00015461,Md. Milon Sheikh,1311,Dhanmondi,DH281-B,01,1,8.22,6.18,75.17,8.12,6.00,73.94,8.12,4.51,55.60,10.27,6.10,59.40,9.75,5.73,58.80,9.75,6.41,65.77,9.66,7.18,74.37,9.52,6.69,70.31,0.00,0.00,0.00,0.00,0.00,0.00,0.00,0.00,0.00,0.00,0.00,0.00,73.41,48.82,66.50,2026
EM00016357,Md. Nur Alam,1312,Uttara,UT083-A,01,1,0.00,0.00,0.00,0.00,0.00,0.00,0.00,0.00,0.00,0.00,0.00,0.00,0.00,0.00,0.00,0.00,0.00,0.00,8.62,4.80,55.73,8.02,6.26,78.07,0.00,0.00,0.00,0.00,0.00,0.00,0.00,0.00,0.00,0.00,0.00,0.00,16.63,11.06,66.50,2026
EM00015568,Md. Sojib Biswas,1327,Faridpur,FA121-A,01,1,8.66,5.28,60.90,8.60,6.20,72.13,8.60,6.10,70.94,10.42,6.97,66.86,9.87,6.23,63.13,9.87,6.83,69.18,8.79,5.91,67.19,8.80,5.43,61.69,0.00,0.00,0.00,0.00,0.00,0.00,0.00,0.00,0.00,0.00,0.00,0.00,73.62,48.95,66.48,2026
EM00014805,Md. Helal Uddin,1319,Feni,FE013-B,01,1,8.13,5.26,64.65,8.07,4.81,59.56,8.07,4.93,61.07,8.16,5.42,66.40,7.64,4.96,64.92,7.64,5.41,70.82,7.20,5.00,69.49,7.10,5.44,76.59,0.00,0.00,0.00,0.00,0.00,0.00,0.00,0.00,0.00,0.00,0.00,0.00,62.01,41.22,66.47,2026
EM00014322,Md. Mintu Rahman,1311,Dhanmondi,DH131-A,01,1,7.96,6.07,76.22,7.96,5.75,72.22,7.96,5.07,63.69,10.04,5.04,50.20,9.66,5.64,58.42,9.66,5.70,59.00,8.31,6.21,74.67,8.20,6.88,83.91,0.00,0.00,0.00,0.00,0.00,0.00,0.00,0.00,0.00,0.00,0.00,0.00,69.76,46.36,66.46,2026
EM00015306,Mosharaf Hossain,1311,Dhanmondi,DH232-A,01,1,6.17,4.60,74.63,5.97,4.40,73.64,5.97,4.09,68.50,8.41,4.50,53.54,7.30,3.75,51.40,7.30,4.80,65.77,6.14,5.47,89.12,6.04,3.79,62.77,0.00,0.00,0.00,0.00,0.00,0.00,0.00,0.00,0.00,0.00,0.00,0.00,53.30,35.41,66.44,2026
EM00014262,Al Momin,1315,Chattogram,CH111-A,01,1,8.04,5.31,66.06,8.04,5.60,69.62,8.04,5.35,66.51,8.19,5.33,65.07,7.89,5.25,66.50,7.89,5.07,64.22,7.37,4.57,61.93,6.99,5.02,71.82,0.00,0.00,0.00,0.00,0.00,0.00,0.00,0.00,0.00,0.00,0.00,0.00,62.46,41.49,66.43,2026
EM00011362,Mohammad Uzzal Miah,1312,Uttara,UT022-A,01,1,10.54,7.26,68.87,10.54,7.60,72.11,10.54,8.43,79.93,12.43,7.39,59.43,12.10,7.04,58.13,12.10,7.18,59.34,10.40,7.53,72.37,10.26,6.64,64.76,0.00,0.00,0.00,0.00,0.00,0.00,0.00,0.00,0.00,0.00,0.00,0.00,88.92,59.06,66.42,2026
EM00015963,Md. Sohan Mia,1322,Rangpur,RN012-A,01,1,0.00,0.00,0.00,0.00,0.00,0.00,0.00,0.00,0.00,5.06,1.95,38.61,4.87,1.49,30.65,4.87,3.45,70.88,3.94,4.06,103.00,3.89,4.07,104.62,0.00,0.00,0.00,0.00,0.00,0.00,0.00,0.00,0.00,0.00,0.00,0.00,22.63,15.02,66.40,2026
EM00016345,Omar Faruq,1310,Paltan,PA201-A,01,1,0.00,0.00,0.00,0.00,0.00,0.00,0.00,0.00,0.00,0.00,0.00,0.00,0.00,0.00,0.00,0.00,0.00,0.00,4.00,2.50,62.42,4.06,2.85,70.24,0.00,0.00,0.00,0.00,0.00,0.00,0.00,0.00,0.00,0.00,0.00,0.00,8.06,5.35,66.36,2026
EM00016107,Md. Sohrab Hossain Sohan,1315,Chattogram,CH044-G,02,1,0.00,0.00,0.00,0.00,0.00,0.00,0.00,0.00,0.00,0.00,0.00,0.00,0.00,0.00,0.00,8.45,5.18,61.31,8.45,5.73,67.85,8.71,6.06,69.63,0.00,0.00,0.00,0.00,0.00,0.00,0.00,0.00,0.00,0.00,0.00,0.00,25.61,16.98,66.30,2026
EM00014410,Mithun Kumar Saha,1327,Faridpur,FA072-C,01,1,8.94,5.20,58.10,8.88,5.30,59.67,8.88,5.86,65.96,11.00,6.56,59.61,10.60,6.22,58.70,10.60,7.09,66.94,9.27,7.26,78.30,8.85,7.51,84.83,0.00,0.00,0.00,0.00,0.00,0.00,0.00,0.00,0.00,0.00,0.00,0.00,77.01,50.99,66.20,2026
EM00016073,Ikram Khandokhar,1327,Faridpur,FA064-B,01,1,0.00,0.00,0.00,0.00,0.00,0.00,0.00,0.00,0.00,9.56,5.21,54.51,9.10,5.70,62.67,9.10,5.39,59.26,8.30,6.11,73.57,7.91,6.63,83.79,0.00,0.00,0.00,0.00,0.00,0.00,0.00,0.00,0.00,0.00,0.00,0.00,43.97,29.04,66.05,2026
EM00016364,Md. Abdu Hye,1326,Barishal,BA091-B,01,1,0.00,0.00,0.00,0.00,0.00,0.00,0.00,0.00,0.00,0.00,0.00,0.00,0.00,0.00,0.00,0.00,0.00,0.00,6.28,3.52,56.00,6.00,4.58,76.32,0.00,0.00,0.00,0.00,0.00,0.00,0.00,0.00,0.00,0.00,0.00,0.00,12.28,8.10,65.93,2026
EM00015954,Md. Azizul Haque,1317,Cumilla,CU141-B,01,1,0.00,0.00,0.00,0.00,0.00,0.00,0.00,0.00,0.00,10.60,6.49,61.23,10.22,5.75,56.33,10.22,6.88,67.38,9.08,6.81,75.00,8.95,6.39,71.39,0.00,0.00,0.00,0.00,0.00,0.00,0.00,0.00,0.00,0.00,0.00,0.00,49.07,32.33,65.89,2026
EM00013430,Mithun Chandra Shil,1332,B. Baria,BB032-B,01,1,6.89,4.34,63.03,6.84,4.29,62.67,6.40,4.52,70.57,8.08,4.86,60.15,7.96,4.32,54.31,7.96,5.17,64.98,7.67,5.78,75.41,7.56,5.81,76.93,0.00,0.00,0.00,0.00,0.00,0.00,0.00,0.00,0.00,0.00,0.00,0.00,59.36,39.10,65.87,2026
EM00010747,Al-Amin .,1324,Jashore,JA141-B,01,1,8.35,5.15,61.61,8.29,5.40,65.17,8.29,4.58,55.24,10.29,5.87,57.05,9.85,6.06,61.56,9.85,6.42,65.18,8.85,7.26,81.96,8.66,6.96,80.40,0.00,0.00,0.00,0.00,0.00,0.00,0.00,0.00,0.00,0.00,0.00,0.00,72.44,47.70,65.85,2026
EM00003440,Md. Zahidul Islam,1324,Jashore,JA130-P,01,2,47.42,30.74,64.83,47.08,30.50,64.78,47.08,33.29,70.72,58.00,31.68,54.62,55.56,33.99,61.18,55.56,33.69,60.64,48.56,37.88,78.02,46.97,35.63,75.86,0.00,0.00,0.00,0.00,0.00,0.00,0.00,0.00,0.00,0.00,0.00,0.00,406.22,267.41,65.83,2026
EM00013744,Md. Shahidul Islam,1312,Uttara,UT023-B,01,1,8.13,5.87,72.19,8.13,5.73,70.51,8.13,5.47,67.29,9.60,5.62,58.58,9.26,5.53,59.69,9.26,5.26,56.81,8.10,5.93,73.29,8.02,5.71,71.21,0.00,0.00,0.00,0.00,0.00,0.00,0.00,0.00,0.00,0.00,0.00,0.00,68.62,45.13,65.76,2026
EM00015377,Md. Abdur Rahim,1323,Dinajpur,DI033-A,01,1,6.74,3.97,58.88,6.69,4.03,60.27,6.69,4.41,65.89,8.15,4.31,52.81,7.85,4.76,60.58,7.85,5.27,67.08,5.86,5.02,85.66,5.78,4.79,82.96,0.00,0.00,0.00,0.00,0.00,0.00,0.00,0.00,0.00,0.00,0.00,0.00,55.62,36.55,65.72,2026
EM00016193,Doulot Hasan,1314,Mymensingh,MY102-B,01,1,0.00,0.00,0.00,0.00,0.00,0.00,0.00,0.00,0.00,0.00,0.00,0.00,0.00,0.00,0.00,7.94,4.74,59.71,7.23,5.02,69.44,7.13,4.89,68.62,0.00,0.00,0.00,0.00,0.00,0.00,0.00,0.00,0.00,0.00,0.00,0.00,22.30,14.65,65.71,2026
EM00013954,Md. Homayon Kabir,1323,Dinajpur,DI071-A,01,1,7.59,4.52,59.49,7.54,4.54,60.20,7.54,4.80,63.70,9.17,5.13,55.90,9.00,5.42,60.18,9.00,6.17,68.61,6.70,5.55,82.82,6.50,5.27,81.06,0.00,0.00,0.00,0.00,0.00,0.00,0.00,0.00,0.00,0.00,0.00,0.00,63.04,41.39,65.66,2026
EM00015705,Alomgir Kabir,1311,Dhanmondi,DH282-A,01,1,0.00,0.00,0.00,8.37,6.35,75.88,8.37,5.73,68.40,10.95,6.21,56.70,10.00,6.06,60.54,10.00,6.22,62.15,9.14,6.25,68.37,9.01,6.36,70.59,0.00,0.00,0.00,0.00,0.00,0.00,0.00,0.00,0.00,0.00,0.00,0.00,65.85,43.17,65.56,2026
EM00015848,Emran Ali,1320,Bogura,BO033-B,01,1,0.00,0.00,0.00,0.00,0.00,0.00,5.25,3.60,68.48,6.81,3.90,57.28,6.51,3.61,55.48,6.51,3.73,57.35,4.99,4.28,85.67,4.79,3.71,77.54,0.00,0.00,0.00,0.00,0.00,0.00,0.00,0.00,0.00,0.00,0.00,0.00,34.87,22.84,65.49,2026
EM00015484,Md. Milon Hossain,1325,Khulna,KH131-A,01,1,6.88,4.64,67.46,6.83,4.65,68.03,6.83,4.66,68.17,8.45,4.95,58.60,8.14,5.15,63.22,8.14,4.69,57.61,6.50,4.53,69.64,5.78,4.35,75.16,0.00,0.00,0.00,0.00,0.00,0.00,0.00,0.00,0.00,0.00,0.00,0.00,57.57,37.62,65.34,2026
EM00014879,Md. Walidur Rahman,1335,Kushtia,KU011-B,01,1,8.55,5.07,59.28,8.49,4.60,54.16,8.49,5.37,63.23,10.67,5.27,49.38,9.89,5.31,53.69,6.22,5.34,85.83,6.19,5.74,92.82,6.24,5.58,89.46,0.00,0.00,0.00,0.00,0.00,0.00,0.00,0.00,0.00,0.00,0.00,0.00,64.75,42.29,65.31,2026
EM00016102,Md. Joynal Abedin,1322,Rangpur,RN032-G,02,1,0.00,0.00,0.00,0.00,0.00,0.00,0.00,0.00,0.00,0.00,0.00,0.00,0.00,0.00,0.00,5.50,2.94,53.40,5.50,3.72,67.65,5.50,4.11,74.67,0.00,0.00,0.00,0.00,0.00,0.00,0.00,0.00,0.00,0.00,0.00,0.00,16.50,10.76,65.24,2026
EM00015529,Md. Amir Hamza,1311,Dhanmondi,DH031-V,04,1,7.05,4.72,66.93,7.40,4.63,62.52,7.57,3.92,51.75,8.07,5.55,68.73,8.07,5.55,68.83,8.75,5.69,65.04,9.10,7.36,80.91,9.77,5.48,56.14,0.00,0.00,0.00,0.00,0.00,0.00,0.00,0.00,0.00,0.00,0.00,0.00,65.78,42.90,65.22,2026
EM00016172,Md. Nazim Uddin Biswas,1326,Barishal,BA132-A,01,1,0.00,0.00,0.00,0.00,0.00,0.00,0.00,0.00,0.00,0.00,0.00,0.00,9.63,5.68,59.01,9.63,6.40,66.52,6.50,4.07,62.59,6.20,4.68,75.44,0.00,0.00,0.00,0.00,0.00,0.00,0.00,0.00,0.00,0.00,0.00,0.00,31.95,20.83,65.19,2026
EM00014717,Sree Milon Chondra,1332,B. Baria,BB102-A,01,1,8.19,5.10,62.23,8.13,5.44,66.93,7.95,5.57,70.09,9.42,5.59,59.37,8.59,5.33,62.04,8.59,5.48,63.73,8.36,5.60,67.05,8.24,5.85,70.97,0.00,0.00,0.00,0.00,0.00,0.00,0.00,0.00,0.00,0.00,0.00,0.00,67.48,43.96,65.15,2026
EM00012864,Md. Rubel Hossain,1324,Jashore,JA053-A,01,1,7.97,5.43,68.11,7.92,5.14,64.88,7.92,5.22,65.94,9.68,5.27,54.43,9.33,5.34,57.26,9.33,5.72,61.30,8.04,5.28,65.69,7.87,6.93,88.15,0.00,0.00,0.00,0.00,0.00,0.00,0.00,0.00,0.00,0.00,0.00,0.00,68.05,44.33,65.15,2026
EM00015089,Md. Raihanul Islam,1315,Chattogram,CH072-G,02,1,4.65,2.61,56.16,4.50,3.07,68.30,4.55,3.00,65.96,4.70,3.04,64.69,4.42,3.10,70.18,4.85,3.09,63.74,4.85,3.09,63.73,5.00,3.41,68.27,0.00,0.00,0.00,0.00,0.00,0.00,0.00,0.00,0.00,0.00,0.00,0.00,37.52,24.42,65.10,2026
EM00015474,Md. Omar Faruk,1335,Kushtia,KU041-B,01,1,9.00,5.74,63.75,8.94,4.93,55.17,8.94,5.21,58.23,11.09,6.71,60.48,9.93,6.67,67.24,9.93,6.28,63.23,8.99,6.87,76.41,9.07,6.99,77.01,0.00,0.00,0.00,0.00,0.00,0.00,0.00,0.00,0.00,0.00,0.00,0.00,75.88,49.39,65.08,2026
EM00015250,Tuhin Sheikh,1332,B. Baria,BB061-A,01,1,8.73,5.83,66.75,8.66,6.10,70.45,6.68,4.44,66.47,8.08,4.47,55.31,7.29,4.26,58.36,7.29,4.42,60.65,7.00,4.97,71.01,6.90,4.96,71.93,0.00,0.00,0.00,0.00,0.00,0.00,0.00,0.00,0.00,0.00,0.00,0.00,60.63,39.45,65.06,2026
EM00013335,Md. Sohel Rana,1332,B. Baria,BB061-B,01,1,8.70,5.48,63.00,8.64,5.86,67.82,6.26,4.18,66.77,7.87,4.52,57.51,7.09,4.05,57.17,7.09,4.71,66.47,7.00,5.03,71.87,6.90,4.88,70.70,0.00,0.00,0.00,0.00,0.00,0.00,0.00,0.00,0.00,0.00,0.00,0.00,59.54,38.72,65.03,2026
EM00016264,Md. Monirujjaman Khan,1333,Moulvibazar,MO013-D,11,1,0.00,0.00,0.00,0.00,0.00,0.00,0.00,0.00,0.00,0.00,0.00,0.00,0.00,0.00,0.00,0.00,0.00,0.00,0.00,0.00,0.00,4.13,2.69,65.02,0.00,0.00,0.00,0.00,0.00,0.00,0.00,0.00,0.00,0.00,0.00,0.00,4.13,2.69,65.02,2026
EM00009546,Al Tasmir,1316,Sylhet,SY120-P,01,2,36.92,21.03,56.95,36.65,24.15,65.90,36.65,25.57,69.77,44.63,26.18,58.65,43.05,24.68,57.33,43.05,28.36,65.88,39.04,28.24,72.32,38.48,28.76,74.75,0.00,0.00,0.00,0.00,0.00,0.00,0.00,0.00,0.00,0.00,0.00,0.00,318.48,206.97,64.99,2026
EM00016099,Md. Juel Rana,1311,Dhanmondi,DH017-G,02,1,0.00,0.00,0.00,0.00,0.00,0.00,0.00,0.00,0.00,0.00,0.00,0.00,0.00,0.00,0.00,4.10,2.00,48.76,4.00,2.82,70.46,4.00,3.04,76.10,0.00,0.00,0.00,0.00,0.00,0.00,0.00,0.00,0.00,0.00,0.00,0.00,12.10,7.86,64.97,2026
EM00009617,Shahin Miah,1316,Sylhet,SY113-C,01,1,9.08,6.37,70.22,9.01,5.22,57.92,9.01,5.80,64.34,10.93,6.04,55.21,10.53,5.98,56.77,10.53,6.92,65.74,9.64,7.47,77.47,9.51,7.01,73.73,0.00,0.00,0.00,0.00,0.00,0.00,0.00,0.00,0.00,0.00,0.00,0.00,78.24,50.81,64.93,2026
EM00016056,Zakir Hossain,1315,Chattogram,CH024-D,11,1,0.00,0.00,0.00,0.00,0.00,0.00,0.00,0.00,0.00,0.00,0.00,0.00,0.00,0.00,0.00,0.00,0.00,0.00,0.00,0.00,0.00,2.05,1.33,64.85,0.00,0.00,0.00,0.00,0.00,0.00,0.00,0.00,0.00,0.00,0.00,0.00,2.05,1.33,64.85,2026
EM00013794,Md. Ariful Islam,1323,Dinajpur,DI022-B,01,1,8.87,5.12,57.71,8.81,4.92,55.89,8.81,5.54,62.88,10.88,6.13,56.35,10.49,6.43,61.28,10.49,6.84,65.17,8.30,7.30,87.94,8.18,6.22,76.04,0.00,0.00,0.00,0.00,0.00,0.00,0.00,0.00,0.00,0.00,0.00,0.00,74.82,48.49,64.81,2026
EM00011025,Herangir Hossin,1310,Paltan,PA201-B,01,1,4.93,3.07,62.20,4.46,3.13,70.26,4.46,2.80,62.85,6.27,2.85,45.49,6.04,3.11,51.47,6.04,3.08,51.02,4.25,4.01,94.37,4.35,4.38,100.66,0.00,0.00,0.00,0.00,0.00,0.00,0.00,0.00,0.00,0.00,0.00,0.00,40.79,26.43,64.80,2026
EM00015644,Al Imran Rabbi,1311,Dhanmondi,DH272-B,01,1,4.05,2.32,57.36,3.85,2.43,63.04,3.85,2.14,55.46,5.76,2.54,44.12,5.53,2.82,51.02,5.53,3.11,56.19,4.20,4.36,103.69,4.14,4.20,101.33,0.00,0.00,0.00,0.00,0.00,0.00,0.00,0.00,0.00,0.00,0.00,0.00,36.92,23.92,64.77,2026
EM00016268,Md. Kholilor Rahman,1333,Moulvibazar,MO011-D,11,1,0.00,0.00,0.00,0.00,0.00,0.00,0.00,0.00,0.00,0.00,0.00,0.00,0.00,0.00,0.00,0.00,0.00,0.00,0.00,0.00,0.00,4.75,3.07,64.77,0.00,0.00,0.00,0.00,0.00,0.00,0.00,0.00,0.00,0.00,0.00,0.00,4.75,3.07,64.77,2026
EM00004637,Md. Mizanur Rahman,1316,Sylhet,SY020-P,01,2,47.87,35.45,74.05,47.53,36.94,77.73,47.53,37.34,78.56,55.69,39.42,70.78,53.71,36.92,68.74,61.65,30.10,48.82,54.30,28.92,53.26,53.51,27.99,52.31,0.00,0.00,0.00,0.00,0.00,0.00,0.00,0.00,0.00,0.00,0.00,0.00,421.79,273.08,64.74,2026
EM00015263,Md. Imon Islam,1321,Rajshahi,RA054-A,01,1,7.75,4.63,59.74,7.69,4.64,60.24,7.69,5.32,69.19,9.65,5.41,56.04,9.31,5.36,57.61,9.31,5.62,60.38,7.51,5.86,78.02,7.40,6.08,82.12,0.00,0.00,0.00,0.00,0.00,0.00,0.00,0.00,0.00,0.00,0.00,0.00,66.32,42.92,64.72,2026
EM00015809,Rahmatullah .,1332,B. Baria,BB023-B,01,1,0.00,0.00,0.00,0.00,0.00,0.00,10.73,7.50,69.84,12.09,7.47,61.81,11.32,6.05,53.44,11.32,7.23,63.88,10.59,7.43,70.20,10.44,7.34,70.35,0.00,0.00,0.00,0.00,0.00,0.00,0.00,0.00,0.00,0.00,0.00,0.00,66.50,43.03,64.71,2026
EM00011479,Shaik Sohanur Rahim,1311,Dhanmondi,DH122-B,01,1,6.79,5.19,76.41,6.75,5.40,79.90,6.75,3.89,57.54,8.39,4.48,53.41,8.09,4.36,53.94,8.09,4.90,60.56,7.86,5.35,68.11,7.75,5.54,71.49,0.00,0.00,0.00,0.00,0.00,0.00,0.00,0.00,0.00,0.00,0.00,0.00,60.47,39.10,64.67,2026
EM00015266,Md. Abbas Uddin,1323,Dinajpur,DI051-B,01,1,8.79,4.67,53.17,8.73,4.49,51.49,8.73,5.38,61.63,11.03,6.33,57.37,10.61,6.22,58.62,10.61,7.42,69.96,7.90,6.61,83.62,7.90,6.89,87.18,0.00,0.00,0.00,0.00,0.00,0.00,0.00,0.00,0.00,0.00,0.00,0.00,74.29,48.01,64.62,2026
EM00015681,Md. Shahadat Hossain,1322,Rangpur,RN026-G,02,1,0.00,0.00,0.00,3.40,1.72,50.48,3.40,1.82,53.47,3.60,1.99,55.24,3.50,2.18,62.32,3.85,2.48,64.43,3.85,2.83,73.44,4.00,3.51,87.78,0.00,0.00,0.00,0.00,0.00,0.00,0.00,0.00,0.00,0.00,0.00,0.00,25.60,16.52,64.55,2026
EM00016219,Md. Tanjil Hosen,1312,Uttara,UT082-B,01,1,0.00,0.00,0.00,0.00,0.00,0.00,0.00,0.00,0.00,0.00,0.00,0.00,0.00,0.00,0.00,11.69,5.44,46.59,11.00,7.86,71.44,10.46,8.09,77.32,0.00,0.00,0.00,0.00,0.00,0.00,0.00,0.00,0.00,0.00,0.00,0.00,33.15,21.39,64.54,2026
EM00015937,Mohammad Zakaria,1315,Chattogram,CH331-B,01,1,0.00,0.00,0.00,0.00,0.00,0.00,0.00,0.00,0.00,8.92,5.47,61.29,8.60,4.76,55.37,8.60,5.22,60.70,8.05,5.88,73.06,7.63,5.63,73.82,0.00,0.00,0.00,0.00,0.00,0.00,0.00,0.00,0.00,0.00,0.00,0.00,41.79,26.96,64.50,2026
EM00016007,Mahbubul Alom,1316,Sylhet,SY031-D,11,1,0.00,0.00,0.00,0.00,0.00,0.00,0.00,0.00,0.00,0.00,0.00,0.00,0.00,0.00,0.00,0.00,0.00,0.00,0.00,0.00,0.00,4.00,2.58,64.50,0.00,0.00,0.00,0.00,0.00,0.00,0.00,0.00,0.00,0.00,0.00,0.00,4.00,2.58,64.50,2026
EM00015749,Md. Niaz Murshed,1312,Uttara,UT022-B,01,1,0.00,0.00,0.00,10.41,6.98,67.06,10.41,7.72,74.20,12.68,7.32,57.76,11.87,6.51,54.83,11.87,7.13,60.10,10.21,7.42,72.74,10.06,6.90,68.56,0.00,0.00,0.00,0.00,0.00,0.00,0.00,0.00,0.00,0.00,0.00,0.00,77.49,49.99,64.50,2026
EM00015478,Md. Rafsan Jani,1326,Barishal,BA123-B,01,1,9.15,5.14,56.24,9.08,5.62,61.93,9.08,6.50,71.59,11.74,6.78,57.77,10.40,6.78,65.15,10.40,6.34,60.96,8.99,6.64,73.77,8.99,6.38,70.92,0.00,0.00,0.00,0.00,0.00,0.00,0.00,0.00,0.00,0.00,0.00,0.00,77.83,50.18,64.47,2026
EM00012924,Md. Abu Rayhan .,1315,Chattogram,CH182-B,01,1,8.10,5.29,65.28,8.04,5.13,63.77,8.04,5.12,63.64,9.75,4.85,49.70,9.41,5.39,57.32,9.41,5.62,59.80,8.01,7.26,90.66,7.91,5.61,70.94,0.00,0.00,0.00,0.00,0.00,0.00,0.00,0.00,0.00,0.00,0.00,0.00,68.66,44.26,64.47,2026
EM00015402,Imam Hossen,1319,Feni,FE041-B,01,1,8.53,5.28,61.85,7.28,4.86,66.83,7.28,4.87,66.89,8.24,5.22,63.34,8.05,4.76,59.13,8.05,4.96,61.54,7.73,5.60,72.47,7.62,4.92,64.54,0.00,0.00,0.00,0.00,0.00,0.00,0.00,0.00,0.00,0.00,0.00,0.00,62.78,40.46,64.45,2026
EM00015988,Sultan Ahmmed,1313,Narayanganj,NA012-D,11,1,0.00,0.00,0.00,0.00,0.00,0.00,0.00,0.00,0.00,5.03,2.48,49.35,4.46,3.02,67.74,4.46,2.84,63.68,5.35,3.18,59.39,4.00,3.47,86.79,0.00,0.00,0.00,0.00,0.00,0.00,0.00,0.00,0.00,0.00,0.00,0.00,23.29,14.99,64.34,2026
EM00016115,Md. Akram Hossain,1315,Chattogram,CH224-C,01,1,0.00,0.00,0.00,0.00,0.00,0.00,0.00,0.00,0.00,0.00,0.00,0.00,10.79,6.72,62.24,10.79,6.26,58.02,9.47,6.18,65.27,8.84,6.50,73.52,0.00,0.00,0.00,0.00,0.00,0.00,0.00,0.00,0.00,0.00,0.00,0.00,39.89,25.66,64.32,2026
EM00008573,Md. Earshad Ali,1324,Jashore,JA132-A,01,1,9.38,6.56,69.98,9.31,5.25,56.42,9.31,5.96,64.06,11.56,6.72,58.17,10.15,6.56,64.62,10.15,5.85,57.59,9.57,7.24,75.69,9.26,6.35,68.58,0.00,0.00,0.00,0.00,0.00,0.00,0.00,0.00,0.00,0.00,0.00,0.00,78.68,50.50,64.18,2026
EM00006848,Md. Alauddhin,1312,Uttara,UT010-P,01,2,34.59,25.99,75.13,34.34,24.21,70.50,34.34,21.12,61.50,40.03,22.79,56.93,38.57,20.72,53.73,38.57,22.49,58.30,33.01,24.92,75.49,32.54,21.19,65.14,0.00,0.00,0.00,0.00,0.00,0.00,0.00,0.00,0.00,0.00,0.00,0.00,285.98,183.43,64.14,2026
EM00014808,Nur Mohammad,1319,Feni,FE023-B,01,1,6.15,3.59,58.42,6.11,4.28,70.07,6.11,4.02,65.83,7.23,4.12,57.01,6.72,4.47,66.51,6.72,4.08,60.61,6.17,4.13,66.95,6.08,4.17,68.62,0.00,0.00,0.00,0.00,0.00,0.00,0.00,0.00,0.00,0.00,0.00,0.00,51.30,32.87,64.07,2026
EM00015980,Asadul Islam,1313,Narayanganj,NA015-D,11,1,0.00,0.00,0.00,0.00,0.00,0.00,0.00,0.00,0.00,6.56,4.26,64.85,6.01,3.22,53.50,6.01,3.87,64.46,6.68,4.18,62.56,5.52,4.19,75.83,0.00,0.00,0.00,0.00,0.00,0.00,0.00,0.00,0.00,0.00,0.00,0.00,30.78,19.71,64.03,2026
EM00013089,Ashraful Islam Raju,1311,Dhanmondi,DH123-A,01,1,6.88,5.19,75.46,6.82,5.23,76.59,6.82,4.22,61.89,8.52,4.83,56.66,8.21,4.56,55.49,8.21,4.86,59.12,7.37,5.00,67.84,7.26,4.56,62.79,0.00,0.00,0.00,0.00,0.00,0.00,0.00,0.00,0.00,0.00,0.00,0.00,60.10,38.44,63.95,2026
EM00014944,Nayeem Hossain,1310,Paltan,PA192-A,01,1,6.73,4.35,64.55,6.42,4.36,68.03,6.42,3.53,54.98,7.87,4.27,54.21,7.43,3.96,53.24,7.43,4.42,59.51,6.11,5.28,86.46,6.11,4.68,76.63,0.00,0.00,0.00,0.00,0.00,0.00,0.00,0.00,0.00,0.00,0.00,0.00,54.53,34.85,63.92,2026
EM00013424,Md. Dulal Miah,1315,Chattogram,CH024-C,01,1,9.35,5.99,64.12,9.28,6.60,71.10,9.28,6.77,72.97,11.23,6.08,54.19,10.83,6.36,58.72,10.83,6.47,59.78,10.13,6.56,64.74,9.65,6.65,68.95,0.00,0.00,0.00,0.00,0.00,0.00,0.00,0.00,0.00,0.00,0.00,0.00,80.57,51.49,63.91,2026
EM00012099,Mobasser Ali,1322,Rangpur,RN082-B,01,1,8.42,5.74,68.21,8.00,5.57,69.61,8.00,4.92,61.43,10.25,5.31,51.80,9.89,5.13,51.88,9.89,4.81,48.57,7.67,6.31,82.26,7.56,6.71,88.83,0.00,0.00,0.00,0.00,0.00,0.00,0.00,0.00,0.00,0.00,0.00,0.00,69.69,44.50,63.85,2026
EM00014622,Gopal Chandro Mozumdar,1315,Chattogram,CH241-B,01,1,7.15,4.46,62.46,7.15,4.32,60.49,7.15,4.30,60.17,7.34,4.22,57.53,7.08,4.37,61.71,7.08,4.42,62.47,6.51,4.13,63.41,6.16,5.27,85.60,0.00,0.00,0.00,0.00,0.00,0.00,0.00,0.00,0.00,0.00,0.00,0.00,55.60,35.50,63.84,2026
EM00015584,Uttom Kumar Roy,1310,Paltan,PA041-D,11,1,0.00,0.00,0.00,0.00,0.00,0.00,0.00,0.00,0.00,6.68,3.74,56.05,5.99,3.52,58.69,5.99,3.60,60.17,6.09,3.92,64.30,4.99,4.20,84.10,0.00,0.00,0.00,0.00,0.00,0.00,0.00,0.00,0.00,0.00,0.00,0.00,29.74,18.98,63.81,2026
EM00015120,Md. Mahmudul Hasan,1311,Dhanmondi,DH233-B,01,1,9.45,6.90,73.10,9.25,6.53,70.64,9.25,6.25,67.56,13.15,6.17,46.93,10.60,5.28,49.84,10.60,6.06,57.17,8.98,6.94,77.30,8.80,6.89,78.29,0.00,0.00,0.00,0.00,0.00,0.00,0.00,0.00,0.00,0.00,0.00,0.00,80.06,51.02,63.73,2026
EM00012900,Md. Azizul Prodhan,1322,Rangpur,RN073-B,01,1,4.40,4.03,91.39,4.35,3.28,75.28,4.35,3.62,83.04,11.01,4.96,45.07,10.62,5.12,48.21,10.62,4.58,43.13,7.44,6.54,87.93,7.33,6.15,83.84,0.00,0.00,0.00,0.00,0.00,0.00,0.00,0.00,0.00,0.00,0.00,0.00,60.13,38.27,63.64,2026
EM00015314,Shahriar Ahmed,1313,Narayanganj,NA051-B,01,1,11.25,7.55,67.09,11.25,8.11,72.11,11.25,7.61,67.61,12.79,7.67,60.00,12.20,6.81,55.81,12.20,7.42,60.81,10.92,7.26,66.49,11.21,6.79,60.56,0.00,0.00,0.00,0.00,0.00,0.00,0.00,0.00,0.00,0.00,0.00,0.00,93.07,59.22,63.63,2026
EM00010639,Md. Abadullah,1336,Keraniganj,KE061-B,01,1,9.24,6.66,72.05,9.17,7.02,76.53,9.17,6.11,66.65,10.58,4.51,42.59,10.20,5.94,58.19,7.49,4.53,60.45,6.60,4.50,68.12,6.65,4.69,70.48,0.00,0.00,0.00,0.00,0.00,0.00,0.00,0.00,0.00,0.00,0.00,0.00,69.10,43.94,63.59,2026
EM00013934,Md. Sahinuzzaman .,1312,Uttara,UT043-A,01,1,8.58,6.09,71.00,8.52,5.38,63.08,8.52,5.46,64.01,10.23,5.85,57.22,10.00,5.37,53.75,10.00,6.24,62.38,8.57,6.27,73.19,8.30,5.54,66.69,0.00,0.00,0.00,0.00,0.00,0.00,0.00,0.00,0.00,0.00,0.00,0.00,72.73,46.20,63.52,2026
EM00016165,Asim Kumar Sarkar,1311,Dhanmondi,DH093-C,01,1,0.00,0.00,0.00,0.00,0.00,0.00,0.00,0.00,0.00,0.00,0.00,0.00,6.00,2.93,48.74,6.00,4.46,74.28,5.50,3.65,66.36,5.20,3.38,65.06,0.00,0.00,0.00,0.00,0.00,0.00,0.00,0.00,0.00,0.00,0.00,0.00,22.70,14.41,63.50,2026
EM00013289,Md. Abdul Wohab,1320,Bogura,BO142-B,01,1,7.74,4.24,54.74,7.69,4.19,54.51,7.69,4.74,61.69,9.40,5.16,54.86,8.75,4.72,53.93,8.75,5.17,59.04,6.35,5.54,87.24,6.20,5.93,95.70,0.00,0.00,0.00,0.00,0.00,0.00,0.00,0.00,0.00,0.00,0.00,0.00,62.56,39.68,63.43,2026
EM00013667,Rahat Sheikh,1311,Dhanmondi,DH021-N,03,1,5.00,2.98,59.55,5.00,2.81,56.27,4.75,2.48,52.13,5.00,3.26,65.21,5.00,2.79,55.73,5.00,3.40,67.95,5.50,2.91,52.83,5.51,5.22,94.88,0.00,0.00,0.00,0.00,0.00,0.00,0.00,0.00,0.00,0.00,0.00,0.00,40.76,25.84,63.41,2026
EM00010481,Mohammad Didarul Alam,1315,Chattogram,CH180-P,01,2,5.23,5.25,100.49,40.65,26.65,65.55,40.65,26.84,66.03,48.40,26.90,55.57,46.68,26.26,56.24,46.68,28.11,60.21,42.71,29.07,68.05,40.60,28.49,70.16,0.00,0.00,0.00,0.00,0.00,0.00,0.00,0.00,0.00,0.00,0.00,0.00,311.62,197.57,63.40,2026
EM00016006,Shahinur Alam,1316,Sylhet,SY025-D,11,1,0.00,0.00,0.00,0.00,0.00,0.00,0.00,0.00,0.00,0.00,0.00,0.00,0.00,0.00,0.00,0.00,0.00,0.00,0.00,0.00,0.00,3.12,1.98,63.38,0.00,0.00,0.00,0.00,0.00,0.00,0.00,0.00,0.00,0.00,0.00,0.00,3.12,1.98,63.38,2026
EM00006942,Md. Ashrafuzzaman,1323,Dinajpur,DI022-A,01,1,9.01,5.16,57.20,8.95,5.09,56.85,8.95,5.97,66.75,11.04,6.05,54.81,10.64,6.58,61.84,10.64,7.05,66.23,8.23,6.27,76.13,8.11,5.74,70.71,0.00,0.00,0.00,0.00,0.00,0.00,0.00,0.00,0.00,0.00,0.00,0.00,75.57,47.89,63.38,2026
EM00015777,Md. Khayrul Islam,1310,Paltan,PA241-A,01,1,0.00,0.00,0.00,6.53,3.75,57.32,6.53,3.67,56.18,8.36,4.47,53.50,7.91,4.64,58.64,7.91,5.09,64.38,6.41,5.18,80.82,6.41,4.89,76.26,0.00,0.00,0.00,0.00,0.00,0.00,0.00,0.00,0.00,0.00,0.00,0.00,50.06,31.68,63.29,2026
EM00014563,Md. Nure Alom,1315,Chattogram,CH192-A,01,1,8.27,4.95,59.84,8.21,5.78,70.42,8.21,5.30,64.54,9.95,5.23,52.59,9.58,5.12,53.42,9.58,5.98,62.39,7.60,5.50,72.45,7.35,5.63,76.62,0.00,0.00,0.00,0.00,0.00,0.00,0.00,0.00,0.00,0.00,0.00,0.00,68.73,43.48,63.26,2026
EM00012927,Dipak Chandra,1315,Chattogram,CH114-A,01,1,8.17,5.08,62.17,8.17,5.31,64.96,8.17,5.42,66.35,9.52,5.06,53.19,9.17,5.45,59.35,9.17,5.65,61.53,8.20,5.52,67.31,7.77,5.73,73.72,0.00,0.00,0.00,0.00,0.00,0.00,0.00,0.00,0.00,0.00,0.00,0.00,68.35,43.21,63.22,2026
EM00014266,Habibur Rahman,1311,Dhanmondi,DH282-B,01,1,7.96,5.01,62.92,7.56,6.07,80.26,7.56,5.27,69.72,9.74,5.75,59.05,9.94,5.49,55.19,9.94,5.53,55.65,9.63,6.06,62.92,9.49,6.22,65.55,0.00,0.00,0.00,0.00,0.00,0.00,0.00,0.00,0.00,0.00,0.00,0.00,71.82,45.39,63.21,2026
EM00016451,Safiqul Islam,1310,Paltan,PA042-G,02,1,0.00,0.00,0.00,0.00,0.00,0.00,0.00,0.00,0.00,0.00,0.00,0.00,0.00,0.00,0.00,0.00,0.00,0.00,0.00,0.00,0.00,11.08,7.00,63.19,0.00,0.00,0.00,0.00,0.00,0.00,0.00,0.00,0.00,0.00,0.00,0.00,11.08,7.00,63.19,2026
EM00016525,Rakibul Islam,1331,Chandpur,CA061-B,01,1,0.00,0.00,0.00,0.00,0.00,0.00,0.00,0.00,0.00,0.00,0.00,0.00,0.00,0.00,0.00,0.00,0.00,0.00,0.00,0.00,0.00,7.93,5.01,63.16,0.00,0.00,0.00,0.00,0.00,0.00,0.00,0.00,0.00,0.00,0.00,0.00,7.93,5.01,63.16,2026
EM00014918,Humaun Kabir,1315,Chattogram,CH103-C,01,1,8.09,5.04,62.33,8.09,6.09,75.28,8.09,5.36,66.29,9.27,5.60,60.39,8.94,5.18,57.90,8.94,4.60,51.38,8.42,5.06,60.07,7.98,5.85,73.31,0.00,0.00,0.00,0.00,0.00,0.00,0.00,0.00,0.00,0.00,0.00,0.00,67.82,42.77,63.06,2026
EM00015106,Md. Belal Hosen,1312,Uttara,UT012-B,01,1,5.96,4.17,69.97,5.94,3.51,59.11,5.94,3.33,56.07,7.22,4.20,58.13,6.96,3.19,45.88,6.96,4.11,59.02,5.96,5.44,91.34,5.87,4.04,68.78,0.00,0.00,0.00,0.00,0.00,0.00,0.00,0.00,0.00,0.00,0.00,0.00,50.81,31.99,62.96,2026
EM00014288,Md. Rasel Sheikh,1328,Cox's Bazar,CO093-C,01,1,9.61,6.67,69.39,9.54,7.93,83.10,8.91,4.90,54.95,11.10,5.55,49.95,10.70,5.67,53.00,10.70,6.16,57.58,9.11,5.90,64.76,8.79,6.62,75.33,0.00,0.00,0.00,0.00,0.00,0.00,0.00,0.00,0.00,0.00,0.00,0.00,78.47,49.40,62.95,2026
EM00015405,Shamol Samodder,1312,Uttara,UT091-B,01,1,5.94,3.79,63.75,5.90,3.78,64.08,5.90,3.88,65.75,7.54,4.45,58.97,7.28,4.00,54.94,7.28,4.20,57.75,6.74,4.84,71.74,7.05,4.82,68.36,0.00,0.00,0.00,0.00,0.00,0.00,0.00,0.00,0.00,0.00,0.00,0.00,53.62,33.75,62.93,2026
EM00016170,Md. Shaon Hossain,1311,Dhanmondi,DH021-A,01,1,0.00,0.00,0.00,0.00,0.00,0.00,0.00,0.00,0.00,0.00,0.00,0.00,4.70,2.09,44.44,4.70,2.54,53.99,4.01,3.30,82.43,3.95,2.99,75.76,0.00,0.00,0.00,0.00,0.00,0.00,0.00,0.00,0.00,0.00,0.00,0.00,17.35,10.91,62.92,2026
EM00015569,Md. Foisal Ahmed,1310,Paltan,PA180-P,01,2,44.40,29.96,67.47,43.54,31.01,71.22,43.54,27.96,64.22,52.88,29.92,56.58,50.93,27.10,53.22,50.93,28.05,55.08,43.51,29.94,68.82,43.54,30.63,70.35,0.00,0.00,0.00,0.00,0.00,0.00,0.00,0.00,0.00,0.00,0.00,0.00,373.26,234.56,62.84,2026
EM00013480,Farhad Hosen,1327,Faridpur,FA052-A,01,1,10.09,7.86,77.89,10.48,4.07,38.78,10.48,5.99,57.10,10.83,5.98,55.25,10.91,7.12,65.25,10.91,7.21,66.11,9.76,6.79,69.61,9.31,6.96,74.84,0.00,0.00,0.00,0.00,0.00,0.00,0.00,0.00,0.00,0.00,0.00,0.00,82.78,51.99,62.80,2026
EM00016463,Md. Aminul Islam,1325,JSR+KHL,KH010-D,11,2,0.00,0.00,0.00,0.00,0.00,0.00,0.00,0.00,0.00,0.00,0.00,0.00,0.00,0.00,0.00,0.00,0.00,0.00,0.00,0.00,0.00,12.41,7.79,62.79,0.00,0.00,0.00,0.00,0.00,0.00,0.00,0.00,0.00,0.00,0.00,0.00,12.41,7.79,62.79,2026
EM00013051,Sajib Mia,1315,Chattogram,CH181-A,01,1,8.02,5.34,66.52,7.96,5.24,65.79,7.96,5.25,65.90,9.57,5.55,58.03,9.23,4.93,53.36,9.23,5.39,58.35,8.58,5.85,68.22,7.91,5.36,67.79,0.00,0.00,0.00,0.00,0.00,0.00,0.00,0.00,0.00,0.00,0.00,0.00,68.47,42.90,62.66,2026
EM00014718,Md. Aminur Islam,1315,Chattogram,CH142-C,01,1,8.97,5.43,60.56,8.91,6.33,71.09,8.91,7.79,87.44,10.98,5.89,53.67,10.59,6.32,59.71,10.59,5.44,51.33,9.47,5.52,58.21,8.92,5.73,64.21,0.00,0.00,0.00,0.00,0.00,0.00,0.00,0.00,0.00,0.00,0.00,0.00,77.35,48.45,62.64,2026
EM00015493,Mr. Imran,1310,Paltan,PA271-A,01,1,6.91,3.56,51.50,6.10,3.54,58.00,6.10,2.91,47.73,8.01,4.60,57.44,7.33,3.47,47.34,7.33,4.41,60.19,6.06,5.79,95.53,6.07,5.48,90.37,0.00,0.00,0.00,0.00,0.00,0.00,0.00,0.00,0.00,0.00,0.00,0.00,53.91,33.77,62.63,2026
EM00015412,Md. Shamim Hossain,1327,Faridpur,FA063-A,01,1,11.02,6.56,59.52,10.94,7.14,65.25,10.94,7.80,71.27,11.25,6.49,57.65,9.96,5.48,55.09,9.96,7.07,71.06,8.82,5.75,65.21,8.41,4.61,54.83,0.00,0.00,0.00,0.00,0.00,0.00,0.00,0.00,0.00,0.00,0.00,0.00,81.31,50.91,62.62,2026
EM00015982,Asikur Rahman,1313,Narayanganj,NA025-D,11,1,0.00,0.00,0.00,0.00,0.00,0.00,0.00,0.00,0.00,8.06,4.52,56.10,7.33,5.03,68.70,7.33,4.92,67.15,8.57,4.91,57.31,6.61,4.32,65.32,0.00,0.00,0.00,0.00,0.00,0.00,0.00,0.00,0.00,0.00,0.00,0.00,37.90,23.71,62.56,2026
EM00016416,Md. Abdul Halim,1314,Mymensingh,MY052-B,01,1,0.00,0.00,0.00,0.00,0.00,0.00,0.00,0.00,0.00,0.00,0.00,0.00,0.00,0.00,0.00,0.00,0.00,0.00,6.96,4.42,63.51,6.74,4.13,61.39,0.00,0.00,0.00,0.00,0.00,0.00,0.00,0.00,0.00,0.00,0.00,0.00,13.70,8.56,62.47,2026
EM00015421,Md. Jahangir Alam,1322,Rangpur,RN031-G,02,1,6.14,3.60,58.56,5.95,3.45,57.96,5.95,3.40,57.17,6.45,3.54,54.84,5.00,3.87,77.47,5.50,3.43,62.41,5.50,3.66,66.59,5.50,3.77,68.56,0.00,0.00,0.00,0.00,0.00,0.00,0.00,0.00,0.00,0.00,0.00,0.00,45.99,28.72,62.45,2026
EM00013198,Md. Afzal Hossain,1311,Dhanmondi,DH152-A,01,1,6.16,3.51,56.95,5.76,3.89,67.58,5.76,3.65,63.43,7.73,3.79,49.04,5.67,3.65,64.48,5.67,3.70,65.37,5.06,3.50,69.19,4.99,3.49,69.82,0.00,0.00,0.00,0.00,0.00,0.00,0.00,0.00,0.00,0.00,0.00,0.00,46.79,29.19,62.38,2026
EM00015570,Razib Ahmed,1311,Dhanmondi,DH092-A,01,1,8.02,4.31,53.74,7.51,5.20,69.33,7.51,5.12,68.25,9.77,5.68,58.15,9.39,4.87,51.83,9.39,5.43,57.83,8.02,5.70,70.99,7.27,5.41,74.35,0.00,0.00,0.00,0.00,0.00,0.00,0.00,0.00,0.00,0.00,0.00,0.00,66.87,41.72,62.38,2026
EM00016043,Mahmudul Hasan,1315,Chattogram,CH021-D,11,1,0.00,0.00,0.00,0.00,0.00,0.00,0.00,0.00,0.00,0.00,0.00,0.00,0.00,0.00,0.00,0.00,0.00,0.00,0.00,0.00,0.00,1.79,1.12,62.33,0.00,0.00,0.00,0.00,0.00,0.00,0.00,0.00,0.00,0.00,0.00,0.00,1.79,1.12,62.33,2026
EM00007940,Md. Suhel Rana,1312,Uttara,UT020-P,01,2,63.96,42.18,65.94,63.51,43.68,68.78,63.51,44.95,70.78,76.24,43.10,56.53,73.35,40.64,55.41,73.35,40.99,55.88,63.14,42.66,67.56,62.25,37.45,60.16,0.00,0.00,0.00,0.00,0.00,0.00,0.00,0.00,0.00,0.00,0.00,0.00,539.31,335.66,62.24,2026
EM00015996,Md. Nafis Iqbal,1312,Uttara,UT021-D,11,1,0.00,0.00,0.00,0.00,0.00,0.00,0.00,0.00,0.00,8.31,4.20,50.48,7.88,4.67,59.19,7.88,4.91,62.27,8.40,4.83,57.57,6.79,5.83,85.91,0.00,0.00,0.00,0.00,0.00,0.00,0.00,0.00,0.00,0.00,0.00,0.00,39.26,24.43,62.24,2026
EM00015463,Md. Rakib Hosen,1311,Dhanmondi,DH152-B,01,1,5.98,3.60,60.12,5.58,3.17,56.73,5.58,3.13,56.05,7.62,3.66,48.02,5.67,3.63,64.03,5.67,3.98,70.21,5.57,4.05,72.73,5.50,4.11,74.86,0.00,0.00,0.00,0.00,0.00,0.00,0.00,0.00,0.00,0.00,0.00,0.00,47.17,29.33,62.17,2026
EM00014716,Kamal Miah,1316,Sylhet,SY091-B,01,1,7.85,5.54,70.66,7.79,4.59,58.94,7.79,4.38,56.19,9.33,4.85,51.99,9.01,4.79,53.13,9.01,5.56,61.72,8.15,6.18,75.82,8.03,5.68,70.73,0.00,0.00,0.00,0.00,0.00,0.00,0.00,0.00,0.00,0.00,0.00,0.00,66.95,41.57,62.08,2026
EM00015750,Amit Kumar Biswas,1312,Uttara,UT012-D,11,1,0.00,0.00,0.00,0.00,0.00,0.00,0.00,0.00,0.00,7.05,3.71,52.61,6.02,3.80,63.08,6.02,3.90,64.76,6.87,4.08,59.37,5.41,3.98,73.55,0.00,0.00,0.00,0.00,0.00,0.00,0.00,0.00,0.00,0.00,0.00,0.00,31.37,19.46,62.04,2026
EM00015839,Md. Rakibul Hasan,1315,Chattogram,CH043-C,01,1,0.00,0.00,0.00,0.00,0.00,0.00,9.17,5.58,60.86,11.21,6.20,55.29,10.52,6.22,59.10,10.52,6.44,61.24,9.47,6.37,67.31,9.03,6.33,70.10,0.00,0.00,0.00,0.00,0.00,0.00,0.00,0.00,0.00,0.00,0.00,0.00,59.92,37.14,61.99,2026
EM00014885,Md. Rashidul Islam,1336,Keraniganj,KE032-B,01,1,6.67,4.34,65.11,6.62,4.39,66.22,6.62,4.31,65.05,8.08,4.54,56.15,7.78,4.32,55.57,7.78,4.23,54.36,6.63,4.74,71.53,6.68,4.36,65.26,0.00,0.00,0.00,0.00,0.00,0.00,0.00,0.00,0.00,0.00,0.00,0.00,56.86,35.22,61.95,2026
EM00007710,Md. Abdul Kader,1323,Dinajpur,DI051-A,01,1,7.66,4.33,56.58,7.70,5.37,69.69,8.83,4.71,53.34,11.15,5.53,49.56,10.61,6.05,57.05,10.61,6.82,64.26,7.90,6.04,76.47,7.90,5.96,75.45,0.00,0.00,0.00,0.00,0.00,0.00,0.00,0.00,0.00,0.00,0.00,0.00,72.37,44.82,61.93,2026
EM00015819,Md. Mahmudul Hasan,1315,Chattogram,CH261-A,01,1,0.00,0.00,0.00,0.00,0.00,0.00,7.69,5.24,68.16,8.73,5.28,60.45,8.42,4.73,56.25,8.42,5.30,63.02,8.02,4.48,55.88,7.59,5.20,68.51,0.00,0.00,0.00,0.00,0.00,0.00,0.00,0.00,0.00,0.00,0.00,0.00,48.86,30.24,61.88,2026
EM00016241,Md. Hasan Al Sakib,1326,Barishal,BA133-A,01,1,0.00,0.00,0.00,0.00,0.00,0.00,0.00,0.00,0.00,0.00,0.00,0.00,0.00,0.00,0.00,7.83,4.44,56.68,6.82,3.81,55.91,6.74,4.97,73.69,0.00,0.00,0.00,0.00,0.00,0.00,0.00,0.00,0.00,0.00,0.00,0.00,21.39,13.22,61.80,2026
EM00016370,Shipon Sugon,1322,Rangpur,RN081-A,01,1,0.00,0.00,0.00,0.00,0.00,0.00,0.00,0.00,0.00,0.00,0.00,0.00,0.00,0.00,0.00,0.00,0.00,0.00,6.44,3.96,61.41,6.35,3.95,62.16,0.00,0.00,0.00,0.00,0.00,0.00,0.00,0.00,0.00,0.00,0.00,0.00,12.79,7.90,61.78,2026
EM00015398,Md. Shahidul Islam,1320,Bogura,BO151-B,01,1,6.09,3.51,57.55,5.84,3.48,59.57,5.84,3.55,60.81,7.68,3.68,47.94,7.32,3.60,49.27,7.32,4.15,56.67,6.06,5.29,87.35,5.99,4.93,82.23,0.00,0.00,0.00,0.00,0.00,0.00,0.00,0.00,0.00,0.00,0.00,0.00,52.14,32.19,61.74,2026
EM00013191,Khairul Islam,1316,Sylhet,SY121-B,01,1,8.26,4.06,49.10,8.20,4.97,60.66,8.20,5.74,69.95,10.30,5.63,54.65,9.94,4.98,50.10,9.94,6.56,65.99,9.06,6.56,72.48,8.92,6.44,72.19,0.00,0.00,0.00,0.00,0.00,0.00,0.00,0.00,0.00,0.00,0.00,0.00,72.82,44.94,61.71,2026
EM00014891,A.N.M Tamzid Anik,1315,Chattogram,CH082-A,01,1,8.87,5.70,64.22,8.81,5.95,67.57,8.81,5.34,60.69,10.44,5.25,50.35,10.37,4.64,44.74,10.37,10.46,100.87,9.54,4.79,50.22,8.98,4.86,54.07,0.00,0.00,0.00,0.00,0.00,0.00,0.00,0.00,0.00,0.00,0.00,0.00,76.18,47.00,61.69,2026
EM00015460,Rinku Kumer Saha,1310,Paltan,PA232-B,01,1,5.29,3.87,73.15,5.26,3.60,68.52,5.26,3.05,58.09,7.01,3.45,49.22,6.75,3.14,46.53,6.75,3.23,47.90,5.40,4.48,83.02,5.55,4.27,76.94,0.00,0.00,0.00,0.00,0.00,0.00,0.00,0.00,0.00,0.00,0.00,0.00,47.27,29.11,61.58,2026
EM00016493,Md. Parvez Mia,1324,Jashore,JA011-D,11,1,0.00,0.00,0.00,0.00,0.00,0.00,0.00,0.00,0.00,0.00,0.00,0.00,0.00,0.00,0.00,0.00,0.00,0.00,0.00,0.00,0.00,2.98,1.83,61.50,0.00,0.00,0.00,0.00,0.00,0.00,0.00,0.00,0.00,0.00,0.00,0.00,2.98,1.83,61.50,2026
EM00016521,Md. Naiem Hossain,1315,Chattogram,CH292-C,01,1,0.00,0.00,0.00,0.00,0.00,0.00,0.00,0.00,0.00,0.00,0.00,0.00,0.00,0.00,0.00,0.00,0.00,0.00,0.00,0.00,0.00,9.41,5.78,61.48,0.00,0.00,0.00,0.00,0.00,0.00,0.00,0.00,0.00,0.00,0.00,0.00,9.41,5.78,61.48,2026
EM00016063,Soikat Sinha,1315,Chattogram,CH022-D,11,1,0.00,0.00,0.00,0.00,0.00,0.00,0.00,0.00,0.00,0.00,0.00,0.00,0.00,0.00,0.00,0.00,0.00,0.00,0.00,0.00,0.00,2.05,1.26,61.44,0.00,0.00,0.00,0.00,0.00,0.00,0.00,0.00,0.00,0.00,0.00,0.00,2.05,1.26,61.44,2026
EM00015751,Md. Samaun Haque,1320,Bogura,BO014-D,11,1,0.00,0.00,0.00,0.00,0.00,0.00,0.00,0.00,0.00,0.00,0.00,0.00,0.00,0.00,0.00,6.63,3.14,47.39,5.33,3.26,61.17,4.10,3.46,84.47,0.00,0.00,0.00,0.00,0.00,0.00,0.00,0.00,0.00,0.00,0.00,0.00,16.06,9.86,61.43,2026
EM00014897,Md. Alamgir Hossain,1331,Chandpur,CA061-A,01,1,8.70,5.59,64.28,8.64,5.84,67.56,8.64,5.68,65.77,9.78,5.43,55.48,9.00,5.14,57.06,9.00,5.13,57.05,8.42,5.09,60.37,8.11,5.29,65.22,0.00,0.00,0.00,0.00,0.00,0.00,0.00,0.00,0.00,0.00,0.00,0.00,70.29,43.18,61.43,2026
EM00015240,Pasha Mollah,1314,Mymensingh,MY092-B,01,1,9.48,4.88,51.49,9.41,5.27,56.01,9.41,5.77,61.34,8.98,5.48,61.07,8.72,4.82,55.34,8.72,4.34,49.82,6.92,6.46,93.39,6.84,4.92,71.96,0.00,0.00,0.00,0.00,0.00,0.00,0.00,0.00,0.00,0.00,0.00,0.00,68.47,41.96,61.28,2026
EM00015161,Md. Najmul Haque,1321,Rajshahi,RA023-B,01,1,7.46,4.44,59.57,7.40,4.12,55.68,7.40,4.41,59.55,9.39,5.02,53.52,9.06,4.78,52.78,9.06,5.41,59.75,7.78,5.78,74.28,7.47,5.87,78.58,0.00,0.00,0.00,0.00,0.00,0.00,0.00,0.00,0.00,0.00,0.00,0.00,65.02,39.84,61.27,2026
EM00015140,Moniruzzaman .,1320,Bogura,BO031-A,01,1,4.61,2.99,64.94,4.56,3.03,66.44,4.56,3.00,65.74,5.78,3.13,54.22,5.52,3.18,57.56,5.52,3.29,59.51,4.65,2.82,60.59,4.45,2.81,63.16,0.00,0.00,0.00,0.00,0.00,0.00,0.00,0.00,0.00,0.00,0.00,0.00,39.64,24.24,61.15,2026
EM00014733,Khalid Hossain,1331,Chandpur,CA062-A,01,1,9.56,5.82,60.86,9.49,6.25,65.90,9.49,7.16,75.43,10.14,6.16,60.73,9.14,5.28,57.76,9.14,4.71,51.55,8.55,4.36,51.02,8.00,5.18,64.83,0.00,0.00,0.00,0.00,0.00,0.00,0.00,0.00,0.00,0.00,0.00,0.00,73.50,44.92,61.12,2026
EM00015896,Md. Mamun Talukder,1311,Dhanmondi,DH253-A,01,1,0.00,0.00,0.00,0.00,0.00,0.00,0.00,0.00,0.00,8.34,5.51,66.10,8.02,5.66,70.51,8.02,4.69,58.47,7.15,4.02,56.23,6.35,3.27,51.43,0.00,0.00,0.00,0.00,0.00,0.00,0.00,0.00,0.00,0.00,0.00,0.00,37.89,23.15,61.10,2026
EM00015857,Md. Forhan Hossain,1325,Khulna,KH023-G,02,1,0.00,0.00,0.00,0.00,0.00,0.00,0.00,0.00,0.00,5.95,2.67,44.83,5.54,3.39,61.28,6.20,3.71,59.79,6.20,3.63,58.60,6.30,5.03,79.81,0.00,0.00,0.00,0.00,0.00,0.00,0.00,0.00,0.00,0.00,0.00,0.00,30.19,18.43,61.05,2026
EM00012979,Md. Masud Hasan Musa,1322,Rangpur,RN082-A,01,1,7.84,5.24,66.80,7.84,4.53,57.80,7.84,5.18,66.12,10.32,5.26,50.99,9.95,5.38,54.06,9.95,4.99,50.11,7.73,5.82,75.22,7.62,5.72,75.07,0.00,0.00,0.00,0.00,0.00,0.00,0.00,0.00,0.00,0.00,0.00,0.00,69.10,42.12,60.95,2026
EM00008333,Mr. Kamal Hossain,1315,Chattogram,CH294-C,01,1,9.42,5.57,59.08,9.36,6.13,65.55,9.35,6.91,73.96,11.64,6.23,53.54,11.23,6.36,56.68,11.23,5.94,52.87,9.98,5.97,59.80,9.40,6.60,70.20,0.00,0.00,0.00,0.00,0.00,0.00,0.00,0.00,0.00,0.00,0.00,0.00,81.60,49.71,60.92,2026
EM00016492,Md. Jakir Hossen,1320,Bogura,BO025-D,11,1,0.00,0.00,0.00,0.00,0.00,0.00,0.00,0.00,0.00,0.00,0.00,0.00,0.00,0.00,0.00,0.00,0.00,0.00,0.00,0.00,0.00,2.20,1.34,60.85,0.00,0.00,0.00,0.00,0.00,0.00,0.00,0.00,0.00,0.00,0.00,0.00,2.20,1.34,60.85,2026
EM00014961,Amrit Kumar Roy,1323,Dinajpur,DI021-A,01,1,5.24,2.55,48.78,5.20,2.78,53.56,5.20,3.39,65.26,6.60,3.44,52.07,6.36,3.29,51.72,6.36,3.80,59.78,5.14,4.30,83.64,5.07,3.92,77.24,0.00,0.00,0.00,0.00,0.00,0.00,0.00,0.00,0.00,0.00,0.00,0.00,45.16,27.47,60.84,2026
EM00015310,Dilip Roy,1320,Bogura,BO091-A,01,1,7.85,4.20,53.57,7.84,4.50,57.41,7.84,4.56,58.21,9.49,4.89,51.56,8.74,4.82,55.12,8.74,5.72,65.47,6.65,4.88,73.35,6.30,5.01,79.55,0.00,0.00,0.00,0.00,0.00,0.00,0.00,0.00,0.00,0.00,0.00,0.00,63.44,38.59,60.82,2026
EM00016136,Md. Shahozamal Rahman,1315,Chattogram,CH262-A,01,1,0.00,0.00,0.00,0.00,0.00,0.00,0.00,0.00,0.00,0.00,0.00,0.00,9.86,4.86,49.29,9.86,5.63,57.10,8.57,5.90,68.87,8.13,5.75,70.77,0.00,0.00,0.00,0.00,0.00,0.00,0.00,0.00,0.00,0.00,0.00,0.00,36.42,22.15,60.81,2026
EM00016308,Sheikh Shamiul Islam,1324,Jashore,JA121-A,01,1,0.00,0.00,0.00,0.00,0.00,0.00,0.00,0.00,0.00,0.00,0.00,0.00,0.00,0.00,0.00,9.65,5.48,56.82,8.53,5.18,60.77,8.24,5.38,65.34,0.00,0.00,0.00,0.00,0.00,0.00,0.00,0.00,0.00,0.00,0.00,0.00,26.42,16.05,60.75,2026
EM00015254,Md. Ahaduzzaman,1319,Feni,FE043-B,01,1,7.69,4.58,59.57,7.90,5.17,65.36,7.90,4.87,61.64,9.46,5.15,54.45,8.63,4.60,53.30,8.63,4.93,57.10,8.02,5.71,71.20,7.90,5.08,64.33,0.00,0.00,0.00,0.00,0.00,0.00,0.00,0.00,0.00,0.00,0.00,0.00,66.13,40.09,60.62,2026
EM00016464,Md. Kamrul Hasan,1326,KHL+BRS,BA020-D,11,2,0.00,0.00,0.00,0.00,0.00,0.00,0.00,0.00,0.00,0.00,0.00,0.00,0.00,0.00,0.00,0.00,0.00,0.00,0.00,0.00,0.00,28.31,17.15,60.59,0.00,0.00,0.00,0.00,0.00,0.00,0.00,0.00,0.00,0.00,0.00,0.00,28.31,17.15,60.59,2026
EM00016475,Uzall Chandra Ray,1317,Cumilla,CU132-B,01,1,0.00,0.00,0.00,0.00,0.00,0.00,0.00,0.00,0.00,0.00,0.00,0.00,0.00,0.00,0.00,0.00,0.00,0.00,0.00,0.00,0.00,10.57,6.40,60.58,0.00,0.00,0.00,0.00,0.00,0.00,0.00,0.00,0.00,0.00,0.00,0.00,10.57,6.40,60.58,2026
EM00016196,Md. Manjurul Haque,1315,Chattogram,CH112-B,01,1,0.00,0.00,0.00,0.00,0.00,0.00,0.00,0.00,0.00,0.00,0.00,0.00,0.00,0.00,0.00,5.33,2.89,54.18,5.00,3.16,63.09,4.74,3.08,64.88,0.00,0.00,0.00,0.00,0.00,0.00,0.00,0.00,0.00,0.00,0.00,0.00,15.08,9.12,60.50,2026
EM00016559,Md. Roni Khan,1336,Keraniganj,KE011-B,01,1,0.00,0.00,0.00,0.00,0.00,0.00,0.00,0.00,0.00,0.00,0.00,0.00,0.00,0.00,0.00,0.00,0.00,0.00,0.00,0.00,0.00,10.04,6.07,60.43,0.00,0.00,0.00,0.00,0.00,0.00,0.00,0.00,0.00,0.00,0.00,0.00,10.04,6.07,60.43,2026
EM00016523,Manjur Hasan,1328,Cox's Bazar,CO032-A,01,1,0.00,0.00,0.00,0.00,0.00,0.00,0.00,0.00,0.00,0.00,0.00,0.00,0.00,0.00,0.00,0.00,0.00,0.00,0.00,0.00,0.00,9.00,5.44,60.39,0.00,0.00,0.00,0.00,0.00,0.00,0.00,0.00,0.00,0.00,0.00,0.00,9.00,5.44,60.39,2026
EM00015052,Abdul Mottaleb .,1324,Jashore,JA142-B,01,1,8.35,5.05,60.48,8.29,4.63,55.79,8.29,5.28,63.73,10.56,5.52,52.25,10.15,5.36,52.82,10.15,5.89,58.05,8.90,6.13,68.92,8.50,6.30,74.12,0.00,0.00,0.00,0.00,0.00,0.00,0.00,0.00,0.00,0.00,0.00,0.00,73.20,44.17,60.34,2026
EM00013833,S. M. Rahamat Ali,1315,Chattogram,CH181-B,01,1,8.09,5.45,67.43,8.03,5.20,64.76,8.03,5.02,62.49,9.66,4.90,50.76,9.32,4.93,52.90,9.32,5.31,57.00,8.67,5.87,67.71,8.21,5.14,62.58,0.00,0.00,0.00,0.00,0.00,0.00,0.00,0.00,0.00,0.00,0.00,0.00,69.32,41.82,60.33,2026
EM00016192,Asadul Islam,1336,Keraniganj,KE010-D,11,2,0.00,0.00,0.00,0.00,0.00,0.00,0.00,0.00,0.00,0.00,0.00,0.00,0.00,0.00,0.00,34.15,21.47,62.88,39.50,19.44,49.22,31.23,22.25,71.26,0.00,0.00,0.00,0.00,0.00,0.00,0.00,0.00,0.00,0.00,0.00,0.00,104.88,63.17,60.23,2026
EM00015454,Auwal Miah,1330,Pabna,PB071-B,01,1,9.20,5.20,56.54,9.14,4.82,52.70,9.14,4.95,54.13,11.13,6.02,54.07,10.11,5.68,56.22,10.11,6.34,62.67,8.92,6.48,72.63,8.65,6.45,74.57,0.00,0.00,0.00,0.00,0.00,0.00,0.00,0.00,0.00,0.00,0.00,0.00,76.40,45.93,60.12,2026
EM00016480,Md. Hafizur Rahman,1314,Mymensingh,MY063-B,01,1,0.00,0.00,0.00,0.00,0.00,0.00,0.00,0.00,0.00,0.00,0.00,0.00,0.00,0.00,0.00,0.00,0.00,0.00,0.00,0.00,0.00,5.84,3.50,60.04,0.00,0.00,0.00,0.00,0.00,0.00,0.00,0.00,0.00,0.00,0.00,0.00,5.84,3.50,60.04,2026
EM00015765,Md. Shamim Khan,1312,Uttara,UT024-D,11,1,0.00,0.00,0.00,0.00,0.00,0.00,0.00,0.00,0.00,5.58,3.32,59.46,4.83,3.30,68.44,4.83,2.78,57.64,6.31,3.18,50.43,5.53,3.66,66.18,0.00,0.00,0.00,0.00,0.00,0.00,0.00,0.00,0.00,0.00,0.00,0.00,27.07,16.25,60.01,2026
EM00015818,Md. Shamim Hossain,1315,Chattogram,CH334-C,01,1,0.00,0.00,0.00,0.00,0.00,0.00,7.25,4.35,60.03,8.53,4.93,57.75,8.22,4.60,55.96,8.22,4.96,60.30,7.70,4.57,59.34,7.29,4.89,67.04,0.00,0.00,0.00,0.00,0.00,0.00,0.00,0.00,0.00,0.00,0.00,0.00,47.22,28.30,59.93,2026
EM00015934,Rubel Ahammed,1324,Jashore,JA133-A,01,1,0.00,0.00,0.00,0.00,0.00,0.00,0.00,0.00,0.00,7.49,3.18,42.52,7.02,4.20,59.78,7.02,4.29,61.08,6.54,4.42,67.60,6.30,4.50,71.46,0.00,0.00,0.00,0.00,0.00,0.00,0.00,0.00,0.00,0.00,0.00,0.00,34.37,20.59,59.91,2026
EM00016379,Md Ubaidul Islam,1310,Paltan,PA032-D,11,1,0.00,0.00,0.00,0.00,0.00,0.00,0.00,0.00,0.00,0.00,0.00,0.00,0.00,0.00,0.00,0.00,0.00,0.00,4.89,2.54,52.06,3.66,2.57,70.29,0.00,0.00,0.00,0.00,0.00,0.00,0.00,0.00,0.00,0.00,0.00,0.00,8.54,5.11,59.86,2026
EM00014943,Md. Mahadi Hasan,1310,Paltan,PA213-A,01,1,6.97,4.02,57.73,7.12,4.34,60.99,7.12,3.99,56.01,8.81,4.99,56.71,8.30,4.49,54.06,8.30,5.14,61.96,6.51,5.02,77.15,6.51,3.69,56.75,0.00,0.00,0.00,0.00,0.00,0.00,0.00,0.00,0.00,0.00,0.00,0.00,59.64,35.70,59.85,2026
EM00015810,Rajesh Kumar Hore,1334,Kishoreganj,KI044-C,01,1,0.00,0.00,0.00,0.00,0.00,0.00,7.70,4.30,55.87,9.68,4.71,48.64,9.08,5.53,60.89,9.08,6.11,67.33,8.62,5.69,66.03,8.51,5.17,60.80,0.00,0.00,0.00,0.00,0.00,0.00,0.00,0.00,0.00,0.00,0.00,0.00,52.67,31.52,59.84,2026
EM00015994,Al Amin Biswas,1336,Keraniganj,KE013-D,11,1,0.00,0.00,0.00,0.00,0.00,0.00,0.00,0.00,0.00,6.12,2.65,43.39,5.53,3.60,65.11,5.53,3.73,67.47,6.30,3.42,54.22,5.03,3.65,72.56,0.00,0.00,0.00,0.00,0.00,0.00,0.00,0.00,0.00,0.00,0.00,0.00,28.51,17.05,59.81,2026
EM00015480,Abu Hanifa,1334,Kishoreganj,KI054-A,01,1,7.68,3.88,50.52,7.29,4.11,56.41,7.29,4.10,56.20,5.95,3.16,53.06,5.78,3.17,54.81,5.78,3.04,52.47,5.30,4.97,93.60,5.24,3.68,70.18,0.00,0.00,0.00,0.00,0.00,0.00,0.00,0.00,0.00,0.00,0.00,0.00,50.32,30.09,59.80,2026
EM00016148,Muhammad Shariful Islam,1332,B. Baria,BB091-A,01,1,0.00,0.00,0.00,0.00,0.00,0.00,0.00,0.00,0.00,0.00,0.00,0.00,7.66,3.79,49.43,7.66,4.77,62.32,7.49,4.49,59.93,7.38,5.00,67.77,0.00,0.00,0.00,0.00,0.00,0.00,0.00,0.00,0.00,0.00,0.00,0.00,30.18,18.05,59.79,2026
EM00016147,Shakil Ahammad,1335,Kushtia,KU064-B,01,1,0.00,0.00,0.00,0.00,0.00,0.00,0.00,0.00,0.00,0.00,0.00,0.00,3.30,1.24,37.54,3.30,1.88,56.83,3.10,2.26,72.92,3.13,2.29,73.24,0.00,0.00,0.00,0.00,0.00,0.00,0.00,0.00,0.00,0.00,0.00,0.00,12.83,7.67,59.76,2026
EM00012142,Md. Nazmul Hossain,1316,Sylhet,SY021-B,01,1,10.63,6.37,59.89,10.56,6.70,63.45,10.56,7.03,66.63,13.20,7.23,54.74,12.72,6.33,49.73,12.72,7.12,56.01,11.22,7.53,67.10,11.06,7.03,63.57,0.00,0.00,0.00,0.00,0.00,0.00,0.00,0.00,0.00,0.00,0.00,0.00,92.67,55.34,59.71,2026
EM00015991,Md. Imran Hossain,1310,Paltan,PA033-D,11,1,0.00,0.00,0.00,0.00,0.00,0.00,0.00,0.00,0.00,5.50,2.61,47.43,5.40,2.37,43.80,5.40,2.74,50.63,5.07,3.40,67.15,3.98,4.02,100.94,0.00,0.00,0.00,0.00,0.00,0.00,0.00,0.00,0.00,0.00,0.00,0.00,25.36,15.13,59.68,2026
EM00016032,Apu Dash,1310,Paltan,PA043-D,11,1,0.00,0.00,0.00,0.00,0.00,0.00,0.00,0.00,0.00,4.68,2.36,50.42,4.29,2.52,58.60,4.29,2.58,60.15,4.33,2.58,59.65,3.76,2.71,71.92,0.00,0.00,0.00,0.00,0.00,0.00,0.00,0.00,0.00,0.00,0.00,0.00,21.36,12.75,59.68,2026
EM00014520,Aurun Kumar,1310,Paltan,PA192-B,01,1,6.74,4.17,61.86,6.44,3.96,61.52,6.44,3.34,51.85,8.08,3.80,47.06,7.59,3.51,46.26,7.59,4.01,52.79,6.36,5.48,86.25,6.36,4.89,76.91,0.00,0.00,0.00,0.00,0.00,0.00,0.00,0.00,0.00,0.00,0.00,0.00,55.59,33.16,59.66,2026
EM00015807,Md. Kasfi Kawsar,1312,Uttara,UT043-B,01,1,0.00,0.00,0.00,0.00,0.00,0.00,8.52,4.89,57.41,10.58,5.20,49.14,10.00,4.93,49.32,10.00,5.73,57.27,8.57,6.51,75.96,8.30,6.12,73.72,0.00,0.00,0.00,0.00,0.00,0.00,0.00,0.00,0.00,0.00,0.00,0.00,55.96,33.37,59.64,2026
EM00011988,Md. Redwanul Islam,1325,Khulna,KH072-B,01,1,6.44,4.53,70.45,6.39,3.41,53.35,6.39,3.69,57.76,8.45,3.57,42.32,8.15,3.80,46.66,8.15,4.81,58.99,6.82,4.96,72.70,6.52,5.37,82.42,0.00,0.00,0.00,0.00,0.00,0.00,0.00,0.00,0.00,0.00,0.00,0.00,57.29,34.14,59.60,2026
EM00016407,Hojayfa .,1312,Uttara,UT013-D,11,1,0.00,0.00,0.00,0.00,0.00,0.00,0.00,0.00,0.00,0.00,0.00,0.00,0.00,0.00,0.00,0.00,0.00,0.00,6.33,3.52,55.50,5.55,3.56,64.23,0.00,0.00,0.00,0.00,0.00,0.00,0.00,0.00,0.00,0.00,0.00,0.00,11.88,7.08,59.57,2026
EM00012433,Md. Mostakim Mia,1315,Chattogram,CH144-C,01,1,8.86,5.14,58.03,8.80,5.83,66.22,8.80,6.28,71.32,10.99,5.89,53.57,10.59,5.54,52.35,10.59,5.84,55.11,9.51,5.80,61.00,8.96,5.62,62.67,0.00,0.00,0.00,0.00,0.00,0.00,0.00,0.00,0.00,0.00,0.00,0.00,77.11,45.93,59.57,2026
EM00016479,Milan Chandra Sikder Bapi,1327,Faridpur,FA131-B,01,1,0.00,0.00,0.00,0.00,0.00,0.00,0.00,0.00,0.00,0.00,0.00,0.00,0.00,0.00,0.00,0.00,0.00,0.00,0.00,0.00,0.00,7.38,4.40,59.55,0.00,0.00,0.00,0.00,0.00,0.00,0.00,0.00,0.00,0.00,0.00,0.00,7.38,4.40,59.55,2026
EM00016252,Kamrul Islam Rasel,1326,Barishal,BA012-A,01,1,0.00,0.00,0.00,0.00,0.00,0.00,0.00,0.00,0.00,0.00,0.00,0.00,0.00,0.00,0.00,4.91,2.61,53.20,4.24,2.33,55.06,4.29,3.04,71.04,0.00,0.00,0.00,0.00,0.00,0.00,0.00,0.00,0.00,0.00,0.00,0.00,13.44,7.99,59.48,2026
EM00012371,Sirajul Islam,1311,PLT+DNM+DNM,RD11001,11,4,0.00,0.00,0.00,0.00,0.00,0.00,0.00,0.00,0.00,144.36,76.79,53.19,134.77,75.47,56.00,134.77,82.33,61.09,139.69,80.63,57.72,112.42,80.77,71.85,0.00,0.00,0.00,0.00,0.00,0.00,0.00,0.00,0.00,0.00,0.00,0.00,666.00,395.99,59.46,2026
EM00016524,Md. Muhaiminul Islam,1310,Paltan,PA072-A,01,1,0.00,0.00,0.00,0.00,0.00,0.00,0.00,0.00,0.00,0.00,0.00,0.00,0.00,0.00,0.00,0.00,0.00,0.00,0.00,0.00,0.00,8.34,4.95,59.33,0.00,0.00,0.00,0.00,0.00,0.00,0.00,0.00,0.00,0.00,0.00,0.00,8.34,4.95,59.33,2026
EM00016053,Md. Osman Goni,1310,Paltan,PA016-D,11,1,0.00,0.00,0.00,0.00,0.00,0.00,0.00,0.00,0.00,7.99,4.12,51.50,7.65,4.32,56.44,7.65,4.19,54.72,7.03,4.02,57.21,5.60,4.67,83.31,0.00,0.00,0.00,0.00,0.00,0.00,0.00,0.00,0.00,0.00,0.00,0.00,35.92,21.31,59.32,2026
EM00016447,Md. Jannatul Naeem,1331,Chandpur,CA024-G,02,1,0.00,0.00,0.00,0.00,0.00,0.00,0.00,0.00,0.00,0.00,0.00,0.00,0.00,0.00,0.00,0.00,0.00,0.00,0.00,0.00,0.00,6.02,3.57,59.26,0.00,0.00,0.00,0.00,0.00,0.00,0.00,0.00,0.00,0.00,0.00,0.00,6.02,3.57,59.26,2026
EM00016409,Akash Nandi,1321,Rajshahi,RA021-D,11,1,0.00,0.00,0.00,0.00,0.00,0.00,0.00,0.00,0.00,0.00,0.00,0.00,0.00,0.00,0.00,0.00,0.00,0.00,0.00,0.00,0.00,2.90,1.71,59.14,0.00,0.00,0.00,0.00,0.00,0.00,0.00,0.00,0.00,0.00,0.00,0.00,2.90,1.71,59.14,2026
EM00016260,Saidul Islam,1316,Sylhet,SY024-D,11,1,0.00,0.00,0.00,0.00,0.00,0.00,0.00,0.00,0.00,0.00,0.00,0.00,0.00,0.00,0.00,0.00,0.00,0.00,0.00,0.00,0.00,3.64,2.15,59.13,0.00,0.00,0.00,0.00,0.00,0.00,0.00,0.00,0.00,0.00,0.00,0.00,3.64,2.15,59.13,2026
EM00015975,Sourav Saha,1319,Feni,FE011-B,01,1,0.00,0.00,0.00,0.00,0.00,0.00,0.00,0.00,0.00,9.62,4.65,48.32,8.99,4.67,51.91,8.99,5.25,58.39,8.15,5.84,71.63,8.03,5.48,68.17,0.00,0.00,0.00,0.00,0.00,0.00,0.00,0.00,0.00,0.00,0.00,0.00,43.79,25.88,59.11,2026
EM00015407,Sujon Paul,1333,Moulvibazar,MO021-B,01,1,9.00,5.17,57.38,8.94,5.17,57.87,8.94,5.37,60.11,11.37,5.28,46.47,9.59,5.30,55.27,9.59,5.65,58.95,8.53,5.95,69.75,8.40,6.03,71.81,0.00,0.00,0.00,0.00,0.00,0.00,0.00,0.00,0.00,0.00,0.00,0.00,74.36,43.93,59.08,2026
EM00015973,Md. Sohel Rana,1323,Dinajpur,DI042-B,01,1,0.00,0.00,0.00,0.00,0.00,0.00,0.00,0.00,0.00,8.20,3.36,40.97,8.09,3.56,44.00,8.09,4.88,60.36,5.93,5.09,85.82,5.84,4.43,75.79,0.00,0.00,0.00,0.00,0.00,0.00,0.00,0.00,0.00,0.00,0.00,0.00,36.15,21.32,58.97,2026
EM00015641,Sk. Ibna Hasan Roman,1310,Paltan,PA073-A,01,1,5.89,3.44,58.31,5.85,3.88,66.38,5.85,3.87,66.08,7.73,3.48,45.05,7.44,3.50,46.98,7.44,3.23,43.42,4.66,4.13,88.66,4.70,3.70,78.71,0.00,0.00,0.00,0.00,0.00,0.00,0.00,0.00,0.00,0.00,0.00,0.00,49.56,29.23,58.96,2026
EM00015863,Shahazan .,1324,Jashore,JA142-A,01,1,0.00,0.00,0.00,0.00,0.00,0.00,0.00,0.00,0.00,10.75,5.73,53.29,10.15,5.20,51.26,10.15,5.94,58.53,8.80,5.28,60.01,8.43,6.27,74.35,0.00,0.00,0.00,0.00,0.00,0.00,0.00,0.00,0.00,0.00,0.00,0.00,48.28,28.42,58.87,2026
EM00016310,Meer Md. Mamunur Rahman,1315,Chattogram,CH022-B,01,1,0.00,0.00,0.00,0.00,0.00,0.00,0.00,0.00,0.00,0.00,0.00,0.00,0.00,0.00,0.00,9.56,5.19,54.26,8.68,5.29,60.98,8.28,5.11,61.71,0.00,0.00,0.00,0.00,0.00,0.00,0.00,0.00,0.00,0.00,0.00,0.00,26.52,15.59,58.78,2026
EM00015864,Shahajamal .,1333,Moulvibazar,MO011-B,01,1,0.00,0.00,0.00,0.00,0.00,0.00,0.00,0.00,0.00,7.31,3.52,48.19,6.56,3.39,51.71,6.56,3.90,59.38,6.13,4.08,66.59,6.04,4.26,70.54,0.00,0.00,0.00,0.00,0.00,0.00,0.00,0.00,0.00,0.00,0.00,0.00,32.61,19.16,58.75,2026
EM00015621,Rashed Khan,1311,Dhanmondi,DH031-D,11,1,0.00,0.00,0.00,0.00,0.00,0.00,0.00,0.00,0.00,9.99,4.67,46.69,9.17,4.97,54.19,9.17,5.58,60.87,10.15,6.13,60.42,8.00,5.96,74.44,0.00,0.00,0.00,0.00,0.00,0.00,0.00,0.00,0.00,0.00,0.00,0.00,46.48,27.30,58.74,2026
EM00016417,Md. Azizul Haque,1329,Tangail,TA043-B,01,1,0.00,0.00,0.00,0.00,0.00,0.00,0.00,0.00,0.00,0.00,0.00,0.00,0.00,0.00,0.00,0.00,0.00,0.00,8.79,5.65,64.27,9.10,4.85,53.32,0.00,0.00,0.00,0.00,0.00,0.00,0.00,0.00,0.00,0.00,0.00,0.00,17.89,10.50,58.70,2026
EM00013834,Md. Murshid Alom,1315,Chattogram,CH101-A,01,1,7.41,4.50,60.74,7.41,4.32,58.39,7.41,4.39,59.25,8.81,5.06,57.48,8.49,4.76,56.03,8.49,4.95,58.29,8.01,4.61,57.53,7.59,4.70,61.96,0.00,0.00,0.00,0.00,0.00,0.00,0.00,0.00,0.00,0.00,0.00,0.00,63.60,37.29,58.63,2026
EM00012022,Md. Kamrul Islam,1315,Chattogram,CH192-B,01,1,8.19,4.96,60.60,8.13,4.70,57.89,8.13,4.23,52.05,10.12,5.23,51.71,9.76,4.98,51.01,9.50,5.47,57.63,7.59,5.52,72.67,7.35,5.13,69.75,0.00,0.00,0.00,0.00,0.00,0.00,0.00,0.00,0.00,0.00,0.00,0.00,68.75,40.22,58.50,2026
EM00015872,Sarajit Kumar Biswas,1327,Faridpur,FA101-A,01,1,0.00,0.00,0.00,0.00,0.00,0.00,0.00,0.00,0.00,11.12,5.88,52.87,10.66,6.11,57.37,10.66,5.66,53.10,7.91,5.11,64.60,6.86,4.85,70.68,0.00,0.00,0.00,0.00,0.00,0.00,0.00,0.00,0.00,0.00,0.00,0.00,47.20,27.61,58.49,2026
EM00016183,Md. Lokman Mia,1333,Moulvibazar,MO011-A,01,1,0.00,0.00,0.00,0.00,0.00,0.00,0.00,0.00,0.00,0.00,0.00,0.00,7.06,3.64,51.55,7.06,4.05,57.43,6.01,3.61,60.01,5.92,3.85,65.06,0.00,0.00,0.00,0.00,0.00,0.00,0.00,0.00,0.00,0.00,0.00,0.00,26.05,15.15,58.17,2026
EM00015252,Ripon Chandra Das,1331,Chandpur,CA051-A,01,1,8.94,4.96,55.54,8.93,4.92,55.10,8.93,5.12,57.34,10.95,5.84,53.37,9.90,5.78,58.35,9.90,5.79,58.47,8.70,5.71,65.57,8.39,5.28,62.93,0.00,0.00,0.00,0.00,0.00,0.00,0.00,0.00,0.00,0.00,0.00,0.00,74.63,43.40,58.15,2026
EM00014810,Pallob Chandro Modok,1324,Jashore,JA053-B,01,1,7.98,4.67,58.52,7.92,4.79,60.45,7.92,4.76,60.09,10.02,4.78,47.69,9.66,4.86,50.38,9.66,5.34,55.33,8.20,5.35,65.22,8.02,5.79,72.11,0.00,0.00,0.00,0.00,0.00,0.00,0.00,0.00,0.00,0.00,0.00,0.00,69.37,40.33,58.14,2026
EM00016354,S.M. Suzat .,1315,Chattogram,CH100-P,01,2,0.00,0.00,0.00,0.00,0.00,0.00,0.00,0.00,0.00,0.00,0.00,0.00,0.00,0.00,0.00,0.00,0.00,0.00,41.15,22.87,55.58,38.98,23.71,60.84,0.00,0.00,0.00,0.00,0.00,0.00,0.00,0.00,0.00,0.00,0.00,0.00,80.13,46.59,58.14,2026
EM00015770,Md. Rokin Hossain,1316,Sylhet,SY072-A,01,1,0.00,0.00,0.00,8.97,5.48,61.15,8.97,5.46,60.88,11.24,5.69,50.65,10.82,6.20,57.33,10.82,6.14,56.74,9.19,6.13,66.71,9.06,5.02,55.43,0.00,0.00,0.00,0.00,0.00,0.00,0.00,0.00,0.00,0.00,0.00,0.00,69.07,40.13,58.10,2026
EM00016160,Md. Hafizur Rahman,1315,Chattogram,CH143-C,01,1,0.00,0.00,0.00,0.00,0.00,0.00,0.00,0.00,0.00,0.00,0.00,0.00,10.99,5.59,50.89,10.99,5.67,51.58,9.87,6.26,63.43,9.30,6.37,68.50,0.00,0.00,0.00,0.00,0.00,0.00,0.00,0.00,0.00,0.00,0.00,0.00,41.15,23.89,58.06,2026
EM00016467,Md. Maruf Hossen,1310,Paltan,PA030-D,11,2,0.00,0.00,0.00,0.00,0.00,0.00,0.00,0.00,0.00,0.00,0.00,0.00,0.00,0.00,0.00,0.00,0.00,0.00,0.00,0.00,0.00,22.62,13.11,57.97,0.00,0.00,0.00,0.00,0.00,0.00,0.00,0.00,0.00,0.00,0.00,0.00,22.62,13.11,57.97,2026
EM00016401,Md. Robiul Islam,1336,Keraniganj,KE011-A,01,1,0.00,0.00,0.00,0.00,0.00,0.00,0.00,0.00,0.00,0.00,0.00,0.00,0.00,0.00,0.00,0.00,0.00,0.00,9.99,5.31,53.13,10.08,6.31,62.66,0.00,0.00,0.00,0.00,0.00,0.00,0.00,0.00,0.00,0.00,0.00,0.00,20.07,11.62,57.91,2026
EM00016392,Raju Ahamed,1310,Paltan,PA061-A,01,1,0.00,0.00,0.00,0.00,0.00,0.00,0.00,0.00,0.00,0.00,0.00,0.00,0.00,0.00,0.00,0.00,0.00,0.00,7.95,4.65,58.47,8.02,4.57,56.94,0.00,0.00,0.00,0.00,0.00,0.00,0.00,0.00,0.00,0.00,0.00,0.00,15.97,9.21,57.70,2026
EM00016175,Md. Shapon Islam,1312,Uttara,UT032-A,01,1,0.00,0.00,0.00,0.00,0.00,0.00,0.00,0.00,0.00,0.00,0.00,0.00,10.32,5.10,49.46,10.32,5.71,55.32,8.64,5.65,65.38,8.50,5.33,62.67,0.00,0.00,0.00,0.00,0.00,0.00,0.00,0.00,0.00,0.00,0.00,0.00,37.78,21.79,57.67,2026
EM00015227,Kushal Sarkar,1323,Dinajpur,DI073-A,01,1,8.03,3.55,44.27,7.97,3.77,47.26,7.97,4.71,59.16,10.37,5.02,48.45,9.04,5.31,58.74,9.04,4.86,53.73,6.71,4.92,73.28,6.41,5.63,87.85,0.00,0.00,0.00,0.00,0.00,0.00,0.00,0.00,0.00,0.00,0.00,0.00,65.52,37.76,57.64,2026
EM00013230,Md. Faysal Ahmed Reaz,1315,Chattogram,CH201-A,01,1,9.12,5.33,58.47,9.05,6.06,66.93,9.05,5.99,66.23,11.08,5.89,53.19,10.69,5.48,51.21,10.69,5.54,51.83,9.81,5.74,58.58,9.43,5.43,57.60,0.00,0.00,0.00,0.00,0.00,0.00,0.00,0.00,0.00,0.00,0.00,0.00,78.92,45.47,57.62,2026
EM00016253,Atikur Rahman Lipu,1320,Bogura,BO015-D,11,1,0.00,0.00,0.00,0.00,0.00,0.00,0.00,0.00,0.00,0.00,0.00,0.00,0.00,0.00,0.00,3.30,1.44,43.67,3.02,1.72,57.05,2.50,1.91,76.42,0.00,0.00,0.00,0.00,0.00,0.00,0.00,0.00,0.00,0.00,0.00,0.00,8.82,5.07,57.53,2026
EM00013315,Md. Jorial Haque,1312,Uttara,UT041-B,01,1,9.34,5.97,63.92,9.27,5.90,63.64,9.27,5.77,62.19,11.31,5.38,47.60,10.90,5.18,47.54,10.90,5.54,50.83,9.38,6.12,65.27,9.25,5.93,64.08,0.00,0.00,0.00,0.00,0.00,0.00,0.00,0.00,0.00,0.00,0.00,0.00,79.62,45.79,57.51,2026
EM00016045,Shamim Sheikh,1311,Dhanmondi,DH033-D,11,1,0.00,0.00,0.00,0.00,0.00,0.00,0.00,0.00,0.00,12.69,7.42,58.50,11.95,6.50,54.44,11.95,7.21,60.33,12.76,6.64,52.06,9.74,6.15,63.12,0.00,0.00,0.00,0.00,0.00,0.00,0.00,0.00,0.00,0.00,0.00,0.00,59.08,33.92,57.42,2026
EM00016486,Md. Sohel Chowdhury,1328,Cox's Bazar,CO014-D,11,1,0.00,0.00,0.00,0.00,0.00,0.00,0.00,0.00,0.00,0.00,0.00,0.00,0.00,0.00,0.00,0.00,0.00,0.00,0.00,0.00,0.00,6.67,3.83,57.38,0.00,0.00,0.00,0.00,0.00,0.00,0.00,0.00,0.00,0.00,0.00,0.00,6.67,3.83,57.38,2026
EM00013099,Md. Ariful Islam,1315,Chattogram,CH214-A,01,1,7.39,4.91,66.44,7.34,4.55,62.06,7.34,4.05,55.21,8.91,4.98,55.85,8.59,4.47,52.04,8.59,4.85,56.44,8.32,4.50,54.06,8.11,4.74,58.54,0.00,0.00,0.00,0.00,0.00,0.00,0.00,0.00,0.00,0.00,0.00,0.00,64.59,37.06,57.37,2026
EM00015836,Md. Al Saharia,1326,Barishal,BA141-A,01,1,0.00,0.00,0.00,0.00,0.00,0.00,9.62,5.09,52.96,12.58,5.61,44.62,11.18,6.56,58.61,11.18,7.09,63.39,5.76,3.59,62.37,5.12,3.85,75.24,0.00,0.00,0.00,0.00,0.00,0.00,0.00,0.00,0.00,0.00,0.00,0.00,55.45,31.80,57.35,2026
EM00016061,Md. Shofi Alam,1322,Rangpur,RN012-D,11,1,0.00,0.00,0.00,0.00,0.00,0.00,0.00,0.00,0.00,0.00,0.00,0.00,4.95,2.10,42.48,4.95,2.72,54.84,5.01,2.73,54.42,3.30,2.89,87.53,0.00,0.00,0.00,0.00,0.00,0.00,0.00,0.00,0.00,0.00,0.00,0.00,18.22,10.44,57.28,2026
EM00016439,Md. Sabbir Hossain,1332,B. Baria,BB024-G,02,1,0.00,0.00,0.00,0.00,0.00,0.00,0.00,0.00,0.00,0.00,0.00,0.00,0.00,0.00,0.00,0.00,0.00,0.00,0.00,0.00,0.00,5.15,2.95,57.28,0.00,0.00,0.00,0.00,0.00,0.00,0.00,0.00,0.00,0.00,0.00,0.00,5.15,2.95,57.28,2026
EM00008714,Md. Miraz,1315,Chattogram,CH140-P,01,2,52.35,28.79,54.99,51.97,34.76,66.89,51.97,35.30,67.92,65.30,31.72,48.57,62.95,31.91,50.70,62.95,32.73,52.00,57.26,33.60,58.67,53.28,33.42,62.73,0.00,0.00,0.00,0.00,0.00,0.00,0.00,0.00,0.00,0.00,0.00,0.00,458.03,262.23,57.25,2026
EM00015942,Md. Abdul Latif,1313,Narayanganj,NA071-A,01,1,0.00,0.00,0.00,0.00,0.00,0.00,0.00,0.00,0.00,6.55,3.25,49.59,7.05,3.32,47.09,7.05,4.03,57.14,6.67,4.30,64.51,6.85,4.61,67.41,0.00,0.00,0.00,0.00,0.00,0.00,0.00,0.00,0.00,0.00,0.00,0.00,34.16,19.51,57.12,2026
EM00015948,A.K.M. Khalid Hussain,1310,Paltan,PA213-B,01,1,0.00,0.00,0.00,0.00,0.00,0.00,0.00,0.00,0.00,9.28,4.55,49.08,8.29,3.97,47.85,8.29,4.72,56.85,6.95,5.30,76.28,6.96,4.14,59.47,0.00,0.00,0.00,0.00,0.00,0.00,0.00,0.00,0.00,0.00,0.00,0.00,39.78,22.68,57.01,2026
EM00016481,Md. Billal Hossen,1314,Mymensingh,MY032-A,01,1,0.00,0.00,0.00,0.00,0.00,0.00,0.00,0.00,0.00,0.00,0.00,0.00,0.00,0.00,0.00,0.00,0.00,0.00,0.00,0.00,0.00,6.60,3.76,56.95,0.00,0.00,0.00,0.00,0.00,0.00,0.00,0.00,0.00,0.00,0.00,0.00,6.60,3.76,56.95,2026
EM00016186,Md. Shahariar Hossain,1319,Feni,FE021-B,01,1,0.00,0.00,0.00,0.00,0.00,0.00,0.00,0.00,0.00,0.00,0.00,0.00,8.09,4.06,50.18,8.09,4.39,54.32,7.30,4.75,64.99,7.20,4.27,59.35,0.00,0.00,0.00,0.00,0.00,0.00,0.00,0.00,0.00,0.00,0.00,0.00,30.68,17.47,56.95,2026
EM00016159,Md. Fazlur Rahman,1324,Jashore,JA132-B,01,1,0.00,0.00,0.00,0.00,0.00,0.00,0.00,0.00,0.00,0.00,0.00,0.00,11.75,5.93,50.42,11.75,5.63,47.91,9.59,6.34,66.11,9.28,6.19,66.69,0.00,0.00,0.00,0.00,0.00,0.00,0.00,0.00,0.00,0.00,0.00,0.00,42.37,24.08,56.83,2026
EM00016282,Nasir Uddin,1336,Keraniganj,KE016-D,11,1,0.00,0.00,0.00,0.00,0.00,0.00,0.00,0.00,0.00,0.00,0.00,0.00,0.00,0.00,0.00,5.18,2.95,56.94,6.25,2.99,47.88,5.16,3.46,67.13,0.00,0.00,0.00,0.00,0.00,0.00,0.00,0.00,0.00,0.00,0.00,0.00,16.59,9.40,56.70,2026
EM00016529,Md. Rajib Sheikh,1331,Chandpur,CA062-B,01,1,0.00,0.00,0.00,0.00,0.00,0.00,0.00,0.00,0.00,0.00,0.00,0.00,0.00,0.00,0.00,0.00,0.00,0.00,0.00,0.00,0.00,8.07,4.57,56.67,0.00,0.00,0.00,0.00,0.00,0.00,0.00,0.00,0.00,0.00,0.00,0.00,8.07,4.57,56.67,2026
EM00016039,Md. Dalowar Hossain,1315,Chattogram,CH035-D,11,1,0.00,0.00,0.00,0.00,0.00,0.00,0.00,0.00,0.00,0.00,0.00,0.00,0.00,0.00,0.00,0.00,0.00,0.00,0.00,0.00,0.00,3.46,1.96,56.60,0.00,0.00,0.00,0.00,0.00,0.00,0.00,0.00,0.00,0.00,0.00,0.00,3.46,1.96,56.60,2026
EM00016287,Md. Omar Faruk,1314,Mymensingh,MY014-D,11,1,0.00,0.00,0.00,0.00,0.00,0.00,0.00,0.00,0.00,0.00,0.00,0.00,0.00,0.00,0.00,5.81,4.51,77.49,6.75,3.50,51.86,5.26,2.08,39.55,0.00,0.00,0.00,0.00,0.00,0.00,0.00,0.00,0.00,0.00,0.00,0.00,17.83,10.09,56.59,2026
EM00016295,Md. Sabilir Rashad,1310,Paltan,PA182-A,01,1,0.00,0.00,0.00,0.00,0.00,0.00,0.00,0.00,0.00,0.00,0.00,0.00,0.00,0.00,0.00,7.89,3.23,40.93,6.53,4.03,61.82,6.53,4.55,69.72,0.00,0.00,0.00,0.00,0.00,0.00,0.00,0.00,0.00,0.00,0.00,0.00,20.95,11.82,56.41,2026
EM00016164,Md. Talat Mahmud,1310,Paltan,PA184-C,01,1,0.00,0.00,0.00,0.00,0.00,0.00,0.00,0.00,0.00,0.00,0.00,0.00,3.36,1.67,49.65,3.36,1.47,43.71,3.16,2.20,69.68,3.16,2.02,63.71,0.00,0.00,0.00,0.00,0.00,0.00,0.00,0.00,0.00,0.00,0.00,0.00,13.05,7.36,56.39,2026
EM00015596,Uzzal Saha,1336,Keraniganj,KE012-D,11,1,0.00,0.00,0.00,0.00,0.00,0.00,0.00,0.00,0.00,5.61,2.56,45.65,5.22,2.73,52.33,5.22,3.55,67.99,5.88,2.84,48.29,4.42,3.16,71.55,0.00,0.00,0.00,0.00,0.00,0.00,0.00,0.00,0.00,0.00,0.00,0.00,26.35,14.84,56.33,2026
EM00016397,Nur Nabi Islam,1321,Rajshahi,RA015-D,11,1,0.00,0.00,0.00,0.00,0.00,0.00,0.00,0.00,0.00,0.00,0.00,0.00,0.00,0.00,0.00,0.00,0.00,0.00,0.00,0.00,0.00,2.70,1.52,56.33,0.00,0.00,0.00,0.00,0.00,0.00,0.00,0.00,0.00,0.00,0.00,0.00,2.70,1.52,56.33,2026
EM00015831,Md. Abul Hossain,1311,Dhanmondi,DH043-A,01,1,0.00,0.00,0.00,0.00,0.00,0.00,4.23,3.51,83.01,5.54,3.59,64.69,5.33,2.81,52.77,5.33,1.82,34.10,4.19,2.25,53.60,4.09,2.18,53.19,0.00,0.00,0.00,0.00,0.00,0.00,0.00,0.00,0.00,0.00,0.00,0.00,28.72,16.15,56.24,2026
EM00016396,Md. Eyaqub Ali Emon,1333,Moulvibazar,MO014-D,11,1,0.00,0.00,0.00,0.00,0.00,0.00,0.00,0.00,0.00,0.00,0.00,0.00,0.00,0.00,0.00,0.00,0.00,0.00,0.00,0.00,0.00,4.84,2.72,56.12,0.00,0.00,0.00,0.00,0.00,0.00,0.00,0.00,0.00,0.00,0.00,0.00,4.84,2.72,56.12,2026
EM00015656,Syeed Ahemmed Khan,1311,Dhanmondi,DH020-D,11,2,0.00,0.00,0.00,0.00,0.00,0.00,0.00,0.00,0.00,24.23,12.91,53.26,21.91,12.99,59.27,21.91,11.97,54.65,23.60,12.66,53.66,19.23,11.60,60.32,0.00,0.00,0.00,0.00,0.00,0.00,0.00,0.00,0.00,0.00,0.00,0.00,110.88,62.13,56.03,2026
EM00012432,Md. Sohel Rana,1333,Moulvibazar,MO052-B,01,1,7.82,4.77,61.02,7.77,4.89,62.96,7.77,5.34,68.78,9.67,4.65,48.06,9.32,3.90,41.88,9.32,4.42,47.43,8.29,4.85,58.53,8.17,5.33,65.25,0.00,0.00,0.00,0.00,0.00,0.00,0.00,0.00,0.00,0.00,0.00,0.00,68.13,38.16,56.01,2026
EM00015207,Md. Jakir Hosen,1329,Tangail,TA012-A,01,1,6.45,3.89,60.25,6.41,3.72,57.99,6.41,3.85,60.04,8.09,4.24,52.38,7.79,4.02,51.62,7.79,3.78,48.53,6.58,3.81,57.89,6.04,3.77,62.39,0.00,0.00,0.00,0.00,0.00,0.00,0.00,0.00,0.00,0.00,0.00,0.00,55.55,31.06,55.92,2026
EM00016471,Sidul Das,1333,Moulvibazar,MO015-D,11,1,0.00,0.00,0.00,0.00,0.00,0.00,0.00,0.00,0.00,0.00,0.00,0.00,0.00,0.00,0.00,0.00,0.00,0.00,0.00,0.00,0.00,5.68,3.17,55.82,0.00,0.00,0.00,0.00,0.00,0.00,0.00,0.00,0.00,0.00,0.00,0.00,5.68,3.17,55.82,2026
EM00016543,Mojammel Haque,1319,Feni,FE012-B,01,1,0.00,0.00,0.00,0.00,0.00,0.00,0.00,0.00,0.00,0.00,0.00,0.00,0.00,0.00,0.00,0.00,0.00,0.00,0.00,0.00,0.00,8.01,4.47,55.80,0.00,0.00,0.00,0.00,0.00,0.00,0.00,0.00,0.00,0.00,0.00,0.00,8.01,4.47,55.80,2026
EM00012650,Md. Mizanur Rahman,1318,Noakhali,NO011-A,01,1,10.57,5.53,52.26,10.50,6.55,62.37,10.50,5.82,55.40,12.96,6.72,51.80,12.50,7.15,57.19,12.50,6.12,48.98,11.91,6.38,53.53,10.69,7.10,66.38,0.00,0.00,0.00,0.00,0.00,0.00,0.00,0.00,0.00,0.00,0.00,0.00,92.13,51.34,55.73,2026
EM00015042,Rubel Miah,1315,Chattogram,CH221-A,01,1,8.97,4.46,49.77,8.90,5.19,58.31,8.90,6.22,69.81,11.36,6.46,56.88,10.96,5.39,49.19,10.96,5.51,50.28,9.51,5.02,52.76,9.09,5.50,60.55,0.00,0.00,0.00,0.00,0.00,0.00,0.00,0.00,0.00,0.00,0.00,0.00,78.65,43.75,55.63,2026
EM00016398,Kapil Talukdar,1316,Sylhet,SY023-D,11,1,0.00,0.00,0.00,0.00,0.00,0.00,0.00,0.00,0.00,0.00,0.00,0.00,0.00,0.00,0.00,0.00,0.00,0.00,0.00,0.00,0.00,4.78,2.66,55.61,0.00,0.00,0.00,0.00,0.00,0.00,0.00,0.00,0.00,0.00,0.00,0.00,4.78,2.66,55.61,2026
EM00015564,Rifat Sarker,1332,SYL+BRB,SY013-N,03,1,3.10,0.39,12.67,3.10,0.53,17.02,3.00,0.55,18.24,3.10,1.62,52.16,3.15,1.53,48.43,3.15,1.47,46.53,3.50,3.52,100.54,3.50,4.64,132.37,0.00,0.00,0.00,0.00,0.00,0.00,0.00,0.00,0.00,0.00,0.00,0.00,25.61,14.23,55.59,2026
EM00006325,Md. Rafiqul Islam,1316,Sylhet,SY022-B,01,1,10.66,6.56,61.53,10.58,6.19,58.49,10.58,6.62,62.56,13.33,6.39,47.95,12.85,5.97,46.42,12.85,6.37,49.57,11.32,7.01,61.90,11.16,6.71,60.12,0.00,0.00,0.00,0.00,0.00,0.00,0.00,0.00,0.00,0.00,0.00,0.00,93.33,51.81,55.51,2026
EM00004890,Muhammad Mijanur Rahman,1315,Chattogram,CH141-B,01,1,8.26,4.07,49.34,8.20,5.80,70.80,8.20,4.83,58.90,10.33,4.84,46.85,9.96,4.85,48.71,9.96,5.50,55.23,9.29,5.40,58.18,8.42,4.95,58.87,0.00,0.00,0.00,0.00,0.00,0.00,0.00,0.00,0.00,0.00,0.00,0.00,72.62,40.26,55.45,2026
EM00015355,Md. Shojib Islam,1315,Chattogram,CH064-G,02,1,4.65,2.14,45.93,4.40,2.42,55.07,4.45,2.26,50.72,4.75,2.80,58.86,4.45,2.86,64.29,5.00,2.80,55.94,5.00,3.01,60.22,5.10,2.65,51.89,0.00,0.00,0.00,0.00,0.00,0.00,0.00,0.00,0.00,0.00,0.00,0.00,37.80,20.93,55.36,2026
EM00016072,Md. Ohidul Islam,1320,Bogura,BO162-B,01,1,0.00,0.00,0.00,0.00,0.00,0.00,0.00,0.00,0.00,4.22,0.91,21.51,4.60,2.46,53.50,4.60,2.07,45.09,3.88,3.17,81.69,3.88,3.11,80.19,0.00,0.00,0.00,0.00,0.00,0.00,0.00,0.00,0.00,0.00,0.00,0.00,21.18,11.73,55.36,2026
EM00015891,Rezaul Karim,1319,Feni,FE062-B,01,1,0.00,0.00,0.00,0.00,0.00,0.00,0.00,0.00,0.00,11.14,5.28,47.39,10.74,5.57,51.83,10.74,5.31,49.47,9.89,6.74,68.12,9.75,5.95,61.00,0.00,0.00,0.00,0.00,0.00,0.00,0.00,0.00,0.00,0.00,0.00,0.00,52.26,28.85,55.20,2026
EM00015585,Md. Saiful Islam,1311,Dhanmondi,DH011-D,11,1,0.00,0.00,0.00,0.00,0.00,0.00,0.00,0.00,0.00,4.98,2.72,54.58,4.80,2.83,58.99,4.80,2.25,46.92,4.24,2.57,60.61,3.93,2.17,55.34,0.00,0.00,0.00,0.00,0.00,0.00,0.00,0.00,0.00,0.00,0.00,0.00,22.75,12.55,55.15,2026
EM00015373,Md. Moshiur Rahman,1315,Chattogram,CH221-B,01,1,8.50,5.07,59.68,8.44,4.75,56.28,8.44,6.39,75.68,10.56,6.13,58.02,10.19,3.93,38.56,10.19,4.92,48.31,9.58,5.16,53.89,9.27,5.05,54.50,0.00,0.00,0.00,0.00,0.00,0.00,0.00,0.00,0.00,0.00,0.00,0.00,75.17,41.40,55.08,2026
EM00015889,Md. Saddam Hossain,1311,Dhanmondi,DH252-B,01,1,0.00,0.00,0.00,0.00,0.00,0.00,0.00,0.00,0.00,6.51,3.83,58.82,6.27,2.72,43.39,6.27,2.16,34.54,5.65,3.95,69.91,5.57,4.00,71.86,0.00,0.00,0.00,0.00,0.00,0.00,0.00,0.00,0.00,0.00,0.00,0.00,30.26,16.66,55.07,2026
EM00009129,Md. Mehedi Hasan,1315,Chattogram,CH141-A,01,1,8.36,3.84,45.98,8.30,5.69,68.61,8.30,4.94,59.58,10.59,4.88,46.08,10.22,4.82,47.20,10.22,5.33,52.14,9.53,5.70,59.80,8.64,5.55,64.25,0.00,0.00,0.00,0.00,0.00,0.00,0.00,0.00,0.00,0.00,0.00,0.00,74.15,40.76,54.97,2026
EM00016517,MD. MOHAIMINUL ISLAM,1320,Bogura,BO011-D,11,1,0.00,0.00,0.00,0.00,0.00,0.00,0.00,0.00,0.00,0.00,0.00,0.00,0.00,0.00,0.00,0.00,0.00,0.00,0.00,0.00,0.00,3.00,1.65,54.95,0.00,0.00,0.00,0.00,0.00,0.00,0.00,0.00,0.00,0.00,0.00,0.00,3.00,1.65,54.95,2026
EM00015935,Bijon Kumar Saha,1327,Faridpur,FA071-A,01,1,0.00,0.00,0.00,0.00,0.00,0.00,0.00,0.00,0.00,10.58,4.86,45.95,10.19,5.00,49.03,10.19,5.62,55.14,8.70,5.55,63.81,8.31,5.30,63.79,0.00,0.00,0.00,0.00,0.00,0.00,0.00,0.00,0.00,0.00,0.00,0.00,47.97,26.33,54.89,2026
EM00016255,Md. Mamun Hossain Bhuiyan,1320,Bogura,BO028-D,11,1,0.00,0.00,0.00,0.00,0.00,0.00,0.00,0.00,0.00,0.00,0.00,0.00,0.00,0.00,0.00,3.99,1.80,45.10,4.02,1.95,48.54,2.40,1.96,81.65,0.00,0.00,0.00,0.00,0.00,0.00,0.00,0.00,0.00,0.00,0.00,0.00,10.41,5.71,54.86,2026
EM00011054,Apon Mia,1312,Uttara,UT010-D,11,2,0.00,0.00,0.00,0.00,0.00,0.00,0.00,0.00,0.00,35.31,16.94,47.97,32.89,17.56,53.40,32.89,17.38,52.84,34.76,18.63,53.59,27.23,18.92,69.48,0.00,0.00,0.00,0.00,0.00,0.00,0.00,0.00,0.00,0.00,0.00,0.00,163.10,89.44,54.84,2026
EM00015586,Kabir hossain,1311,Dhanmondi,DH036-D,11,1,0.00,0.00,0.00,0.00,0.00,0.00,0.00,0.00,0.00,4.29,2.27,52.86,4.41,2.37,53.73,4.41,2.11,47.73,4.36,2.25,51.56,3.30,2.38,72.04,0.00,0.00,0.00,0.00,0.00,0.00,0.00,0.00,0.00,0.00,0.00,0.00,20.77,11.37,54.73,2026
EM00016402,Md. Mostafa Kamal,1316,Sylhet,SY034-D,11,1,0.00,0.00,0.00,0.00,0.00,0.00,0.00,0.00,0.00,0.00,0.00,0.00,0.00,0.00,0.00,0.00,0.00,0.00,0.00,0.00,0.00,6.03,3.30,54.71,0.00,0.00,0.00,0.00,0.00,0.00,0.00,0.00,0.00,0.00,0.00,0.00,6.03,3.30,54.71,2026
EM00016465,Md. Anisur Rahman,1321,Rajshahi,RA020-D,11,2,0.00,0.00,0.00,0.00,0.00,0.00,0.00,0.00,0.00,0.00,0.00,0.00,0.00,0.00,0.00,0.00,0.00,0.00,0.00,0.00,0.00,14.03,7.67,54.68,0.00,0.00,0.00,0.00,0.00,0.00,0.00,0.00,0.00,0.00,0.00,0.00,14.03,7.67,54.68,2026
EM00015243,Md. Abu Taher,1320,Bogura,BO043-A,01,1,9.79,5.28,53.88,9.59,4.93,51.42,9.59,5.14,53.65,7.14,3.36,47.06,6.88,3.60,52.28,6.88,4.12,59.78,5.96,3.45,57.81,5.96,3.87,64.87,0.00,0.00,0.00,0.00,0.00,0.00,0.00,0.00,0.00,0.00,0.00,0.00,61.80,33.74,54.59,2026
EM00015983,Md. Zashim Uddin,1310,Paltan,PA011-D,11,1,0.00,0.00,0.00,0.00,0.00,0.00,0.00,0.00,0.00,3.20,1.94,60.74,2.66,1.39,52.45,2.66,1.64,61.63,2.89,1.29,44.66,2.20,1.15,52.47,0.00,0.00,0.00,0.00,0.00,0.00,0.00,0.00,0.00,0.00,0.00,0.00,13.60,7.42,54.54,2026
EM00015500,Sanaton Kumar,1324,Jashore,JA133-B,01,1,6.76,3.37,49.92,6.71,3.51,52.37,6.71,4.25,63.38,8.81,3.79,43.05,8.30,4.16,50.08,8.30,3.98,48.01,6.53,4.53,69.35,6.39,4.30,67.35,0.00,0.00,0.00,0.00,0.00,0.00,0.00,0.00,0.00,0.00,0.00,0.00,58.50,31.90,54.54,2026
EM00016033,Md. Nur Hossain,1323,Dinajpur,DI012-D,11,1,0.00,0.00,0.00,0.00,0.00,0.00,0.00,0.00,0.00,0.00,0.00,0.00,7.55,3.49,46.23,7.55,3.85,51.06,6.83,3.54,51.87,4.90,3.74,76.38,0.00,0.00,0.00,0.00,0.00,0.00,0.00,0.00,0.00,0.00,0.00,0.00,26.83,14.63,54.53,2026
EM00016182,Md. Aslam Uddin,1333,SYL+MLB,SY010-D,11,2,0.00,0.00,0.00,0.00,0.00,0.00,0.00,0.00,0.00,0.00,0.00,0.00,0.00,0.00,0.00,0.00,0.00,0.00,0.00,0.00,0.00,26.52,14.44,54.45,0.00,0.00,0.00,0.00,0.00,0.00,0.00,0.00,0.00,0.00,0.00,0.00,26.52,14.44,54.45,2026
EM00015969,Biplab Datta,1312,Uttara,UT012-A,01,1,0.00,0.00,0.00,0.00,0.00,0.00,0.00,0.00,0.00,7.10,3.01,42.34,6.84,3.08,45.08,6.84,3.61,52.83,5.81,4.15,71.39,5.72,3.71,64.75,0.00,0.00,0.00,0.00,0.00,0.00,0.00,0.00,0.00,0.00,0.00,0.00,32.30,17.55,54.33,2026
EM00010352,Md. Mamun Sikdar,1310,Paltan,PA040-D,11,2,0.00,0.00,0.00,0.00,0.00,0.00,0.00,0.00,0.00,22.76,10.85,47.65,21.14,10.96,51.85,21.14,10.73,50.79,21.46,11.94,55.64,17.15,11.74,68.45,0.00,0.00,0.00,0.00,0.00,0.00,0.00,0.00,0.00,0.00,0.00,0.00,103.64,56.22,54.24,2026
EM00016171,Md. Parosh Miah,1311,Dhanmondi,DH204-C,01,1,0.00,0.00,0.00,0.00,0.00,0.00,0.00,0.00,0.00,0.00,0.00,0.00,4.73,1.07,22.55,4.73,1.71,36.23,4.00,2.75,68.74,3.80,3.81,100.17,0.00,0.00,0.00,0.00,0.00,0.00,0.00,0.00,0.00,0.00,0.00,0.00,17.27,9.34,54.10,2026
EM00015661,Md. Shahadat Hussain,1311,Dhanmondi,DH030-D,11,2,0.00,0.00,0.00,0.00,0.00,0.00,0.00,0.00,0.00,62.08,30.35,48.89,59.39,29.58,49.81,59.39,31.97,53.84,62.73,32.82,52.33,46.95,32.34,68.88,0.00,0.00,0.00,0.00,0.00,0.00,0.00,0.00,0.00,0.00,0.00,0.00,290.54,157.07,54.06,2026
EM00011558,Samir Kumar Rauth,1311,DNM+DNM,DH010-D,11,2,0.00,0.00,0.00,0.00,0.00,0.00,0.00,0.00,0.00,27.25,13.10,48.06,26.12,13.66,52.31,26.12,13.07,50.05,24.03,13.88,57.76,20.83,13.51,64.82,0.00,0.00,0.00,0.00,0.00,0.00,0.00,0.00,0.00,0.00,0.00,0.00,124.36,67.22,54.05,2026
EM00015211,Md. Kamrul Hasan Saimun,1331,Chandpur,CA051-B,01,1,8.63,3.90,45.21,8.26,4.31,52.18,8.26,4.54,55.03,10.52,5.13,48.72,9.50,4.98,52.37,9.50,5.16,54.34,8.70,5.57,63.94,8.39,5.19,61.83,0.00,0.00,0.00,0.00,0.00,0.00,0.00,0.00,0.00,0.00,0.00,0.00,71.77,38.77,54.03,2026
EM00011171,Md. Samiul Huda,1336,PLT+DNM+NRG+KRN,PA010-N,03,2,17.20,12.76,74.18,17.20,8.89,51.71,16.50,9.04,54.77,17.20,9.59,55.77,17.60,10.58,60.12,17.60,8.81,50.08,19.70,7.95,40.36,19.70,9.41,47.78,0.00,0.00,0.00,0.00,0.00,0.00,0.00,0.00,0.00,0.00,0.00,0.00,142.71,77.04,53.99,2026
EM00016496,Md. Sohel Rana,1328,Cox's Bazar,CO053-B,01,1,0.00,0.00,0.00,0.00,0.00,0.00,0.00,0.00,0.00,0.00,0.00,0.00,0.00,0.00,0.00,0.00,0.00,0.00,0.00,0.00,0.00,9.11,4.90,53.78,0.00,0.00,0.00,0.00,0.00,0.00,0.00,0.00,0.00,0.00,0.00,0.00,9.11,4.90,53.78,2026
EM00016384,Ruman Saruar,1310,Paltan,PA042-D,11,1,0.00,0.00,0.00,0.00,0.00,0.00,0.00,0.00,0.00,0.00,0.00,0.00,0.00,0.00,0.00,0.00,0.00,0.00,6.17,2.45,39.76,4.43,3.23,72.96,0.00,0.00,0.00,0.00,0.00,0.00,0.00,0.00,0.00,0.00,0.00,0.00,10.60,5.68,53.64,2026
EM00016283,Md. Afzal Shikdar,1327,Faridpur,FA016-D,11,1,0.00,0.00,0.00,0.00,0.00,0.00,0.00,0.00,0.00,0.00,0.00,0.00,0.00,0.00,0.00,10.57,6.79,64.25,12.08,4.50,37.25,8.42,5.36,63.63,0.00,0.00,0.00,0.00,0.00,0.00,0.00,0.00,0.00,0.00,0.00,0.00,31.07,16.65,53.58,2026
EM00015748,Md. Nahid Hossain,1310,Paltan,PA044-D,11,1,0.00,0.00,0.00,0.00,0.00,0.00,0.00,0.00,0.00,5.02,2.51,50.09,4.40,2.66,60.45,4.40,2.36,53.64,4.87,2.99,61.36,3.97,1.60,40.42,0.00,0.00,0.00,0.00,0.00,0.00,0.00,0.00,0.00,0.00,0.00,0.00,22.65,12.12,53.52,2026
EM00016042,Md. Sazzad Hossain,1323,Dinajpur,DI016-D,11,1,0.00,0.00,0.00,0.00,0.00,0.00,0.00,0.00,0.00,0.00,0.00,0.00,4.92,1.97,39.96,4.92,2.46,49.96,4.17,2.28,54.75,2.80,2.27,81.22,0.00,0.00,0.00,0.00,0.00,0.00,0.00,0.00,0.00,0.00,0.00,0.00,16.81,8.98,53.43,2026
EM00016036,Md. Minhaz Abedin,1310,Paltan,PA022-D,11,1,0.00,0.00,0.00,0.00,0.00,0.00,0.00,0.00,0.00,5.41,2.36,43.73,5.31,2.63,49.57,5.31,2.67,50.30,5.20,2.91,55.91,4.20,3.00,71.37,0.00,0.00,0.00,0.00,0.00,0.00,0.00,0.00,0.00,0.00,0.00,0.00,25.44,13.58,53.38,2026
EM00016155,M.M Abdullah Al Hadi,1310,Paltan,PA051-A,01,1,0.00,0.00,0.00,0.00,0.00,0.00,0.00,0.00,0.00,0.00,0.00,0.00,9.83,3.95,40.14,9.83,4.99,50.71,7.94,5.15,64.80,8.15,5.00,61.33,0.00,0.00,0.00,0.00,0.00,0.00,0.00,0.00,0.00,0.00,0.00,0.00,35.76,19.08,53.35,2026
EM00016254,Md. Tukrejul Islam,1320,Bogura,BO012-D,11,1,0.00,0.00,0.00,0.00,0.00,0.00,0.00,0.00,0.00,0.00,0.00,0.00,0.00,0.00,0.00,4.68,2.11,45.01,4.20,1.97,46.94,3.15,2.29,72.61,0.00,0.00,0.00,0.00,0.00,0.00,0.00,0.00,0.00,0.00,0.00,0.00,12.03,6.36,52.91,2026
EM00016316,Md. Masud Rana,1329,Tangail,TA012-B,01,1,0.00,0.00,0.00,0.00,0.00,0.00,0.00,0.00,0.00,0.00,0.00,0.00,0.00,0.00,0.00,8.15,2.99,36.64,6.90,4.16,60.35,6.31,4.14,65.63,0.00,0.00,0.00,0.00,0.00,0.00,0.00,0.00,0.00,0.00,0.00,0.00,21.36,11.29,52.86,2026
EM00016421,Mirza Ahmed,1311,Dhanmondi,DH021-D,11,1,0.00,0.00,0.00,0.00,0.00,0.00,0.00,0.00,0.00,0.00,0.00,0.00,0.00,0.00,0.00,0.00,0.00,0.00,7.14,3.12,43.73,5.56,3.59,64.50,0.00,0.00,0.00,0.00,0.00,0.00,0.00,0.00,0.00,0.00,0.00,0.00,12.69,6.71,52.83,2026
EM00015877,Md. Abdullah Al Mamun,1332,B. Baria,BB112-A,01,1,0.00,0.00,0.00,0.00,0.00,0.00,0.00,0.00,0.00,9.07,3.73,41.09,7.84,3.94,50.29,7.84,4.60,58.75,7.64,4.41,57.70,7.53,4.31,57.28,0.00,0.00,0.00,0.00,0.00,0.00,0.00,0.00,0.00,0.00,0.00,0.00,39.92,21.00,52.60,2026
EM00014815,Md. Tarequl Islam Babu,1315,Chattogram,CH081-A,01,1,8.86,4.49,50.67,8.80,4.78,54.32,8.80,4.16,47.32,11.19,4.09,36.54,10.50,3.66,34.87,10.70,9.59,89.64,9.80,5.00,51.06,8.99,5.05,56.15,0.00,0.00,0.00,0.00,0.00,0.00,0.00,0.00,0.00,0.00,0.00,0.00,77.64,40.83,52.59,2026
EM00016263,Md. Asadulla Al Galive,1316,Sylhet,SY011-D,11,1,0.00,0.00,0.00,0.00,0.00,0.00,0.00,0.00,0.00,0.00,0.00,0.00,0.00,0.00,0.00,0.00,0.00,0.00,0.00,0.00,0.00,3.87,2.03,52.48,0.00,0.00,0.00,0.00,0.00,0.00,0.00,0.00,0.00,0.00,0.00,0.00,3.87,2.03,52.48,2026
EM00016296,Md. Shakil Ahmed,1310,Paltan,PA183-B,01,1,0.00,0.00,0.00,0.00,0.00,0.00,0.00,0.00,0.00,0.00,0.00,0.00,0.00,0.00,0.00,7.96,2.79,34.99,6.87,4.12,59.92,6.87,4.48,65.16,0.00,0.00,0.00,0.00,0.00,0.00,0.00,0.00,0.00,0.00,0.00,0.00,21.70,11.38,52.44,2026
EM00015450,Md. Sohag Islam,1325,Khulna,KH031-B,01,1,5.08,2.10,41.26,5.04,2.62,51.99,5.04,2.38,47.14,6.89,2.24,32.50,5.89,2.77,47.05,5.89,3.18,53.98,5.30,3.72,70.25,4.70,3.97,84.38,0.00,0.00,0.00,0.00,0.00,0.00,0.00,0.00,0.00,0.00,0.00,0.00,43.83,22.97,52.41,2026
EM00016555,Subinay Seemanta,1322,Rangpur,RN071-B,01,1,0.00,0.00,0.00,0.00,0.00,0.00,0.00,0.00,0.00,0.00,0.00,0.00,0.00,0.00,0.00,0.00,0.00,0.00,0.00,0.00,0.00,5.79,3.02,52.25,0.00,0.00,0.00,0.00,0.00,0.00,0.00,0.00,0.00,0.00,0.00,0.00,5.79,3.02,52.25,2026
EM00004537,Md. Musabbir Alam Akanda,1336,PLT+DNM+NRG+KRN,RD11002,11,4,0.00,0.00,0.00,0.00,0.00,0.00,0.00,0.00,0.00,189.79,84.81,44.68,176.02,87.72,49.83,176.02,92.86,52.75,191.42,94.56,49.40,149.04,100.94,67.73,0.00,0.00,0.00,0.00,0.00,0.00,0.00,0.00,0.00,0.00,0.00,0.00,882.30,460.88,52.24,2026
EM00015759,Md. Riaz Hossen,1334,Kishoreganj,KI012-D,11,1,0.00,0.00,0.00,0.00,0.00,0.00,0.00,0.00,0.00,9.46,4.07,42.96,9.27,4.97,53.55,9.27,5.35,57.73,9.79,4.99,51.00,6.56,3.78,57.56,0.00,0.00,0.00,0.00,0.00,0.00,0.00,0.00,0.00,0.00,0.00,0.00,44.36,23.15,52.20,2026
EM00015957,Md. Abdulla Hill Kafi,1320,Bogura,BO162-A,01,1,0.00,0.00,0.00,0.00,0.00,0.00,0.00,0.00,0.00,4.28,1.23,28.84,4.57,2.37,51.87,4.57,2.33,50.89,3.85,2.48,64.39,3.85,2.61,67.70,0.00,0.00,0.00,0.00,0.00,0.00,0.00,0.00,0.00,0.00,0.00,0.00,21.13,11.02,52.17,2026
EM00015806,Md. Arif Rabbani,1332,B. Baria,BB032-A,01,1,0.00,0.00,0.00,0.00,0.00,0.00,6.93,3.16,45.53,8.99,4.10,45.63,7.92,3.63,45.77,7.92,4.30,54.23,7.63,4.67,61.28,7.52,4.62,61.38,0.00,0.00,0.00,0.00,0.00,0.00,0.00,0.00,0.00,0.00,0.00,0.00,46.91,24.47,52.16,2026
EM00015589,Md. Mubarak Hossain,1312,Uttara,UT011-D,11,1,0.00,0.00,0.00,0.00,0.00,0.00,0.00,0.00,0.00,3.80,1.50,39.43,3.67,1.67,45.62,3.67,1.47,40.00,3.66,1.68,45.92,3.15,3.03,96.28,0.00,0.00,0.00,0.00,0.00,0.00,0.00,0.00,0.00,0.00,0.00,0.00,17.94,9.35,52.11,2026
EM00016473,Shahin Mia,1333,Moulvibazar,MO021-D,11,1,0.00,0.00,0.00,0.00,0.00,0.00,0.00,0.00,0.00,0.00,0.00,0.00,0.00,0.00,0.00,0.00,0.00,0.00,0.00,0.00,0.00,6.85,3.57,52.11,0.00,0.00,0.00,0.00,0.00,0.00,0.00,0.00,0.00,0.00,0.00,0.00,6.85,3.57,52.11,2026
EM00015930,Mitun Boyrage,1325,Khulna,KH072-A,01,1,0.00,0.00,0.00,0.00,0.00,0.00,0.00,0.00,0.00,8.60,3.24,37.73,8.29,3.76,45.35,8.29,4.70,56.63,6.73,3.60,53.45,5.83,4.32,74.17,0.00,0.00,0.00,0.00,0.00,0.00,0.00,0.00,0.00,0.00,0.00,0.00,37.75,19.62,51.99,2026
EM00016016,Md. Shukur Ali,1326,Barishal,BA016-D,11,1,0.00,0.00,0.00,0.00,0.00,0.00,0.00,0.00,0.00,7.30,2.60,35.64,7.80,3.30,42.38,7.80,3.87,49.58,7.18,3.82,53.21,4.19,4.22,100.50,0.00,0.00,0.00,0.00,0.00,0.00,0.00,0.00,0.00,0.00,0.00,0.00,34.27,17.81,51.97,2026
EM00014666,Md. Delowar Hossain Sagor,1315,Chattogram,CH291-B,01,1,9.22,4.80,52.03,9.15,5.31,57.99,9.15,6.11,66.75,11.81,5.43,45.95,11.40,5.66,49.67,11.40,4.25,37.30,10.60,5.58,52.62,9.68,5.66,58.48,0.00,0.00,0.00,0.00,0.00,0.00,0.00,0.00,0.00,0.00,0.00,0.00,82.40,42.79,51.93,2026
EM00015409,Md. Ahsan Kabir,1333,Moulvibazar,MO051-B,01,1,6.85,3.62,52.76,6.80,3.59,52.80,6.80,3.55,52.21,8.85,4.08,46.12,8.53,3.53,41.44,8.53,4.08,47.86,7.58,4.58,60.52,7.47,4.80,64.35,0.00,0.00,0.00,0.00,0.00,0.00,0.00,0.00,0.00,0.00,0.00,0.00,61.41,31.85,51.86,2026
EM00016269,Md. Nirab Ahmad,1332,B. Baria,BB013-D,11,1,0.00,0.00,0.00,0.00,0.00,0.00,0.00,0.00,0.00,0.00,0.00,0.00,0.00,0.00,0.00,0.00,0.00,0.00,0.00,0.00,0.00,7.70,3.99,51.85,0.00,0.00,0.00,0.00,0.00,0.00,0.00,0.00,0.00,0.00,0.00,0.00,7.70,3.99,51.85,2026
EM00015367,Prokash Chandra,1336,Keraniganj,KE043-A,01,1,7.74,4.11,53.10,7.69,4.60,59.80,7.69,4.36,56.65,9.74,4.16,42.73,9.03,3.46,38.38,9.03,4.44,49.24,7.65,4.52,59.12,7.71,4.70,61.02,0.00,0.00,0.00,0.00,0.00,0.00,0.00,0.00,0.00,0.00,0.00,0.00,66.26,34.36,51.85,2026
EM00016153,Borhan Uddin,1315,Chattogram,CH254-A,01,1,0.00,0.00,0.00,0.00,0.00,0.00,0.00,0.00,0.00,0.00,0.00,0.00,7.63,3.29,43.19,7.63,3.87,50.68,6.71,3.48,51.85,6.36,4.03,63.42,0.00,0.00,0.00,0.00,0.00,0.00,0.00,0.00,0.00,0.00,0.00,0.00,28.33,14.67,51.80,2026
EM00016020,Md. Emon Sarkar,1316,Sylhet,SY014-D,11,1,0.00,0.00,0.00,0.00,0.00,0.00,0.00,0.00,0.00,0.00,0.00,0.00,0.00,0.00,0.00,0.00,0.00,0.00,0.00,0.00,0.00,7.76,4.01,51.71,0.00,0.00,0.00,0.00,0.00,0.00,0.00,0.00,0.00,0.00,0.00,0.00,7.76,4.01,51.71,2026
EM00011871,Moinuddin Ahmad Masum,1313,PLT+DNM+NRG,PA011-N,03,1,5.45,2.83,51.83,5.45,2.75,50.39,5.25,2.70,51.51,5.45,3.71,68.14,5.55,2.83,51.03,5.55,3.16,56.87,6.50,2.68,41.19,6.50,2.96,45.61,0.00,0.00,0.00,0.00,0.00,0.00,0.00,0.00,0.00,0.00,0.00,0.00,45.70,23.62,51.68,2026
EM00015833,Md. Ruman Mia,1316,Sylhet,SY062-B,01,1,0.00,0.00,0.00,0.00,0.00,0.00,9.33,5.48,58.67,12.17,5.72,46.99,11.45,5.15,44.95,11.45,5.77,50.33,9.56,5.53,57.87,9.42,5.12,54.32,0.00,0.00,0.00,0.00,0.00,0.00,0.00,0.00,0.00,0.00,0.00,0.00,63.40,32.76,51.68,2026
EM00008760,Md. Jalal Uddin,1313,Narayanganj,NA010-D,11,2,0.00,0.00,0.00,0.00,0.00,0.00,0.00,0.00,0.00,40.06,17.31,43.22,37.06,17.78,47.98,37.06,19.74,53.27,42.22,20.85,49.39,33.05,22.21,67.19,0.00,0.00,0.00,0.00,0.00,0.00,0.00,0.00,0.00,0.00,0.00,0.00,189.46,97.89,51.67,2026
EM00016004,Md. Imran Hasen,1314,Mymensingh,MY023-D,11,1,0.00,0.00,0.00,0.00,0.00,0.00,0.00,0.00,0.00,5.36,2.43,45.38,5.48,2.47,45.00,5.48,2.97,54.14,5.39,3.21,59.64,4.17,2.27,54.48,0.00,0.00,0.00,0.00,0.00,0.00,0.00,0.00,0.00,0.00,0.00,0.00,25.88,13.35,51.59,2026
EM00015745,Md. Sabbir Hossain,1314,Mymensingh,MY013-D,11,1,0.00,0.00,0.00,0.00,0.00,0.00,0.00,0.00,0.00,4.71,2.25,47.77,4.63,2.25,48.61,4.63,2.13,46.07,4.69,2.07,44.03,3.11,2.52,81.05,0.00,0.00,0.00,0.00,0.00,0.00,0.00,0.00,0.00,0.00,0.00,0.00,21.77,11.22,51.54,2026
EM00015618,Yeasin Ali,1322,Rangpur,RN013-D,11,1,0.00,0.00,0.00,0.00,0.00,0.00,0.00,0.00,0.00,0.00,0.00,0.00,6.96,2.66,38.14,6.96,3.45,49.62,6.15,3.14,51.05,4.40,3.31,75.34,0.00,0.00,0.00,0.00,0.00,0.00,0.00,0.00,0.00,0.00,0.00,0.00,24.48,12.57,51.34,2026
EM00013924,Md. Abu Jahid Siddiqui,1335,PLT+DNM+UTR+MYM+CHT+NKL+FEN+RJS+CXB,SSM01-D,11,8,0.00,0.00,0.00,0.00,0.00,0.00,0.00,0.00,0.00,333.11,154.99,46.53,316.09,161.83,51.20,316.09,173.41,54.86,329.29,168.67,51.22,568.32,296.91,52.24,0.00,0.00,0.00,0.00,0.00,0.00,0.00,0.00,0.00,0.00,0.00,0.00,1862.92,955.81,51.31,2026
EM00013265,Md Shahed Lablu,1322,Rangpur,RN072-C,01,1,6.61,3.01,45.50,6.56,3.18,48.48,6.56,3.58,54.65,8.97,3.71,41.31,8.65,3.63,41.92,8.65,3.90,45.04,5.87,3.03,51.66,6.95,6.13,88.18,0.00,0.00,0.00,0.00,0.00,0.00,0.00,0.00,0.00,0.00,0.00,0.00,58.82,30.16,51.28,2026
EM00015928,Md. Sadrul Amin,1329,Tangail,TA051-B,01,1,0.00,0.00,0.00,0.00,0.00,0.00,0.00,0.00,0.00,11.43,4.75,41.57,11.01,5.12,46.49,11.01,5.62,51.03,8.70,5.79,66.59,8.58,4.73,55.14,0.00,0.00,0.00,0.00,0.00,0.00,0.00,0.00,0.00,0.00,0.00,0.00,50.72,26.01,51.28,2026
EM00015734,Roman Ahmed,1311,Dhanmondi,DH034-D,11,1,0.00,0.00,0.00,0.00,0.00,0.00,0.00,0.00,0.00,7.14,2.86,40.13,6.59,2.95,44.79,6.59,3.43,52.04,6.58,3.35,50.92,5.30,3.91,73.78,0.00,0.00,0.00,0.00,0.00,0.00,0.00,0.00,0.00,0.00,0.00,0.00,32.19,16.50,51.27,2026
EM00015999,Md. Shafiqul Islam,1314,Mymensingh,MY022-D,11,1,0.00,0.00,0.00,0.00,0.00,0.00,0.00,0.00,0.00,6.01,2.34,38.99,5.83,3.13,53.58,5.83,3.37,57.83,5.68,2.61,45.99,4.30,2.68,62.25,0.00,0.00,0.00,0.00,0.00,0.00,0.00,0.00,0.00,0.00,0.00,0.00,27.66,14.13,51.09,2026
EM00015180,Md. Khademul Islam,1321,Rajshahi,RA054-B,01,1,7.51,3.43,45.70,7.45,3.40,45.62,7.45,3.71,49.79,10.01,4.18,41.77,9.66,3.87,40.04,9.66,4.44,45.98,7.81,5.29,67.79,7.70,5.96,77.42,0.00,0.00,0.00,0.00,0.00,0.00,0.00,0.00,0.00,0.00,0.00,0.00,67.24,34.28,50.98,2026
EM00016166,Md. Arif Miah,1313,Narayanganj,NA071-B,01,1,0.00,0.00,0.00,0.00,0.00,0.00,0.00,0.00,0.00,0.00,0.00,0.00,7.55,2.90,38.40,7.55,3.85,51.05,6.70,3.77,56.22,6.88,4.10,59.56,0.00,0.00,0.00,0.00,0.00,0.00,0.00,0.00,0.00,0.00,0.00,0.00,28.68,14.62,50.97,2026
EM00016281,Md. Arif Uddin,1336,Keraniganj,KE014-D,11,1,0.00,0.00,0.00,0.00,0.00,0.00,0.00,0.00,0.00,0.00,0.00,0.00,0.00,0.00,0.00,6.07,3.41,56.13,7.09,2.90,40.88,5.48,3.18,57.99,0.00,0.00,0.00,0.00,0.00,0.00,0.00,0.00,0.00,0.00,0.00,0.00,18.65,9.49,50.87,2026
EM00016375,Md Toyubur Rahman,1315,Chattogram,CH023-D,11,1,0.00,0.00,0.00,0.00,0.00,0.00,0.00,0.00,0.00,0.00,0.00,0.00,0.00,0.00,0.00,0.00,0.00,0.00,0.00,0.00,0.00,2.21,1.12,50.61,0.00,0.00,0.00,0.00,0.00,0.00,0.00,0.00,0.00,0.00,0.00,0.00,2.21,1.12,50.61,2026
EM00016404,Md. Rasel Hossen,1328,Cox's Bazar,CO016-D,11,1,0.00,0.00,0.00,0.00,0.00,0.00,0.00,0.00,0.00,0.00,0.00,0.00,0.00,0.00,0.00,0.00,0.00,0.00,0.00,0.00,0.00,7.36,3.73,50.60,0.00,0.00,0.00,0.00,0.00,0.00,0.00,0.00,0.00,0.00,0.00,0.00,7.36,3.73,50.60,2026
EM00016531,Kurban Ali,1318,Noakhali,NO041-B,01,1,0.00,0.00,0.00,0.00,0.00,0.00,0.00,0.00,0.00,0.00,0.00,0.00,0.00,0.00,0.00,0.00,0.00,0.00,0.00,0.00,0.00,8.85,4.47,50.54,0.00,0.00,0.00,0.00,0.00,0.00,0.00,0.00,0.00,0.00,0.00,0.00,8.85,4.47,50.54,2026
EM00016194,Md. Golam Rabbani,1320,Bogura,BO010-D,11,2,0.00,0.00,0.00,0.00,0.00,0.00,0.00,0.00,0.00,0.00,0.00,0.00,0.00,0.00,0.00,26.62,10.52,39.51,22.79,10.77,47.28,17.45,12.44,71.30,0.00,0.00,0.00,0.00,0.00,0.00,0.00,0.00,0.00,0.00,0.00,0.00,66.86,33.73,50.46,2026
EM00015977,Sagor Hossain,1336,Keraniganj,KE015-D,11,1,0.00,0.00,0.00,0.00,0.00,0.00,0.00,0.00,0.00,5.29,2.02,38.09,4.84,2.47,50.98,4.84,2.69,55.47,5.51,2.51,45.52,4.23,2.78,65.72,0.00,0.00,0.00,0.00,0.00,0.00,0.00,0.00,0.00,0.00,0.00,0.00,24.72,12.46,50.41,2026
EM00016556,Shebbir Ahmmed,1311,Dhanmondi,DH262-A,01,1,0.00,0.00,0.00,0.00,0.00,0.00,0.00,0.00,0.00,0.00,0.00,0.00,0.00,0.00,0.00,0.00,0.00,0.00,0.00,0.00,0.00,6.48,3.26,50.39,0.00,0.00,0.00,0.00,0.00,0.00,0.00,0.00,0.00,0.00,0.00,0.00,6.48,3.26,50.39,2026
EM00015253,Md. Manjurul Islam,1315,Chattogram,CH043-G,02,1,9.00,3.90,43.29,8.70,3.84,44.09,8.85,3.97,44.85,9.30,4.06,43.68,8.63,5.05,58.52,9.46,5.05,53.35,9.46,5.08,53.69,9.75,5.79,59.36,0.00,0.00,0.00,0.00,0.00,0.00,0.00,0.00,0.00,0.00,0.00,0.00,73.15,36.73,50.21,2026
EM00016047,Md. Moksedul Islam,1323,Dinajpur,DI013-D,11,1,0.00,0.00,0.00,0.00,0.00,0.00,0.00,0.00,0.00,0.00,0.00,0.00,5.27,2.29,43.50,5.27,2.58,48.90,5.19,2.39,46.13,3.70,2.46,66.57,0.00,0.00,0.00,0.00,0.00,0.00,0.00,0.00,0.00,0.00,0.00,0.00,19.43,9.73,50.06,2026
EM00016049,Md. Abul Monsur,1315,Chattogram,CH014-D,11,1,0.00,0.00,0.00,0.00,0.00,0.00,0.00,0.00,0.00,0.00,0.00,0.00,0.00,0.00,0.00,0.00,0.00,0.00,0.00,0.00,0.00,1.65,0.82,49.90,0.00,0.00,0.00,0.00,0.00,0.00,0.00,0.00,0.00,0.00,0.00,0.00,1.65,0.82,49.90,2026
EM00015659,Sayed Masud Ahmed,1326,Barishal,BA010-D,11,2,0.00,0.00,0.00,0.00,0.00,0.00,0.00,0.00,0.00,33.67,13.98,41.53,34.60,14.48,41.86,34.60,16.82,48.61,34.10,16.50,48.37,23.01,17.93,77.92,0.00,0.00,0.00,0.00,0.00,0.00,0.00,0.00,0.00,0.00,0.00,0.00,159.98,79.71,49.83,2026
EM00016406,Mahadi Hasan,1335,Kushtia,KU011-D,11,1,0.00,0.00,0.00,0.00,0.00,0.00,0.00,0.00,0.00,0.00,0.00,0.00,0.00,0.00,0.00,0.00,0.00,0.00,0.00,0.00,0.00,5.28,2.63,49.73,0.00,0.00,0.00,0.00,0.00,0.00,0.00,0.00,0.00,0.00,0.00,0.00,5.28,2.63,49.73,2026
EM00010882,Anayet Hossain,1311,PLT+DNM,PA020-D,11,2,0.00,0.00,0.00,0.00,0.00,0.00,0.00,0.00,0.00,20.35,9.40,46.17,19.85,9.43,47.51,19.85,8.59,43.26,18.58,8.87,47.74,14.18,9.59,67.62,0.00,0.00,0.00,0.00,0.00,0.00,0.00,0.00,0.00,0.00,0.00,0.00,92.80,45.87,49.42,2026
EM00015602,MD. ZAHEDUL ISLAM,1320,Bogura,BO024-D,11,1,0.00,0.00,0.00,0.00,0.00,0.00,0.00,0.00,0.00,0.00,0.00,0.00,2.06,0.49,23.94,2.06,1.00,48.39,2.01,1.11,55.18,1.50,1.17,77.97,0.00,0.00,0.00,0.00,0.00,0.00,0.00,0.00,0.00,0.00,0.00,0.00,7.63,3.77,49.40,2026
EM00016424,Md. Monabberul Islam,1321,Rajshahi,RA024-D,11,1,0.00,0.00,0.00,0.00,0.00,0.00,0.00,0.00,0.00,0.00,0.00,0.00,0.00,0.00,0.00,0.00,0.00,0.00,0.00,0.00,0.00,1.41,0.70,49.23,0.00,0.00,0.00,0.00,0.00,0.00,0.00,0.00,0.00,0.00,0.00,0.00,1.41,0.70,49.23,2026
EM00015414,Siddikur Rahman,1322,Rangpur,RN071-A,01,1,7.17,3.26,45.53,7.12,3.38,47.44,7.12,3.88,54.46,9.78,3.66,37.40,9.43,4.10,43.45,9.43,4.28,45.43,6.49,4.16,64.06,6.40,4.24,66.33,0.00,0.00,0.00,0.00,0.00,0.00,0.00,0.00,0.00,0.00,0.00,0.00,62.94,30.96,49.19,2026
EM00002440,Md. Golam Mostofa,1327,Faridpur,FA010-D,11,2,0.00,0.00,0.00,0.00,0.00,0.00,0.00,0.00,0.00,57.70,28.80,49.92,56.82,26.90,47.35,56.82,28.33,49.86,60.24,23.93,39.72,42.14,26.63,63.20,0.00,0.00,0.00,0.00,0.00,0.00,0.00,0.00,0.00,0.00,0.00,0.00,273.72,134.59,49.17,2026
EM00016265,Md. Rashedul Karim,1333,Moulvibazar,MO012-D,11,1,0.00,0.00,0.00,0.00,0.00,0.00,0.00,0.00,0.00,0.00,0.00,0.00,0.00,0.00,0.00,0.00,0.00,0.00,0.00,0.00,0.00,5.89,2.89,49.04,0.00,0.00,0.00,0.00,0.00,0.00,0.00,0.00,0.00,0.00,0.00,0.00,5.89,2.89,49.04,2026
EM00016014,Md. Mirajul Islam,1312,Uttara,UT023-D,11,1,0.00,0.00,0.00,0.00,0.00,0.00,0.00,0.00,0.00,4.98,2.08,41.69,4.64,2.18,46.91,4.64,2.59,55.86,5.31,2.27,42.73,3.93,2.38,60.70,0.00,0.00,0.00,0.00,0.00,0.00,0.00,0.00,0.00,0.00,0.00,0.00,23.50,11.50,48.93,2026
EM00016415,Md. Ikhtekharul Alam,1321,Rajshahi,RA014-D,11,1,0.00,0.00,0.00,0.00,0.00,0.00,0.00,0.00,0.00,0.00,0.00,0.00,0.00,0.00,0.00,0.00,0.00,0.00,0.00,0.00,0.00,2.67,1.31,48.90,0.00,0.00,0.00,0.00,0.00,0.00,0.00,0.00,0.00,0.00,0.00,0.00,2.67,1.31,48.90,2026
EM00016386,Halim Mia,1310,Paltan,PA035-D,11,1,0.00,0.00,0.00,0.00,0.00,0.00,0.00,0.00,0.00,0.00,0.00,0.00,0.00,0.00,0.00,0.00,0.00,0.00,6.69,3.12,46.69,4.99,2.57,51.51,0.00,0.00,0.00,0.00,0.00,0.00,0.00,0.00,0.00,0.00,0.00,0.00,11.68,5.69,48.75,2026
EM00016472,Md. Mizanur Islam,1313,Narayanganj,NA013-D,11,1,0.00,0.00,0.00,0.00,0.00,0.00,0.00,0.00,0.00,0.00,0.00,0.00,0.00,0.00,0.00,0.00,0.00,0.00,0.00,0.00,0.00,8.91,4.34,48.67,0.00,0.00,0.00,0.00,0.00,0.00,0.00,0.00,0.00,0.00,0.00,0.00,8.91,4.34,48.67,2026
EM00015604,Md.Shamim .,1320,Bogura,BO022-D,11,1,0.00,0.00,0.00,0.00,0.00,0.00,0.00,0.00,0.00,0.00,0.00,0.00,5.21,1.64,31.51,5.21,2.53,48.64,5.24,2.54,48.46,4.00,2.84,71.10,0.00,0.00,0.00,0.00,0.00,0.00,0.00,0.00,0.00,0.00,0.00,0.00,19.66,9.56,48.62,2026
EM00016387,Md. Romezul Hoque Shovon,1335,Kushtia,KU012-D,11,1,0.00,0.00,0.00,0.00,0.00,0.00,0.00,0.00,0.00,0.00,0.00,0.00,0.00,0.00,0.00,0.00,0.00,0.00,0.00,0.00,0.00,10.59,5.15,48.61,0.00,0.00,0.00,0.00,0.00,0.00,0.00,0.00,0.00,0.00,0.00,0.00,10.59,5.15,48.61,2026
EM00015718,Md. Abu Hasan .,1320,Bogura,BO013-D,11,1,0.00,0.00,0.00,0.00,0.00,0.00,0.00,0.00,0.00,0.00,0.00,0.00,0.00,0.00,0.00,3.62,1.31,36.18,3.23,1.35,41.72,2.50,1.88,75.02,0.00,0.00,0.00,0.00,0.00,0.00,0.00,0.00,0.00,0.00,0.00,0.00,9.35,4.53,48.48,2026
EM00015611,Md. Moksedul Islam,1322,Rangpur,RN014-D,11,1,0.00,0.00,0.00,0.00,0.00,0.00,0.00,0.00,0.00,0.00,0.00,0.00,7.92,2.74,34.64,7.92,3.58,45.25,7.72,3.57,46.27,4.90,3.89,79.40,0.00,0.00,0.00,0.00,0.00,0.00,0.00,0.00,0.00,0.00,0.00,0.00,28.47,13.79,48.45,2026
EM00015583,Sajib Ahamed,1327,Faridpur,FA012-D,11,1,0.00,0.00,0.00,0.00,0.00,0.00,0.00,0.00,0.00,10.13,4.94,48.82,10.59,4.45,42.02,10.59,4.72,44.59,10.97,4.49,40.94,6.69,5.07,75.83,0.00,0.00,0.00,0.00,0.00,0.00,0.00,0.00,0.00,0.00,0.00,0.00,48.98,23.68,48.36,2026
EM00015556,Md. Mokaruzzaman Khan,1334,UTR+MYM+TNG+KSG,RD11003,11,4,0.00,0.00,0.00,0.00,0.00,0.00,0.00,0.00,0.00,188.75,77.66,41.15,181.32,85.52,47.16,181.32,90.49,49.91,189.60,87.49,46.15,136.80,83.20,60.82,0.00,0.00,0.00,0.00,0.00,0.00,0.00,0.00,0.00,0.00,0.00,0.00,877.80,424.37,48.34,2026
EM00016021,Md. Sakhawat Hossen,1326,Barishal,BA013-D,11,1,0.00,0.00,0.00,0.00,0.00,0.00,0.00,0.00,0.00,7.56,3.31,43.79,7.61,3.01,39.51,7.61,3.67,48.24,7.58,3.70,48.81,4.62,3.22,69.62,0.00,0.00,0.00,0.00,0.00,0.00,0.00,0.00,0.00,0.00,0.00,0.00,34.98,16.90,48.33,2026
EM00015978,Prodip Kumar Shill,1329,Tangail,TA013-D,11,1,0.00,0.00,0.00,0.00,0.00,0.00,0.00,0.00,0.00,6.85,2.66,38.81,6.01,2.93,48.79,6.01,3.24,53.92,7.08,3.15,44.57,5.42,3.16,58.19,0.00,0.00,0.00,0.00,0.00,0.00,0.00,0.00,0.00,0.00,0.00,0.00,31.36,15.14,48.27,2026
EM00015774,Md. Zahangir Alam,1323,Dinajpur,DI010-D,11,2,0.00,0.00,0.00,0.00,0.00,0.00,0.00,0.00,0.00,0.00,0.00,0.00,33.73,13.00,38.52,33.73,15.22,45.11,29.12,13.96,47.94,19.30,13.73,71.15,0.00,0.00,0.00,0.00,0.00,0.00,0.00,0.00,0.00,0.00,0.00,0.00,115.89,55.91,48.24,2026
EM00015588,Md. Monjil Hasan,1314,Mymensingh,MY011-D,11,1,0.00,0.00,0.00,0.00,0.00,0.00,0.00,0.00,0.00,7.34,2.35,31.98,7.20,3.29,45.62,7.20,5.05,70.15,7.27,3.22,44.24,4.93,2.47,50.16,0.00,0.00,0.00,0.00,0.00,0.00,0.00,0.00,0.00,0.00,0.00,0.00,33.95,16.38,48.24,2026
EM00003990,Mr. Humayun Kabir,1333,SYL+CML+CHP+BRB+MLB,RD11004,11,4,0.00,0.00,0.00,0.00,0.00,0.00,0.00,0.00,0.00,0.00,0.00,0.00,0.00,0.00,0.00,0.00,0.00,0.00,0.00,0.00,0.00,235.63,113.20,48.04,0.00,0.00,0.00,0.00,0.00,0.00,0.00,0.00,0.00,0.00,0.00,0.00,235.63,113.20,48.04,2026
EM00007842,Mr. K.M. Rafiquzzaman,1315,Chattogram,CH020-D,11,2,0.00,0.00,0.00,0.00,0.00,0.00,0.00,0.00,0.00,0.00,0.00,0.00,0.00,0.00,0.00,0.00,0.00,0.00,0.00,0.00,0.00,28.28,13.58,48.03,0.00,0.00,0.00,0.00,0.00,0.00,0.00,0.00,0.00,0.00,0.00,0.00,28.28,13.58,48.03,2026
EM00016017,Syed Muzakkir Hussen,1316,Sylhet,SY032-D,11,1,0.00,0.00,0.00,0.00,0.00,0.00,0.00,0.00,0.00,0.00,0.00,0.00,0.00,0.00,0.00,0.00,0.00,0.00,0.00,0.00,0.00,3.19,1.53,48.03,0.00,0.00,0.00,0.00,0.00,0.00,0.00,0.00,0.00,0.00,0.00,0.00,3.19,1.53,48.03,2026
EM00016565,Atikul Islam,1312,Uttara,UT091-A,01,1,0.00,0.00,0.00,0.00,0.00,0.00,0.00,0.00,0.00,0.00,0.00,0.00,0.00,0.00,0.00,0.00,0.00,0.00,0.00,0.00,0.00,6.48,3.11,48.00,0.00,0.00,0.00,0.00,0.00,0.00,0.00,0.00,0.00,0.00,0.00,0.00,6.48,3.11,48.00,2026
EM00016026,Md. Ferdous,1326,Barishal,BA015-D,11,1,0.00,0.00,0.00,0.00,0.00,0.00,0.00,0.00,0.00,5.23,2.29,43.81,5.65,2.04,36.16,5.65,2.68,47.36,5.78,2.45,42.42,3.56,2.95,82.96,0.00,0.00,0.00,0.00,0.00,0.00,0.00,0.00,0.00,0.00,0.00,0.00,25.86,12.41,47.99,2026
EM00015867,Liath Hasan,1314,Mymensingh,MY010-D,11,2,0.00,0.00,0.00,0.00,0.00,0.00,0.00,0.00,0.00,32.80,13.02,39.70,31.93,14.84,46.46,31.93,17.08,53.49,31.96,15.30,47.87,22.57,12.22,54.12,0.00,0.00,0.00,0.00,0.00,0.00,0.00,0.00,0.00,0.00,0.00,0.00,151.19,72.45,47.92,2026
EM00016383,Mosharaf Hossain,1331,Chandpur,CA011-D,11,1,0.00,0.00,0.00,0.00,0.00,0.00,0.00,0.00,0.00,0.00,0.00,0.00,0.00,0.00,0.00,0.00,0.00,0.00,0.00,0.00,0.00,12.51,5.99,47.89,0.00,0.00,0.00,0.00,0.00,0.00,0.00,0.00,0.00,0.00,0.00,0.00,12.51,5.99,47.89,2026
EM00016034,Md. Arif Khan Joy,1315,Chattogram,CH026-D,11,1,0.00,0.00,0.00,0.00,0.00,0.00,0.00,0.00,0.00,0.00,0.00,0.00,0.00,0.00,0.00,0.00,0.00,0.00,0.00,0.00,0.00,13.23,6.33,47.88,0.00,0.00,0.00,0.00,0.00,0.00,0.00,0.00,0.00,0.00,0.00,0.00,13.23,6.33,47.88,2026
EM00016478,Md. Ibadul Islam,1324,Jashore,JA031-D,11,1,0.00,0.00,0.00,0.00,0.00,0.00,0.00,0.00,0.00,0.00,0.00,0.00,0.00,0.00,0.00,0.00,0.00,0.00,0.00,0.00,0.00,3.42,1.64,47.88,0.00,0.00,0.00,0.00,0.00,0.00,0.00,0.00,0.00,0.00,0.00,0.00,3.42,1.64,47.88,2026
EM00015995,Md. Ruhul Amin,1322,Rangpur,RN015-D,11,1,0.00,0.00,0.00,0.00,0.00,0.00,0.00,0.00,0.00,0.00,0.00,0.00,7.50,3.34,44.49,7.50,3.28,43.69,7.47,3.01,40.30,4.90,3.45,70.48,0.00,0.00,0.00,0.00,0.00,0.00,0.00,0.00,0.00,0.00,0.00,0.00,27.38,13.08,47.78,2026
EM00016010,Mostafizur Rahman,1314,Mymensingh,MY015-D,11,1,0.00,0.00,0.00,0.00,0.00,0.00,0.00,0.00,0.00,5.62,2.10,37.39,5.81,2.11,36.26,5.81,2.52,43.34,5.46,3.29,60.30,4.11,2.74,66.63,0.00,0.00,0.00,0.00,0.00,0.00,0.00,0.00,0.00,0.00,0.00,0.00,26.82,12.76,47.57,2026
EM00015494,Md. Leion Mia,1316,Sylhet,SY121-A,01,1,8.28,3.31,39.98,8.22,4.25,51.73,8.22,3.97,48.34,10.77,4.16,38.59,10.39,3.93,37.80,10.39,4.94,47.56,8.82,5.03,57.06,8.69,5.22,60.07,0.00,0.00,0.00,0.00,0.00,0.00,0.00,0.00,0.00,0.00,0.00,0.00,73.77,34.81,47.19,2026
EM00015747,Md. Rubel Hossain,1312,Uttara,UT022-D,11,1,0.00,0.00,0.00,0.00,0.00,0.00,0.00,0.00,0.00,7.04,2.76,39.22,6.72,3.02,44.88,6.72,3.07,45.65,7.28,3.29,45.23,5.50,3.53,64.23,0.00,0.00,0.00,0.00,0.00,0.00,0.00,0.00,0.00,0.00,0.00,0.00,33.26,15.67,47.11,2026
EM00016008,Md. Afsar Hossain Bappy,1318,Noakhali,NO012-D,11,1,0.00,0.00,0.00,0.00,0.00,0.00,0.00,0.00,0.00,0.00,0.00,0.00,0.00,0.00,0.00,0.00,0.00,0.00,0.00,0.00,0.00,16.02,7.54,47.07,0.00,0.00,0.00,0.00,0.00,0.00,0.00,0.00,0.00,0.00,0.00,0.00,16.02,7.54,47.07,2026
EM00016203,Md. Khalid Hasan,1327,Faridpur,FA014-D,11,1,0.00,0.00,0.00,0.00,0.00,0.00,0.00,0.00,0.00,0.00,0.00,0.00,0.00,0.00,0.00,9.09,4.09,45.04,9.76,3.82,39.15,6.87,4.17,60.74,0.00,0.00,0.00,0.00,0.00,0.00,0.00,0.00,0.00,0.00,0.00,0.00,25.72,12.09,47.00,2026
EM00016028,Md. Al-Amin,1326,Barishal,BA022-D,11,1,0.00,0.00,0.00,0.00,0.00,0.00,0.00,0.00,0.00,9.59,4.16,43.38,8.61,3.79,43.98,8.61,4.39,50.96,9.06,3.79,41.82,6.36,3.71,58.30,0.00,0.00,0.00,0.00,0.00,0.00,0.00,0.00,0.00,0.00,0.00,0.00,42.24,19.83,46.96,2026
EM00015456,Anarul Islam,1323,Dinajpur,DI042-A,01,1,8.74,3.95,45.15,8.68,4.13,47.62,8.68,4.41,50.77,8.54,3.08,36.07,8.09,3.27,40.46,8.09,3.72,46.01,5.93,3.80,64.18,5.84,2.96,50.64,0.00,0.00,0.00,0.00,0.00,0.00,0.00,0.00,0.00,0.00,0.00,0.00,62.59,29.32,46.85,2026
EM00015624,Md. Kashem Khan,1326,Barishal,BA011-D,11,1,0.00,0.00,0.00,0.00,0.00,0.00,0.00,0.00,0.00,4.30,1.66,38.63,4.29,1.59,36.97,4.29,1.95,45.35,3.97,1.94,48.89,2.79,2.05,73.47,0.00,0.00,0.00,0.00,0.00,0.00,0.00,0.00,0.00,0.00,0.00,0.00,19.65,9.19,46.76,2026
EM00015885,Md. Safiqul Islam,1336,Keraniganj,KE043-B,01,1,0.00,0.00,0.00,0.00,0.00,0.00,0.00,0.00,0.00,9.47,4.00,42.28,8.77,3.08,35.15,8.77,4.11,46.84,7.53,4.16,55.32,7.59,4.32,56.97,0.00,0.00,0.00,0.00,0.00,0.00,0.00,0.00,0.00,0.00,0.00,0.00,42.13,19.68,46.72,2026
EM00016256,Md. Palash Mahmud,1320,Bogura,BO027-D,11,1,0.00,0.00,0.00,0.00,0.00,0.00,0.00,0.00,0.00,0.00,0.00,0.00,0.00,0.00,0.00,3.53,1.24,35.15,3.68,1.82,49.41,2.60,1.52,58.48,0.00,0.00,0.00,0.00,0.00,0.00,0.00,0.00,0.00,0.00,0.00,0.00,9.81,4.58,46.69,2026
EM00015244,Norottam Somadder,1333,Moulvibazar,MO051-A,01,1,6.86,3.57,52.01,6.81,3.82,56.10,6.81,3.74,54.89,8.80,3.81,43.36,8.48,3.36,39.61,8.48,3.30,38.93,7.54,3.34,44.25,7.43,3.62,48.71,0.00,0.00,0.00,0.00,0.00,0.00,0.00,0.00,0.00,0.00,0.00,0.00,61.20,28.55,46.65,2026
EM00015610,Md. Sofir Uddin,1314,Mymensingh,MY021-D,11,1,0.00,0.00,0.00,0.00,0.00,0.00,0.00,0.00,0.00,7.83,3.25,41.58,7.57,3.49,46.07,7.57,3.46,45.67,7.59,3.20,42.13,4.97,3.18,63.85,0.00,0.00,0.00,0.00,0.00,0.00,0.00,0.00,0.00,0.00,0.00,0.00,35.53,16.57,46.64,2026
EM00015757,Biplab Sikder,1310,Paltan,PA021-D,11,1,0.00,0.00,0.00,0.00,0.00,0.00,0.00,0.00,0.00,4.89,2.11,43.23,4.68,2.37,50.68,4.68,1.84,39.26,4.65,2.10,45.25,3.48,2.00,57.48,0.00,0.00,0.00,0.00,0.00,0.00,0.00,0.00,0.00,0.00,0.00,0.00,22.37,10.42,46.59,2026
EM00016258,Md. Forhad Hossain,1315,Chattogram,CH032-D,11,1,0.00,0.00,0.00,0.00,0.00,0.00,0.00,0.00,0.00,0.00,0.00,0.00,0.00,0.00,0.00,0.00,0.00,0.00,0.00,0.00,0.00,2.55,1.19,46.59,0.00,0.00,0.00,0.00,0.00,0.00,0.00,0.00,0.00,0.00,0.00,0.00,2.55,1.19,46.59,2026
EM00015388,Md. Sarwar Hossain,1336,PLT+DNM+NRG+SYL+CML+BGR+RNG+DNJ+JSR,SM002-D,11,7,0.00,0.00,0.00,0.00,0.00,0.00,0.00,0.00,0.00,439.01,178.15,40.58,584.76,229.96,39.32,584.76,257.82,44.09,573.53,250.97,43.76,631.68,382.93,60.62,0.00,0.00,0.00,0.00,0.00,0.00,0.00,0.00,0.00,0.00,0.00,0.00,2813.74,1299.82,46.20,2026
EM00016504,Md. Abdul Goni,1330,Pabna,PB012-D,11,1,0.00,0.00,0.00,0.00,0.00,0.00,0.00,0.00,0.00,0.00,0.00,0.00,0.00,0.00,0.00,0.00,0.00,0.00,0.00,0.00,0.00,6.35,2.93,46.13,0.00,0.00,0.00,0.00,0.00,0.00,0.00,0.00,0.00,0.00,0.00,0.00,6.35,2.93,46.13,2026
EM00015979,Aminul Islam,1313,Narayanganj,NA022-D,11,1,0.00,0.00,0.00,0.00,0.00,0.00,0.00,0.00,0.00,5.35,2.37,44.37,5.23,2.24,42.89,5.23,2.22,42.45,5.49,2.34,42.54,4.01,2.49,62.23,0.00,0.00,0.00,0.00,0.00,0.00,0.00,0.00,0.00,0.00,0.00,0.00,25.30,11.66,46.10,2026
EM00016257,Md. Masud Karim,1315,Chattogram,CH033-D,11,1,0.00,0.00,0.00,0.00,0.00,0.00,0.00,0.00,0.00,0.00,0.00,0.00,0.00,0.00,0.00,0.00,0.00,0.00,0.00,0.00,0.00,5.67,2.61,46.04,0.00,0.00,0.00,0.00,0.00,0.00,0.00,0.00,0.00,0.00,0.00,0.00,5.67,2.61,46.04,2026
EM00015608,Bisawjit Mandal,1311,Dhanmondi,DH024-D,11,1,0.00,0.00,0.00,0.00,0.00,0.00,0.00,0.00,0.00,5.50,2.89,52.50,5.37,2.67,49.74,5.37,1.71,31.90,5.18,1.88,36.24,4.59,2.81,61.32,0.00,0.00,0.00,0.00,0.00,0.00,0.00,0.00,0.00,0.00,0.00,0.00,26.00,11.96,45.99,2026
EM00016381,Raisul Islam,1311,Dhanmondi,DH013-D,11,1,0.00,0.00,0.00,0.00,0.00,0.00,0.00,0.00,0.00,0.00,0.00,0.00,0.00,0.00,0.00,0.00,0.00,0.00,4.22,1.81,42.80,3.80,1.88,49.43,0.00,0.00,0.00,0.00,0.00,0.00,0.00,0.00,0.00,0.00,0.00,0.00,8.02,3.68,45.94,2026
EM00015949,Akibur Rahman,1310,Paltan,PA262-A,01,1,0.00,0.00,0.00,0.00,0.00,0.00,0.00,0.00,0.00,12.59,4.34,34.46,12.14,5.08,41.86,12.14,5.52,45.48,7.80,4.36,55.84,7.85,4.83,61.47,0.00,0.00,0.00,0.00,0.00,0.00,0.00,0.00,0.00,0.00,0.00,0.00,52.51,24.12,45.93,2026
EM00016426,Md. Ali Hasan,1335,RJS+PAB+KST,RD11007,11,4,0.00,0.00,0.00,0.00,0.00,0.00,0.00,0.00,0.00,0.00,0.00,0.00,0.00,0.00,0.00,0.00,0.00,0.00,0.00,0.00,0.00,75.44,34.53,45.77,0.00,0.00,0.00,0.00,0.00,0.00,0.00,0.00,0.00,0.00,0.00,0.00,75.44,34.53,45.77,2026
EM00015762,Md. Rony Hossain,1313,Narayanganj,NA016-D,11,1,0.00,0.00,0.00,0.00,0.00,0.00,0.00,0.00,0.00,6.51,3.00,46.12,5.65,2.33,41.19,5.65,2.15,37.94,6.14,2.70,43.92,4.45,2.82,63.43,0.00,0.00,0.00,0.00,0.00,0.00,0.00,0.00,0.00,0.00,0.00,0.00,28.41,13.00,45.75,2026
EM00016000,Md. Shahjahan Ali,1312,Uttara,UT015-D,11,1,0.00,0.00,0.00,0.00,0.00,0.00,0.00,0.00,0.00,12.55,5.37,42.83,12.71,5.37,42.20,12.71,5.31,41.74,12.68,5.95,46.92,8.14,4.80,58.90,0.00,0.00,0.00,0.00,0.00,0.00,0.00,0.00,0.00,0.00,0.00,0.00,58.80,26.79,45.57,2026
EM00016267,Md. Abu Rayhan,1317,Cumilla,CU014-D,11,1,0.00,0.00,0.00,0.00,0.00,0.00,0.00,0.00,0.00,0.00,0.00,0.00,0.00,0.00,0.00,0.00,0.00,0.00,0.00,0.00,0.00,15.79,7.16,45.34,0.00,0.00,0.00,0.00,0.00,0.00,0.00,0.00,0.00,0.00,0.00,0.00,15.79,7.16,45.34,2026
EM00015760,Md. Habibur Rahman,1334,Kishoreganj,KI011-D,11,1,0.00,0.00,0.00,0.00,0.00,0.00,0.00,0.00,0.00,7.35,2.56,34.81,7.46,3.35,44.89,7.46,3.46,46.43,7.15,3.17,44.43,4.13,2.62,63.37,0.00,0.00,0.00,0.00,0.00,0.00,0.00,0.00,0.00,0.00,0.00,0.00,33.54,15.16,45.20,2026
EM00016280,Arafat Hossain,1313,Narayanganj,NA021-D,11,1,0.00,0.00,0.00,0.00,0.00,0.00,0.00,0.00,0.00,0.00,0.00,0.00,0.00,0.00,0.00,5.89,2.71,46.05,6.47,2.32,35.83,4.74,2.67,56.37,0.00,0.00,0.00,0.00,0.00,0.00,0.00,0.00,0.00,0.00,0.00,0.00,17.10,7.70,45.05,2026
EM00015599,Md. Ramjan Hossain,1324,Jashore,JA023-D,11,1,0.00,0.00,0.00,0.00,0.00,0.00,0.00,0.00,0.00,4.61,1.87,40.62,4.80,1.68,35.08,4.80,1.78,37.13,4.23,1.79,42.32,2.57,2.31,89.85,0.00,0.00,0.00,0.00,0.00,0.00,0.00,0.00,0.00,0.00,0.00,0.00,21.02,9.44,44.93,2026
EM00015993,Md. Yaqub Mia,1313,Narayanganj,NA023-D,11,1,0.00,0.00,0.00,0.00,0.00,0.00,0.00,0.00,0.00,6.16,2.29,37.20,5.53,2.55,46.04,5.53,2.91,52.64,6.69,2.82,42.18,5.11,2.45,47.94,0.00,0.00,0.00,0.00,0.00,0.00,0.00,0.00,0.00,0.00,0.00,0.00,29.02,13.02,44.87,2026
EM00015603,MD. SHOHEL RANA,1326,Barishal,BA023-D,11,1,0.00,0.00,0.00,0.00,0.00,0.00,0.00,0.00,0.00,6.76,2.64,39.11,6.82,2.99,43.83,6.82,2.97,43.59,7.58,3.11,40.98,4.94,3.01,60.92,0.00,0.00,0.00,0.00,0.00,0.00,0.00,0.00,0.00,0.00,0.00,0.00,32.91,14.72,44.72,2026
EM00016259,Md. Abu Monsur,1315,Chattogram,CH045-D,11,1,0.00,0.00,0.00,0.00,0.00,0.00,0.00,0.00,0.00,0.00,0.00,0.00,0.00,0.00,0.00,0.00,0.00,0.00,0.00,0.00,0.00,5.06,2.26,44.60,0.00,0.00,0.00,0.00,0.00,0.00,0.00,0.00,0.00,0.00,0.00,0.00,5.06,2.26,44.60,2026
EM00016285,Md. Mizanur Rahman,1322,Rangpur,RN016-D,11,1,0.00,0.00,0.00,0.00,0.00,0.00,0.00,0.00,0.00,0.00,0.00,0.00,0.00,0.00,0.00,7.09,2.67,37.65,6.35,2.47,38.95,4.10,2.66,64.84,0.00,0.00,0.00,0.00,0.00,0.00,0.00,0.00,0.00,0.00,0.00,0.00,17.54,7.80,44.48,2026
EM00003569,Md. Rezaul Islam,1323,BGR+RNG+DNJ,RD11008,11,4,0.00,0.00,0.00,0.00,0.00,0.00,0.00,0.00,0.00,0.00,0.00,0.00,149.44,48.49,32.44,149.44,61.30,41.02,135.95,59.92,44.08,92.06,63.87,69.38,0.00,0.00,0.00,0.00,0.00,0.00,0.00,0.00,0.00,0.00,0.00,0.00,526.90,233.58,44.33,2026
EM00016377,Debraj Das,1315,Chattogram,CH034-D,11,1,0.00,0.00,0.00,0.00,0.00,0.00,0.00,0.00,0.00,0.00,0.00,0.00,0.00,0.00,0.00,0.00,0.00,0.00,0.00,0.00,0.00,3.92,1.73,44.25,0.00,0.00,0.00,0.00,0.00,0.00,0.00,0.00,0.00,0.00,0.00,0.00,3.92,1.73,44.25,2026
EM00016048,Md. Motahar Hossain,1325,Khulna,KH012-D,11,1,0.00,0.00,0.00,0.00,0.00,0.00,0.00,0.00,0.00,3.93,0.82,20.98,4.19,1.11,26.54,4.19,1.87,44.79,3.53,1.90,53.79,2.57,2.40,93.65,0.00,0.00,0.00,0.00,0.00,0.00,0.00,0.00,0.00,0.00,0.00,0.00,18.39,8.11,44.10,2026
EM00016038,Nur Alam,1323,Dinajpur,DI014-D,11,1,0.00,0.00,0.00,0.00,0.00,0.00,0.00,0.00,0.00,0.00,0.00,0.00,5.11,1.53,30.03,5.11,1.94,38.02,3.78,1.87,49.61,2.20,1.79,81.19,0.00,0.00,0.00,0.00,0.00,0.00,0.00,0.00,0.00,0.00,0.00,0.00,16.19,7.13,44.07,2026
EM00015761,Md. Sumon Ali,1329,Tangail,TA011-D,11,1,0.00,0.00,0.00,0.00,0.00,0.00,0.00,0.00,0.00,6.91,2.54,36.75,6.34,2.92,46.07,6.34,2.70,42.54,7.05,2.74,38.84,5.30,3.01,56.82,0.00,0.00,0.00,0.00,0.00,0.00,0.00,0.00,0.00,0.00,0.00,0.00,31.93,13.90,43.54,2026
EM00015612,Md. Abdul Alim,1326,Barishal,BA021-D,11,1,0.00,0.00,0.00,0.00,0.00,0.00,0.00,0.00,0.00,10.30,4.07,39.50,9.34,3.89,41.67,9.34,4.15,44.46,10.27,3.85,37.53,6.40,3.78,58.97,0.00,0.00,0.00,0.00,0.00,0.00,0.00,0.00,0.00,0.00,0.00,0.00,45.66,19.75,43.25,2026
EM00016276,Md. Rokonuzzaman,1317,Cumilla,CU012-D,11,1,0.00,0.00,0.00,0.00,0.00,0.00,0.00,0.00,0.00,0.00,0.00,0.00,0.00,0.00,0.00,0.00,0.00,0.00,0.00,0.00,0.00,14.81,6.40,43.24,0.00,0.00,0.00,0.00,0.00,0.00,0.00,0.00,0.00,0.00,0.00,0.00,14.81,6.40,43.24,2026
EM00016545,Sojib Mandal,1319,Feni,FE022-A,01,1,0.00,0.00,0.00,0.00,0.00,0.00,0.00,0.00,0.00,0.00,0.00,0.00,0.00,0.00,0.00,0.00,0.00,0.00,0.00,0.00,0.00,7.99,3.45,43.19,0.00,0.00,0.00,0.00,0.00,0.00,0.00,0.00,0.00,0.00,0.00,0.00,7.99,3.45,43.19,2026
EM00016002,Md. Asiqur Rahman,1329,Tangail,TA014-D,11,1,0.00,0.00,0.00,0.00,0.00,0.00,0.00,0.00,0.00,9.05,3.80,41.95,8.65,3.29,38.07,8.65,4.01,46.40,9.55,3.98,41.68,6.90,3.40,49.31,0.00,0.00,0.00,0.00,0.00,0.00,0.00,0.00,0.00,0.00,0.00,0.00,42.80,18.49,43.19,2026
EM00016009,Asadullah .,1314,Mymensingh,MY024-D,11,1,0.00,0.00,0.00,0.00,0.00,0.00,0.00,0.00,0.00,4.84,1.46,30.25,4.98,2.04,40.96,4.98,2.23,44.67,4.65,2.07,44.47,3.58,2.08,58.01,0.00,0.00,0.00,0.00,0.00,0.00,0.00,0.00,0.00,0.00,0.00,0.00,23.03,9.88,42.87,2026
EM00016275,Sahadat Hossen,1331,Chandpur,CA012-D,11,1,0.00,0.00,0.00,0.00,0.00,0.00,0.00,0.00,0.00,0.00,0.00,0.00,0.00,0.00,0.00,0.00,0.00,0.00,0.00,0.00,0.00,19.01,8.13,42.78,0.00,0.00,0.00,0.00,0.00,0.00,0.00,0.00,0.00,0.00,0.00,0.00,19.01,8.13,42.78,2026
EM00016284,Forhad Hossen,1329,Tangail,TA015-D,11,1,0.00,0.00,0.00,0.00,0.00,0.00,0.00,0.00,0.00,0.00,0.00,0.00,0.00,0.00,0.00,4.40,1.98,45.06,5.08,1.75,34.54,3.65,1.87,51.21,0.00,0.00,0.00,0.00,0.00,0.00,0.00,0.00,0.00,0.00,0.00,0.00,13.14,5.61,42.70,2026
EM00016485,Md. Shahed Anwar Anwar,1321,Rajshahi,RA010-D,11,2,0.00,0.00,0.00,0.00,0.00,0.00,0.00,0.00,0.00,0.00,0.00,0.00,0.00,0.00,0.00,0.00,0.00,0.00,0.00,0.00,0.00,15.92,6.78,42.59,0.00,0.00,0.00,0.00,0.00,0.00,0.00,0.00,0.00,0.00,0.00,0.00,15.92,6.78,42.59,2026
EM00015658,Tarun Kumar Sarkar,1327,KHL+FRD,KH020-D,11,2,0.00,0.00,0.00,0.00,0.00,0.00,0.00,0.00,0.00,29.39,10.45,35.57,30.89,10.66,34.51,30.89,12.21,39.52,27.73,11.11,40.08,16.85,13.34,79.20,0.00,0.00,0.00,0.00,0.00,0.00,0.00,0.00,0.00,0.00,0.00,0.00,135.73,57.77,42.56,2026
EM00015657,Md Khalilur Rahman,1315,Chattogram,CH010-D,11,2,0.00,0.00,0.00,0.00,0.00,0.00,0.00,0.00,0.00,0.00,0.00,0.00,0.00,0.00,0.00,0.00,0.00,0.00,0.00,0.00,0.00,28.40,12.08,42.55,0.00,0.00,0.00,0.00,0.00,0.00,0.00,0.00,0.00,0.00,0.00,0.00,28.40,12.08,42.55,2026
EM00016184,Rubel Ahmed,1315,Chattogram,CH030-D,11,2,0.00,0.00,0.00,0.00,0.00,0.00,0.00,0.00,0.00,0.00,0.00,0.00,0.00,0.00,0.00,0.00,0.00,0.00,0.00,0.00,0.00,32.62,13.85,42.47,0.00,0.00,0.00,0.00,0.00,0.00,0.00,0.00,0.00,0.00,0.00,0.00,32.62,13.85,42.47,2026
EM00015992,Asadullah Al Galib,1311,Dhanmondi,DH035-D,11,1,0.00,0.00,0.00,0.00,0.00,0.00,0.00,0.00,0.00,9.10,3.41,37.43,10.07,3.74,37.15,10.07,4.02,39.87,9.95,3.87,38.92,5.70,3.96,69.48,0.00,0.00,0.00,0.00,0.00,0.00,0.00,0.00,0.00,0.00,0.00,0.00,44.90,19.00,42.32,2026
EM00015607,Md. Biplob Hossain,1311,Dhanmondi,DH023-D,11,1,0.00,0.00,0.00,0.00,0.00,0.00,0.00,0.00,0.00,3.80,1.46,38.41,3.50,1.77,50.43,3.50,1.45,41.49,3.41,1.50,43.92,3.01,1.11,36.73,0.00,0.00,0.00,0.00,0.00,0.00,0.00,0.00,0.00,0.00,0.00,0.00,17.23,7.28,42.28,2026
EM00015998,Tapos Chandra,1332,B. Baria,BB011-D,11,1,0.00,0.00,0.00,0.00,0.00,0.00,0.00,0.00,0.00,0.00,0.00,0.00,0.00,0.00,0.00,0.00,0.00,0.00,0.00,0.00,0.00,11.41,4.82,42.21,0.00,0.00,0.00,0.00,0.00,0.00,0.00,0.00,0.00,0.00,0.00,0.00,11.41,4.82,42.21,2026
EM00016040,Sanjoy Dhali,1325,Khulna,KH024-D,11,1,0.00,0.00,0.00,0.00,0.00,0.00,0.00,0.00,0.00,4.94,1.25,25.34,5.28,1.75,33.21,5.28,2.26,42.85,4.95,2.09,42.18,2.93,2.46,84.03,0.00,0.00,0.00,0.00,0.00,0.00,0.00,0.00,0.00,0.00,0.00,0.00,23.39,9.82,41.98,2026
EM00015580,Md. Rakibul Islam,1327,Faridpur,FA011-D,11,1,0.00,0.00,0.00,0.00,0.00,0.00,0.00,0.00,0.00,7.54,2.80,37.11,7.55,2.81,37.26,7.55,3.27,43.33,7.08,2.96,41.76,5.56,2.94,52.93,0.00,0.00,0.00,0.00,0.00,0.00,0.00,0.00,0.00,0.00,0.00,0.00,35.28,14.78,41.90,2026
EM00015554,Md. Abu Sufian Howlader,1327,JSR+KHL+BRS+FRD,RD11006,11,4,0.00,0.00,0.00,0.00,0.00,0.00,0.00,0.00,0.00,249.21,93.03,37.33,259.30,93.05,35.89,259.30,102.77,39.63,246.16,95.70,38.88,154.95,104.40,67.37,0.00,0.00,0.00,0.00,0.00,0.00,0.00,0.00,0.00,0.00,0.00,0.00,1168.92,488.95,41.83,2026
EM00016018,Md. Mehedi Hasan,1326,Barishal,BA025-D,11,1,0.00,0.00,0.00,0.00,0.00,0.00,0.00,0.00,0.00,4.42,1.45,32.72,4.42,1.90,42.98,4.42,1.57,35.66,4.06,1.66,40.91,3.13,1.97,62.90,0.00,0.00,0.00,0.00,0.00,0.00,0.00,0.00,0.00,0.00,0.00,0.00,20.45,8.55,41.82,2026
EM00015613,Razib Hossain,1326,Barishal,BA014-D,11,1,0.00,0.00,0.00,0.00,0.00,0.00,0.00,0.00,0.00,6.02,1.87,31.04,5.94,2.29,38.56,5.94,2.34,39.48,6.25,2.30,36.74,3.97,2.96,74.55,0.00,0.00,0.00,0.00,0.00,0.00,0.00,0.00,0.00,0.00,0.00,0.00,28.12,11.76,41.82,2026
EM00015880,Md. Suzon Ali,1311,Dhanmondi,DH041-A,01,1,0.00,0.00,0.00,0.00,0.00,0.00,0.00,0.00,0.00,5.12,1.75,34.22,4.92,1.60,32.56,4.92,1.71,34.80,4.01,2.11,52.74,4.00,2.40,59.94,0.00,0.00,0.00,0.00,0.00,0.00,0.00,0.00,0.00,0.00,0.00,0.00,22.98,9.58,41.70,2026
EM00014724,Shahriar Alam Shaikat,1310,Paltan,PA012-N,03,1,5.45,4.91,90.14,5.45,1.46,26.83,5.25,1.54,29.26,5.45,2.28,41.82,5.55,2.06,37.20,5.55,2.01,36.17,6.50,1.47,22.63,6.50,3.15,48.42,0.00,0.00,0.00,0.00,0.00,0.00,0.00,0.00,0.00,0.00,0.00,0.00,45.71,18.88,41.32,2026
EM00016173,Md. Shamim Mia,1311,Dhanmondi,DH041-B,01,1,0.00,0.00,0.00,0.00,0.00,0.00,0.00,0.00,0.00,0.00,0.00,0.00,4.73,1.72,36.28,4.73,1.29,27.33,4.10,2.07,50.36,4.10,2.19,53.42,0.00,0.00,0.00,0.00,0.00,0.00,0.00,0.00,0.00,0.00,0.00,0.00,17.67,7.27,41.13,2026
EM00016373,Zia Uddin,1319,Feni,FE015-D,11,1,0.00,0.00,0.00,0.00,0.00,0.00,0.00,0.00,0.00,0.00,0.00,0.00,0.00,0.00,0.00,0.00,0.00,0.00,0.00,0.00,0.00,8.51,3.50,41.09,0.00,0.00,0.00,0.00,0.00,0.00,0.00,0.00,0.00,0.00,0.00,0.00,8.51,3.50,41.09,2026
EM00016418,Md. Mehedi Hasan,1321,Rajshahi,RA026-D,11,1,0.00,0.00,0.00,0.00,0.00,0.00,0.00,0.00,0.00,0.00,0.00,0.00,0.00,0.00,0.00,0.00,0.00,0.00,0.00,0.00,0.00,2.16,0.89,40.89,0.00,0.00,0.00,0.00,0.00,0.00,0.00,0.00,0.00,0.00,0.00,0.00,2.16,0.89,40.89,2026
EM00016262,Md. Morshed Alam,1315,Chattogram,CH016-D,11,1,0.00,0.00,0.00,0.00,0.00,0.00,0.00,0.00,0.00,0.00,0.00,0.00,0.00,0.00,0.00,0.00,0.00,0.00,0.00,0.00,0.00,11.54,4.72,40.89,0.00,0.00,0.00,0.00,0.00,0.00,0.00,0.00,0.00,0.00,0.00,0.00,11.54,4.72,40.89,2026
EM00016051,Md. Abu Bakar,1324,Jashore,JA015-D,11,1,0.00,0.00,0.00,0.00,0.00,0.00,0.00,0.00,0.00,4.87,1.51,30.94,5.29,1.80,33.94,5.29,1.73,32.62,4.92,2.07,42.17,3.04,2.40,79.10,0.00,0.00,0.00,0.00,0.00,0.00,0.00,0.00,0.00,0.00,0.00,0.00,23.40,9.50,40.61,2026
EM00016291,Md. Shoriful Islam,1324,Jashore,JA020-D,11,2,0.00,0.00,0.00,0.00,0.00,0.00,0.00,0.00,0.00,0.00,0.00,0.00,0.00,0.00,0.00,27.26,7.91,29.00,23.85,8.83,37.01,13.44,9.42,70.12,0.00,0.00,0.00,0.00,0.00,0.00,0.00,0.00,0.00,0.00,0.00,0.00,64.55,26.16,40.52,2026
EM00001110,Mr. Amal Kanti Das,1328,CHT+NKL+FEN+CXB,RD11005,11,4,0.00,0.00,0.00,0.00,0.00,0.00,0.00,0.00,0.00,0.00,0.00,0.00,0.00,0.00,0.00,0.00,0.00,0.00,0.00,0.00,0.00,243.67,98.36,40.37,0.00,0.00,0.00,0.00,0.00,0.00,0.00,0.00,0.00,0.00,0.00,0.00,243.67,98.36,40.37,2026
EM00016035,Omar Faruque,1315,Chattogram,CH011-D,11,1,0.00,0.00,0.00,0.00,0.00,0.00,0.00,0.00,0.00,0.00,0.00,0.00,0.00,0.00,0.00,0.00,0.00,0.00,0.00,0.00,0.00,3.58,1.44,40.25,0.00,0.00,0.00,0.00,0.00,0.00,0.00,0.00,0.00,0.00,0.00,0.00,3.58,1.44,40.25,2026
EM00015736,Md. Imran Khan,1311,Dhanmondi,DH037-D,11,1,0.00,0.00,0.00,0.00,0.00,0.00,0.00,0.00,0.00,7.87,2.82,35.78,7.29,2.66,36.56,7.29,2.98,40.92,7.78,2.81,36.10,5.60,2.95,52.63,0.00,0.00,0.00,0.00,0.00,0.00,0.00,0.00,0.00,0.00,0.00,0.00,35.83,14.22,39.69,2026
EM00015997,Rashidul Hasan,1334,Kishoreganj,KI014-D,11,1,0.00,0.00,0.00,0.00,0.00,0.00,0.00,0.00,0.00,14.20,5.08,35.80,14.09,5.46,38.72,14.09,5.93,42.11,14.33,5.11,35.64,8.86,4.34,49.00,0.00,0.00,0.00,0.00,0.00,0.00,0.00,0.00,0.00,0.00,0.00,0.00,65.57,25.92,39.53,2026
EM00016023,Md. Ismail Hossin,1324,Jashore,JA022-D,11,1,0.00,0.00,0.00,0.00,0.00,0.00,0.00,0.00,0.00,5.06,1.56,30.86,5.49,1.75,31.94,5.49,1.73,31.58,4.91,2.30,46.79,2.90,2.07,71.51,0.00,0.00,0.00,0.00,0.00,0.00,0.00,0.00,0.00,0.00,0.00,0.00,23.85,9.42,39.49,2026
EM00016389,Kamrul Hasan,1332,B. Baria,BB014-D,11,1,0.00,0.00,0.00,0.00,0.00,0.00,0.00,0.00,0.00,0.00,0.00,0.00,0.00,0.00,0.00,0.00,0.00,0.00,0.00,0.00,0.00,12.57,4.94,39.28,0.00,0.00,0.00,0.00,0.00,0.00,0.00,0.00,0.00,0.00,0.00,0.00,12.57,4.94,39.28,2026
EM00016382,Amirul Islam,1313,Narayanganj,NA014-D,11,1,0.00,0.00,0.00,0.00,0.00,0.00,0.00,0.00,0.00,0.00,0.00,0.00,0.00,0.00,0.00,0.00,0.00,0.00,7.31,2.24,30.66,5.76,2.86,49.57,0.00,0.00,0.00,0.00,0.00,0.00,0.00,0.00,0.00,0.00,0.00,0.00,13.08,5.10,39.00,2026
EM00015740,Amin Rana,1314,Mymensingh,MY012-D,11,1,0.00,0.00,0.00,0.00,0.00,0.00,0.00,0.00,0.00,8.87,3.01,33.96,8.48,3.60,42.42,8.48,2.87,33.90,7.78,3.22,41.40,5.16,2.41,46.57,0.00,0.00,0.00,0.00,0.00,0.00,0.00,0.00,0.00,0.00,0.00,0.00,38.77,15.11,38.97,2026
EM00015620,Md. Sumon Rana,1320,Bogura,BO021-D,11,1,0.00,0.00,0.00,0.00,0.00,0.00,0.00,0.00,0.00,0.00,0.00,0.00,4.83,1.11,23.04,4.83,2.00,41.51,4.40,1.75,39.74,3.00,1.77,58.98,0.00,0.00,0.00,0.00,0.00,0.00,0.00,0.00,0.00,0.00,0.00,0.00,17.05,6.63,38.90,2026
EM00015764,Riazul Islam,1318,Noakhali,NO011-D,11,1,0.00,0.00,0.00,0.00,0.00,0.00,0.00,0.00,0.00,0.00,0.00,0.00,0.00,0.00,0.00,0.00,0.00,0.00,0.00,0.00,0.00,9.38,3.65,38.89,0.00,0.00,0.00,0.00,0.00,0.00,0.00,0.00,0.00,0.00,0.00,0.00,9.38,3.65,38.89,2026
EM00009353,Md. Bakul Mia,1320,Bogura,BO020-D,11,2,0.00,0.00,0.00,0.00,0.00,0.00,0.00,0.00,0.00,0.00,0.00,0.00,35.13,8.91,25.38,35.13,12.61,35.90,33.50,13.26,39.57,22.13,14.13,63.85,0.00,0.00,0.00,0.00,0.00,0.00,0.00,0.00,0.00,0.00,0.00,0.00,125.88,48.91,38.85,2026
EM00016266,Rimon Chandra Roy,1319,Feni,FE012-D,11,1,0.00,0.00,0.00,0.00,0.00,0.00,0.00,0.00,0.00,0.00,0.00,0.00,0.00,0.00,0.00,0.00,0.00,0.00,0.00,0.00,0.00,5.55,2.12,38.25,0.00,0.00,0.00,0.00,0.00,0.00,0.00,0.00,0.00,0.00,0.00,0.00,5.55,2.12,38.25,2026
EM00016460,Sayduzzaman .,1330,Pabna,PB013-D,11,1,0.00,0.00,0.00,0.00,0.00,0.00,0.00,0.00,0.00,0.00,0.00,0.00,0.00,0.00,0.00,0.00,0.00,0.00,0.00,0.00,0.00,12.50,4.74,37.89,0.00,0.00,0.00,0.00,0.00,0.00,0.00,0.00,0.00,0.00,0.00,0.00,12.50,4.74,37.89,2026
EM00016031,Md. Mehedi Hasan Hridoy,1325,Khulna,KH031-D,11,1,0.00,0.00,0.00,0.00,0.00,0.00,0.00,0.00,0.00,5.10,1.68,32.93,5.35,1.79,33.38,5.35,1.65,30.88,4.85,1.84,37.93,3.11,1.98,63.78,0.00,0.00,0.00,0.00,0.00,0.00,0.00,0.00,0.00,0.00,0.00,0.00,23.76,8.94,37.62,2026
EM00015623,Md. Al Imran .,1324,Jashore,JA021-D,11,1,0.00,0.00,0.00,0.00,0.00,0.00,0.00,0.00,0.00,5.17,1.77,34.17,6.09,1.84,30.21,6.09,1.77,29.03,5.32,1.96,36.93,2.89,2.25,77.83,0.00,0.00,0.00,0.00,0.00,0.00,0.00,0.00,0.00,0.00,0.00,0.00,25.55,9.59,37.51,2026
EM00016513,Syed Raihan Hossain,1328,Cox's Bazar,CO012-D,11,1,0.00,0.00,0.00,0.00,0.00,0.00,0.00,0.00,0.00,0.00,0.00,0.00,0.00,0.00,0.00,0.00,0.00,0.00,0.00,0.00,0.00,3.79,1.42,37.44,0.00,0.00,0.00,0.00,0.00,0.00,0.00,0.00,0.00,0.00,0.00,0.00,3.79,1.42,37.44,2026
EM00016129,Md. Abu Taher Biswas,1311,Dhanmondi,DH043-B,01,1,0.00,0.00,0.00,0.00,0.00,0.00,0.00,0.00,0.00,0.00,0.00,0.00,4.87,1.48,30.45,4.87,1.35,27.66,4.03,2.02,50.07,4.00,1.80,44.96,0.00,0.00,0.00,0.00,0.00,0.00,0.00,0.00,0.00,0.00,0.00,0.00,17.77,6.65,37.40,2026
EM00016388,Sifat Hossen,1317,Cumilla,CU011-D,11,1,0.00,0.00,0.00,0.00,0.00,0.00,0.00,0.00,0.00,0.00,0.00,0.00,0.00,0.00,0.00,0.00,0.00,0.00,0.00,0.00,0.00,20.44,7.64,37.39,0.00,0.00,0.00,0.00,0.00,0.00,0.00,0.00,0.00,0.00,0.00,0.00,20.44,7.64,37.39,2026
EM00015591,Md.Selim Shaikh,1324,Jashore,JA013-D,11,1,0.00,0.00,0.00,0.00,0.00,0.00,0.00,0.00,0.00,10.80,3.71,34.39,11.76,3.89,33.09,11.76,4.62,39.31,10.72,3.54,33.02,6.30,3.34,52.95,0.00,0.00,0.00,0.00,0.00,0.00,0.00,0.00,0.00,0.00,0.00,0.00,51.35,19.11,37.21,2026
EM00011191,Md. Mehedi Hasan Khan,1324,Jashore,JA010-D,11,2,0.00,0.00,0.00,0.00,0.00,0.00,0.00,0.00,0.00,32.59,10.43,31.99,35.86,11.19,31.19,35.86,12.87,35.88,32.45,11.28,34.75,18.80,12.13,64.50,0.00,0.00,0.00,0.00,0.00,0.00,0.00,0.00,0.00,0.00,0.00,0.00,155.57,57.88,37.21,2026
EM00016356,Masum Ahmad,1316,Sylhet,SY022-A,01,1,0.00,0.00,0.00,0.00,0.00,0.00,0.00,0.00,0.00,0.00,0.00,0.00,0.00,0.00,0.00,0.00,0.00,0.00,11.81,4.19,35.52,11.64,4.51,38.74,0.00,0.00,0.00,0.00,0.00,0.00,0.00,0.00,0.00,0.00,0.00,0.00,23.44,8.70,37.12,2026
EM00016410,Md. Ripon Hossen,1321,Rajshahi,RA011-D,11,1,0.00,0.00,0.00,0.00,0.00,0.00,0.00,0.00,0.00,0.00,0.00,0.00,0.00,0.00,0.00,0.00,0.00,0.00,0.00,0.00,0.00,3.34,1.22,36.69,0.00,0.00,0.00,0.00,0.00,0.00,0.00,0.00,0.00,0.00,0.00,0.00,3.34,1.22,36.69,2026
EM00016441,Monuar Hossen,1316,Sylhet,SY021-A,01,1,0.00,0.00,0.00,0.00,0.00,0.00,0.00,0.00,0.00,0.00,0.00,0.00,0.00,0.00,0.00,0.00,0.00,0.00,0.00,0.00,0.00,11.21,4.10,36.58,0.00,0.00,0.00,0.00,0.00,0.00,0.00,0.00,0.00,0.00,0.00,0.00,11.21,4.10,36.58,2026
EM00015614,Khayrul Hassan Rajib,1322,Rangpur,RN018-D,11,1,0.00,0.00,0.00,0.00,0.00,0.00,0.00,0.00,0.00,0.00,0.00,0.00,5.88,1.43,24.30,5.88,2.02,34.38,5.42,2.08,38.46,3.55,1.97,55.57,0.00,0.00,0.00,0.00,0.00,0.00,0.00,0.00,0.00,0.00,0.00,0.00,20.74,7.51,36.21,2026
EM00016062,Md. Shahinur Alom,1322,Rangpur,RN011-D,11,1,0.00,0.00,0.00,0.00,0.00,0.00,0.00,0.00,0.00,0.00,0.00,0.00,7.03,1.87,26.53,7.03,2.30,32.69,6.66,2.34,35.07,4.40,2.57,58.47,0.00,0.00,0.00,0.00,0.00,0.00,0.00,0.00,0.00,0.00,0.00,0.00,25.13,9.07,36.11,2026
EM00015739,Md. Rubel Rana,1320,Bogura,BO016-D,11,1,0.00,0.00,0.00,0.00,0.00,0.00,0.00,0.00,0.00,0.00,0.00,0.00,0.00,0.00,0.00,3.99,1.04,26.04,3.18,1.08,33.90,2.20,1.26,57.14,0.00,0.00,0.00,0.00,0.00,0.00,0.00,0.00,0.00,0.00,0.00,0.00,9.37,3.37,36.01,2026
EM00016013,Md. Ariful Islam,1327,Faridpur,FA013-D,11,1,0.00,0.00,0.00,0.00,0.00,0.00,0.00,0.00,0.00,8.35,3.06,36.69,8.92,2.48,27.81,8.92,2.95,33.04,8.52,2.77,32.46,5.54,3.20,57.79,0.00,0.00,0.00,0.00,0.00,0.00,0.00,0.00,0.00,0.00,0.00,0.00,40.25,14.46,35.92,2026
EM00015717,Md. Anawer Hossan,1315,Chattogram,CH012-D,11,1,0.00,0.00,0.00,0.00,0.00,0.00,0.00,0.00,0.00,0.00,0.00,0.00,0.00,0.00,0.00,0.00,0.00,0.00,0.00,0.00,0.00,3.14,1.13,35.84,0.00,0.00,0.00,0.00,0.00,0.00,0.00,0.00,0.00,0.00,0.00,0.00,3.14,1.13,35.84,2026
EM00016003,Foysol Ahmed,1317,Cumilla,CU013-D,11,1,0.00,0.00,0.00,0.00,0.00,0.00,0.00,0.00,0.00,0.00,0.00,0.00,0.00,0.00,0.00,0.00,0.00,0.00,0.00,0.00,0.00,16.59,5.91,35.63,0.00,0.00,0.00,0.00,0.00,0.00,0.00,0.00,0.00,0.00,0.00,0.00,16.59,5.91,35.63,2026
EM00015754,Md. Shuvo Ali,1329,Tangail,TA012-D,11,1,0.00,0.00,0.00,0.00,0.00,0.00,0.00,0.00,0.00,5.99,1.83,30.56,5.94,2.01,33.91,5.94,1.94,32.65,5.97,1.81,30.25,3.66,2.21,60.26,0.00,0.00,0.00,0.00,0.00,0.00,0.00,0.00,0.00,0.00,0.00,0.00,27.50,9.79,35.62,2026
EM00016037,Sumon Kanti Dey,1315,Chattogram,CH025-D,11,1,0.00,0.00,0.00,0.00,0.00,0.00,0.00,0.00,0.00,0.00,0.00,0.00,0.00,0.00,0.00,0.00,0.00,0.00,0.00,0.00,0.00,6.96,2.43,34.93,0.00,0.00,0.00,0.00,0.00,0.00,0.00,0.00,0.00,0.00,0.00,0.00,6.96,2.43,34.93,2026
EM00016490,Md. Joinal Abaden,1318,Noakhali,NO015-D,11,1,0.00,0.00,0.00,0.00,0.00,0.00,0.00,0.00,0.00,0.00,0.00,0.00,0.00,0.00,0.00,0.00,0.00,0.00,0.00,0.00,0.00,12.87,4.48,34.80,0.00,0.00,0.00,0.00,0.00,0.00,0.00,0.00,0.00,0.00,0.00,0.00,12.87,4.48,34.80,2026
EM00016288,Abdul Akher,1319,Feni,FE013-D,11,1,0.00,0.00,0.00,0.00,0.00,0.00,0.00,0.00,0.00,0.00,0.00,0.00,0.00,0.00,0.00,0.00,0.00,0.00,0.00,0.00,0.00,7.93,2.75,34.71,0.00,0.00,0.00,0.00,0.00,0.00,0.00,0.00,0.00,0.00,0.00,0.00,7.93,2.75,34.71,2026
EM00015741,Md. Anamul Haque,1310,Paltan,PA031-D,11,1,0.00,0.00,0.00,0.00,0.00,0.00,0.00,0.00,0.00,6.74,3.29,48.84,3.44,0.55,15.88,3.44,0.93,26.92,3.55,1.06,29.96,3.00,1.12,37.29,0.00,0.00,0.00,0.00,0.00,0.00,0.00,0.00,0.00,0.00,0.00,0.00,20.17,6.95,34.44,2026
EM00016522,Ariful Islam,1312,Uttara,UT021-A,01,1,0.00,0.00,0.00,0.00,0.00,0.00,0.00,0.00,0.00,0.00,0.00,0.00,0.00,0.00,0.00,0.00,0.00,0.00,0.00,0.00,0.00,7.81,2.69,34.42,0.00,0.00,0.00,0.00,0.00,0.00,0.00,0.00,0.00,0.00,0.00,0.00,7.81,2.69,34.42,2026
EM00016272,Fakhrul Abedin,1332,B. Baria,BB012-D,11,1,0.00,0.00,0.00,0.00,0.00,0.00,0.00,0.00,0.00,0.00,0.00,0.00,0.00,0.00,0.00,0.00,0.00,0.00,0.00,0.00,0.00,11.95,4.05,33.89,0.00,0.00,0.00,0.00,0.00,0.00,0.00,0.00,0.00,0.00,0.00,0.00,11.95,4.05,33.89,2026
EM00016271,Md. Abdullah Al Mamun,1319,Feni,FE011-D,11,1,0.00,0.00,0.00,0.00,0.00,0.00,0.00,0.00,0.00,0.00,0.00,0.00,0.00,0.00,0.00,0.00,0.00,0.00,0.00,0.00,0.00,6.16,2.07,33.67,0.00,0.00,0.00,0.00,0.00,0.00,0.00,0.00,0.00,0.00,0.00,0.00,6.16,2.07,33.67,2026
EM00015753,Md. Rajoan Mondol,1310,Paltan,PA023-D,11,1,0.00,0.00,0.00,0.00,0.00,0.00,0.00,0.00,0.00,5.88,2.16,36.63,5.93,2.12,35.74,5.93,1.51,25.49,4.61,1.43,30.91,3.31,1.38,41.60,0.00,0.00,0.00,0.00,0.00,0.00,0.00,0.00,0.00,0.00,0.00,0.00,25.66,8.59,33.46,2026
EM00016405,Md. Abul Basar,1330,Pabna,PB011-D,11,1,0.00,0.00,0.00,0.00,0.00,0.00,0.00,0.00,0.00,0.00,0.00,0.00,0.00,0.00,0.00,0.00,0.00,0.00,0.00,0.00,0.00,5.86,1.96,33.40,0.00,0.00,0.00,0.00,0.00,0.00,0.00,0.00,0.00,0.00,0.00,0.00,5.86,1.96,33.40,2026
EM00016059,Atikur Rahman,1324,Jashore,JA014-D,11,1,0.00,0.00,0.00,0.00,0.00,0.00,0.00,0.00,0.00,7.04,1.89,26.79,7.88,2.16,27.42,7.88,2.49,31.64,6.97,2.23,32.06,3.88,2.46,63.40,0.00,0.00,0.00,0.00,0.00,0.00,0.00,0.00,0.00,0.00,0.00,0.00,33.66,11.23,33.38,2026
EM00016027,Mohammad Rayhan,1334,Kishoreganj,KI013-D,11,1,0.00,0.00,0.00,0.00,0.00,0.00,0.00,0.00,0.00,6.26,1.59,25.44,6.41,1.80,28.07,6.41,2.03,31.76,6.28,2.19,34.83,3.73,2.07,55.41,0.00,0.00,0.00,0.00,0.00,0.00,0.00,0.00,0.00,0.00,0.00,0.00,29.09,9.68,33.29,2026
EM00016286,Rezaul Sardar,1325,Khulna,KH023-D,11,1,0.00,0.00,0.00,0.00,0.00,0.00,0.00,0.00,0.00,0.00,0.00,0.00,0.00,0.00,0.00,6.38,1.59,24.94,5.85,1.55,26.46,3.44,2.03,58.83,0.00,0.00,0.00,0.00,0.00,0.00,0.00,0.00,0.00,0.00,0.00,0.00,15.67,5.17,32.95,2026
EM00015600,Shubhashis Pandey,1325,Khulna,KH022-D,11,1,0.00,0.00,0.00,0.00,0.00,0.00,0.00,0.00,0.00,4.68,1.11,23.62,5.34,1.24,23.31,5.34,1.31,24.53,4.25,1.40,32.92,2.07,1.77,85.33,0.00,0.00,0.00,0.00,0.00,0.00,0.00,0.00,0.00,0.00,0.00,0.00,21.69,6.83,31.50,2026
EM00015716,Md. Rakib Hossain,1326,Barishal,BA024-D,11,1,0.00,0.00,0.00,0.00,0.00,0.00,0.00,0.00,0.00,7.64,1.97,25.80,8.46,1.83,21.57,8.46,2.52,29.82,7.48,2.43,32.52,4.37,2.71,61.97,0.00,0.00,0.00,0.00,0.00,0.00,0.00,0.00,0.00,0.00,0.00,0.00,36.42,11.46,31.47,2026
EM00015622,Md. Amirul .,1320,Bogura,BO023-D,11,1,0.00,0.00,0.00,0.00,0.00,0.00,0.00,0.00,0.00,0.00,0.00,0.00,3.83,0.77,20.24,3.83,1.12,29.38,3.48,1.06,30.51,2.00,1.13,56.61,0.00,0.00,0.00,0.00,0.00,0.00,0.00,0.00,0.00,0.00,0.00,0.00,13.13,4.09,31.16,2026
EM00016134,Mohammad Roknuzzaman,1311,Dhanmondi,DH022-N,03,1,0.00,0.00,0.00,0.00,0.00,0.00,0.00,0.00,0.00,0.00,0.00,0.00,5.00,1.58,31.67,5.00,1.64,32.85,5.50,1.71,31.00,5.50,1.49,27.12,0.00,0.00,0.00,0.00,0.00,0.00,0.00,0.00,0.00,0.00,0.00,0.00,21.00,6.42,30.59,2026
EM00016025,Monzurul Hasan,1324,Jashore,JA024-D,11,1,0.00,0.00,0.00,0.00,0.00,0.00,0.00,0.00,0.00,9.74,3.20,32.82,10.88,2.67,24.58,10.88,2.62,24.10,9.39,2.78,29.55,5.08,2.79,54.95,0.00,0.00,0.00,0.00,0.00,0.00,0.00,0.00,0.00,0.00,0.00,0.00,45.98,14.06,30.58,2026
EM00016041,Md. Ashikur Rahman,1311,Dhanmondi,DH012-D,11,1,0.00,0.00,0.00,0.00,0.00,0.00,0.00,0.00,0.00,6.13,1.74,28.41,5.94,1.43,24.10,5.94,1.94,32.68,5.08,1.47,28.84,3.70,1.55,41.78,0.00,0.00,0.00,0.00,0.00,0.00,0.00,0.00,0.00,0.00,0.00,0.00,26.81,8.13,30.33,2026
EM00015196,Riazul Karim,1311,Dhanmondi,DH014-N,03,1,4.20,1.44,34.26,4.20,1.25,29.71,4.00,1.05,26.22,4.20,0.78,18.45,4.20,1.56,37.22,4.20,1.64,39.12,5.00,1.43,28.66,4.99,1.41,28.24,0.00,0.00,0.00,0.00,0.00,0.00,0.00,0.00,0.00,0.00,0.00,0.00,34.99,10.56,30.18,2026
EM00016058,Md. Salim Hossain,1320,Bogura,BO026-D,11,1,0.00,0.00,0.00,0.00,0.00,0.00,0.00,0.00,0.00,0.00,0.00,0.00,7.46,1.66,22.21,7.46,1.76,23.57,7.11,2.04,28.66,4.43,2.39,54.06,0.00,0.00,0.00,0.00,0.00,0.00,0.00,0.00,0.00,0.00,0.00,0.00,26.46,7.85,29.66,2026
EM00016279,Tariqul Islam,1315,Chattogram,CH042-D,11,1,0.00,0.00,0.00,0.00,0.00,0.00,0.00,0.00,0.00,0.00,0.00,0.00,0.00,0.00,0.00,0.00,0.00,0.00,0.00,0.00,0.00,4.07,1.15,28.17,0.00,0.00,0.00,0.00,0.00,0.00,0.00,0.00,0.00,0.00,0.00,0.00,4.07,1.15,28.17,2026
EM00016470,Md. Abul Kalam,1318,Noakhali,NO013-D,11,1,0.00,0.00,0.00,0.00,0.00,0.00,0.00,0.00,0.00,0.00,0.00,0.00,0.00,0.00,0.00,0.00,0.00,0.00,0.00,0.00,0.00,9.21,2.59,28.12,0.00,0.00,0.00,0.00,0.00,0.00,0.00,0.00,0.00,0.00,0.00,0.00,9.21,2.59,28.12,2026
EM00016469,Md. Ariful Islam,1310,Paltan,PA036-D,11,1,0.00,0.00,0.00,0.00,0.00,0.00,0.00,0.00,0.00,0.00,0.00,0.00,0.00,0.00,0.00,0.00,0.00,0.00,0.00,0.00,0.00,3.02,0.79,26.10,0.00,0.00,0.00,0.00,0.00,0.00,0.00,0.00,0.00,0.00,0.00,0.00,3.02,0.79,26.10,2026
EM00016278,Md. Arifur Rahman,1328,Cox's Bazar,CO015-D,11,1,0.00,0.00,0.00,0.00,0.00,0.00,0.00,0.00,0.00,0.00,0.00,0.00,0.00,0.00,0.00,0.00,0.00,0.00,0.00,0.00,0.00,3.97,1.01,25.35,0.00,0.00,0.00,0.00,0.00,0.00,0.00,0.00,0.00,0.00,0.00,0.00,3.97,1.01,25.35,2026
EM00016054,Jashim Sheikh,1325,Khulna,KH021-D,11,1,0.00,0.00,0.00,0.00,0.00,0.00,0.00,0.00,0.00,4.16,0.72,17.33,4.39,0.95,21.67,4.39,0.87,19.73,3.54,0.92,26.12,2.02,1.22,60.05,0.00,0.00,0.00,0.00,0.00,0.00,0.00,0.00,0.00,0.00,0.00,0.00,18.51,4.68,25.28,2026
EM00016029,Biswajit Biswas,1324,Jashore,JA032-D,11,1,0.00,0.00,0.00,0.00,0.00,0.00,0.00,0.00,0.00,10.00,1.70,16.96,11.38,2.14,18.84,11.38,2.52,22.19,8.80,2.47,28.12,4.09,2.23,54.46,0.00,0.00,0.00,0.00,0.00,0.00,0.00,0.00,0.00,0.00,0.00,0.00,45.65,11.06,24.24,2026
EM00016030,Mohammd Ali,1325,Khulna,KH011-D,11,1,0.00,0.00,0.00,0.00,0.00,0.00,0.00,0.00,0.00,6.05,1.08,17.79,6.74,1.02,15.17,6.74,1.18,17.49,5.14,1.34,26.04,2.34,1.53,65.31,0.00,0.00,0.00,0.00,0.00,0.00,0.00,0.00,0.00,0.00,0.00,0.00,27.01,6.14,22.74,2026
EM00016046,Mohammad Rezaul Hoque Chowdhury,1315,Chattogram,CH041-D,11,1,0.00,0.00,0.00,0.00,0.00,0.00,0.00,0.00,0.00,0.00,0.00,0.00,0.00,0.00,0.00,0.00,0.00,0.00,0.00,0.00,0.00,2.85,0.60,20.91,0.00,0.00,0.00,0.00,0.00,0.00,0.00,0.00,0.00,0.00,0.00,0.00,2.85,0.60,20.91,2026
EM00016462,Sheikh Md. Maruf Mowla,1321,Rajshahi,RA012-D,11,1,0.00,0.00,0.00,0.00,0.00,0.00,0.00,0.00,0.00,0.00,0.00,0.00,0.00,0.00,0.00,0.00,0.00,0.00,0.00,0.00,0.00,1.86,0.30,15.86,0.00,0.00,0.00,0.00,0.00,0.00,0.00,0.00,0.00,0.00,0.00,0.00,1.86,0.30,15.86,2026
